ISO-10303-21;
HEADER;
/* Generated by software containing ST-Developer
 * from STEP Tools, Inc. (www.steptools.com) 
 */
/* OPTION: using custom schema-name function */

FILE_DESCRIPTION(
/* description */ (''),
/* implementation_level */ '2;1');

FILE_NAME(
/* name */ 'Bottom_USB-C_slope',
/* time_stamp */ '2026-05-24T09:34:46+02:00',
/* author */ (''),
/* organization */ (''),
/* preprocessor_version */ 'ST-DEVELOPER v19.2',
/* originating_system */ 'Rhino 8.31',
/* authorisation */ '');

FILE_SCHEMA (('CONFIG_CONTROL_DESIGN'));
ENDSEC;

DATA;
#10=SHAPE_REPRESENTATION_RELATIONSHIP('','',#1574,#12);
#11=MANIFOLD_SOLID_BREP('brep_1',#13);
#12=ADVANCED_BREP_SHAPE_REPRESENTATION('brep_rep_0',(#11,#1680),#1573);
#13=CLOSED_SHELL('',(#21,#22,#23,#24,#25,#26,#27,#28,#29,#30,#31,#32,#33,
#34,#35,#36,#37,#38,#39,#40,#41,#42,#43,#44,#45,#46,#47,#48,#49,#50,#51,
#52,#53,#54,#55,#56,#57,#58,#59,#60,#61,#62,#63,#64,#65,#66,#67,#68,#69,
#70,#71,#72,#73,#74,#75,#76,#77,#78,#79,#80,#81,#82,#83,#84,#85,#86,#87,
#88,#89,#90,#91,#92,#93,#94,#95,#96,#97,#98,#99,#100,#101,#102,#103,#104));
#14=FACE_BOUND('',#191,.T.);
#15=FACE_BOUND('',#194,.T.);
#16=FACE_BOUND('',#205,.T.);
#17=FACE_BOUND('',#219,.T.);
#18=FACE_BOUND('',#237,.T.);
#19=FACE_BOUND('',#247,.T.);
#20=FACE_BOUND('',#277,.T.);
#21=ADVANCED_FACE('',(#105),#1433,.T.);
#22=ADVANCED_FACE('',(#106,#14),#1434,.T.);
#23=ADVANCED_FACE('',(#107),#1408,.F.);
#24=ADVANCED_FACE('',(#108,#15),#1435,.T.);
#25=ADVANCED_FACE('',(#109),#1409,.F.);
#26=ADVANCED_FACE('',(#110),#1436,.T.);
#27=ADVANCED_FACE('',(#111),#1410,.F.);
#28=ADVANCED_FACE('',(#112),#1437,.T.);
#29=ADVANCED_FACE('',(#113),#1411,.F.);
#30=ADVANCED_FACE('',(#114),#1438,.T.);
#31=ADVANCED_FACE('',(#115),#1439,.T.);
#32=ADVANCED_FACE('',(#116),#1440,.T.);
#33=ADVANCED_FACE('',(#117),#1441,.T.);
#34=ADVANCED_FACE('',(#118,#16),#1442,.T.);
#35=ADVANCED_FACE('',(#119),#1443,.T.);
#36=ADVANCED_FACE('',(#120),#1412,.F.);
#37=ADVANCED_FACE('',(#121),#1444,.T.);
#38=ADVANCED_FACE('',(#122),#1413,.F.);
#39=ADVANCED_FACE('',(#123),#1445,.T.);
#40=ADVANCED_FACE('',(#124),#1414,.F.);
#41=ADVANCED_FACE('',(#125),#1446,.T.);
#42=ADVANCED_FACE('',(#126),#1415,.F.);
#43=ADVANCED_FACE('',(#127),#1447,.T.);
#44=ADVANCED_FACE('',(#128),#1448,.T.);
#45=ADVANCED_FACE('',(#129),#1449,.T.);
#46=ADVANCED_FACE('',(#130),#1450,.T.);
#47=ADVANCED_FACE('',(#131,#17),#1451,.T.);
#48=ADVANCED_FACE('',(#132),#1452,.T.);
#49=ADVANCED_FACE('',(#133),#1416,.T.);
#50=ADVANCED_FACE('',(#134),#1453,.T.);
#51=ADVANCED_FACE('',(#135),#1454,.T.);
#52=ADVANCED_FACE('',(#136),#1417,.T.);
#53=ADVANCED_FACE('',(#137),#1418,.T.);
#54=ADVANCED_FACE('',(#138),#1404,.T.);
#55=ADVANCED_FACE('',(#139),#1405,.T.);
#56=ADVANCED_FACE('',(#140),#1455,.T.);
#57=ADVANCED_FACE('',(#141),#1456,.T.);
#58=ADVANCED_FACE('',(#142),#1457,.T.);
#59=ADVANCED_FACE('',(#143),#1458,.T.);
#60=ADVANCED_FACE('',(#144),#1406,.T.);
#61=ADVANCED_FACE('',(#145),#1407,.T.);
#62=ADVANCED_FACE('',(#146),#1419,.F.);
#63=ADVANCED_FACE('',(#147),#1459,.T.);
#64=ADVANCED_FACE('',(#148,#18),#1420,.T.);
#65=ADVANCED_FACE('',(#149),#1460,.T.);
#66=ADVANCED_FACE('',(#150),#1461,.T.);
#67=ADVANCED_FACE('',(#151),#1462,.T.);
#68=ADVANCED_FACE('',(#152),#1463,.T.);
#69=ADVANCED_FACE('',(#153),#1464,.T.);
#70=ADVANCED_FACE('',(#154),#1465,.T.);
#71=ADVANCED_FACE('',(#155),#1466,.T.);
#72=ADVANCED_FACE('',(#156),#1467,.T.);
#73=ADVANCED_FACE('',(#157,#19),#1468,.T.);
#74=ADVANCED_FACE('',(#158),#1469,.T.);
#75=ADVANCED_FACE('',(#159),#1470,.T.);
#76=ADVANCED_FACE('',(#160),#1471,.T.);
#77=ADVANCED_FACE('',(#161),#1421,.T.);
#78=ADVANCED_FACE('',(#162),#1472,.T.);
#79=ADVANCED_FACE('',(#163),#1422,.T.);
#80=ADVANCED_FACE('',(#164),#1473,.T.);
#81=ADVANCED_FACE('',(#165),#1423,.T.);
#82=ADVANCED_FACE('',(#166),#1474,.T.);
#83=ADVANCED_FACE('',(#167),#1475,.T.);
#84=ADVANCED_FACE('',(#168),#1424,.T.);
#85=ADVANCED_FACE('',(#169),#1425,.T.);
#86=ADVANCED_FACE('',(#170),#1476,.T.);
#87=ADVANCED_FACE('',(#171),#1477,.T.);
#88=ADVANCED_FACE('',(#172),#1478,.T.);
#89=ADVANCED_FACE('',(#173),#1426,.T.);
#90=ADVANCED_FACE('',(#174),#1427,.T.);
#91=ADVANCED_FACE('',(#175),#1479,.T.);
#92=ADVANCED_FACE('',(#176),#1428,.T.);
#93=ADVANCED_FACE('',(#177),#1429,.F.);
#94=ADVANCED_FACE('',(#178),#1430,.F.);
#95=ADVANCED_FACE('',(#179),#1480,.T.);
#96=ADVANCED_FACE('',(#180),#1481,.T.);
#97=ADVANCED_FACE('',(#181),#1482,.T.);
#98=ADVANCED_FACE('',(#182),#1483,.T.);
#99=ADVANCED_FACE('',(#183),#1431,.T.);
#100=ADVANCED_FACE('',(#184),#1484,.T.);
#101=ADVANCED_FACE('',(#185),#1485,.T.);
#102=ADVANCED_FACE('',(#186,#20),#1486,.T.);
#103=ADVANCED_FACE('',(#187),#1432,.T.);
#104=ADVANCED_FACE('',(#188),#1487,.T.);
#105=FACE_OUTER_BOUND('',#189,.T.);
#106=FACE_OUTER_BOUND('',#190,.T.);
#107=FACE_OUTER_BOUND('',#192,.T.);
#108=FACE_OUTER_BOUND('',#193,.T.);
#109=FACE_OUTER_BOUND('',#195,.T.);
#110=FACE_OUTER_BOUND('',#196,.T.);
#111=FACE_OUTER_BOUND('',#197,.T.);
#112=FACE_OUTER_BOUND('',#198,.T.);
#113=FACE_OUTER_BOUND('',#199,.T.);
#114=FACE_OUTER_BOUND('',#200,.T.);
#115=FACE_OUTER_BOUND('',#201,.T.);
#116=FACE_OUTER_BOUND('',#202,.T.);
#117=FACE_OUTER_BOUND('',#203,.T.);
#118=FACE_OUTER_BOUND('',#204,.T.);
#119=FACE_OUTER_BOUND('',#206,.T.);
#120=FACE_OUTER_BOUND('',#207,.T.);
#121=FACE_OUTER_BOUND('',#208,.T.);
#122=FACE_OUTER_BOUND('',#209,.T.);
#123=FACE_OUTER_BOUND('',#210,.T.);
#124=FACE_OUTER_BOUND('',#211,.T.);
#125=FACE_OUTER_BOUND('',#212,.T.);
#126=FACE_OUTER_BOUND('',#213,.T.);
#127=FACE_OUTER_BOUND('',#214,.T.);
#128=FACE_OUTER_BOUND('',#215,.T.);
#129=FACE_OUTER_BOUND('',#216,.T.);
#130=FACE_OUTER_BOUND('',#217,.T.);
#131=FACE_OUTER_BOUND('',#218,.T.);
#132=FACE_OUTER_BOUND('',#220,.T.);
#133=FACE_OUTER_BOUND('',#221,.T.);
#134=FACE_OUTER_BOUND('',#222,.T.);
#135=FACE_OUTER_BOUND('',#223,.T.);
#136=FACE_OUTER_BOUND('',#224,.T.);
#137=FACE_OUTER_BOUND('',#225,.T.);
#138=FACE_OUTER_BOUND('',#226,.T.);
#139=FACE_OUTER_BOUND('',#227,.T.);
#140=FACE_OUTER_BOUND('',#228,.T.);
#141=FACE_OUTER_BOUND('',#229,.T.);
#142=FACE_OUTER_BOUND('',#230,.T.);
#143=FACE_OUTER_BOUND('',#231,.T.);
#144=FACE_OUTER_BOUND('',#232,.T.);
#145=FACE_OUTER_BOUND('',#233,.T.);
#146=FACE_OUTER_BOUND('',#234,.T.);
#147=FACE_OUTER_BOUND('',#235,.T.);
#148=FACE_OUTER_BOUND('',#236,.T.);
#149=FACE_OUTER_BOUND('',#238,.T.);
#150=FACE_OUTER_BOUND('',#239,.T.);
#151=FACE_OUTER_BOUND('',#240,.T.);
#152=FACE_OUTER_BOUND('',#241,.T.);
#153=FACE_OUTER_BOUND('',#242,.T.);
#154=FACE_OUTER_BOUND('',#243,.T.);
#155=FACE_OUTER_BOUND('',#244,.T.);
#156=FACE_OUTER_BOUND('',#245,.T.);
#157=FACE_OUTER_BOUND('',#246,.T.);
#158=FACE_OUTER_BOUND('',#248,.T.);
#159=FACE_OUTER_BOUND('',#249,.T.);
#160=FACE_OUTER_BOUND('',#250,.T.);
#161=FACE_OUTER_BOUND('',#251,.T.);
#162=FACE_OUTER_BOUND('',#252,.T.);
#163=FACE_OUTER_BOUND('',#253,.T.);
#164=FACE_OUTER_BOUND('',#254,.T.);
#165=FACE_OUTER_BOUND('',#255,.T.);
#166=FACE_OUTER_BOUND('',#256,.T.);
#167=FACE_OUTER_BOUND('',#257,.T.);
#168=FACE_OUTER_BOUND('',#258,.T.);
#169=FACE_OUTER_BOUND('',#259,.T.);
#170=FACE_OUTER_BOUND('',#260,.T.);
#171=FACE_OUTER_BOUND('',#261,.T.);
#172=FACE_OUTER_BOUND('',#262,.T.);
#173=FACE_OUTER_BOUND('',#263,.T.);
#174=FACE_OUTER_BOUND('',#264,.T.);
#175=FACE_OUTER_BOUND('',#265,.T.);
#176=FACE_OUTER_BOUND('',#266,.T.);
#177=FACE_OUTER_BOUND('',#267,.T.);
#178=FACE_OUTER_BOUND('',#268,.T.);
#179=FACE_OUTER_BOUND('',#269,.T.);
#180=FACE_OUTER_BOUND('',#270,.T.);
#181=FACE_OUTER_BOUND('',#271,.T.);
#182=FACE_OUTER_BOUND('',#272,.T.);
#183=FACE_OUTER_BOUND('',#273,.T.);
#184=FACE_OUTER_BOUND('',#274,.T.);
#185=FACE_OUTER_BOUND('',#275,.T.);
#186=FACE_OUTER_BOUND('',#276,.T.);
#187=FACE_OUTER_BOUND('',#278,.T.);
#188=FACE_OUTER_BOUND('',#279,.T.);
#189=EDGE_LOOP('',(#280,#281,#282,#283));
#190=EDGE_LOOP('',(#284,#285,#286,#287,#288,#289,#290,#291,#292,#293,#294,
#295));
#191=EDGE_LOOP('',(#296));
#192=EDGE_LOOP('',(#297,#298,#299,#300));
#193=EDGE_LOOP('',(#301));
#194=EDGE_LOOP('',(#302));
#195=EDGE_LOOP('',(#303,#304,#305,#306));
#196=EDGE_LOOP('',(#307,#308,#309,#310));
#197=EDGE_LOOP('',(#311,#312,#313,#314));
#198=EDGE_LOOP('',(#315,#316,#317,#318));
#199=EDGE_LOOP('',(#319,#320,#321,#322));
#200=EDGE_LOOP('',(#323,#324,#325,#326));
#201=EDGE_LOOP('',(#327,#328,#329,#330,#331,#332));
#202=EDGE_LOOP('',(#333,#334,#335,#336));
#203=EDGE_LOOP('',(#337,#338,#339,#340));
#204=EDGE_LOOP('',(#341,#342,#343,#344,#345,#346,#347,#348));
#205=EDGE_LOOP('',(#349,#350,#351,#352));
#206=EDGE_LOOP('',(#353,#354,#355,#356));
#207=EDGE_LOOP('',(#357,#358,#359,#360));
#208=EDGE_LOOP('',(#361,#362,#363,#364));
#209=EDGE_LOOP('',(#365,#366,#367,#368));
#210=EDGE_LOOP('',(#369,#370,#371,#372));
#211=EDGE_LOOP('',(#373,#374,#375,#376));
#212=EDGE_LOOP('',(#377,#378,#379,#380));
#213=EDGE_LOOP('',(#381,#382,#383,#384));
#214=EDGE_LOOP('',(#385,#386,#387,#388));
#215=EDGE_LOOP('',(#389,#390,#391,#392));
#216=EDGE_LOOP('',(#393,#394,#395,#396,#397,#398,#399,#400));
#217=EDGE_LOOP('',(#401,#402,#403,#404,#405,#406,#407,#408));
#218=EDGE_LOOP('',(#409,#410,#411,#412,#413,#414));
#219=EDGE_LOOP('',(#415,#416,#417,#418));
#220=EDGE_LOOP('',(#419,#420,#421,#422));
#221=EDGE_LOOP('',(#423,#424,#425,#426));
#222=EDGE_LOOP('',(#427,#428,#429,#430));
#223=EDGE_LOOP('',(#431,#432,#433,#434));
#224=EDGE_LOOP('',(#435,#436,#437,#438));
#225=EDGE_LOOP('',(#439,#440,#441,#442));
#226=EDGE_LOOP('',(#443,#444,#445,#446));
#227=EDGE_LOOP('',(#447,#448,#449,#450));
#228=EDGE_LOOP('',(#451,#452,#453,#454,#455,#456,#457,#458,#459));
#229=EDGE_LOOP('',(#460,#461,#462,#463,#464,#465,#466,#467,#468));
#230=EDGE_LOOP('',(#469,#470,#471,#472));
#231=EDGE_LOOP('',(#473,#474,#475,#476));
#232=EDGE_LOOP('',(#477,#478,#479,#480));
#233=EDGE_LOOP('',(#481,#482,#483,#484));
#234=EDGE_LOOP('',(#485,#486,#487,#488));
#235=EDGE_LOOP('',(#489,#490,#491,#492));
#236=EDGE_LOOP('',(#493,#494,#495,#496));
#237=EDGE_LOOP('',(#497,#498,#499,#500,#501,#502,#503,#504));
#238=EDGE_LOOP('',(#505,#506,#507,#508,#509,#510,#511,#512));
#239=EDGE_LOOP('',(#513,#514,#515,#516,#517,#518,#519,#520));
#240=EDGE_LOOP('',(#521,#522,#523,#524));
#241=EDGE_LOOP('',(#525,#526,#527,#528));
#242=EDGE_LOOP('',(#529,#530,#531,#532));
#243=EDGE_LOOP('',(#533,#534,#535,#536));
#244=EDGE_LOOP('',(#537,#538,#539,#540,#541,#542,#543,#544,#545,#546,#547,
#548));
#245=EDGE_LOOP('',(#549,#550,#551,#552,#553,#554,#555,#556,#557,#558,#559,
#560));
#246=EDGE_LOOP('',(#561,#562,#563,#564,#565,#566,#567,#568));
#247=EDGE_LOOP('',(#569,#570,#571,#572));
#248=EDGE_LOOP('',(#573,#574,#575,#576));
#249=EDGE_LOOP('',(#577,#578,#579,#580));
#250=EDGE_LOOP('',(#581,#582,#583,#584));
#251=EDGE_LOOP('',(#585,#586,#587,#588,#589,#590));
#252=EDGE_LOOP('',(#591,#592,#593,#594));
#253=EDGE_LOOP('',(#595,#596,#597,#598,#599,#600));
#254=EDGE_LOOP('',(#601,#602,#603,#604,#605,#606));
#255=EDGE_LOOP('',(#607,#608,#609,#610));
#256=EDGE_LOOP('',(#611,#612,#613,#614,#615,#616));
#257=EDGE_LOOP('',(#617,#618,#619,#620));
#258=EDGE_LOOP('',(#621,#622,#623,#624,#625,#626));
#259=EDGE_LOOP('',(#627,#628,#629,#630));
#260=EDGE_LOOP('',(#631,#632,#633,#634,#635,#636));
#261=EDGE_LOOP('',(#637,#638,#639,#640));
#262=EDGE_LOOP('',(#641,#642,#643,#644));
#263=EDGE_LOOP('',(#645,#646,#647,#648));
#264=EDGE_LOOP('',(#649,#650,#651,#652));
#265=EDGE_LOOP('',(#653,#654,#655,#656,#657,#658));
#266=EDGE_LOOP('',(#659,#660,#661,#662));
#267=EDGE_LOOP('',(#663,#664,#665,#666));
#268=EDGE_LOOP('',(#667,#668,#669,#670));
#269=EDGE_LOOP('',(#671,#672,#673,#674,#675,#676,#677,#678));
#270=EDGE_LOOP('',(#679,#680,#681,#682,#683,#684,#685,#686));
#271=EDGE_LOOP('',(#687,#688,#689,#690,#691,#692,#693,#694,#695,#696,#697,
#698,#699,#700,#701,#702));
#272=EDGE_LOOP('',(#703,#704,#705,#706));
#273=EDGE_LOOP('',(#707,#708,#709,#710,#711,#712));
#274=EDGE_LOOP('',(#713,#714,#715,#716));
#275=EDGE_LOOP('',(#717,#718,#719,#720));
#276=EDGE_LOOP('',(#721,#722,#723,#724,#725,#726,#727,#728,#729,#730,#731,
#732,#733,#734,#735,#736));
#277=EDGE_LOOP('',(#737));
#278=EDGE_LOOP('',(#738,#739,#740,#741));
#279=EDGE_LOOP('',(#742,#743,#744,#745,#746,#747,#748,#749,#750,#751,#752,
#753));
#280=ORIENTED_EDGE('',*,*,#754,.T.);
#281=ORIENTED_EDGE('',*,*,#989,.T.);
#282=ORIENTED_EDGE('',*,*,#755,.T.);
#283=ORIENTED_EDGE('',*,*,#990,.T.);
#284=ORIENTED_EDGE('',*,*,#755,.F.);
#285=ORIENTED_EDGE('',*,*,#766,.F.);
#286=ORIENTED_EDGE('',*,*,#757,.T.);
#287=ORIENTED_EDGE('',*,*,#761,.T.);
#288=ORIENTED_EDGE('',*,*,#760,.T.);
#289=ORIENTED_EDGE('',*,*,#759,.T.);
#290=ORIENTED_EDGE('',*,*,#758,.T.);
#291=ORIENTED_EDGE('',*,*,#765,.T.);
#292=ORIENTED_EDGE('',*,*,#764,.T.);
#293=ORIENTED_EDGE('',*,*,#763,.T.);
#294=ORIENTED_EDGE('',*,*,#762,.T.);
#295=ORIENTED_EDGE('',*,*,#756,.F.);
#296=ORIENTED_EDGE('',*,*,#769,.T.);
#297=ORIENTED_EDGE('',*,*,#768,.F.);
#298=ORIENTED_EDGE('',*,*,#767,.F.);
#299=ORIENTED_EDGE('',*,*,#768,.T.);
#300=ORIENTED_EDGE('',*,*,#769,.F.);
#301=ORIENTED_EDGE('',*,*,#767,.T.);
#302=ORIENTED_EDGE('',*,*,#770,.F.);
#303=ORIENTED_EDGE('',*,*,#772,.T.);
#304=ORIENTED_EDGE('',*,*,#771,.F.);
#305=ORIENTED_EDGE('',*,*,#770,.T.);
#306=ORIENTED_EDGE('',*,*,#771,.T.);
#307=ORIENTED_EDGE('',*,*,#779,.T.);
#308=ORIENTED_EDGE('',*,*,#774,.F.);
#309=ORIENTED_EDGE('',*,*,#773,.F.);
#310=ORIENTED_EDGE('',*,*,#776,.T.);
#311=ORIENTED_EDGE('',*,*,#782,.T.);
#312=ORIENTED_EDGE('',*,*,#778,.F.);
#313=ORIENTED_EDGE('',*,*,#777,.F.);
#314=ORIENTED_EDGE('',*,*,#774,.T.);
#315=ORIENTED_EDGE('',*,*,#775,.T.);
#316=ORIENTED_EDGE('',*,*,#781,.F.);
#317=ORIENTED_EDGE('',*,*,#780,.F.);
#318=ORIENTED_EDGE('',*,*,#778,.T.);
#319=ORIENTED_EDGE('',*,*,#784,.T.);
#320=ORIENTED_EDGE('',*,*,#776,.F.);
#321=ORIENTED_EDGE('',*,*,#783,.F.);
#322=ORIENTED_EDGE('',*,*,#781,.T.);
#323=ORIENTED_EDGE('',*,*,#785,.T.);
#324=ORIENTED_EDGE('',*,*,#907,.T.);
#325=ORIENTED_EDGE('',*,*,#786,.T.);
#326=ORIENTED_EDGE('',*,*,#908,.T.);
#327=ORIENTED_EDGE('',*,*,#827,.T.);
#328=ORIENTED_EDGE('',*,*,#787,.T.);
#329=ORIENTED_EDGE('',*,*,#907,.F.);
#330=ORIENTED_EDGE('',*,*,#791,.F.);
#331=ORIENTED_EDGE('',*,*,#760,.F.);
#332=ORIENTED_EDGE('',*,*,#788,.T.);
#333=ORIENTED_EDGE('',*,*,#790,.T.);
#334=ORIENTED_EDGE('',*,*,#908,.F.);
#335=ORIENTED_EDGE('',*,*,#789,.F.);
#336=ORIENTED_EDGE('',*,*,#758,.F.);
#337=ORIENTED_EDGE('',*,*,#759,.F.);
#338=ORIENTED_EDGE('',*,*,#791,.T.);
#339=ORIENTED_EDGE('',*,*,#785,.F.);
#340=ORIENTED_EDGE('',*,*,#790,.F.);
#341=ORIENTED_EDGE('',*,*,#798,.T.);
#342=ORIENTED_EDGE('',*,*,#792,.T.);
#343=ORIENTED_EDGE('',*,*,#803,.T.);
#344=ORIENTED_EDGE('',*,*,#793,.T.);
#345=ORIENTED_EDGE('',*,*,#806,.T.);
#346=ORIENTED_EDGE('',*,*,#794,.T.);
#347=ORIENTED_EDGE('',*,*,#810,.T.);
#348=ORIENTED_EDGE('',*,*,#795,.T.);
#349=ORIENTED_EDGE('',*,*,#784,.F.);
#350=ORIENTED_EDGE('',*,*,#775,.F.);
#351=ORIENTED_EDGE('',*,*,#782,.F.);
#352=ORIENTED_EDGE('',*,*,#779,.F.);
#353=ORIENTED_EDGE('',*,*,#801,.T.);
#354=ORIENTED_EDGE('',*,*,#796,.F.);
#355=ORIENTED_EDGE('',*,*,#792,.F.);
#356=ORIENTED_EDGE('',*,*,#797,.T.);
#357=ORIENTED_EDGE('',*,*,#828,.T.);
#358=ORIENTED_EDGE('',*,*,#797,.F.);
#359=ORIENTED_EDGE('',*,*,#798,.F.);
#360=ORIENTED_EDGE('',*,*,#800,.T.);
#361=ORIENTED_EDGE('',*,*,#808,.T.);
#362=ORIENTED_EDGE('',*,*,#800,.F.);
#363=ORIENTED_EDGE('',*,*,#795,.F.);
#364=ORIENTED_EDGE('',*,*,#802,.T.);
#365=ORIENTED_EDGE('',*,*,#897,.T.);
#366=ORIENTED_EDGE('',*,*,#804,.F.);
#367=ORIENTED_EDGE('',*,*,#803,.F.);
#368=ORIENTED_EDGE('',*,*,#796,.T.);
#369=ORIENTED_EDGE('',*,*,#799,.T.);
#370=ORIENTED_EDGE('',*,*,#805,.F.);
#371=ORIENTED_EDGE('',*,*,#793,.F.);
#372=ORIENTED_EDGE('',*,*,#804,.T.);
#373=ORIENTED_EDGE('',*,*,#821,.T.);
#374=ORIENTED_EDGE('',*,*,#807,.F.);
#375=ORIENTED_EDGE('',*,*,#806,.F.);
#376=ORIENTED_EDGE('',*,*,#805,.T.);
#377=ORIENTED_EDGE('',*,*,#824,.T.);
#378=ORIENTED_EDGE('',*,*,#809,.F.);
#379=ORIENTED_EDGE('',*,*,#794,.F.);
#380=ORIENTED_EDGE('',*,*,#807,.T.);
#381=ORIENTED_EDGE('',*,*,#817,.T.);
#382=ORIENTED_EDGE('',*,*,#802,.F.);
#383=ORIENTED_EDGE('',*,*,#810,.F.);
#384=ORIENTED_EDGE('',*,*,#809,.T.);
#385=ORIENTED_EDGE('',*,*,#830,.T.);
#386=ORIENTED_EDGE('',*,*,#832,.F.);
#387=ORIENTED_EDGE('',*,*,#829,.T.);
#388=ORIENTED_EDGE('',*,*,#831,.T.);
#389=ORIENTED_EDGE('',*,*,#835,.T.);
#390=ORIENTED_EDGE('',*,*,#836,.F.);
#391=ORIENTED_EDGE('',*,*,#833,.T.);
#392=ORIENTED_EDGE('',*,*,#834,.T.);
#393=ORIENTED_EDGE('',*,*,#836,.T.);
#394=ORIENTED_EDGE('',*,*,#841,.T.);
#395=ORIENTED_EDGE('',*,*,#842,.F.);
#396=ORIENTED_EDGE('',*,*,#843,.F.);
#397=ORIENTED_EDGE('',*,*,#840,.F.);
#398=ORIENTED_EDGE('',*,*,#839,.F.);
#399=ORIENTED_EDGE('',*,*,#838,.F.);
#400=ORIENTED_EDGE('',*,*,#837,.T.);
#401=ORIENTED_EDGE('',*,*,#846,.T.);
#402=ORIENTED_EDGE('',*,*,#847,.F.);
#403=ORIENTED_EDGE('',*,*,#848,.F.);
#404=ORIENTED_EDGE('',*,*,#849,.F.);
#405=ORIENTED_EDGE('',*,*,#852,.F.);
#406=ORIENTED_EDGE('',*,*,#851,.F.);
#407=ORIENTED_EDGE('',*,*,#850,.F.);
#408=ORIENTED_EDGE('',*,*,#831,.F.);
#409=ORIENTED_EDGE('',*,*,#855,.T.);
#410=ORIENTED_EDGE('',*,*,#765,.F.);
#411=ORIENTED_EDGE('',*,*,#789,.T.);
#412=ORIENTED_EDGE('',*,*,#786,.F.);
#413=ORIENTED_EDGE('',*,*,#787,.F.);
#414=ORIENTED_EDGE('',*,*,#883,.F.);
#415=ORIENTED_EDGE('',*,*,#773,.T.);
#416=ORIENTED_EDGE('',*,*,#777,.T.);
#417=ORIENTED_EDGE('',*,*,#780,.T.);
#418=ORIENTED_EDGE('',*,*,#783,.T.);
#419=ORIENTED_EDGE('',*,*,#860,.T.);
#420=ORIENTED_EDGE('',*,*,#859,.T.);
#421=ORIENTED_EDGE('',*,*,#858,.F.);
#422=ORIENTED_EDGE('',*,*,#857,.F.);
#423=ORIENTED_EDGE('',*,*,#861,.F.);
#424=ORIENTED_EDGE('',*,*,#863,.T.);
#425=ORIENTED_EDGE('',*,*,#859,.F.);
#426=ORIENTED_EDGE('',*,*,#862,.F.);
#427=ORIENTED_EDGE('',*,*,#865,.F.);
#428=ORIENTED_EDGE('',*,*,#862,.T.);
#429=ORIENTED_EDGE('',*,*,#860,.F.);
#430=ORIENTED_EDGE('',*,*,#864,.F.);
#431=ORIENTED_EDGE('',*,*,#858,.T.);
#432=ORIENTED_EDGE('',*,*,#863,.F.);
#433=ORIENTED_EDGE('',*,*,#867,.F.);
#434=ORIENTED_EDGE('',*,*,#866,.F.);
#435=ORIENTED_EDGE('',*,*,#869,.F.);
#436=ORIENTED_EDGE('',*,*,#870,.T.);
#437=ORIENTED_EDGE('',*,*,#868,.T.);
#438=ORIENTED_EDGE('',*,*,#820,.F.);
#439=ORIENTED_EDGE('',*,*,#871,.F.);
#440=ORIENTED_EDGE('',*,*,#873,.T.);
#441=ORIENTED_EDGE('',*,*,#872,.F.);
#442=ORIENTED_EDGE('',*,*,#823,.F.);
#443=ORIENTED_EDGE('',*,*,#813,.T.);
#444=ORIENTED_EDGE('',*,*,#875,.T.);
#445=ORIENTED_EDGE('',*,*,#876,.T.);
#446=ORIENTED_EDGE('',*,*,#874,.F.);
#447=ORIENTED_EDGE('',*,*,#822,.T.);
#448=ORIENTED_EDGE('',*,*,#811,.T.);
#449=ORIENTED_EDGE('',*,*,#878,.F.);
#450=ORIENTED_EDGE('',*,*,#877,.T.);
#451=ORIENTED_EDGE('',*,*,#881,.T.);
#452=ORIENTED_EDGE('',*,*,#874,.T.);
#453=ORIENTED_EDGE('',*,*,#887,.T.);
#454=ORIENTED_EDGE('',*,*,#890,.T.);
#455=ORIENTED_EDGE('',*,*,#815,.T.);
#456=ORIENTED_EDGE('',*,*,#892,.T.);
#457=ORIENTED_EDGE('',*,*,#819,.T.);
#458=ORIENTED_EDGE('',*,*,#880,.T.);
#459=ORIENTED_EDGE('',*,*,#871,.T.);
#460=ORIENTED_EDGE('',*,*,#868,.F.);
#461=ORIENTED_EDGE('',*,*,#882,.T.);
#462=ORIENTED_EDGE('',*,*,#895,.F.);
#463=ORIENTED_EDGE('',*,*,#893,.F.);
#464=ORIENTED_EDGE('',*,*,#818,.F.);
#465=ORIENTED_EDGE('',*,*,#888,.F.);
#466=ORIENTED_EDGE('',*,*,#886,.F.);
#467=ORIENTED_EDGE('',*,*,#811,.F.);
#468=ORIENTED_EDGE('',*,*,#814,.F.);
#469=ORIENTED_EDGE('',*,*,#884,.T.);
#470=ORIENTED_EDGE('',*,*,#886,.T.);
#471=ORIENTED_EDGE('',*,*,#885,.T.);
#472=ORIENTED_EDGE('',*,*,#887,.F.);
#473=ORIENTED_EDGE('',*,*,#885,.F.);
#474=ORIENTED_EDGE('',*,*,#888,.T.);
#475=ORIENTED_EDGE('',*,*,#889,.T.);
#476=ORIENTED_EDGE('',*,*,#890,.F.);
#477=ORIENTED_EDGE('',*,*,#889,.F.);
#478=ORIENTED_EDGE('',*,*,#818,.T.);
#479=ORIENTED_EDGE('',*,*,#891,.T.);
#480=ORIENTED_EDGE('',*,*,#815,.F.);
#481=ORIENTED_EDGE('',*,*,#816,.F.);
#482=ORIENTED_EDGE('',*,*,#895,.T.);
#483=ORIENTED_EDGE('',*,*,#894,.T.);
#484=ORIENTED_EDGE('',*,*,#819,.F.);
#485=ORIENTED_EDGE('',*,*,#891,.F.);
#486=ORIENTED_EDGE('',*,*,#893,.T.);
#487=ORIENTED_EDGE('',*,*,#816,.T.);
#488=ORIENTED_EDGE('',*,*,#892,.F.);
#489=ORIENTED_EDGE('',*,*,#878,.T.);
#490=ORIENTED_EDGE('',*,*,#884,.F.);
#491=ORIENTED_EDGE('',*,*,#876,.F.);
#492=ORIENTED_EDGE('',*,*,#896,.F.);
#493=ORIENTED_EDGE('',*,*,#825,.T.);
#494=ORIENTED_EDGE('',*,*,#877,.F.);
#495=ORIENTED_EDGE('',*,*,#896,.T.);
#496=ORIENTED_EDGE('',*,*,#875,.F.);
#497=ORIENTED_EDGE('',*,*,#828,.F.);
#498=ORIENTED_EDGE('',*,*,#808,.F.);
#499=ORIENTED_EDGE('',*,*,#817,.F.);
#500=ORIENTED_EDGE('',*,*,#824,.F.);
#501=ORIENTED_EDGE('',*,*,#821,.F.);
#502=ORIENTED_EDGE('',*,*,#799,.F.);
#503=ORIENTED_EDGE('',*,*,#897,.F.);
#504=ORIENTED_EDGE('',*,*,#801,.F.);
#505=ORIENTED_EDGE('',*,*,#902,.F.);
#506=ORIENTED_EDGE('',*,*,#864,.T.);
#507=ORIENTED_EDGE('',*,*,#857,.T.);
#508=ORIENTED_EDGE('',*,*,#866,.T.);
#509=ORIENTED_EDGE('',*,*,#901,.F.);
#510=ORIENTED_EDGE('',*,*,#848,.T.);
#511=ORIENTED_EDGE('',*,*,#900,.F.);
#512=ORIENTED_EDGE('',*,*,#839,.T.);
#513=ORIENTED_EDGE('',*,*,#903,.T.);
#514=ORIENTED_EDGE('',*,*,#849,.T.);
#515=ORIENTED_EDGE('',*,*,#901,.T.);
#516=ORIENTED_EDGE('',*,*,#867,.T.);
#517=ORIENTED_EDGE('',*,*,#861,.T.);
#518=ORIENTED_EDGE('',*,*,#865,.T.);
#519=ORIENTED_EDGE('',*,*,#902,.T.);
#520=ORIENTED_EDGE('',*,*,#840,.T.);
#521=ORIENTED_EDGE('',*,*,#905,.T.);
#522=ORIENTED_EDGE('',*,*,#851,.T.);
#523=ORIENTED_EDGE('',*,*,#904,.T.);
#524=ORIENTED_EDGE('',*,*,#842,.T.);
#525=ORIENTED_EDGE('',*,*,#847,.T.);
#526=ORIENTED_EDGE('',*,*,#906,.T.);
#527=ORIENTED_EDGE('',*,*,#838,.T.);
#528=ORIENTED_EDGE('',*,*,#900,.T.);
#529=ORIENTED_EDGE('',*,*,#812,.T.);
#530=ORIENTED_EDGE('',*,*,#856,.F.);
#531=ORIENTED_EDGE('',*,*,#764,.F.);
#532=ORIENTED_EDGE('',*,*,#855,.F.);
#533=ORIENTED_EDGE('',*,*,#903,.F.);
#534=ORIENTED_EDGE('',*,*,#843,.T.);
#535=ORIENTED_EDGE('',*,*,#904,.F.);
#536=ORIENTED_EDGE('',*,*,#852,.T.);
#537=ORIENTED_EDGE('',*,*,#826,.T.);
#538=ORIENTED_EDGE('',*,*,#872,.T.);
#539=ORIENTED_EDGE('',*,*,#899,.F.);
#540=ORIENTED_EDGE('',*,*,#853,.F.);
#541=ORIENTED_EDGE('',*,*,#833,.F.);
#542=ORIENTED_EDGE('',*,*,#837,.F.);
#543=ORIENTED_EDGE('',*,*,#906,.F.);
#544=ORIENTED_EDGE('',*,*,#846,.F.);
#545=ORIENTED_EDGE('',*,*,#829,.F.);
#546=ORIENTED_EDGE('',*,*,#844,.F.);
#547=ORIENTED_EDGE('',*,*,#898,.F.);
#548=ORIENTED_EDGE('',*,*,#869,.T.);
#549=ORIENTED_EDGE('',*,*,#879,.T.);
#550=ORIENTED_EDGE('',*,*,#788,.F.);
#551=ORIENTED_EDGE('',*,*,#761,.F.);
#552=ORIENTED_EDGE('',*,*,#845,.F.);
#553=ORIENTED_EDGE('',*,*,#830,.F.);
#554=ORIENTED_EDGE('',*,*,#850,.T.);
#555=ORIENTED_EDGE('',*,*,#905,.F.);
#556=ORIENTED_EDGE('',*,*,#841,.F.);
#557=ORIENTED_EDGE('',*,*,#835,.F.);
#558=ORIENTED_EDGE('',*,*,#854,.T.);
#559=ORIENTED_EDGE('',*,*,#763,.F.);
#560=ORIENTED_EDGE('',*,*,#856,.T.);
#561=ORIENTED_EDGE('',*,*,#820,.T.);
#562=ORIENTED_EDGE('',*,*,#814,.T.);
#563=ORIENTED_EDGE('',*,*,#822,.F.);
#564=ORIENTED_EDGE('',*,*,#825,.F.);
#565=ORIENTED_EDGE('',*,*,#813,.F.);
#566=ORIENTED_EDGE('',*,*,#881,.F.);
#567=ORIENTED_EDGE('',*,*,#823,.T.);
#568=ORIENTED_EDGE('',*,*,#826,.F.);
#569=ORIENTED_EDGE('',*,*,#812,.F.);
#570=ORIENTED_EDGE('',*,*,#883,.T.);
#571=ORIENTED_EDGE('',*,*,#827,.F.);
#572=ORIENTED_EDGE('',*,*,#879,.F.);
#573=ORIENTED_EDGE('',*,*,#911,.T.);
#574=ORIENTED_EDGE('',*,*,#909,.T.);
#575=ORIENTED_EDGE('',*,*,#912,.F.);
#576=ORIENTED_EDGE('',*,*,#910,.F.);
#577=ORIENTED_EDGE('',*,*,#916,.T.);
#578=ORIENTED_EDGE('',*,*,#913,.F.);
#579=ORIENTED_EDGE('',*,*,#915,.F.);
#580=ORIENTED_EDGE('',*,*,#914,.F.);
#581=ORIENTED_EDGE('',*,*,#913,.T.);
#582=ORIENTED_EDGE('',*,*,#918,.T.);
#583=ORIENTED_EDGE('',*,*,#917,.F.);
#584=ORIENTED_EDGE('',*,*,#919,.F.);
#585=ORIENTED_EDGE('',*,*,#922,.T.);
#586=ORIENTED_EDGE('',*,*,#924,.T.);
#587=ORIENTED_EDGE('',*,*,#920,.F.);
#588=ORIENTED_EDGE('',*,*,#921,.F.);
#589=ORIENTED_EDGE('',*,*,#925,.F.);
#590=ORIENTED_EDGE('',*,*,#923,.T.);
#591=ORIENTED_EDGE('',*,*,#927,.T.);
#592=ORIENTED_EDGE('',*,*,#928,.T.);
#593=ORIENTED_EDGE('',*,*,#926,.F.);
#594=ORIENTED_EDGE('',*,*,#929,.F.);
#595=ORIENTED_EDGE('',*,*,#932,.T.);
#596=ORIENTED_EDGE('',*,*,#933,.T.);
#597=ORIENTED_EDGE('',*,*,#912,.T.);
#598=ORIENTED_EDGE('',*,*,#931,.F.);
#599=ORIENTED_EDGE('',*,*,#930,.F.);
#600=ORIENTED_EDGE('',*,*,#928,.F.);
#601=ORIENTED_EDGE('',*,*,#935,.T.);
#602=ORIENTED_EDGE('',*,*,#934,.T.);
#603=ORIENTED_EDGE('',*,*,#926,.T.);
#604=ORIENTED_EDGE('',*,*,#930,.T.);
#605=ORIENTED_EDGE('',*,*,#937,.F.);
#606=ORIENTED_EDGE('',*,*,#936,.T.);
#607=ORIENTED_EDGE('',*,*,#921,.T.);
#608=ORIENTED_EDGE('',*,*,#938,.T.);
#609=ORIENTED_EDGE('',*,*,#939,.T.);
#610=ORIENTED_EDGE('',*,*,#940,.F.);
#611=ORIENTED_EDGE('',*,*,#942,.T.);
#612=ORIENTED_EDGE('',*,*,#941,.T.);
#613=ORIENTED_EDGE('',*,*,#944,.T.);
#614=ORIENTED_EDGE('',*,*,#943,.T.);
#615=ORIENTED_EDGE('',*,*,#938,.F.);
#616=ORIENTED_EDGE('',*,*,#920,.T.);
#617=ORIENTED_EDGE('',*,*,#945,.T.);
#618=ORIENTED_EDGE('',*,*,#946,.T.);
#619=ORIENTED_EDGE('',*,*,#944,.F.);
#620=ORIENTED_EDGE('',*,*,#947,.F.);
#621=ORIENTED_EDGE('',*,*,#948,.T.);
#622=ORIENTED_EDGE('',*,*,#949,.T.);
#623=ORIENTED_EDGE('',*,*,#950,.T.);
#624=ORIENTED_EDGE('',*,*,#939,.F.);
#625=ORIENTED_EDGE('',*,*,#943,.F.);
#626=ORIENTED_EDGE('',*,*,#946,.F.);
#627=ORIENTED_EDGE('',*,*,#910,.T.);
#628=ORIENTED_EDGE('',*,*,#933,.F.);
#629=ORIENTED_EDGE('',*,*,#951,.F.);
#630=ORIENTED_EDGE('',*,*,#952,.F.);
#631=ORIENTED_EDGE('',*,*,#955,.F.);
#632=ORIENTED_EDGE('',*,*,#951,.T.);
#633=ORIENTED_EDGE('',*,*,#932,.F.);
#634=ORIENTED_EDGE('',*,*,#927,.F.);
#635=ORIENTED_EDGE('',*,*,#953,.F.);
#636=ORIENTED_EDGE('',*,*,#954,.F.);
#637=ORIENTED_EDGE('',*,*,#925,.T.);
#638=ORIENTED_EDGE('',*,*,#940,.T.);
#639=ORIENTED_EDGE('',*,*,#950,.F.);
#640=ORIENTED_EDGE('',*,*,#956,.F.);
#641=ORIENTED_EDGE('',*,*,#957,.T.);
#642=ORIENTED_EDGE('',*,*,#958,.T.);
#643=ORIENTED_EDGE('',*,*,#942,.F.);
#644=ORIENTED_EDGE('',*,*,#924,.F.);
#645=ORIENTED_EDGE('',*,*,#917,.T.);
#646=ORIENTED_EDGE('',*,*,#961,.T.);
#647=ORIENTED_EDGE('',*,*,#960,.F.);
#648=ORIENTED_EDGE('',*,*,#959,.F.);
#649=ORIENTED_EDGE('',*,*,#956,.T.);
#650=ORIENTED_EDGE('',*,*,#949,.F.);
#651=ORIENTED_EDGE('',*,*,#962,.F.);
#652=ORIENTED_EDGE('',*,*,#923,.F.);
#653=ORIENTED_EDGE('',*,*,#922,.F.);
#654=ORIENTED_EDGE('',*,*,#962,.T.);
#655=ORIENTED_EDGE('',*,*,#948,.F.);
#656=ORIENTED_EDGE('',*,*,#945,.F.);
#657=ORIENTED_EDGE('',*,*,#963,.F.);
#658=ORIENTED_EDGE('',*,*,#957,.F.);
#659=ORIENTED_EDGE('',*,*,#964,.T.);
#660=ORIENTED_EDGE('',*,*,#937,.T.);
#661=ORIENTED_EDGE('',*,*,#931,.T.);
#662=ORIENTED_EDGE('',*,*,#909,.F.);
#663=ORIENTED_EDGE('',*,*,#965,.F.);
#664=ORIENTED_EDGE('',*,*,#990,.F.);
#665=ORIENTED_EDGE('',*,*,#756,.T.);
#666=ORIENTED_EDGE('',*,*,#987,.F.);
#667=ORIENTED_EDGE('',*,*,#988,.F.);
#668=ORIENTED_EDGE('',*,*,#766,.T.);
#669=ORIENTED_EDGE('',*,*,#989,.F.);
#670=ORIENTED_EDGE('',*,*,#966,.F.);
#671=ORIENTED_EDGE('',*,*,#987,.T.);
#672=ORIENTED_EDGE('',*,*,#762,.F.);
#673=ORIENTED_EDGE('',*,*,#854,.F.);
#674=ORIENTED_EDGE('',*,*,#834,.F.);
#675=ORIENTED_EDGE('',*,*,#853,.T.);
#676=ORIENTED_EDGE('',*,*,#968,.T.);
#677=ORIENTED_EDGE('',*,*,#914,.T.);
#678=ORIENTED_EDGE('',*,*,#967,.T.);
#679=ORIENTED_EDGE('',*,*,#969,.T.);
#680=ORIENTED_EDGE('',*,*,#971,.T.);
#681=ORIENTED_EDGE('',*,*,#970,.T.);
#682=ORIENTED_EDGE('',*,*,#844,.T.);
#683=ORIENTED_EDGE('',*,*,#832,.T.);
#684=ORIENTED_EDGE('',*,*,#845,.T.);
#685=ORIENTED_EDGE('',*,*,#757,.F.);
#686=ORIENTED_EDGE('',*,*,#988,.T.);
#687=ORIENTED_EDGE('',*,*,#882,.F.);
#688=ORIENTED_EDGE('',*,*,#870,.F.);
#689=ORIENTED_EDGE('',*,*,#898,.T.);
#690=ORIENTED_EDGE('',*,*,#970,.F.);
#691=ORIENTED_EDGE('',*,*,#973,.F.);
#692=ORIENTED_EDGE('',*,*,#974,.T.);
#693=ORIENTED_EDGE('',*,*,#986,.T.);
#694=ORIENTED_EDGE('',*,*,#972,.T.);
#695=ORIENTED_EDGE('',*,*,#961,.F.);
#696=ORIENTED_EDGE('',*,*,#918,.F.);
#697=ORIENTED_EDGE('',*,*,#916,.F.);
#698=ORIENTED_EDGE('',*,*,#968,.F.);
#699=ORIENTED_EDGE('',*,*,#899,.T.);
#700=ORIENTED_EDGE('',*,*,#873,.F.);
#701=ORIENTED_EDGE('',*,*,#880,.F.);
#702=ORIENTED_EDGE('',*,*,#894,.F.);
#703=ORIENTED_EDGE('',*,*,#954,.T.);
#704=ORIENTED_EDGE('',*,*,#976,.T.);
#705=ORIENTED_EDGE('',*,*,#935,.F.);
#706=ORIENTED_EDGE('',*,*,#975,.F.);
#707=ORIENTED_EDGE('',*,*,#955,.T.);
#708=ORIENTED_EDGE('',*,*,#975,.T.);
#709=ORIENTED_EDGE('',*,*,#936,.F.);
#710=ORIENTED_EDGE('',*,*,#964,.F.);
#711=ORIENTED_EDGE('',*,*,#911,.F.);
#712=ORIENTED_EDGE('',*,*,#952,.T.);
#713=ORIENTED_EDGE('',*,*,#973,.T.);
#714=ORIENTED_EDGE('',*,*,#971,.F.);
#715=ORIENTED_EDGE('',*,*,#978,.F.);
#716=ORIENTED_EDGE('',*,*,#977,.F.);
#717=ORIENTED_EDGE('',*,*,#977,.T.);
#718=ORIENTED_EDGE('',*,*,#980,.F.);
#719=ORIENTED_EDGE('',*,*,#979,.T.);
#720=ORIENTED_EDGE('',*,*,#974,.F.);
#721=ORIENTED_EDGE('',*,*,#967,.F.);
#722=ORIENTED_EDGE('',*,*,#915,.T.);
#723=ORIENTED_EDGE('',*,*,#919,.T.);
#724=ORIENTED_EDGE('',*,*,#959,.T.);
#725=ORIENTED_EDGE('',*,*,#982,.F.);
#726=ORIENTED_EDGE('',*,*,#941,.F.);
#727=ORIENTED_EDGE('',*,*,#981,.F.);
#728=ORIENTED_EDGE('',*,*,#934,.F.);
#729=ORIENTED_EDGE('',*,*,#983,.F.);
#730=ORIENTED_EDGE('',*,*,#984,.F.);
#731=ORIENTED_EDGE('',*,*,#980,.T.);
#732=ORIENTED_EDGE('',*,*,#978,.T.);
#733=ORIENTED_EDGE('',*,*,#969,.F.);
#734=ORIENTED_EDGE('',*,*,#966,.T.);
#735=ORIENTED_EDGE('',*,*,#754,.F.);
#736=ORIENTED_EDGE('',*,*,#965,.T.);
#737=ORIENTED_EDGE('',*,*,#772,.F.);
#738=ORIENTED_EDGE('',*,*,#984,.T.);
#739=ORIENTED_EDGE('',*,*,#985,.T.);
#740=ORIENTED_EDGE('',*,*,#986,.F.);
#741=ORIENTED_EDGE('',*,*,#979,.F.);
#742=ORIENTED_EDGE('',*,*,#981,.T.);
#743=ORIENTED_EDGE('',*,*,#958,.F.);
#744=ORIENTED_EDGE('',*,*,#963,.T.);
#745=ORIENTED_EDGE('',*,*,#947,.T.);
#746=ORIENTED_EDGE('',*,*,#982,.T.);
#747=ORIENTED_EDGE('',*,*,#960,.T.);
#748=ORIENTED_EDGE('',*,*,#972,.F.);
#749=ORIENTED_EDGE('',*,*,#985,.F.);
#750=ORIENTED_EDGE('',*,*,#983,.T.);
#751=ORIENTED_EDGE('',*,*,#976,.F.);
#752=ORIENTED_EDGE('',*,*,#953,.T.);
#753=ORIENTED_EDGE('',*,*,#929,.T.);
#754=EDGE_CURVE('',#1248,#1249,#1067,.T.);
#755=EDGE_CURVE('',#1251,#1250,#1068,.T.);
#756=EDGE_CURVE('',#1250,#1252,#1035,.T.);
#757=EDGE_CURVE('',#1253,#1258,#1069,.T.);
#758=EDGE_CURVE('',#1254,#1262,#1070,.T.);
#759=EDGE_CURVE('',#1256,#1254,#1071,.T.);
#760=EDGE_CURVE('',#1257,#1256,#1072,.T.);
#761=EDGE_CURVE('',#1258,#1257,#1073,.T.);
#762=EDGE_CURVE('',#1259,#1252,#1074,.T.);
#763=EDGE_CURVE('',#1260,#1259,#1075,.T.);
#764=EDGE_CURVE('',#1261,#1260,#1076,.T.);
#765=EDGE_CURVE('',#1262,#1261,#1077,.T.);
#766=EDGE_CURVE('',#1253,#1251,#1078,.T.);
#767=EDGE_CURVE('',#1263,#1263,#1011,.T.);
#768=EDGE_CURVE('',#1263,#1255,#1036,.T.);
#769=EDGE_CURVE('',#1255,#1255,#1012,.T.);
#770=EDGE_CURVE('',#1265,#1265,#1013,.T.);
#771=EDGE_CURVE('',#1265,#1264,#1037,.T.);
#772=EDGE_CURVE('',#1264,#1264,#1014,.T.);
#773=EDGE_CURVE('',#1266,#1267,#1079,.T.);
#774=EDGE_CURVE('',#1267,#1271,#1080,.T.);
#775=EDGE_CURVE('',#1272,#1273,#1081,.T.);
#776=EDGE_CURVE('',#1266,#1270,#1082,.T.);
#777=EDGE_CURVE('',#1267,#1268,#991,.T.);
#778=EDGE_CURVE('',#1268,#1272,#1038,.T.);
#779=EDGE_CURVE('',#1270,#1271,#1083,.T.);
#780=EDGE_CURVE('',#1268,#1269,#1084,.T.);
#781=EDGE_CURVE('',#1269,#1273,#1085,.T.);
#782=EDGE_CURVE('',#1271,#1272,#992,.T.);
#783=EDGE_CURVE('',#1269,#1266,#993,.T.);
#784=EDGE_CURVE('',#1273,#1270,#994,.T.);
#785=EDGE_CURVE('',#1274,#1275,#1086,.T.);
#786=EDGE_CURVE('',#1277,#1276,#1087,.T.);
#787=EDGE_CURVE('',#1279,#1277,#1088,.T.);
#788=EDGE_CURVE('',#1257,#1278,#1089,.T.);
#789=EDGE_CURVE('',#1262,#1276,#1090,.T.);
#790=EDGE_CURVE('',#1254,#1274,#1091,.T.);
#791=EDGE_CURVE('',#1256,#1275,#1092,.T.);
#792=EDGE_CURVE('',#1281,#1282,#1093,.T.);
#793=EDGE_CURVE('',#1283,#1284,#1094,.T.);
#794=EDGE_CURVE('',#1285,#1286,#1095,.T.);
#795=EDGE_CURVE('',#1287,#1280,#1096,.T.);
#796=EDGE_CURVE('',#1282,#1289,#1097,.T.);
#797=EDGE_CURVE('',#1281,#1288,#1098,.T.);
#798=EDGE_CURVE('',#1280,#1281,#995,.T.);
#799=EDGE_CURVE('',#1292,#1293,#1099,.T.);
#800=EDGE_CURVE('',#1280,#1290,#1039,.T.);
#801=EDGE_CURVE('',#1288,#1289,#996,.T.);
#802=EDGE_CURVE('',#1287,#1291,#1100,.T.);
#803=EDGE_CURVE('',#1282,#1283,#997,.T.);
#804=EDGE_CURVE('',#1283,#1292,#1040,.T.);
#805=EDGE_CURVE('',#1284,#1293,#1101,.T.);
#806=EDGE_CURVE('',#1284,#1285,#998,.T.);
#807=EDGE_CURVE('',#1285,#1294,#1041,.T.);
#808=EDGE_CURVE('',#1291,#1290,#1102,.T.);
#809=EDGE_CURVE('',#1286,#1295,#1103,.T.);
#810=EDGE_CURVE('',#1286,#1287,#999,.T.);
#811=EDGE_CURVE('',#1346,#1332,#1104,.T.);
#812=EDGE_CURVE('',#1344,#1347,#1105,.T.);
#813=EDGE_CURVE('',#1345,#1352,#1106,.T.);
#814=EDGE_CURVE('',#1349,#1346,#1107,.T.);
#815=EDGE_CURVE('',#1335,#1343,#1108,.T.);
#816=EDGE_CURVE('',#1338,#1336,#1042,.T.);
#817=EDGE_CURVE('',#1295,#1291,#1109,.T.);
#818=EDGE_CURVE('',#1337,#1342,#1110,.T.);
#819=EDGE_CURVE('',#1336,#1334,#1111,.T.);
#820=EDGE_CURVE('',#1348,#1349,#1112,.T.);
#821=EDGE_CURVE('',#1293,#1294,#1113,.T.);
#822=EDGE_CURVE('',#1353,#1346,#1114,.T.);
#823=EDGE_CURVE('',#1350,#1351,#1115,.T.);
#824=EDGE_CURVE('',#1294,#1295,#1000,.T.);
#825=EDGE_CURVE('',#1352,#1353,#1116,.T.);
#826=EDGE_CURVE('',#1348,#1351,#1117,.T.);
#827=EDGE_CURVE('',#1278,#1279,#1118,.T.);
#828=EDGE_CURVE('',#1290,#1288,#1119,.T.);
#829=EDGE_CURVE('',#1297,#1296,#1120,.T.);
#830=EDGE_CURVE('',#1298,#1299,#1121,.T.);
#831=EDGE_CURVE('',#1296,#1298,#1122,.T.);
#832=EDGE_CURVE('',#1297,#1299,#1123,.T.);
#833=EDGE_CURVE('',#1301,#1300,#1124,.T.);
#834=EDGE_CURVE('',#1300,#1302,#1125,.T.);
#835=EDGE_CURVE('',#1302,#1303,#1126,.T.);
#836=EDGE_CURVE('',#1301,#1303,#1127,.T.);
#837=EDGE_CURVE('',#1304,#1301,#1128,.T.);
#838=EDGE_CURVE('',#1304,#1305,#1129,.T.);
#839=EDGE_CURVE('',#1305,#1306,#1130,.T.);
#840=EDGE_CURVE('',#1306,#1309,#1131,.T.);
#841=EDGE_CURVE('',#1303,#1308,#1132,.T.);
#842=EDGE_CURVE('',#1307,#1308,#1133,.T.);
#843=EDGE_CURVE('',#1309,#1307,#1134,.T.);
#844=EDGE_CURVE('',#1310,#1297,#1135,.T.);
#845=EDGE_CURVE('',#1299,#1258,#1136,.T.);
#846=EDGE_CURVE('',#1296,#1311,#1137,.T.);
#847=EDGE_CURVE('',#1312,#1311,#1138,.T.);
#848=EDGE_CURVE('',#1313,#1312,#1139,.T.);
#849=EDGE_CURVE('',#1316,#1313,#1140,.T.);
#850=EDGE_CURVE('',#1298,#1315,#1141,.T.);
#851=EDGE_CURVE('',#1315,#1314,#1142,.T.);
#852=EDGE_CURVE('',#1314,#1316,#1143,.T.);
#853=EDGE_CURVE('',#1300,#1317,#1144,.T.);
#854=EDGE_CURVE('',#1302,#1259,#1145,.T.);
#855=EDGE_CURVE('',#1344,#1261,#1146,.T.);
#856=EDGE_CURVE('',#1260,#1347,#1147,.T.);
#857=EDGE_CURVE('',#1318,#1319,#1148,.T.);
#858=EDGE_CURVE('',#1319,#1320,#1149,.T.);
#859=EDGE_CURVE('',#1321,#1320,#1150,.T.);
#860=EDGE_CURVE('',#1318,#1321,#1151,.T.);
#861=EDGE_CURVE('',#1322,#1323,#1152,.T.);
#862=EDGE_CURVE('',#1323,#1321,#1001,.T.);
#863=EDGE_CURVE('',#1322,#1320,#1002,.T.);
#864=EDGE_CURVE('',#1324,#1318,#1153,.T.);
#865=EDGE_CURVE('',#1323,#1324,#1154,.T.);
#866=EDGE_CURVE('',#1319,#1325,#1155,.T.);
#867=EDGE_CURVE('',#1325,#1322,#1156,.T.);
#868=EDGE_CURVE('',#1326,#1349,#1157,.T.);
#869=EDGE_CURVE('',#1327,#1348,#1158,.T.);
#870=EDGE_CURVE('',#1327,#1326,#1003,.T.);
#871=EDGE_CURVE('',#1328,#1350,#1159,.T.);
#872=EDGE_CURVE('',#1351,#1329,#1160,.T.);
#873=EDGE_CURVE('',#1328,#1329,#1004,.T.);
#874=EDGE_CURVE('',#1345,#1330,#1161,.T.);
#875=EDGE_CURVE('',#1352,#1331,#1043,.T.);
#876=EDGE_CURVE('',#1331,#1330,#1044,.T.);
#877=EDGE_CURVE('',#1333,#1353,#1045,.T.);
#878=EDGE_CURVE('',#1333,#1332,#1046,.T.);
#879=EDGE_CURVE('',#1347,#1278,#1162,.T.);
#880=EDGE_CURVE('',#1334,#1328,#1163,.T.);
#881=EDGE_CURVE('',#1350,#1345,#1164,.T.);
#882=EDGE_CURVE('',#1326,#1339,#1165,.T.);
#883=EDGE_CURVE('',#1344,#1279,#1166,.T.);
#884=EDGE_CURVE('',#1330,#1332,#1047,.T.);
#885=EDGE_CURVE('',#1340,#1341,#1048,.T.);
#886=EDGE_CURVE('',#1332,#1340,#1167,.T.);
#887=EDGE_CURVE('',#1330,#1341,#1168,.T.);
#888=EDGE_CURVE('',#1340,#1337,#1169,.T.);
#889=EDGE_CURVE('',#1337,#1335,#1049,.T.);
#890=EDGE_CURVE('',#1341,#1335,#1170,.T.);
#891=EDGE_CURVE('',#1342,#1343,#1050,.T.);
#892=EDGE_CURVE('',#1343,#1336,#1171,.T.);
#893=EDGE_CURVE('',#1342,#1338,#1172,.T.);
#894=EDGE_CURVE('',#1339,#1334,#1051,.T.);
#895=EDGE_CURVE('',#1338,#1339,#1173,.T.);
#896=EDGE_CURVE('',#1333,#1331,#1005,.T.);
#897=EDGE_CURVE('',#1289,#1292,#1174,.T.);
#898=EDGE_CURVE('',#1327,#1310,#1175,.T.);
#899=EDGE_CURVE('',#1317,#1329,#1176,.T.);
#900=EDGE_CURVE('',#1305,#1312,#1177,.T.);
#901=EDGE_CURVE('',#1313,#1325,#1178,.T.);
#902=EDGE_CURVE('',#1324,#1306,#1179,.T.);
#903=EDGE_CURVE('',#1309,#1316,#1180,.T.);
#904=EDGE_CURVE('',#1314,#1307,#1181,.T.);
#905=EDGE_CURVE('',#1308,#1315,#1182,.T.);
#906=EDGE_CURVE('',#1311,#1304,#1183,.T.);
#907=EDGE_CURVE('',#1275,#1277,#1184,.T.);
#908=EDGE_CURVE('',#1276,#1274,#1185,.T.);
#909=EDGE_CURVE('',#1354,#1355,#1186,.T.);
#910=EDGE_CURVE('',#1356,#1357,#1187,.T.);
#911=EDGE_CURVE('',#1356,#1354,#1052,.T.);
#912=EDGE_CURVE('',#1357,#1355,#1188,.T.);
#913=EDGE_CURVE('',#1358,#1359,#1189,.T.);
#914=EDGE_CURVE('',#1361,#1360,#1190,.T.);
#915=EDGE_CURVE('',#1360,#1358,#1191,.T.);
#916=EDGE_CURVE('',#1361,#1359,#1192,.T.);
#917=EDGE_CURVE('',#1363,#1362,#1193,.T.);
#918=EDGE_CURVE('',#1359,#1362,#1194,.T.);
#919=EDGE_CURVE('',#1358,#1363,#1195,.T.);
#920=EDGE_CURVE('',#1365,#1364,#1196,.T.);
#921=EDGE_CURVE('',#1366,#1365,#1197,.T.);
#922=EDGE_CURVE('',#1368,#1367,#1198,.T.);
#923=EDGE_CURVE('',#1369,#1368,#1199,.T.);
#924=EDGE_CURVE('',#1367,#1364,#1200,.T.);
#925=EDGE_CURVE('',#1369,#1366,#1053,.T.);
#926=EDGE_CURVE('',#1370,#1371,#1201,.T.);
#927=EDGE_CURVE('',#1372,#1373,#1202,.T.);
#928=EDGE_CURVE('',#1373,#1371,#1054,.T.);
#929=EDGE_CURVE('',#1372,#1370,#1203,.T.);
#930=EDGE_CURVE('',#1371,#1374,#1204,.T.);
#931=EDGE_CURVE('',#1374,#1355,#1205,.T.);
#932=EDGE_CURVE('',#1373,#1375,#1206,.T.);
#933=EDGE_CURVE('',#1375,#1357,#1207,.T.);
#934=EDGE_CURVE('',#1376,#1370,#1208,.T.);
#935=EDGE_CURVE('',#1377,#1376,#1209,.T.);
#936=EDGE_CURVE('',#1378,#1377,#1210,.T.);
#937=EDGE_CURVE('',#1378,#1374,#1055,.T.);
#938=EDGE_CURVE('',#1365,#1379,#1056,.T.);
#939=EDGE_CURVE('',#1379,#1380,#1211,.T.);
#940=EDGE_CURVE('',#1366,#1380,#1212,.T.);
#941=EDGE_CURVE('',#1381,#1382,#1213,.T.);
#942=EDGE_CURVE('',#1364,#1381,#1214,.T.);
#943=EDGE_CURVE('',#1383,#1379,#1215,.T.);
#944=EDGE_CURVE('',#1382,#1383,#1216,.T.);
#945=EDGE_CURVE('',#1384,#1385,#1217,.T.);
#946=EDGE_CURVE('',#1385,#1383,#1057,.T.);
#947=EDGE_CURVE('',#1384,#1382,#1218,.T.);
#948=EDGE_CURVE('',#1385,#1386,#1219,.T.);
#949=EDGE_CURVE('',#1386,#1387,#1220,.T.);
#950=EDGE_CURVE('',#1387,#1380,#1221,.T.);
#951=EDGE_CURVE('',#1388,#1375,#1058,.T.);
#952=EDGE_CURVE('',#1356,#1388,#1222,.T.);
#953=EDGE_CURVE('',#1389,#1372,#1223,.T.);
#954=EDGE_CURVE('',#1390,#1389,#1224,.T.);
#955=EDGE_CURVE('',#1388,#1390,#1225,.T.);
#956=EDGE_CURVE('',#1369,#1387,#1226,.T.);
#957=EDGE_CURVE('',#1367,#1391,#1227,.T.);
#958=EDGE_CURVE('',#1391,#1381,#1228,.T.);
#959=EDGE_CURVE('',#1363,#1393,#1006,.T.);
#960=EDGE_CURVE('',#1393,#1392,#1059,.T.);
#961=EDGE_CURVE('',#1362,#1392,#1007,.T.);
#962=EDGE_CURVE('',#1368,#1386,#1060,.T.);
#963=EDGE_CURVE('',#1391,#1384,#1229,.T.);
#964=EDGE_CURVE('',#1354,#1378,#1230,.T.);
#965=EDGE_CURVE('',#1248,#1394,#1008,.T.);
#966=EDGE_CURVE('',#1395,#1249,#1061,.T.);
#967=EDGE_CURVE('',#1360,#1394,#1231,.T.);
#968=EDGE_CURVE('',#1317,#1361,#1232,.T.);
#969=EDGE_CURVE('',#1395,#1397,#1062,.T.);
#970=EDGE_CURVE('',#1396,#1310,#1063,.T.);
#971=EDGE_CURVE('',#1397,#1396,#1064,.T.);
#972=EDGE_CURVE('',#1399,#1392,#1233,.T.);
#973=EDGE_CURVE('',#1400,#1396,#1234,.T.);
#974=EDGE_CURVE('',#1400,#1398,#1235,.T.);
#975=EDGE_CURVE('',#1390,#1377,#1236,.T.);
#976=EDGE_CURVE('',#1389,#1376,#1237,.T.);
#977=EDGE_CURVE('',#1400,#1401,#1238,.T.);
#978=EDGE_CURVE('',#1401,#1397,#1239,.T.);
#979=EDGE_CURVE('',#1402,#1398,#1240,.T.);
#980=EDGE_CURVE('',#1402,#1401,#1241,.T.);
#981=EDGE_CURVE('',#1370,#1381,#1242,.T.);
#982=EDGE_CURVE('',#1382,#1393,#1243,.T.);
#983=EDGE_CURVE('',#1403,#1376,#1244,.T.);
#984=EDGE_CURVE('',#1402,#1403,#1009,.T.);
#985=EDGE_CURVE('',#1403,#1399,#1065,.T.);
#986=EDGE_CURVE('',#1398,#1399,#1010,.T.);
#987=EDGE_CURVE('',#1394,#1252,#1245,.T.);
#988=EDGE_CURVE('',#1253,#1395,#1066,.T.);
#989=EDGE_CURVE('',#1249,#1251,#1246,.T.);
#990=EDGE_CURVE('',#1250,#1248,#1247,.T.);
#991=TRIMMED_CURVE($,#1015,(#2152),(#2153),.T.,.CARTESIAN.);
#992=TRIMMED_CURVE($,#1016,(#2163),(#2164),.T.,.CARTESIAN.);
#993=TRIMMED_CURVE($,#1017,(#2166),(#2167),.T.,.CARTESIAN.);
#994=TRIMMED_CURVE($,#1018,(#2169),(#2170),.T.,.CARTESIAN.);
#995=TRIMMED_CURVE($,#1019,(#2201),(#2202),.T.,.CARTESIAN.);
#996=TRIMMED_CURVE($,#1020,(#2208),(#2209),.T.,.CARTESIAN.);
#997=TRIMMED_CURVE($,#1021,(#2213),(#2214),.T.,.CARTESIAN.);
#998=TRIMMED_CURVE($,#1022,(#2220),(#2221),.T.,.CARTESIAN.);
#999=TRIMMED_CURVE($,#1023,(#2229),(#2230),.T.,.CARTESIAN.);
#1000=TRIMMED_CURVE($,#1024,(#2307),(#2308),.T.,.CARTESIAN.);
#1001=TRIMMED_CURVE($,#1025,(#2397),(#2398),.T.,.CARTESIAN.);
#1002=TRIMMED_CURVE($,#1026,(#2400),(#2401),.T.,.CARTESIAN.);
#1003=TRIMMED_CURVE($,#1027,(#2415),(#2416),.T.,.CARTESIAN.);
#1004=TRIMMED_CURVE($,#1028,(#2422),(#2423),.T.,.CARTESIAN.);
#1005=TRIMMED_CURVE($,#1029,(#2490),(#2491),.T.,.CARTESIAN.);
#1006=TRIMMED_CURVE($,#1030,(#2710),(#2711),.T.,.CARTESIAN.);
#1007=TRIMMED_CURVE($,#1031,(#2715),(#2716),.T.,.CARTESIAN.);
#1008=TRIMMED_CURVE($,#1032,(#2731),(#2732),.T.,.CARTESIAN.);
#1009=TRIMMED_CURVE($,#1033,(#2786),(#2787),.T.,.CARTESIAN.);
#1010=TRIMMED_CURVE($,#1034,(#2791),(#2792),.T.,.CARTESIAN.);
#1011=CIRCLE('',#1656,3.00298892972653);
#1012=CIRCLE('',#1657,3.0029889297268);
#1013=CIRCLE('',#1658,2.5024508207446);
#1014=CIRCLE('',#1659,2.5024508207446);
#1015=CIRCLE('',#1660,1.65000000000001);
#1016=CIRCLE('',#1661,1.65000000000001);
#1017=CIRCLE('',#1662,1.65000000000001);
#1018=CIRCLE('',#1663,1.65);
#1019=CIRCLE('',#1664,2.49999999999999);
#1020=CIRCLE('',#1665,292.65999999975);
#1021=CIRCLE('',#1666,2.50000000000012);
#1022=CIRCLE('',#1667,2.50000000000007);
#1023=CIRCLE('',#1668,2.49999999999995);
#1024=CIRCLE('',#1669,292.660000000304);
#1025=CIRCLE('',#1670,1.00000031839993);
#1026=CIRCLE('',#1671,1.00000031839993);
#1027=CIRCLE('',#1672,1.2500000000009);
#1028=CIRCLE('',#1673,1.2499999999992);
#1029=CIRCLE('',#1674,292.66);
#1030=CIRCLE('',#1675,1.24999999999999);
#1031=CIRCLE('',#1676,1.24999999999999);
#1032=CIRCLE('',#1677,0.999999999999979);
#1033=CIRCLE('',#1678,1.24999999999999);
#1034=CIRCLE('',#1679,1.24999999999999);
#1035=(
BOUNDED_CURVE()
B_SPLINE_CURVE(2,(#2090,#2091,#2092),.UNSPECIFIED.,.F.,.F.)
B_SPLINE_CURVE_WITH_KNOTS((3,3),(-1.57079632679497,0.),.UNSPECIFIED.)
CURVE()
GEOMETRIC_REPRESENTATION_ITEM()
RATIONAL_B_SPLINE_CURVE((1.,0.707106781186547,1.))
REPRESENTATION_ITEM('')
);
#1036=(
BOUNDED_CURVE()
B_SPLINE_CURVE(1,(#2136,#2137),.UNSPECIFIED.,.F.,.F.)
B_SPLINE_CURVE_WITH_KNOTS((2,2),(0.,1.00299978256226),.UNSPECIFIED.)
CURVE()
GEOMETRIC_REPRESENTATION_ITEM()
RATIONAL_B_SPLINE_CURVE((1.,1.))
REPRESENTATION_ITEM('')
);
#1037=(
BOUNDED_CURVE()
B_SPLINE_CURVE(1,(#2140,#2141),.UNSPECIFIED.,.F.,.F.)
B_SPLINE_CURVE_WITH_KNOTS((2,2),(0.,6.99700021743775),.UNSPECIFIED.)
CURVE()
GEOMETRIC_REPRESENTATION_ITEM()
RATIONAL_B_SPLINE_CURVE((1.,1.))
REPRESENTATION_ITEM('')
);
#1038=(
BOUNDED_CURVE()
B_SPLINE_CURVE(1,(#2154,#2155),.UNSPECIFIED.,.F.,.F.)
B_SPLINE_CURVE_WITH_KNOTS((2,2),(0.,1.0096309112192),.UNSPECIFIED.)
CURVE()
GEOMETRIC_REPRESENTATION_ITEM()
RATIONAL_B_SPLINE_CURVE((1.,1.))
REPRESENTATION_ITEM('')
);
#1039=(
BOUNDED_CURVE()
B_SPLINE_CURVE(1,(#2205,#2206),.UNSPECIFIED.,.F.,.F.)
B_SPLINE_CURVE_WITH_KNOTS((2,2),(0.,0.652918851880984),.UNSPECIFIED.)
CURVE()
GEOMETRIC_REPRESENTATION_ITEM()
RATIONAL_B_SPLINE_CURVE((1.,1.))
REPRESENTATION_ITEM('')
);
#1040=(
BOUNDED_CURVE()
B_SPLINE_CURVE(1,(#2215,#2216),.UNSPECIFIED.,.F.,.F.)
B_SPLINE_CURVE_WITH_KNOTS((2,2),(0.,0.987255390812297),.UNSPECIFIED.)
CURVE()
GEOMETRIC_REPRESENTATION_ITEM()
RATIONAL_B_SPLINE_CURVE((1.,1.))
REPRESENTATION_ITEM('')
);
#1041=(
BOUNDED_CURVE()
B_SPLINE_CURVE(1,(#2222,#2223),.UNSPECIFIED.,.F.,.F.)
B_SPLINE_CURVE_WITH_KNOTS((2,2),(0.,0.965044238531619),.UNSPECIFIED.)
CURVE()
GEOMETRIC_REPRESENTATION_ITEM()
RATIONAL_B_SPLINE_CURVE((1.,1.))
REPRESENTATION_ITEM('')
);
#1042=(
BOUNDED_CURVE()
B_SPLINE_CURVE(2,(#2249,#2250,#2251),.UNSPECIFIED.,.F.,.F.)
B_SPLINE_CURVE_WITH_KNOTS((3,3),(-1.37451762884166,33.213493833071),
 .UNSPECIFIED.)
CURVE()
GEOMETRIC_REPRESENTATION_ITEM()
RATIONAL_B_SPLINE_CURVE((1.,0.998722769653183,1.))
REPRESENTATION_ITEM('')
);
#1043=(
BOUNDED_CURVE()
B_SPLINE_CURVE(1,(#2426,#2427),.UNSPECIFIED.,.F.,.F.)
B_SPLINE_CURVE_WITH_KNOTS((2,2),(0.900970270657458,14.5),.UNSPECIFIED.)
CURVE()
GEOMETRIC_REPRESENTATION_ITEM()
RATIONAL_B_SPLINE_CURVE((1.,1.))
REPRESENTATION_ITEM('')
);
#1044=(
BOUNDED_CURVE()
B_SPLINE_CURVE(2,(#2428,#2429,#2430),.UNSPECIFIED.,.F.,.F.)
B_SPLINE_CURVE_WITH_KNOTS((3,3),(-36.1423711581088,-34.2468977170906),
 .UNSPECIFIED.)
CURVE()
GEOMETRIC_REPRESENTATION_ITEM()
RATIONAL_B_SPLINE_CURVE((1.,0.726082199539873,1.))
REPRESENTATION_ITEM('')
);
#1045=(
BOUNDED_CURVE()
B_SPLINE_CURVE(1,(#2431,#2432),.UNSPECIFIED.,.F.,.F.)
B_SPLINE_CURVE_WITH_KNOTS((2,2),(1.94289029309402E-15,13.5990297293425),
 .UNSPECIFIED.)
CURVE()
GEOMETRIC_REPRESENTATION_ITEM()
RATIONAL_B_SPLINE_CURVE((1.,1.))
REPRESENTATION_ITEM('')
);
#1046=(
BOUNDED_CURVE()
B_SPLINE_CURVE(2,(#2433,#2434,#2435),.UNSPECIFIED.,.F.,.F.)
B_SPLINE_CURVE_WITH_KNOTS((3,3),(67.9937954341811,69.8892688751994),
 .UNSPECIFIED.)
CURVE()
GEOMETRIC_REPRESENTATION_ITEM()
RATIONAL_B_SPLINE_CURVE((1.,0.72608219953987,1.))
REPRESENTATION_ITEM('')
);
#1047=(
BOUNDED_CURVE()
B_SPLINE_CURVE(2,(#2450,#2451,#2452),.UNSPECIFIED.,.F.,.F.)
B_SPLINE_CURVE_WITH_KNOTS((3,3),(-33.2060764677582,1.38197410509711),
 .UNSPECIFIED.)
CURVE()
GEOMETRIC_REPRESENTATION_ITEM()
RATIONAL_B_SPLINE_CURVE((1.,0.99825454173491,1.))
REPRESENTATION_ITEM('')
);
#1048=(
BOUNDED_CURVE()
B_SPLINE_CURVE(2,(#2453,#2454,#2455),.UNSPECIFIED.,.F.,.F.)
B_SPLINE_CURVE_WITH_KNOTS((3,3),(-1.37772252140464,33.210305840384),
 .UNSPECIFIED.)
CURVE()
GEOMETRIC_REPRESENTATION_ITEM()
RATIONAL_B_SPLINE_CURVE((1.,0.998521479377875,1.))
REPRESENTATION_ITEM('')
);
#1049=(
BOUNDED_CURVE()
B_SPLINE_CURVE(2,(#2462,#2463,#2464),.UNSPECIFIED.,.F.,.F.)
B_SPLINE_CURVE_WITH_KNOTS((3,3),(-1.37771910631469,33.2103084751373),
 .UNSPECIFIED.)
CURVE()
GEOMETRIC_REPRESENTATION_ITEM()
RATIONAL_B_SPLINE_CURVE((1.,0.998521517783341,1.))
REPRESENTATION_ITEM('')
);
#1050=(
BOUNDED_CURVE()
B_SPLINE_CURVE(2,(#2467,#2468,#2469),.UNSPECIFIED.,.F.,.F.)
B_SPLINE_CURVE_WITH_KNOTS((3,3),(-1.37452437182829,33.2134884406118),
 .UNSPECIFIED.)
CURVE()
GEOMETRIC_REPRESENTATION_ITEM()
RATIONAL_B_SPLINE_CURVE((1.,0.998722544515866,1.))
REPRESENTATION_ITEM('')
);
#1051=(
BOUNDED_CURVE()
B_SPLINE_CURVE(1,(#2478,#2479),.UNSPECIFIED.,.F.,.F.)
B_SPLINE_CURVE_WITH_KNOTS((2,2),(0.,34.2),.UNSPECIFIED.)
CURVE()
GEOMETRIC_REPRESENTATION_ITEM()
RATIONAL_B_SPLINE_CURVE((1.,1.))
REPRESENTATION_ITEM('')
);
#1052=(
BOUNDED_CURVE()
B_SPLINE_CURVE(1,(#2529,#2530),.UNSPECIFIED.,.F.,.F.)
B_SPLINE_CURVE_WITH_KNOTS((2,2),(0.27512650611666,1.22487349388334),
 .UNSPECIFIED.)
CURVE()
GEOMETRIC_REPRESENTATION_ITEM()
RATIONAL_B_SPLINE_CURVE((1.,1.))
REPRESENTATION_ITEM('')
);
#1053=(
BOUNDED_CURVE()
B_SPLINE_CURVE(1,(#2578,#2579),.UNSPECIFIED.,.F.,.F.)
B_SPLINE_CURVE_WITH_KNOTS((2,2),(0.275126506116659,1.22487349388334),
 .UNSPECIFIED.)
CURVE()
GEOMETRIC_REPRESENTATION_ITEM()
RATIONAL_B_SPLINE_CURVE((1.,1.))
REPRESENTATION_ITEM('')
);
#1054=(
BOUNDED_CURVE()
B_SPLINE_CURVE(1,(#2588,#2589),.UNSPECIFIED.,.F.,.F.)
B_SPLINE_CURVE_WITH_KNOTS((2,2),(0.052187597289974,1.44781240271002),
 .UNSPECIFIED.)
CURVE()
GEOMETRIC_REPRESENTATION_ITEM()
RATIONAL_B_SPLINE_CURVE((1.,1.))
REPRESENTATION_ITEM('')
);
#1055=(
BOUNDED_CURVE()
B_SPLINE_CURVE(1,(#2628,#2629),.UNSPECIFIED.,.F.,.F.)
B_SPLINE_CURVE_WITH_KNOTS((2,2),(0.799953645534196,3.40004635446581),
 .UNSPECIFIED.)
CURVE()
GEOMETRIC_REPRESENTATION_ITEM()
RATIONAL_B_SPLINE_CURVE((1.,1.))
REPRESENTATION_ITEM('')
);
#1056=(
BOUNDED_CURVE()
B_SPLINE_CURVE(1,(#2630,#2631),.UNSPECIFIED.,.F.,.F.)
B_SPLINE_CURVE_WITH_KNOTS((2,2),(0.799953645534196,3.40004635446581),
 .UNSPECIFIED.)
CURVE()
GEOMETRIC_REPRESENTATION_ITEM()
RATIONAL_B_SPLINE_CURVE((1.,1.))
REPRESENTATION_ITEM('')
);
#1057=(
BOUNDED_CURVE()
B_SPLINE_CURVE(1,(#2661,#2662),.UNSPECIFIED.,.F.,.F.)
B_SPLINE_CURVE_WITH_KNOTS((2,2),(0.0521875972899737,1.44781240271002),
 .UNSPECIFIED.)
CURVE()
GEOMETRIC_REPRESENTATION_ITEM()
RATIONAL_B_SPLINE_CURVE((1.,1.))
REPRESENTATION_ITEM('')
);
#1058=(
BOUNDED_CURVE()
B_SPLINE_CURVE(1,(#2680,#2681),.UNSPECIFIED.,.F.,.F.)
B_SPLINE_CURVE_WITH_KNOTS((2,2),(0.799953645534196,3.40004635446581),
 .UNSPECIFIED.)
CURVE()
GEOMETRIC_REPRESENTATION_ITEM()
RATIONAL_B_SPLINE_CURVE((1.,1.))
REPRESENTATION_ITEM('')
);
#1059=(
BOUNDED_CURVE()
B_SPLINE_CURVE(1,(#2712,#2713),.UNSPECIFIED.,.F.,.F.)
B_SPLINE_CURVE_WITH_KNOTS((2,2),(0.,4.5),.UNSPECIFIED.)
CURVE()
GEOMETRIC_REPRESENTATION_ITEM()
RATIONAL_B_SPLINE_CURVE((1.,1.))
REPRESENTATION_ITEM('')
);
#1060=(
BOUNDED_CURVE()
B_SPLINE_CURVE(1,(#2717,#2718),.UNSPECIFIED.,.F.,.F.)
B_SPLINE_CURVE_WITH_KNOTS((2,2),(0.799953645534196,3.40004635446581),
 .UNSPECIFIED.)
CURVE()
GEOMETRIC_REPRESENTATION_ITEM()
RATIONAL_B_SPLINE_CURVE((1.,1.))
REPRESENTATION_ITEM('')
);
#1061=(
BOUNDED_CURVE()
B_SPLINE_CURVE(2,(#2733,#2734,#2735),.UNSPECIFIED.,.F.,.F.)
B_SPLINE_CURVE_WITH_KNOTS((3,3),(0.,1.57079632679498),.UNSPECIFIED.)
CURVE()
GEOMETRIC_REPRESENTATION_ITEM()
RATIONAL_B_SPLINE_CURVE((1.,0.707106781186554,1.))
REPRESENTATION_ITEM('')
);
#1062=(
BOUNDED_CURVE()
B_SPLINE_CURVE(1,(#2741,#2742),.UNSPECIFIED.,.F.,.F.)
B_SPLINE_CURVE_WITH_KNOTS((2,2),(-22.2075356211013,-21.707535151262),
 .UNSPECIFIED.)
CURVE()
GEOMETRIC_REPRESENTATION_ITEM()
RATIONAL_B_SPLINE_CURVE((1.,1.))
REPRESENTATION_ITEM('')
);
#1063=(
BOUNDED_CURVE()
B_SPLINE_CURVE(1,(#2743,#2744,#2745),.UNSPECIFIED.,.F.,.F.)
B_SPLINE_CURVE_WITH_KNOTS((2,1,2),(-17.2075315768883,-15.2785291680015,
-14.2785283621965),.UNSPECIFIED.)
CURVE()
GEOMETRIC_REPRESENTATION_ITEM()
RATIONAL_B_SPLINE_CURVE((1.,1.,1.))
REPRESENTATION_ITEM('')
);
#1064=(
BOUNDED_CURVE()
B_SPLINE_CURVE(1,(#2746,#2747),.UNSPECIFIED.,.F.,.F.)
B_SPLINE_CURVE_WITH_KNOTS((2,2),(-21.707535151262,-17.2075315768883),
 .UNSPECIFIED.)
CURVE()
GEOMETRIC_REPRESENTATION_ITEM()
RATIONAL_B_SPLINE_CURVE((1.,1.))
REPRESENTATION_ITEM('')
);
#1065=(
BOUNDED_CURVE()
B_SPLINE_CURVE(1,(#2788,#2789),.UNSPECIFIED.,.F.,.F.)
B_SPLINE_CURVE_WITH_KNOTS((2,2),(0.,4.5),.UNSPECIFIED.)
CURVE()
GEOMETRIC_REPRESENTATION_ITEM()
RATIONAL_B_SPLINE_CURVE((1.,1.))
REPRESENTATION_ITEM('')
);
#1066=(
BOUNDED_CURVE()
B_SPLINE_CURVE(1,(#2796,#2797,#2798),.UNSPECIFIED.,.F.,.F.)
B_SPLINE_CURVE_WITH_KNOTS((2,1,2),(-26.2576367020081,-25.2547834440843,
-18.2574744800937),.UNSPECIFIED.)
CURVE()
GEOMETRIC_REPRESENTATION_ITEM()
RATIONAL_B_SPLINE_CURVE((1.,1.,1.))
REPRESENTATION_ITEM('')
);
#1067=B_SPLINE_CURVE_WITH_KNOTS('',1,(#2086,#2087),.UNSPECIFIED.,.F.,.F.,
(2,2),(0.999999999999985,13.0055525037977),.UNSPECIFIED.);
#1068=B_SPLINE_CURVE_WITH_KNOTS('',1,(#2088,#2089),.UNSPECIFIED.,.F.,.F.,
(2,2),(-12.0084057617216,-0.00285325792380808),.UNSPECIFIED.);
#1069=B_SPLINE_CURVE_WITH_KNOTS('',1,(#2093,#2094,#2095,#2096),
 .UNSPECIFIED.,.F.,.F.,(2,1,1,2),(88.9039552238673,89.3305304152919,90.3305304152919,
91.3283833670735),.UNSPECIFIED.);
#1070=B_SPLINE_CURVE_WITH_KNOTS('',1,(#2097,#2098,#2099),.UNSPECIFIED.,
 .F.,.F.,(2,1,2),(0.120026985084496,1.93567681246845,22.9356768124685),
 .UNSPECIFIED.);
#1071=B_SPLINE_CURVE_WITH_KNOTS('',1,(#2100,#2101),.UNSPECIFIED.,.F.,.F.,
(2,2),(115.325385015022,130.925385015022),.UNSPECIFIED.);
#1072=B_SPLINE_CURVE_WITH_KNOTS('',1,(#2102,#2103),.UNSPECIFIED.,.F.,.F.,
(2,2),(99.8253850150227,115.325385015022),.UNSPECIFIED.);
#1073=B_SPLINE_CURVE_WITH_KNOTS('',1,(#2104,#2105),.UNSPECIFIED.,.F.,.F.,
(2,2),(91.3283833670735,99.8253850150227),.UNSPECIFIED.);
#1074=B_SPLINE_CURVE_WITH_KNOTS('',1,(#2106,#2107,#2108),.UNSPECIFIED.,
 .F.,.F.,(2,1,2),(85.3326784604174,86.3305314121989,86.7960818308411),
 .UNSPECIFIED.);
#1075=B_SPLINE_CURVE_WITH_KNOTS('',1,(#2109,#2110),.UNSPECIFIED.,.F.,.F.,
(2,2),(76.8356768124681,85.3326784604174),.UNSPECIFIED.);
#1076=B_SPLINE_CURVE_WITH_KNOTS('',1,(#2111,#2112),.UNSPECIFIED.,.F.,.F.,
(2,2),(38.3356768124685,76.8356768124681),.UNSPECIFIED.);
#1077=B_SPLINE_CURVE_WITH_KNOTS('',1,(#2113,#2114),.UNSPECIFIED.,.F.,.F.,
(2,2),(22.9356768124685,38.3356768124685),.UNSPECIFIED.);
#1078=B_SPLINE_CURVE_WITH_KNOTS('',3,(#2115,#2116,#2117,#2118,#2119,#2120,
#2121,#2122,#2123,#2124,#2125,#2126,#2127,#2128,#2129,#2130,#2131,#2132,
#2133,#2134),.UNSPECIFIED.,.F.,.F.,(4,1,1,1,1,1,1,1,1,1,1,1,1,1,1,1,1,4),
(3.81838433689488E-8,0.0845722857774985,0.171838875204969,0.261583747108755,
0.353538158772603,0.44738287294131,0.542752363992214,0.639241637765147,
0.73641547771708,0.833819667526095,0.930993507478013,1.02748278125095,1.12285227230184,
1.21669698647056,1.3086513981344,1.3983962700382,1.48566285946566,1.57023457308723),
 .UNSPECIFIED.);
#1079=B_SPLINE_CURVE_WITH_KNOTS('',1,(#2143,#2144),.UNSPECIFIED.,.F.,.F.,
(2,2),(10.8836278784232,16.5836278784232),.UNSPECIFIED.);
#1080=B_SPLINE_CURVE_WITH_KNOTS('',1,(#2145,#2146),.UNSPECIFIED.,.F.,.F.,
(2,2),(0.,1.00963091121918),.UNSPECIFIED.);
#1081=B_SPLINE_CURVE_WITH_KNOTS('',1,(#2147,#2148),.UNSPECIFIED.,.F.,.F.,
(2,2),(21.7672557568463,27.4672557568463),.UNSPECIFIED.);
#1082=B_SPLINE_CURVE_WITH_KNOTS('',1,(#2149,#2150),.UNSPECIFIED.,.F.,.F.,
(2,2),(0.,1.00963091121918),.UNSPECIFIED.);
#1083=B_SPLINE_CURVE_WITH_KNOTS('',1,(#2156,#2157),.UNSPECIFIED.,.F.,.F.,
(2,2),(10.8836278784232,16.5836278784232),.UNSPECIFIED.);
#1084=B_SPLINE_CURVE_WITH_KNOTS('',1,(#2158,#2159),.UNSPECIFIED.,.F.,.F.,
(2,2),(21.7672557568463,27.4672557568463),.UNSPECIFIED.);
#1085=B_SPLINE_CURVE_WITH_KNOTS('',1,(#2160,#2161),.UNSPECIFIED.,.F.,.F.,
(2,2),(0.,1.0096309112192),.UNSPECIFIED.);
#1086=B_SPLINE_CURVE_WITH_KNOTS('',1,(#2171,#2172),.UNSPECIFIED.,.F.,.F.,
(2,2),(0.,15.6),.UNSPECIFIED.);
#1087=B_SPLINE_CURVE_WITH_KNOTS('',1,(#2173,#2174),.UNSPECIFIED.,.F.,.F.,
(2,2),(36.6,52.2),.UNSPECIFIED.);
#1088=B_SPLINE_CURVE_WITH_KNOTS('',1,(#2175,#2176,#2177,#2178),
 .UNSPECIFIED.,.F.,.F.,(2,1,1,2),(36.9272733847549,38.428690183963,43.9673183073731,
45.1673183073731),.UNSPECIFIED.);
#1089=B_SPLINE_CURVE_WITH_KNOTS('',1,(#2179,#2180,#2181),.UNSPECIFIED.,
 .F.,.F.,(2,1,2),(85.1673183073731,87.7565346660775,89.2579514652856),
 .UNSPECIFIED.);
#1090=B_SPLINE_CURVE_WITH_KNOTS('',1,(#2182,#2183),.UNSPECIFIED.,.F.,.F.,
(2,2),(0.,1.50000000000032),.UNSPECIFIED.);
#1091=B_SPLINE_CURVE_WITH_KNOTS('',1,(#2184,#2185),.UNSPECIFIED.,.F.,.F.,
(2,2),(0.,1.50000000000032),.UNSPECIFIED.);
#1092=B_SPLINE_CURVE_WITH_KNOTS('',1,(#2186,#2187),.UNSPECIFIED.,.F.,.F.,
(2,2),(0.,1.50000000000032),.UNSPECIFIED.);
#1093=B_SPLINE_CURVE_WITH_KNOTS('',1,(#2188,#2189),.UNSPECIFIED.,.F.,.F.,
(2,2),(24.1999999999996,31.8999999999996),.UNSPECIFIED.);
#1094=B_SPLINE_CURVE_WITH_KNOTS('',1,(#2190,#2191),.UNSPECIFIED.,.F.,.F.,
(2,2),(32.8999999999996,35.7999999999993),.UNSPECIFIED.);
#1095=B_SPLINE_CURVE_WITH_KNOTS('',1,(#2192,#2193),.UNSPECIFIED.,.F.,.F.,
(2,2),(36.7999999999993,44.4999999999993),.UNSPECIFIED.);
#1096=B_SPLINE_CURVE_WITH_KNOTS('',1,(#2194,#2195),.UNSPECIFIED.,.F.,.F.,
(2,2),(45.4999999999993,48.3999999999992),.UNSPECIFIED.);
#1097=B_SPLINE_CURVE_WITH_KNOTS('',1,(#2196,#2197),.UNSPECIFIED.,.F.,.F.,
(2,2),(0.,0.965044238531617),.UNSPECIFIED.);
#1098=B_SPLINE_CURVE_WITH_KNOTS('',1,(#2198,#2199),.UNSPECIFIED.,.F.,.F.,
(2,2),(0.,0.762366483047122),.UNSPECIFIED.);
#1099=B_SPLINE_CURVE_WITH_KNOTS('',1,(#2203,#2204),.UNSPECIFIED.,.F.,.F.,
(2,2),(32.8999999999996,35.7999999999993),.UNSPECIFIED.);
#1100=B_SPLINE_CURVE_WITH_KNOTS('',1,(#2210,#2211),.UNSPECIFIED.,.F.,.F.,
(2,2),(0.,0.652918851880984),.UNSPECIFIED.);
#1101=B_SPLINE_CURVE_WITH_KNOTS('',1,(#2217,#2218),.UNSPECIFIED.,.F.,.F.,
(2,2),(0.,0.987255390812295),.UNSPECIFIED.);
#1102=B_SPLINE_CURVE_WITH_KNOTS('',1,(#2224,#2225),.UNSPECIFIED.,.F.,.F.,
(2,2),(45.4999999999993,48.3999999999992),.UNSPECIFIED.);
#1103=B_SPLINE_CURVE_WITH_KNOTS('',1,(#2226,#2227),.UNSPECIFIED.,.F.,.F.,
(2,2),(0.,0.762366483047126),.UNSPECIFIED.);
#1104=B_SPLINE_CURVE_WITH_KNOTS('',1,(#2231,#2232),.UNSPECIFIED.,.F.,.F.,
(2,2),(0.947095488906071,14.5),.UNSPECIFIED.);
#1105=B_SPLINE_CURVE_WITH_KNOTS('',1,(#2233,#2234),.UNSPECIFIED.,.F.,.F.,
(2,2),(67.9272733847549,106.45454676951),.UNSPECIFIED.);
#1106=B_SPLINE_CURVE_WITH_KNOTS('',3,(#2235,#2236,#2237,#2238,#2239,#2240),
 .UNSPECIFIED.,.F.,.F.,(4,2,4),(0.,0.964078841676097,1.92666211542814),
 .UNSPECIFIED.);
#1107=B_SPLINE_CURVE_WITH_KNOTS('',1,(#2241,#2242),.UNSPECIFIED.,.F.,.F.,
(2,2),(-0.750531299702658,38.8690981807698),.UNSPECIFIED.);
#1108=B_SPLINE_CURVE_WITH_KNOTS('',3,(#2243,#2244,#2245,#2246,#2247,#2248),
 .UNSPECIFIED.,.F.,.F.,(4,2,4),(0.,0.709930588417638,1.41985339772511),
 .UNSPECIFIED.);
#1109=B_SPLINE_CURVE_WITH_KNOTS('',3,(#2252,#2253,#2254,#2255,#2256,#2257,
#2258,#2259,#2260),.UNSPECIFIED.,.F.,.F.,(4,2,3,4),(0.,0.988784043075422,
1.97757341393416,3.99239868304424),.UNSPECIFIED.);
#1110=B_SPLINE_CURVE_WITH_KNOTS('',3,(#2261,#2262,#2263,#2264,#2265,#2266),
 .UNSPECIFIED.,.F.,.F.,(4,2,4),(0.,0.709851782238316,1.4197207412626),
 .UNSPECIFIED.);
#1111=B_SPLINE_CURVE_WITH_KNOTS('',3,(#2267,#2268,#2269,#2270,#2271,#2272,
#2273,#2274,#2275,#2276,#2277,#2278),.UNSPECIFIED.,.F.,.F.,(4,2,3,3,4),
(0.,5.48753488357364,8.84914283735579,8.98403117770079,8.9938768199549),
 .UNSPECIFIED.);
#1112=B_SPLINE_CURVE_WITH_KNOTS('',3,(#2279,#2280,#2281,#2282,#2283,#2284),
 .UNSPECIFIED.,.F.,.F.,(4,2,4),(0.,1.00760044786805,2.01507276803456),
 .UNSPECIFIED.);
#1113=B_SPLINE_CURVE_WITH_KNOTS('',3,(#2285,#2286,#2287,#2288,#2289,#2290,
#2291,#2292,#2293),.UNSPECIFIED.,.F.,.F.,(4,3,2,4),(0.,2.01436808323105,
3.00248099779085,3.99059270337906),.UNSPECIFIED.);
#1114=B_SPLINE_CURVE_WITH_KNOTS('',3,(#2294,#2295,#2296,#2297,#2298,#2299),
 .UNSPECIFIED.,.F.,.F.,(4,2,4),(0.,0.962602608360004,1.92669697588552),
 .UNSPECIFIED.);
#1115=B_SPLINE_CURVE_WITH_KNOTS('',3,(#2300,#2301,#2302,#2303,#2304,#2305),
 .UNSPECIFIED.,.F.,.F.,(4,2,4),(0.,1.00747232016666,2.01507276803456),
 .UNSPECIFIED.);
#1116=B_SPLINE_CURVE_WITH_KNOTS('',3,(#2309,#2310,#2311,#2312),
 .UNSPECIFIED.,.F.,.F.,(4,4),(0.,31.8674618462812),.UNSPECIFIED.);
#1117=B_SPLINE_CURVE_WITH_KNOTS('',1,(#2313,#2314),.UNSPECIFIED.,.F.,.F.,
(2,2),(-1.11022302462516E-16,31.7),.UNSPECIFIED.);
#1118=B_SPLINE_CURVE_WITH_KNOTS('',1,(#2315,#2316),.UNSPECIFIED.,.F.,.F.,
(2,2),(-1.59999999999999,36.9272733847549),.UNSPECIFIED.);
#1119=B_SPLINE_CURVE_WITH_KNOTS('',3,(#2317,#2318,#2319,#2320,#2321,#2322,
#2323,#2324,#2325),.UNSPECIFIED.,.F.,.F.,(4,3,2,4),(0.,2.0148252691101,
3.00361463996878,3.99239868304429),.UNSPECIFIED.);
#1120=B_SPLINE_CURVE_WITH_KNOTS('',1,(#2326,#2327),.UNSPECIFIED.,.F.,.F.,
(2,2),(-5.,-4.),.UNSPECIFIED.);
#1121=B_SPLINE_CURVE_WITH_KNOTS('',1,(#2328,#2329),.UNSPECIFIED.,.F.,.F.,
(2,2),(6.50300025939941,7.50799751281738),.UNSPECIFIED.);
#1122=B_SPLINE_CURVE_WITH_KNOTS('',1,(#2330,#2331),.UNSPECIFIED.,.F.,.F.,
(2,2),(0.,2.),.UNSPECIFIED.);
#1123=B_SPLINE_CURVE_WITH_KNOTS('',1,(#2332,#2333),.UNSPECIFIED.,.F.,.F.,
(2,2),(0.,2.),.UNSPECIFIED.);
#1124=B_SPLINE_CURVE_WITH_KNOTS('',1,(#2334,#2335),.UNSPECIFIED.,.F.,.F.,
(2,2),(-1.,0.),.UNSPECIFIED.);
#1125=B_SPLINE_CURVE_WITH_KNOTS('',1,(#2336,#2337),.UNSPECIFIED.,.F.,.F.,
(2,2),(11.0954224543467,13.0954224543467),.UNSPECIFIED.);
#1126=B_SPLINE_CURVE_WITH_KNOTS('',1,(#2338,#2339),.UNSPECIFIED.,.F.,.F.,
(2,2),(6.50300025939941,7.50799751281738),.UNSPECIFIED.);
#1127=B_SPLINE_CURVE_WITH_KNOTS('',1,(#2340,#2341),.UNSPECIFIED.,.F.,.F.,
(2,2),(0.,2.),.UNSPECIFIED.);
#1128=B_SPLINE_CURVE_WITH_KNOTS('',1,(#2342,#2343),.UNSPECIFIED.,.F.,.F.,
(2,2),(-2.,-1.15377517455187),.UNSPECIFIED.);
#1129=B_SPLINE_CURVE_WITH_KNOTS('',1,(#2344,#2345),.UNSPECIFIED.,.F.,.F.,
(2,2),(1.,2.),.UNSPECIFIED.);
#1130=B_SPLINE_CURVE_WITH_KNOTS('',1,(#2346,#2347),.UNSPECIFIED.,.F.,.F.,
(2,2),(1.,2.),.UNSPECIFIED.);
#1131=B_SPLINE_CURVE_WITH_KNOTS('',1,(#2348,#2349),.UNSPECIFIED.,.F.,.F.,
(2,2),(-1.,-0.0340514458397485),.UNSPECIFIED.);
#1132=B_SPLINE_CURVE_WITH_KNOTS('',1,(#2350,#2351),.UNSPECIFIED.,.F.,.F.,
(2,2),(-6.50285306622248,-2.99785295178156),.UNSPECIFIED.);
#1133=B_SPLINE_CURVE_WITH_KNOTS('',1,(#2352,#2353),.UNSPECIFIED.,.F.,.F.,
(2,2),(2.,2.99785295178156),.UNSPECIFIED.);
#1134=B_SPLINE_CURVE_WITH_KNOTS('',1,(#2354,#2355,#2356),.UNSPECIFIED.,
 .F.,.F.,(2,1,2),(1.,2.,3.),.UNSPECIFIED.);
#1135=B_SPLINE_CURVE_WITH_KNOTS('',1,(#2357,#2358),.UNSPECIFIED.,.F.,.F.,
(2,2),(-6.,-5.15377517455187),.UNSPECIFIED.);
#1136=B_SPLINE_CURVE_WITH_KNOTS('',1,(#2359,#2360),.UNSPECIFIED.,.F.,.F.,
(2,2),(-6.50285306622247,-4.49985280682309),.UNSPECIFIED.);
#1137=B_SPLINE_CURVE_WITH_KNOTS('',1,(#2361,#2362),.UNSPECIFIED.,.F.,.F.,
(2,2),(-3.84622482544813,-3.),.UNSPECIFIED.);
#1138=B_SPLINE_CURVE_WITH_KNOTS('',1,(#2363,#2364),.UNSPECIFIED.,.F.,.F.,
(2,2),(0.,1.),.UNSPECIFIED.);
#1139=B_SPLINE_CURVE_WITH_KNOTS('',1,(#2365,#2366),.UNSPECIFIED.,.F.,.F.,
(2,2),(-1.,0.),.UNSPECIFIED.);
#1140=B_SPLINE_CURVE_WITH_KNOTS('',1,(#2367,#2368),.UNSPECIFIED.,.F.,.F.,
(2,2),(1.06800079345704,2.03394934761729),.UNSPECIFIED.);
#1141=B_SPLINE_CURVE_WITH_KNOTS('',1,(#2369,#2370),.UNSPECIFIED.,.F.,.F.,
(2,2),(14.8760011343426,18.3810012487835),.UNSPECIFIED.);
#1142=B_SPLINE_CURVE_WITH_KNOTS('',1,(#2371,#2372),.UNSPECIFIED.,.F.,.F.,
(2,2),(17.6004225687876,18.5982755205692),.UNSPECIFIED.);
#1143=B_SPLINE_CURVE_WITH_KNOTS('',1,(#2373,#2374,#2375),.UNSPECIFIED.,
 .F.,.F.,(2,1,2),(2.,3.,4.),.UNSPECIFIED.);
#1144=B_SPLINE_CURVE_WITH_KNOTS('',1,(#2376,#2377),.UNSPECIFIED.,.F.,.F.,
(2,2),(0.153775174551869,1.),.UNSPECIFIED.);
#1145=B_SPLINE_CURVE_WITH_KNOTS('',1,(#2378,#2379),.UNSPECIFIED.,.F.,.F.,
(2,2),(14.8760011343426,16.879001393742),.UNSPECIFIED.);
#1146=B_SPLINE_CURVE_WITH_KNOTS('',1,(#2380,#2381,#2382),.UNSPECIFIED.,
 .F.,.F.,(2,1,2),(57.0599550773818,58.5613718765898,62.6000000000001),
 .UNSPECIFIED.);
#1147=B_SPLINE_CURVE_WITH_KNOTS('',1,(#2383,#2384,#2385),.UNSPECIFIED.,
 .F.,.F.,(2,1,2),(23.0118519370721,25.6010682957765,27.1024850949846),
 .UNSPECIFIED.);
#1148=B_SPLINE_CURVE_WITH_KNOTS('',1,(#2386,#2387),.UNSPECIFIED.,.F.,.F.,
(2,2),(-1.,0.),.UNSPECIFIED.);
#1149=B_SPLINE_CURVE_WITH_KNOTS('',1,(#2388,#2389),.UNSPECIFIED.,.F.,.F.,
(2,2),(0.,0.0993956487553547),.UNSPECIFIED.);
#1150=B_SPLINE_CURVE_WITH_KNOTS('',1,(#2390,#2391),.UNSPECIFIED.,.F.,.F.,
(2,2),(-1.,0.),.UNSPECIFIED.);
#1151=B_SPLINE_CURVE_WITH_KNOTS('',1,(#2392,#2393),.UNSPECIFIED.,.F.,.F.,
(2,2),(0.,0.0993956487553547),.UNSPECIFIED.);
#1152=B_SPLINE_CURVE_WITH_KNOTS('',1,(#2394,#2395),.UNSPECIFIED.,.F.,.F.,
(2,2),(0.,1.),.UNSPECIFIED.);
#1153=B_SPLINE_CURVE_WITH_KNOTS('',1,(#2402,#2403),.UNSPECIFIED.,.F.,.F.,
(2,2),(2.,3.),.UNSPECIFIED.);
#1154=B_SPLINE_CURVE_WITH_KNOTS('',1,(#2404,#2405),.UNSPECIFIED.,.F.,.F.,
(2,2),(4.09939564875535,4.19879129751071),.UNSPECIFIED.);
#1155=B_SPLINE_CURVE_WITH_KNOTS('',1,(#2406,#2407),.UNSPECIFIED.,.F.,.F.,
(2,2),(1.,2.),.UNSPECIFIED.);
#1156=B_SPLINE_CURVE_WITH_KNOTS('',1,(#2408,#2409),.UNSPECIFIED.,.F.,.F.,
(2,2),(2.,2.09939564875535),.UNSPECIFIED.);
#1157=B_SPLINE_CURVE_WITH_KNOTS('',1,(#2410,#2411),.UNSPECIFIED.,.F.,.F.,
(2,2),(-10.0000000000015,-2.43760213620597),.UNSPECIFIED.);
#1158=B_SPLINE_CURVE_WITH_KNOTS('',1,(#2412,#2413),.UNSPECIFIED.,.F.,.F.,
(2,2),(3.5527136788005E-15,7.51533904026544),.UNSPECIFIED.);
#1159=B_SPLINE_CURVE_WITH_KNOTS('',1,(#2417,#2418),.UNSPECIFIED.,.F.,.F.,
(2,2),(-9.99999999999984,-2.43760213620507),.UNSPECIFIED.);
#1160=B_SPLINE_CURVE_WITH_KNOTS('',1,(#2419,#2420),.UNSPECIFIED.,.F.,.F.,
(2,2),(2.48466095973456,10.),.UNSPECIFIED.);
#1161=B_SPLINE_CURVE_WITH_KNOTS('',1,(#2424,#2425),.UNSPECIFIED.,.F.,.F.,
(2,2),(0.947093511254635,14.5),.UNSPECIFIED.);
#1162=B_SPLINE_CURVE_WITH_KNOTS('',1,(#2436,#2437,#2438,#2439),
 .UNSPECIFIED.,.F.,.F.,(2,1,1,2),(106.45454676951,118.65454676951,133.803977936336,
137.45454676951),.UNSPECIFIED.);
#1163=B_SPLINE_CURVE_WITH_KNOTS('',1,(#2440,#2441),.UNSPECIFIED.,.F.,.F.,
(2,2),(18.934607730043,47.7556078292252),.UNSPECIFIED.);
#1164=B_SPLINE_CURVE_WITH_KNOTS('',1,(#2442,#2443),.UNSPECIFIED.,.F.,.F.,
(2,2),(-0.750531299703025,38.8691507493493),.UNSPECIFIED.);
#1165=B_SPLINE_CURVE_WITH_KNOTS('',1,(#2444,#2445),.UNSPECIFIED.,.F.,.F.,
(2,2),(21.9659761928377,50.7869762920198),.UNSPECIFIED.);
#1166=B_SPLINE_CURVE_WITH_KNOTS('',1,(#2446,#2447,#2448,#2449),
 .UNSPECIFIED.,.F.,.F.,(2,1,1,2),(0.,12.2,27.3494311668265,31.),
 .UNSPECIFIED.);
#1167=B_SPLINE_CURVE_WITH_KNOTS('',1,(#2456,#2457),.UNSPECIFIED.,.F.,.F.,
(2,2),(0.,1.87347042243902),.UNSPECIFIED.);
#1168=B_SPLINE_CURVE_WITH_KNOTS('',1,(#2458,#2459),.UNSPECIFIED.,.F.,.F.,
(2,2),(0.,1.87369507487416),.UNSPECIFIED.);
#1169=B_SPLINE_CURVE_WITH_KNOTS('',1,(#2460,#2461),.UNSPECIFIED.,.F.,.F.,
(2,2),(1.87347042243902,1.87463722829121),.UNSPECIFIED.);
#1170=B_SPLINE_CURVE_WITH_KNOTS('',1,(#2465,#2466),.UNSPECIFIED.,.F.,.F.,
(2,2),(1.87369507487416,1.87481995366209),.UNSPECIFIED.);
#1171=B_SPLINE_CURVE_WITH_KNOTS('',3,(#2470,#2471,#2472,#2473),
 .UNSPECIFIED.,.F.,.F.,(4,4),(0.,0.00098061992925545),.UNSPECIFIED.);
#1172=B_SPLINE_CURVE_WITH_KNOTS('',3,(#2474,#2475,#2476,#2477),
 .UNSPECIFIED.,.F.,.F.,(4,4),(0.,0.000968462407524418),.UNSPECIFIED.);
#1173=B_SPLINE_CURVE_WITH_KNOTS('',3,(#2480,#2481,#2482,#2483,#2484,#2485,
#2486,#2487,#2488),.UNSPECIFIED.,.F.,.F.,(4,2,3,4),(0.,5.4880391062455,
8.84980302100848,8.99455529871511),.UNSPECIFIED.);
#1174=B_SPLINE_CURVE_WITH_KNOTS('',3,(#2492,#2493,#2494,#2495,#2496,#2497,
#2498,#2499,#2500),.UNSPECIFIED.,.F.,.F.,(4,2,3,4),(0.,0.988111705588332,
1.97622462014807,3.99059270337903),.UNSPECIFIED.);
#1175=B_SPLINE_CURVE_WITH_KNOTS('',1,(#2501,#2502),.UNSPECIFIED.,.F.,.F.,
(2,2),(21.2684426542287,22.2),.UNSPECIFIED.);
#1176=B_SPLINE_CURVE_WITH_KNOTS('',1,(#2503,#2504),.UNSPECIFIED.,.F.,.F.,
(2,2),(-12.,-11.0684426542287),.UNSPECIFIED.);
#1177=B_SPLINE_CURVE_WITH_KNOTS('',1,(#2505,#2506),.UNSPECIFIED.,.F.,.F.,
(2,2),(-1.,0.),.UNSPECIFIED.);
#1178=B_SPLINE_CURVE_WITH_KNOTS('',1,(#2507,#2508),.UNSPECIFIED.,.F.,.F.,
(2,2),(0.,1.),.UNSPECIFIED.);
#1179=B_SPLINE_CURVE_WITH_KNOTS('',1,(#2509,#2510),.UNSPECIFIED.,.F.,.F.,
(2,2),(1.,2.),.UNSPECIFIED.);
#1180=B_SPLINE_CURVE_WITH_KNOTS('',1,(#2511,#2512),.UNSPECIFIED.,.F.,.F.,
(2,2),(2.,3.),.UNSPECIFIED.);
#1181=B_SPLINE_CURVE_WITH_KNOTS('',1,(#2513,#2514),.UNSPECIFIED.,.F.,.F.,
(2,2),(2.,3.),.UNSPECIFIED.);
#1182=B_SPLINE_CURVE_WITH_KNOTS('',1,(#2515,#2516),.UNSPECIFIED.,.F.,.F.,
(2,2),(-11.9960021972656,0.),.UNSPECIFIED.);
#1183=B_SPLINE_CURVE_WITH_KNOTS('',1,(#2517,#2518),.UNSPECIFIED.,.F.,.F.,
(2,2),(-3.,-2.),.UNSPECIFIED.);
#1184=B_SPLINE_CURVE_WITH_KNOTS('',1,(#2519,#2520,#2521),.UNSPECIFIED.,
 .F.,.F.,(2,1,2),(15.6,17.6,38.6),.UNSPECIFIED.);
#1185=B_SPLINE_CURVE_WITH_KNOTS('',1,(#2522,#2523,#2524),.UNSPECIFIED.,
 .F.,.F.,(2,1,2),(52.2,73.2,75.2),.UNSPECIFIED.);
#1186=B_SPLINE_CURVE_WITH_KNOTS('',1,(#2525,#2526),.UNSPECIFIED.,.F.,.F.,
(2,2),(1.31578537902983,2.88421462097015),.UNSPECIFIED.);
#1187=B_SPLINE_CURVE_WITH_KNOTS('',1,(#2527,#2528),.UNSPECIFIED.,.F.,.F.,
(2,2),(1.31578537902983,2.88421462097015),.UNSPECIFIED.);
#1188=B_SPLINE_CURVE_WITH_KNOTS('',1,(#2531,#2532),.UNSPECIFIED.,.F.,.F.,
(2,2),(0.27512650611666,1.22487349388334),.UNSPECIFIED.);
#1189=B_SPLINE_CURVE_WITH_KNOTS('',1,(#2533,#2534),.UNSPECIFIED.,.F.,.F.,
(2,2),(-8.00000000000004,-3.50000000000004),.UNSPECIFIED.);
#1190=B_SPLINE_CURVE_WITH_KNOTS('',1,(#2535,#2536),.UNSPECIFIED.,.F.,.F.,
(2,2),(3.50000000000004,8.00000000000004),.UNSPECIFIED.);
#1191=B_SPLINE_CURVE_WITH_KNOTS('',1,(#2537,#2538),.UNSPECIFIED.,.F.,.F.,
(2,2),(0.,6.49700164794923),.UNSPECIFIED.);
#1192=B_SPLINE_CURVE_WITH_KNOTS('',1,(#2539,#2540),.UNSPECIFIED.,.F.,.F.,
(2,2),(-6.49700164794923,0.),.UNSPECIFIED.);
#1193=B_SPLINE_CURVE_WITH_KNOTS('',1,(#2541,#2542),.UNSPECIFIED.,.F.,.F.,
(2,2),(0.,4.5),.UNSPECIFIED.);
#1194=B_SPLINE_CURVE_WITH_KNOTS('',1,(#2543,#2544,#2545,#2546),
 .UNSPECIFIED.,.F.,.F.,(2,1,1,2),(3.4167077972288,4.32313964980433,4.97410207399335,
5.62810235628095),.UNSPECIFIED.);
#1195=B_SPLINE_CURVE_WITH_KNOTS('',1,(#2547,#2548,#2549),.UNSPECIFIED.,
 .F.,.F.,(2,1,2),(3.41661808072043,4.41549507280026,5.06949535508786),
 .UNSPECIFIED.);
#1196=B_SPLINE_CURVE_WITH_KNOTS('',3,(#2550,#2551,#2552,#2553),
 .UNSPECIFIED.,.F.,.F.,(4,4),(0.602834661573001,1.09753172728402),
 .UNSPECIFIED.);
#1197=B_SPLINE_CURVE_WITH_KNOTS('',3,(#2554,#2555,#2556,#2557,#2558,#2559,
#2560,#2561,#2562),.UNSPECIFIED.,.F.,.F.,(4,2,3,4),(0.,0.28388818060674,
0.565718261307432,0.602834661573001),.UNSPECIFIED.);
#1198=B_SPLINE_CURVE_WITH_KNOTS('',3,(#2563,#2564,#2565,#2566),
 .UNSPECIFIED.,.F.,.F.,(4,4),(0.602834661573001,1.09753172728402),
 .UNSPECIFIED.);
#1199=B_SPLINE_CURVE_WITH_KNOTS('',3,(#2567,#2568,#2569,#2570,#2571,#2572,
#2573,#2574,#2575),.UNSPECIFIED.,.F.,.F.,(4,2,3,4),(0.,0.28388818060674,
0.565718261307432,0.602834661573001),.UNSPECIFIED.);
#1200=B_SPLINE_CURVE_WITH_KNOTS('',1,(#2576,#2577),.UNSPECIFIED.,.F.,.F.,
(2,2),(0.0521875972899737,1.44781240271002),.UNSPECIFIED.);
#1201=B_SPLINE_CURVE_WITH_KNOTS('',3,(#2580,#2581,#2582,#2583),
 .UNSPECIFIED.,.F.,.F.,(4,4),(0.,0.940501718000411),.UNSPECIFIED.);
#1202=B_SPLINE_CURVE_WITH_KNOTS('',3,(#2584,#2585,#2586,#2587),
 .UNSPECIFIED.,.F.,.F.,(4,4),(0.,0.940501718000411),.UNSPECIFIED.);
#1203=B_SPLINE_CURVE_WITH_KNOTS('',1,(#2590,#2591),.UNSPECIFIED.,.F.,.F.,
(2,2),(0.,1.5),.UNSPECIFIED.);
#1204=B_SPLINE_CURVE_WITH_KNOTS('',3,(#2592,#2593,#2594,#2595),
 .UNSPECIFIED.,.F.,.F.,(4,4),(0.,0.494697065711009),.UNSPECIFIED.);
#1205=B_SPLINE_CURVE_WITH_KNOTS('',3,(#2596,#2597,#2598,#2599,#2600,#2601,
#2602,#2603,#2604),.UNSPECIFIED.,.F.,.F.,(4,3,2,4),(0.494697065711009,0.531813465976588,
0.813643546677261,1.09753172728403),.UNSPECIFIED.);
#1206=B_SPLINE_CURVE_WITH_KNOTS('',3,(#2605,#2606,#2607,#2608),
 .UNSPECIFIED.,.F.,.F.,(4,4),(0.,0.494697065711009),.UNSPECIFIED.);
#1207=B_SPLINE_CURVE_WITH_KNOTS('',3,(#2609,#2610,#2611,#2612,#2613,#2614,
#2615,#2616,#2617),.UNSPECIFIED.,.F.,.F.,(4,3,2,4),(0.494697065711009,0.531813465976588,
0.813643546677261,1.09753172728403),.UNSPECIFIED.);
#1208=B_SPLINE_CURVE_WITH_KNOTS('',1,(#2618,#2619),.UNSPECIFIED.,.F.,.F.,
(2,2),(0.299999999999997,3.9),.UNSPECIFIED.);
#1209=B_SPLINE_CURVE_WITH_KNOTS('',3,(#2620,#2621,#2622,#2623),
 .UNSPECIFIED.,.F.,.F.,(4,4),(0.,0.940501718000408),.UNSPECIFIED.);
#1210=B_SPLINE_CURVE_WITH_KNOTS('',3,(#2624,#2625,#2626,#2627),
 .UNSPECIFIED.,.F.,.F.,(4,4),(0.602834661573001,1.09753172728402),
 .UNSPECIFIED.);
#1211=B_SPLINE_CURVE_WITH_KNOTS('',3,(#2632,#2633,#2634,#2635,#2636,#2637,
#2638,#2639,#2640),.UNSPECIFIED.,.F.,.F.,(4,3,2,4),(0.494697065711009,0.531813465976588,
0.813643546677261,1.09753172728403),.UNSPECIFIED.);
#1212=B_SPLINE_CURVE_WITH_KNOTS('',1,(#2641,#2642),.UNSPECIFIED.,.F.,.F.,
(2,2),(1.31578537902983,2.88421462097015),.UNSPECIFIED.);
#1213=B_SPLINE_CURVE_WITH_KNOTS('',1,(#2643,#2644),.UNSPECIFIED.,.F.,.F.,
(2,2),(0.299999999999997,3.9),.UNSPECIFIED.);
#1214=B_SPLINE_CURVE_WITH_KNOTS('',3,(#2645,#2646,#2647,#2648),
 .UNSPECIFIED.,.F.,.F.,(4,4),(0.,0.940501718000408),.UNSPECIFIED.);
#1215=B_SPLINE_CURVE_WITH_KNOTS('',3,(#2649,#2650,#2651,#2652),
 .UNSPECIFIED.,.F.,.F.,(4,4),(0.,0.494697065711009),.UNSPECIFIED.);
#1216=B_SPLINE_CURVE_WITH_KNOTS('',3,(#2653,#2654,#2655,#2656),
 .UNSPECIFIED.,.F.,.F.,(4,4),(0.,0.940501718000411),.UNSPECIFIED.);
#1217=B_SPLINE_CURVE_WITH_KNOTS('',3,(#2657,#2658,#2659,#2660),
 .UNSPECIFIED.,.F.,.F.,(4,4),(0.,0.940501718000411),.UNSPECIFIED.);
#1218=B_SPLINE_CURVE_WITH_KNOTS('',1,(#2663,#2664),.UNSPECIFIED.,.F.,.F.,
(2,2),(0.,1.5),.UNSPECIFIED.);
#1219=B_SPLINE_CURVE_WITH_KNOTS('',3,(#2665,#2666,#2667,#2668),
 .UNSPECIFIED.,.F.,.F.,(4,4),(0.,0.494697065711009),.UNSPECIFIED.);
#1220=B_SPLINE_CURVE_WITH_KNOTS('',3,(#2669,#2670,#2671,#2672,#2673,#2674,
#2675,#2676,#2677),.UNSPECIFIED.,.F.,.F.,(4,3,2,4),(0.494697065711009,0.531813465976588,
0.813643546677261,1.09753172728403),.UNSPECIFIED.);
#1221=B_SPLINE_CURVE_WITH_KNOTS('',1,(#2678,#2679),.UNSPECIFIED.,.F.,.F.,
(2,2),(0.27512650611666,1.22487349388334),.UNSPECIFIED.);
#1222=B_SPLINE_CURVE_WITH_KNOTS('',3,(#2682,#2683,#2684,#2685,#2686,#2687,
#2688,#2689,#2690),.UNSPECIFIED.,.F.,.F.,(4,2,3,4),(0.,0.28388818060674,
0.565718261307432,0.602834661573001),.UNSPECIFIED.);
#1223=B_SPLINE_CURVE_WITH_KNOTS('',1,(#2691,#2692),.UNSPECIFIED.,.F.,.F.,
(2,2),(0.299999999999997,3.9),.UNSPECIFIED.);
#1224=B_SPLINE_CURVE_WITH_KNOTS('',3,(#2693,#2694,#2695,#2696),
 .UNSPECIFIED.,.F.,.F.,(4,4),(0.,0.940501718000408),.UNSPECIFIED.);
#1225=B_SPLINE_CURVE_WITH_KNOTS('',3,(#2697,#2698,#2699,#2700),
 .UNSPECIFIED.,.F.,.F.,(4,4),(0.602834661573001,1.09753172728402),
 .UNSPECIFIED.);
#1226=B_SPLINE_CURVE_WITH_KNOTS('',1,(#2701,#2702),.UNSPECIFIED.,.F.,.F.,
(2,2),(1.31578537902983,2.88421462097015),.UNSPECIFIED.);
#1227=B_SPLINE_CURVE_WITH_KNOTS('',3,(#2703,#2704,#2705,#2706),
 .UNSPECIFIED.,.F.,.F.,(4,4),(0.,0.940501718000408),.UNSPECIFIED.);
#1228=B_SPLINE_CURVE_WITH_KNOTS('',1,(#2707,#2708),.UNSPECIFIED.,.F.,.F.,
(2,2),(0.,1.5),.UNSPECIFIED.);
#1229=B_SPLINE_CURVE_WITH_KNOTS('',1,(#2719,#2720),.UNSPECIFIED.,.F.,.F.,
(2,2),(0.299999999999997,3.9),.UNSPECIFIED.);
#1230=B_SPLINE_CURVE_WITH_KNOTS('',3,(#2721,#2722,#2723,#2724,#2725,#2726,
#2727,#2728,#2729),.UNSPECIFIED.,.F.,.F.,(4,2,3,4),(0.,0.28388818060674,
0.565718261307432,0.602834661573001),.UNSPECIFIED.);
#1231=B_SPLINE_CURVE_WITH_KNOTS('',1,(#2736,#2737),.UNSPECIFIED.,.F.,.F.,
(2,2),(21.7072267938241,22.1727772267944),.UNSPECIFIED.);
#1232=B_SPLINE_CURVE_WITH_KNOTS('',1,(#2738,#2739,#2740),.UNSPECIFIED.,
 .F.,.F.,(2,1,2),(14.2782259393358,15.2782259393358,17.2072267938241),
 .UNSPECIFIED.);
#1233=B_SPLINE_CURVE_WITH_KNOTS('',1,(#2748,#2749,#2750,#2751,#2752,#2753),
 .UNSPECIFIED.,.F.,.F.,(2,1,1,1,1,2),(2.61749569078122,3.41449657579098,
3.97484845225243,4.97484845225243,5.83020452749188,6.62720541250165),
 .UNSPECIFIED.);
#1234=B_SPLINE_CURVE_WITH_KNOTS('',1,(#2754,#2755),.UNSPECIFIED.,.F.,.F.,
(2,2),(-6.49700164794923,0.),.UNSPECIFIED.);
#1235=B_SPLINE_CURVE_WITH_KNOTS('',1,(#2756,#2757,#2758,#2759),
 .UNSPECIFIED.,.F.,.F.,(2,1,1,2),(-1.45700329059904,-0.91281651458636,0.,
0.654000282287598),.UNSPECIFIED.);
#1236=B_SPLINE_CURVE_WITH_KNOTS('',1,(#2760,#2761),.UNSPECIFIED.,.F.,.F.,
(2,2),(0.0521875972899737,1.44781240271002),.UNSPECIFIED.);
#1237=B_SPLINE_CURVE_WITH_KNOTS('',1,(#2762,#2763),.UNSPECIFIED.,.F.,.F.,
(2,2),(0.,1.5),.UNSPECIFIED.);
#1238=B_SPLINE_CURVE_WITH_KNOTS('',1,(#2764,#2765),.UNSPECIFIED.,.F.,.F.,
(2,2),(3.50000000000004,8.00000000000004),.UNSPECIFIED.);
#1239=B_SPLINE_CURVE_WITH_KNOTS('',1,(#2766,#2767),.UNSPECIFIED.,.F.,.F.,
(2,2),(0.,6.49700164794923),.UNSPECIFIED.);
#1240=B_SPLINE_CURVE_WITH_KNOTS('',1,(#2768,#2769),.UNSPECIFIED.,.F.,.F.,
(2,2),(0.,4.5),.UNSPECIFIED.);
#1241=B_SPLINE_CURVE_WITH_KNOTS('',1,(#2770,#2771,#2772),.UNSPECIFIED.,
 .F.,.F.,(2,1,2),(-0.654000282287598,5.55111512312578E-17,0.998876992079835),
 .UNSPECIFIED.);
#1242=B_SPLINE_CURVE_WITH_KNOTS('',1,(#2773,#2774,#2775,#2776),
 .UNSPECIFIED.,.F.,.F.,(2,1,1,2),(1.5,1.8,2.32150992873776,2.62150992873776),
 .UNSPECIFIED.);
#1243=B_SPLINE_CURVE_WITH_KNOTS('',1,(#2777,#2778,#2779,#2780),
 .UNSPECIFIED.,.F.,.F.,(2,1,1,2),(1.5,1.8,2.26029704524535,3.05729793025512),
 .UNSPECIFIED.);
#1244=B_SPLINE_CURVE_WITH_KNOTS('',1,(#2781,#2782,#2783,#2784),
 .UNSPECIFIED.,.F.,.F.,(2,1,1,2),(2.61749569078122,3.41449657579098,3.59356847788647,
3.89356847788648),.UNSPECIFIED.);
#1245=B_SPLINE_CURVE_WITH_KNOTS('',1,(#2793,#2794,#2795),.UNSPECIFIED.,
 .F.,.F.,(2,1,2),(0.,6.99700021743774,7.99985347536155),.UNSPECIFIED.);
#1246=B_SPLINE_CURVE_WITH_KNOTS('',1,(#2799,#2800,#2801),.UNSPECIFIED.,
 .F.,.F.,(2,1,2),(13.0055525037977,20.0025527212355,21.0054059791593),
 .UNSPECIFIED.);
#1247=B_SPLINE_CURVE_WITH_KNOTS('',1,(#2802,#2803,#2804),.UNSPECIFIED.,
 .F.,.F.,(2,1,2),(-0.00285325792380808,1.,7.99700021743775),
 .UNSPECIFIED.);
#1248=VERTEX_POINT('',#1930);
#1249=VERTEX_POINT('',#1931);
#1250=VERTEX_POINT('',#1932);
#1251=VERTEX_POINT('',#1933);
#1252=VERTEX_POINT('',#1934);
#1253=VERTEX_POINT('',#1935);
#1254=VERTEX_POINT('',#1936);
#1255=VERTEX_POINT('',#1937);
#1256=VERTEX_POINT('',#1938);
#1257=VERTEX_POINT('',#1939);
#1258=VERTEX_POINT('',#1940);
#1259=VERTEX_POINT('',#1941);
#1260=VERTEX_POINT('',#1942);
#1261=VERTEX_POINT('',#1943);
#1262=VERTEX_POINT('',#1944);
#1263=VERTEX_POINT('',#1945);
#1264=VERTEX_POINT('',#1946);
#1265=VERTEX_POINT('',#1947);
#1266=VERTEX_POINT('',#1948);
#1267=VERTEX_POINT('',#1949);
#1268=VERTEX_POINT('',#1950);
#1269=VERTEX_POINT('',#1951);
#1270=VERTEX_POINT('',#1952);
#1271=VERTEX_POINT('',#1953);
#1272=VERTEX_POINT('',#1954);
#1273=VERTEX_POINT('',#1955);
#1274=VERTEX_POINT('',#1956);
#1275=VERTEX_POINT('',#1957);
#1276=VERTEX_POINT('',#1958);
#1277=VERTEX_POINT('',#1959);
#1278=VERTEX_POINT('',#1960);
#1279=VERTEX_POINT('',#1961);
#1280=VERTEX_POINT('',#1962);
#1281=VERTEX_POINT('',#1963);
#1282=VERTEX_POINT('',#1964);
#1283=VERTEX_POINT('',#1965);
#1284=VERTEX_POINT('',#1966);
#1285=VERTEX_POINT('',#1967);
#1286=VERTEX_POINT('',#1968);
#1287=VERTEX_POINT('',#1969);
#1288=VERTEX_POINT('',#1970);
#1289=VERTEX_POINT('',#1971);
#1290=VERTEX_POINT('',#1972);
#1291=VERTEX_POINT('',#1973);
#1292=VERTEX_POINT('',#1974);
#1293=VERTEX_POINT('',#1975);
#1294=VERTEX_POINT('',#1976);
#1295=VERTEX_POINT('',#1977);
#1296=VERTEX_POINT('',#1978);
#1297=VERTEX_POINT('',#1979);
#1298=VERTEX_POINT('',#1980);
#1299=VERTEX_POINT('',#1981);
#1300=VERTEX_POINT('',#1982);
#1301=VERTEX_POINT('',#1983);
#1302=VERTEX_POINT('',#1984);
#1303=VERTEX_POINT('',#1985);
#1304=VERTEX_POINT('',#1986);
#1305=VERTEX_POINT('',#1987);
#1306=VERTEX_POINT('',#1988);
#1307=VERTEX_POINT('',#1989);
#1308=VERTEX_POINT('',#1990);
#1309=VERTEX_POINT('',#1991);
#1310=VERTEX_POINT('',#1992);
#1311=VERTEX_POINT('',#1993);
#1312=VERTEX_POINT('',#1994);
#1313=VERTEX_POINT('',#1995);
#1314=VERTEX_POINT('',#1996);
#1315=VERTEX_POINT('',#1997);
#1316=VERTEX_POINT('',#1998);
#1317=VERTEX_POINT('',#1999);
#1318=VERTEX_POINT('',#2000);
#1319=VERTEX_POINT('',#2001);
#1320=VERTEX_POINT('',#2002);
#1321=VERTEX_POINT('',#2003);
#1322=VERTEX_POINT('',#2004);
#1323=VERTEX_POINT('',#2005);
#1324=VERTEX_POINT('',#2006);
#1325=VERTEX_POINT('',#2007);
#1326=VERTEX_POINT('',#2008);
#1327=VERTEX_POINT('',#2009);
#1328=VERTEX_POINT('',#2010);
#1329=VERTEX_POINT('',#2011);
#1330=VERTEX_POINT('',#2012);
#1331=VERTEX_POINT('',#2013);
#1332=VERTEX_POINT('',#2014);
#1333=VERTEX_POINT('',#2015);
#1334=VERTEX_POINT('',#2016);
#1335=VERTEX_POINT('',#2017);
#1336=VERTEX_POINT('',#2018);
#1337=VERTEX_POINT('',#2019);
#1338=VERTEX_POINT('',#2020);
#1339=VERTEX_POINT('',#2021);
#1340=VERTEX_POINT('',#2022);
#1341=VERTEX_POINT('',#2023);
#1342=VERTEX_POINT('',#2024);
#1343=VERTEX_POINT('',#2025);
#1344=VERTEX_POINT('',#2026);
#1345=VERTEX_POINT('',#2027);
#1346=VERTEX_POINT('',#2028);
#1347=VERTEX_POINT('',#2029);
#1348=VERTEX_POINT('',#2030);
#1349=VERTEX_POINT('',#2031);
#1350=VERTEX_POINT('',#2032);
#1351=VERTEX_POINT('',#2033);
#1352=VERTEX_POINT('',#2034);
#1353=VERTEX_POINT('',#2035);
#1354=VERTEX_POINT('',#2036);
#1355=VERTEX_POINT('',#2037);
#1356=VERTEX_POINT('',#2038);
#1357=VERTEX_POINT('',#2039);
#1358=VERTEX_POINT('',#2040);
#1359=VERTEX_POINT('',#2041);
#1360=VERTEX_POINT('',#2042);
#1361=VERTEX_POINT('',#2043);
#1362=VERTEX_POINT('',#2044);
#1363=VERTEX_POINT('',#2045);
#1364=VERTEX_POINT('',#2046);
#1365=VERTEX_POINT('',#2047);
#1366=VERTEX_POINT('',#2048);
#1367=VERTEX_POINT('',#2049);
#1368=VERTEX_POINT('',#2050);
#1369=VERTEX_POINT('',#2051);
#1370=VERTEX_POINT('',#2052);
#1371=VERTEX_POINT('',#2053);
#1372=VERTEX_POINT('',#2054);
#1373=VERTEX_POINT('',#2055);
#1374=VERTEX_POINT('',#2056);
#1375=VERTEX_POINT('',#2057);
#1376=VERTEX_POINT('',#2058);
#1377=VERTEX_POINT('',#2059);
#1378=VERTEX_POINT('',#2060);
#1379=VERTEX_POINT('',#2061);
#1380=VERTEX_POINT('',#2062);
#1381=VERTEX_POINT('',#2063);
#1382=VERTEX_POINT('',#2064);
#1383=VERTEX_POINT('',#2065);
#1384=VERTEX_POINT('',#2066);
#1385=VERTEX_POINT('',#2067);
#1386=VERTEX_POINT('',#2068);
#1387=VERTEX_POINT('',#2069);
#1388=VERTEX_POINT('',#2070);
#1389=VERTEX_POINT('',#2071);
#1390=VERTEX_POINT('',#2072);
#1391=VERTEX_POINT('',#2073);
#1392=VERTEX_POINT('',#2074);
#1393=VERTEX_POINT('',#2075);
#1394=VERTEX_POINT('',#2076);
#1395=VERTEX_POINT('',#2077);
#1396=VERTEX_POINT('',#2078);
#1397=VERTEX_POINT('',#2079);
#1398=VERTEX_POINT('',#2080);
#1399=VERTEX_POINT('',#2081);
#1400=VERTEX_POINT('',#2082);
#1401=VERTEX_POINT('',#2083);
#1402=VERTEX_POINT('',#2084);
#1403=VERTEX_POINT('',#2085);
#1404=(
BOUNDED_SURFACE()
B_SPLINE_SURFACE(1,2,((#1847,#1848,#1849),(#1850,#1851,#1852)),
 .UNSPECIFIED.,.F.,.F.,.F.)
B_SPLINE_SURFACE_WITH_KNOTS((2,2),(3,3),(0.,14.5),(0.,1.89547344101828),
 .UNSPECIFIED.)
GEOMETRIC_REPRESENTATION_ITEM()
RATIONAL_B_SPLINE_SURFACE(((1.,0.726082199539874,1.),(1.,0.726042239057101,
1.)))
REPRESENTATION_ITEM('')
SURFACE()
);
#1405=(
BOUNDED_SURFACE()
B_SPLINE_SURFACE(1,2,((#1853,#1854,#1855),(#1856,#1857,#1858)),
 .UNSPECIFIED.,.F.,.F.,.F.)
B_SPLINE_SURFACE_WITH_KNOTS((2,2),(3,3),(-4.32986979603811E-15,14.5),(0.,
1.89547344101829),.UNSPECIFIED.)
GEOMETRIC_REPRESENTATION_ITEM()
RATIONAL_B_SPLINE_SURFACE(((1.,0.726042239057099,0.999944964243998),(1.,
0.726082199539871,1.)))
REPRESENTATION_ITEM('')
SURFACE()
);
#1406=(
BOUNDED_SURFACE()
B_SPLINE_SURFACE(2,2,((#1863,#1864,#1865),(#1866,#1867,#1868),(#1869,#1870,
#1871)),.UNSPECIFIED.,.F.,.F.,.F.)
B_SPLINE_SURFACE_WITH_KNOTS((3,3),(3,3),(1.89020104178297,3.30689662153648),
(-1.38197410509711,33.2134884406118),.UNSPECIFIED.)
GEOMETRIC_REPRESENTATION_ITEM()
RATIONAL_B_SPLINE_SURFACE(((0.997726495081896,0.996160720690064,0.997546197046701),
(0.889164293391155,0.887795454283089,0.889175068694454),(0.995870548011636,
0.994673764402612,0.99602263708398)))
REPRESENTATION_ITEM('')
SURFACE()
);
#1407=(
BOUNDED_SURFACE()
B_SPLINE_SURFACE(2,2,((#1872,#1873,#1874),(#1875,#1876,#1877),(#1878,#1879,
#1880),(#1881,#1882,#1883),(#1884,#1885,#1886)),.UNSPECIFIED.,.F.,.F.,.F.)
B_SPLINE_SURFACE_WITH_KNOTS((3,2,3),(3,3),(3.30790789500691,12.0548835622133,
12.1985861955738),(-1.37451762884169,33.2336688376272),.UNSPECIFIED.)
GEOMETRIC_REPRESENTATION_ITEM()
RATIONAL_B_SPLINE_SURFACE(((0.996022443346082,0.994737868678142,0.996000533450296),
(0.893597740224271,0.892957207994382,0.893610881372533),(1.00017421923286,
1.00015363778018,1.00017422810349),(1.00008710582233,1.00007681509599,1.00008711025765),
(1.,1.,1.)))
REPRESENTATION_ITEM('')
SURFACE()
);
#1408=CYLINDRICAL_SURFACE('',#1578,3.00298892972653);
#1409=CYLINDRICAL_SURFACE('',#1580,2.5024508207446);
#1410=CYLINDRICAL_SURFACE('',#1582,1.65000000000001);
#1411=CYLINDRICAL_SURFACE('',#1584,1.65);
#1412=CYLINDRICAL_SURFACE('',#1591,2.49999999999999);
#1413=CYLINDRICAL_SURFACE('',#1593,2.50000000000008);
#1414=CYLINDRICAL_SURFACE('',#1595,2.50000000000007);
#1415=CYLINDRICAL_SURFACE('',#1597,2.49999999999995);
#1416=CYLINDRICAL_SURFACE('',#1604,1.00000031839992);
#1417=CYLINDRICAL_SURFACE('',#1607,1.24999999999999);
#1418=CYLINDRICAL_SURFACE('',#1608,1.25);
#1419=CYLINDRICAL_SURFACE('',#1613,398.026614743954);
#1420=CYLINDRICAL_SURFACE('',#1615,292.660000000005);
#1421=CYLINDRICAL_SURFACE('',#1628,0.800000000000022);
#1422=CYLINDRICAL_SURFACE('',#1630,0.799999999999985);
#1423=CYLINDRICAL_SURFACE('',#1632,0.199999999999999);
#1424=CYLINDRICAL_SURFACE('',#1635,0.800000000000031);
#1425=CYLINDRICAL_SURFACE('',#1636,0.200000000000001);
#1426=CYLINDRICAL_SURFACE('',#1640,1.24999999999999);
#1427=CYLINDRICAL_SURFACE('',#1641,0.199999999999996);
#1428=CYLINDRICAL_SURFACE('',#1643,0.199999999999999);
#1429=CYLINDRICAL_SURFACE('',#1644,0.999999999999993);
#1430=CYLINDRICAL_SURFACE('',#1645,0.999999999999972);
#1431=CYLINDRICAL_SURFACE('',#1650,0.800000000000023);
#1432=CYLINDRICAL_SURFACE('',#1654,1.24999999999999);
#1433=PLANE('',#1576);
#1434=PLANE('',#1577);
#1435=PLANE('',#1579);
#1436=PLANE('',#1581);
#1437=PLANE('',#1583);
#1438=PLANE('',#1585);
#1439=PLANE('',#1586);
#1440=PLANE('',#1587);
#1441=PLANE('',#1588);
#1442=PLANE('',#1589);
#1443=PLANE('',#1590);
#1444=PLANE('',#1592);
#1445=PLANE('',#1594);
#1446=PLANE('',#1596);
#1447=PLANE('',#1598);
#1448=PLANE('',#1599);
#1449=PLANE('',#1600);
#1450=PLANE('',#1601);
#1451=PLANE('',#1602);
#1452=PLANE('',#1603);
#1453=PLANE('',#1605);
#1454=PLANE('',#1606);
#1455=PLANE('',#1609);
#1456=PLANE('',#1610);
#1457=PLANE('',#1611);
#1458=PLANE('',#1612);
#1459=PLANE('',#1614);
#1460=PLANE('',#1616);
#1461=PLANE('',#1617);
#1462=PLANE('',#1618);
#1463=PLANE('',#1619);
#1464=PLANE('',#1620);
#1465=PLANE('',#1621);
#1466=PLANE('',#1622);
#1467=PLANE('',#1623);
#1468=PLANE('',#1624);
#1469=PLANE('',#1625);
#1470=PLANE('',#1626);
#1471=PLANE('',#1627);
#1472=PLANE('',#1629);
#1473=PLANE('',#1631);
#1474=PLANE('',#1633);
#1475=PLANE('',#1634);
#1476=PLANE('',#1637);
#1477=PLANE('',#1638);
#1478=PLANE('',#1639);
#1479=PLANE('',#1642);
#1480=PLANE('',#1646);
#1481=PLANE('',#1647);
#1482=PLANE('',#1648);
#1483=PLANE('',#1649);
#1484=PLANE('',#1651);
#1485=PLANE('',#1652);
#1486=PLANE('',#1653);
#1487=PLANE('',#1655);
#1488=SHAPE_DEFINITION_REPRESENTATION(#1489,#1574);
#1489=PRODUCT_DEFINITION_SHAPE($,$,#1491);
#1490=PRODUCT_DEFINITION_CONTEXT('3D Mechanical Parts',#1563,'design');
#1491=PRODUCT_DEFINITION('A','First version',#1533,#1490);
#1492=DATE_TIME_ROLE('classification_date');
#1493=DATE_TIME_ROLE('creation_date');
#1494=APPLIED_DATE_AND_TIME_ASSIGNMENT(#1518,#1492,(#1497));
#1495=APPLIED_DATE_AND_TIME_ASSIGNMENT(#1520,#1493,(#1491));
#1496=SECURITY_CLASSIFICATION_LEVEL('unclassified');
#1497=SECURITY_CLASSIFICATION('A','Security for version',#1496);
#1498=APPLIED_SECURITY_CLASSIFICATION_ASSIGNMENT(#1497,(#1533));
#1499=APPROVAL_ROLE('Version approval');
#1500=APPROVAL_ROLE('Version Security approval');
#1501=APPROVAL_ROLE('Definition approval');
#1502=APPROVAL_PERSON_ORGANIZATION(#1551,#1527,#1499);
#1503=APPROVAL_PERSON_ORGANIZATION(#1552,#1528,#1500);
#1504=APPROVAL_PERSON_ORGANIZATION(#1555,#1529,#1501);
#1505=COORDINATED_UNIVERSAL_TIME_OFFSET(5,0,.BEHIND.);
#1506=LOCAL_TIME(0,0,0.,#1505);
#1507=LOCAL_TIME(0,0,0.,#1505);
#1508=LOCAL_TIME(0,0,0.,#1505);
#1509=LOCAL_TIME(0,0,0.,#1505);
#1510=LOCAL_TIME(0,0,0.,#1505);
#1511=CALENDAR_DATE(1999,1,1);
#1512=CALENDAR_DATE(1999,1,1);
#1513=CALENDAR_DATE(1999,1,1);
#1514=CALENDAR_DATE(1999,1,1);
#1515=CALENDAR_DATE(1999,1,1);
#1516=DATE_AND_TIME(#1511,#1506);
#1517=DATE_AND_TIME(#1512,#1507);
#1518=DATE_AND_TIME(#1513,#1508);
#1519=DATE_AND_TIME(#1514,#1509);
#1520=DATE_AND_TIME(#1515,#1510);
#1521=APPROVAL_DATE_TIME(#1516,#1527);
#1522=APPROVAL_DATE_TIME(#1517,#1528);
#1523=APPROVAL_DATE_TIME(#1519,#1529);
#1524=APPROVAL_STATUS('not_yet_approved');
#1525=APPROVAL_STATUS('not_yet_approved');
#1526=APPROVAL_STATUS('approved');
#1527=APPROVAL(#1524,'Version approval');
#1528=APPROVAL(#1525,'Version Security approval');
#1529=APPROVAL(#1526,'Definition approval');
#1530=APPLIED_APPROVAL_ASSIGNMENT(#1527,(#1533));
#1531=APPLIED_APPROVAL_ASSIGNMENT(#1528,(#1497));
#1532=APPLIED_APPROVAL_ASSIGNMENT(#1529,(#1491));
#1533=PRODUCT_DEFINITION_FORMATION_WITH_SPECIFIED_SOURCE('A',
'First version',#1565,.MADE.);
#1534=PERSON_AND_ORGANIZATION_ROLE('design_owner');
#1535=PERSON_AND_ORGANIZATION_ROLE('creator');
#1536=PERSON_AND_ORGANIZATION_ROLE('design_supplier');
#1537=PERSON_AND_ORGANIZATION_ROLE('classification_officer');
#1538=PERSON_AND_ORGANIZATION_ROLE('creator');
#1539=ORGANIZATION('STI','lab','lab');
#1540=ORGANIZATION('STI','unknown','unknown');
#1541=ORGANIZATION('STI','unknown','unknown');
#1542=ORGANIZATION('STI','unknown','unknown');
#1543=ORGANIZATION('STI','unknown','unknown');
#1544=ORGANIZATION('STI','unknown','unknown');
#1545=ORGANIZATION('STI','unknown','unknown');
#1546=PERSON('1','Box','vc60',$,$,$);
#1547=PERSON('2','last','first',$,$,$);
#1548=PERSON('3','President','Mr.',$,$,$);
#1549=PERSON_AND_ORGANIZATION(#1546,#1539);
#1550=PERSON_AND_ORGANIZATION(#1547,#1540);
#1551=PERSON_AND_ORGANIZATION(#1548,#1541);
#1552=PERSON_AND_ORGANIZATION(#1548,#1542);
#1553=PERSON_AND_ORGANIZATION(#1548,#1543);
#1554=PERSON_AND_ORGANIZATION(#1547,#1544);
#1555=PERSON_AND_ORGANIZATION(#1548,#1545);
#1556=APPLIED_PERSON_AND_ORGANIZATION_ASSIGNMENT(#1549,#1534,(#1565));
#1557=APPLIED_PERSON_AND_ORGANIZATION_ASSIGNMENT(#1550,#1535,(#1533));
#1558=APPLIED_PERSON_AND_ORGANIZATION_ASSIGNMENT(#1550,#1536,(#1533));
#1559=APPLIED_PERSON_AND_ORGANIZATION_ASSIGNMENT(#1553,#1537,(#1497));
#1560=APPLIED_PERSON_AND_ORGANIZATION_ASSIGNMENT(#1554,#1538,(#1491));
#1561=PRODUCT_RELATED_PRODUCT_CATEGORY('detail','detail',(#1565));
#1562=APPLICATION_PROTOCOL_DEFINITION('International Standard',
'config_control_design',1994,#1563);
#1563=APPLICATION_CONTEXT(
'configuration controlled 3d designs of mechanical parts and assemblie
s');
#1564=PRODUCT_CONTEXT('3D Mechanical Parts',#1563,'mechanical');
#1565=PRODUCT('Document','Document','',(#1564));
#1566=(
LENGTH_UNIT()
NAMED_UNIT(*)
SI_UNIT(.MILLI.,.METRE.)
);
#1567=(
NAMED_UNIT(*)
PLANE_ANGLE_UNIT()
SI_UNIT($,.RADIAN.)
);
#1568=DIMENSIONAL_EXPONENTS(0.,0.,0.,0.,0.,0.,0.);
#1569=PLANE_ANGLE_MEASURE_WITH_UNIT(PLANE_ANGLE_MEASURE(0.01745329252),
#1567);
#1570=(
CONVERSION_BASED_UNIT('DEGREES',#1569)
NAMED_UNIT(#1568)
PLANE_ANGLE_UNIT()
);
#1571=(
NAMED_UNIT(*)
SI_UNIT($,.STERADIAN.)
SOLID_ANGLE_UNIT()
);
#1572=UNCERTAINTY_MEASURE_WITH_UNIT(LENGTH_MEASURE(0.001),#1566,
'DISTANCE_ACCURACY_VALUE',
'Maximum model space distance between geometric entities at asserted c
onnectivities');
#1573=(
GEOMETRIC_REPRESENTATION_CONTEXT(3)
GLOBAL_UNCERTAINTY_ASSIGNED_CONTEXT((#1572))
GLOBAL_UNIT_ASSIGNED_CONTEXT((#1571,#1570,#1566))
REPRESENTATION_CONTEXT('ID1','3D')
);
#1574=SHAPE_REPRESENTATION('Document',(#1575,#1680),#1573);
#1575=AXIS2_PLACEMENT_3D($,#1813,#1681,#1682);
#1576=AXIS2_PLACEMENT_3D('',#1814,#1683,$);
#1577=AXIS2_PLACEMENT_3D('',#1815,#1684,$);
#1578=AXIS2_PLACEMENT_3D('',#1816,#1685,$);
#1579=AXIS2_PLACEMENT_3D('',#1817,#1686,$);
#1580=AXIS2_PLACEMENT_3D('',#1818,#1687,$);
#1581=AXIS2_PLACEMENT_3D('',#1819,#1688,$);
#1582=AXIS2_PLACEMENT_3D('',#1820,#1689,$);
#1583=AXIS2_PLACEMENT_3D('',#1821,#1690,$);
#1584=AXIS2_PLACEMENT_3D('',#1822,#1691,$);
#1585=AXIS2_PLACEMENT_3D('',#1823,#1692,$);
#1586=AXIS2_PLACEMENT_3D('',#1824,#1693,$);
#1587=AXIS2_PLACEMENT_3D('',#1825,#1694,$);
#1588=AXIS2_PLACEMENT_3D('',#1826,#1695,$);
#1589=AXIS2_PLACEMENT_3D('',#1827,#1696,$);
#1590=AXIS2_PLACEMENT_3D('',#1828,#1697,$);
#1591=AXIS2_PLACEMENT_3D('',#1829,#1698,$);
#1592=AXIS2_PLACEMENT_3D('',#1830,#1699,$);
#1593=AXIS2_PLACEMENT_3D('',#1831,#1700,$);
#1594=AXIS2_PLACEMENT_3D('',#1832,#1701,$);
#1595=AXIS2_PLACEMENT_3D('',#1833,#1702,$);
#1596=AXIS2_PLACEMENT_3D('',#1834,#1703,$);
#1597=AXIS2_PLACEMENT_3D('',#1835,#1704,$);
#1598=AXIS2_PLACEMENT_3D('',#1836,#1705,$);
#1599=AXIS2_PLACEMENT_3D('',#1837,#1706,$);
#1600=AXIS2_PLACEMENT_3D('',#1838,#1707,$);
#1601=AXIS2_PLACEMENT_3D('',#1839,#1708,$);
#1602=AXIS2_PLACEMENT_3D('',#1840,#1709,$);
#1603=AXIS2_PLACEMENT_3D('',#1841,#1710,$);
#1604=AXIS2_PLACEMENT_3D('',#1842,#1711,$);
#1605=AXIS2_PLACEMENT_3D('',#1843,#1712,$);
#1606=AXIS2_PLACEMENT_3D('',#1844,#1713,$);
#1607=AXIS2_PLACEMENT_3D('',#1845,#1714,$);
#1608=AXIS2_PLACEMENT_3D('',#1846,#1715,$);
#1609=AXIS2_PLACEMENT_3D('',#1859,#1716,$);
#1610=AXIS2_PLACEMENT_3D('',#1860,#1717,$);
#1611=AXIS2_PLACEMENT_3D('',#1861,#1718,$);
#1612=AXIS2_PLACEMENT_3D('',#1862,#1719,$);
#1613=AXIS2_PLACEMENT_3D('',#1887,#1720,$);
#1614=AXIS2_PLACEMENT_3D('',#1888,#1721,$);
#1615=AXIS2_PLACEMENT_3D('',#1889,#1722,$);
#1616=AXIS2_PLACEMENT_3D('',#1890,#1723,$);
#1617=AXIS2_PLACEMENT_3D('',#1891,#1724,$);
#1618=AXIS2_PLACEMENT_3D('',#1892,#1725,$);
#1619=AXIS2_PLACEMENT_3D('',#1893,#1726,$);
#1620=AXIS2_PLACEMENT_3D('',#1894,#1727,$);
#1621=AXIS2_PLACEMENT_3D('',#1895,#1728,$);
#1622=AXIS2_PLACEMENT_3D('',#1896,#1729,$);
#1623=AXIS2_PLACEMENT_3D('',#1897,#1730,$);
#1624=AXIS2_PLACEMENT_3D('',#1898,#1731,$);
#1625=AXIS2_PLACEMENT_3D('',#1899,#1732,$);
#1626=AXIS2_PLACEMENT_3D('',#1900,#1733,$);
#1627=AXIS2_PLACEMENT_3D('',#1901,#1734,$);
#1628=AXIS2_PLACEMENT_3D('',#1902,#1735,$);
#1629=AXIS2_PLACEMENT_3D('',#1903,#1736,$);
#1630=AXIS2_PLACEMENT_3D('',#1904,#1737,$);
#1631=AXIS2_PLACEMENT_3D('',#1905,#1738,$);
#1632=AXIS2_PLACEMENT_3D('',#1906,#1739,$);
#1633=AXIS2_PLACEMENT_3D('',#1907,#1740,$);
#1634=AXIS2_PLACEMENT_3D('',#1908,#1741,$);
#1635=AXIS2_PLACEMENT_3D('',#1909,#1742,$);
#1636=AXIS2_PLACEMENT_3D('',#1910,#1743,$);
#1637=AXIS2_PLACEMENT_3D('',#1911,#1744,$);
#1638=AXIS2_PLACEMENT_3D('',#1912,#1745,$);
#1639=AXIS2_PLACEMENT_3D('',#1913,#1746,$);
#1640=AXIS2_PLACEMENT_3D('',#1914,#1747,$);
#1641=AXIS2_PLACEMENT_3D('',#1915,#1748,$);
#1642=AXIS2_PLACEMENT_3D('',#1916,#1749,$);
#1643=AXIS2_PLACEMENT_3D('',#1917,#1750,$);
#1644=AXIS2_PLACEMENT_3D('',#1918,#1751,$);
#1645=AXIS2_PLACEMENT_3D('',#1919,#1752,$);
#1646=AXIS2_PLACEMENT_3D('',#1920,#1753,$);
#1647=AXIS2_PLACEMENT_3D('',#1921,#1754,$);
#1648=AXIS2_PLACEMENT_3D('',#1922,#1755,$);
#1649=AXIS2_PLACEMENT_3D('',#1923,#1756,$);
#1650=AXIS2_PLACEMENT_3D('',#1924,#1757,$);
#1651=AXIS2_PLACEMENT_3D('',#1925,#1758,$);
#1652=AXIS2_PLACEMENT_3D('',#1926,#1759,$);
#1653=AXIS2_PLACEMENT_3D('',#1927,#1760,$);
#1654=AXIS2_PLACEMENT_3D('',#1928,#1761,$);
#1655=AXIS2_PLACEMENT_3D('',#1929,#1762,$);
#1656=AXIS2_PLACEMENT_3D($,#2135,#1763,#1764);
#1657=AXIS2_PLACEMENT_3D($,#2138,#1765,#1766);
#1658=AXIS2_PLACEMENT_3D($,#2139,#1767,#1768);
#1659=AXIS2_PLACEMENT_3D($,#2142,#1769,#1770);
#1660=AXIS2_PLACEMENT_3D($,#2151,#1771,#1772);
#1661=AXIS2_PLACEMENT_3D($,#2162,#1773,#1774);
#1662=AXIS2_PLACEMENT_3D($,#2165,#1775,#1776);
#1663=AXIS2_PLACEMENT_3D($,#2168,#1777,#1778);
#1664=AXIS2_PLACEMENT_3D($,#2200,#1779,#1780);
#1665=AXIS2_PLACEMENT_3D($,#2207,#1781,#1782);
#1666=AXIS2_PLACEMENT_3D($,#2212,#1783,#1784);
#1667=AXIS2_PLACEMENT_3D($,#2219,#1785,#1786);
#1668=AXIS2_PLACEMENT_3D($,#2228,#1787,#1788);
#1669=AXIS2_PLACEMENT_3D($,#2306,#1789,#1790);
#1670=AXIS2_PLACEMENT_3D($,#2396,#1791,#1792);
#1671=AXIS2_PLACEMENT_3D($,#2399,#1793,#1794);
#1672=AXIS2_PLACEMENT_3D($,#2414,#1795,#1796);
#1673=AXIS2_PLACEMENT_3D($,#2421,#1797,#1798);
#1674=AXIS2_PLACEMENT_3D($,#2489,#1799,#1800);
#1675=AXIS2_PLACEMENT_3D($,#2709,#1801,#1802);
#1676=AXIS2_PLACEMENT_3D($,#2714,#1803,#1804);
#1677=AXIS2_PLACEMENT_3D($,#2730,#1805,#1806);
#1678=AXIS2_PLACEMENT_3D($,#2785,#1807,#1808);
#1679=AXIS2_PLACEMENT_3D($,#2790,#1809,#1810);
#1680=AXIS2_PLACEMENT_3D($,#2805,#1811,#1812);
#1681=DIRECTION('',(0.,0.,1.));
#1682=DIRECTION('',(1.,0.,0.));
#1683=DIRECTION('',(0.,-1.,0.));
#1684=DIRECTION('',(0.,0.,1.));
#1685=DIRECTION('',(0.,0.,1.));
#1686=DIRECTION('',(0.,0.,1.));
#1687=DIRECTION('',(0.,0.,-1.));
#1688=DIRECTION('',(0.,0.,-1.));
#1689=DIRECTION('',(5.3828995133341E-16,1.,-3.76802965933386E-15));
#1690=DIRECTION('',(0.,0.,1.));
#1691=DIRECTION('',(-5.3828995133341E-16,1.,-3.76802965933386E-15));
#1692=DIRECTION('',(0.,0.,1.));
#1693=DIRECTION('',(-1.,0.,0.));
#1694=DIRECTION('',(1.,0.,0.));
#1695=DIRECTION('',(0.,1.,0.));
#1696=DIRECTION('',(0.,1.,0.));
#1697=DIRECTION('',(0.,0.,1.));
#1698=DIRECTION('',(6.06486161269434E-16,1.,-2.51214793389396E-16));
#1699=DIRECTION('',(-1.,0.,0.));
#1700=DIRECTION('',(-6.06486161269486E-16,1.,-2.51214793389424E-16));
#1701=DIRECTION('',(1.,0.,0.));
#1702=DIRECTION('',(-2.51214793389407E-16,1.,6.06486161269457E-16));
#1703=DIRECTION('',(0.,0.,-1.));
#1704=DIRECTION('',(0.,1.,0.));
#1705=DIRECTION('',(0.,0.,-1.));
#1706=DIRECTION('',(0.,0.,-1.));
#1707=DIRECTION('',(-1.,0.,0.));
#1708=DIRECTION('',(1.,0.,0.));
#1709=DIRECTION('',(0.,-1.,0.));
#1710=DIRECTION('',(0.,0.,1.));
#1711=DIRECTION('',(-1.,0.,0.));
#1712=DIRECTION('',(-1.,0.,0.));
#1713=DIRECTION('',(1.,0.,0.));
#1714=DIRECTION('',(0.,0.,1.));
#1715=DIRECTION('',(-6.86160763727086E-15,-6.86160763727086E-15,-1.));
#1716=DIRECTION('',(-1.,0.,0.));
#1717=DIRECTION('',(1.,0.,0.));
#1718=DIRECTION('',(0.,0.,-1.));
#1719=DIRECTION('',(-2.20114281867982E-9,-0.000182299845426643,-0.999999983383383));
#1720=DIRECTION('',(2.29886669683656E-5,-0.00106720881596687,0.99999943026827));
#1721=DIRECTION('',(0.,0.,-1.));
#1722=DIRECTION('',(0.,0.,-1.));
#1723=DIRECTION('',(0.,-1.,0.));
#1724=DIRECTION('',(0.,0.,-1.));
#1725=DIRECTION('',(0.,0.,1.));
#1726=DIRECTION('',(0.,0.,-1.));
#1727=DIRECTION('',(1.,0.,0.));
#1728=DIRECTION('',(0.,1.,0.));
#1729=DIRECTION('',(0.,-1.,0.));
#1730=DIRECTION('',(0.,1.,0.));
#1731=DIRECTION('',(0.,-0.0376204085410159,0.999292101870723));
#1732=DIRECTION('',(0.,1.,0.));
#1733=DIRECTION('',(0.,-1.,0.));
#1734=DIRECTION('',(-1.,0.,0.));
#1735=DIRECTION('',(4.08826445550675E-16,5.32792996930119E-16,1.));
#1736=DIRECTION('',(-0.965925826289067,0.258819045102527,1.14938745233729E-16));
#1737=DIRECTION('',(4.08826445550642E-16,-5.32792996930081E-16,1.));
#1738=DIRECTION('',(0.,0.0574401985928669,-0.998348948807786));
#1739=DIRECTION('',(-1.,-9.46715711406414E-14,8.93811902138878E-14));
#1740=DIRECTION('',(0.,0.0574401985928669,-0.998348948807786));
#1741=DIRECTION('',(-0.965925826289069,0.25881904510252,-1.71582894788193E-15));
#1742=DIRECTION('',(4.08826445550663E-16,-5.32792996930109E-16,1.));
#1743=DIRECTION('',(1.,1.89343142281283E-13,1.78762380427776E-13));
#1744=DIRECTION('',(2.77097497394182E-17,0.0574401985928669,0.998348948807786));
#1745=DIRECTION('',(0.,1.,0.));
#1746=DIRECTION('',(0.965925826289067,0.258819045102527,-1.71582894788192E-15));
#1747=DIRECTION('',(-8.57700954658861E-16,8.57700954658861E-16,-1.));
#1748=DIRECTION('',(1.,9.46715711406413E-14,8.93811902138876E-14));
#1749=DIRECTION('',(5.54194994788363E-17,0.0574401985928669,0.998348948807786));
#1750=DIRECTION('',(-1.,-1.89343142281283E-13,1.78762380427776E-13));
#1751=DIRECTION('',(3.33691387559854E-13,-3.31026852300754E-13,-1.));
#1752=DIRECTION('',(2.19474910411427E-14,1.92477747623567E-13,1.));
#1753=DIRECTION('',(1.,0.,0.));
#1754=DIRECTION('',(-1.,0.,0.));
#1755=DIRECTION('',(0.,0.,-1.));
#1756=DIRECTION('',(0.965925826289069,0.25881904510252,-3.43165789576385E-15));
#1757=DIRECTION('',(4.08826445550679E-16,5.32792996930126E-16,1.));
#1758=DIRECTION('',(0.,-1.,0.));
#1759=DIRECTION('',(1.,0.,0.));
#1760=DIRECTION('',(0.,0.,-1.));
#1761=DIRECTION('',(-8.57700954658849E-16,-8.57700954658849E-16,1.));
#1762=DIRECTION('',(0.,1.,0.));
#1763=DIRECTION('',(0.,0.,1.));
#1764=DIRECTION('',(0.309029053336332,0.951052598016561,0.));
#1765=DIRECTION('',(1.68578051517959E-13,-7.6545768145721E-14,-1.));
#1766=DIRECTION('',(0.309029053336412,0.951052598016535,-2.07035359882812E-14));
#1767=DIRECTION('',(0.,0.,1.));
#1768=DIRECTION('',(0.999999996255628,8.65375310976645E-5,0.));
#1769=DIRECTION('',(0.,0.,-1.));
#1770=DIRECTION('',(0.999999996255628,8.65375311005039E-5,0.));
#1771=DIRECTION('',(0.,1.,-3.76802965933386E-15));
#1772=DIRECTION('',(4.30631961066726E-15,3.76802965933385E-15,1.));
#1773=DIRECTION('',(1.34572487833354E-16,1.,4.03717463500057E-16));
#1774=DIRECTION('',(1.29189588320017E-14,-2.69144975666703E-16,1.));
#1775=DIRECTION('',(-1.34572487833351E-16,1.,-6.05576195250085E-15));
#1776=DIRECTION('',(0.,-6.19033444033417E-15,-1.));
#1777=DIRECTION('',(-1.34572487833354E-16,1.,4.03717463500057E-16));
#1778=DIRECTION('',(-8.61263922133456E-15,2.69144975666705E-16,-1.));
#1779=DIRECTION('',(-6.06486161269432E-16,1.,2.51214793389395E-16));
#1780=DIRECTION('',(1.,5.32907051820077E-16,3.55271367880051E-15));
#1781=DIRECTION('',(2.2592525031377E-14,-5.94675618616233E-16,1.));
#1782=DIRECTION('',(0.039465591471343,0.999220930069931,-3.00449885704871E-16));
#1783=DIRECTION('',(5.54457874024187E-16,1.,7.32093557964204E-16));
#1784=DIRECTION('',(-6.25277607468859E-14,8.88178419700084E-16,-1.));
#1785=DIRECTION('',(-7.35791094493662E-17,1.,7.84121845209468E-16));
#1786=DIRECTION('',(-1.,0.,2.84217094304032E-14));
#1787=DIRECTION('',(-2.29663971185354E-16,1.,6.58514448514771E-16));
#1788=DIRECTION('',(-2.55795384873642E-14,-5.32907051820086E-16,1.));
#1789=DIRECTION('',(-3.68873523213508E-15,-1.40140003127347E-13,-1.));
#1790=DIRECTION('',(0.0131551971571242,0.999913466649868,-1.40173528494044E-13));
#1791=DIRECTION('',(-1.,0.,0.));
#1792=DIRECTION('',(0.,-0.000797997213006607,-0.999999681600173));
#1793=DIRECTION('',(-1.,0.,0.));
#1794=DIRECTION('',(0.,-0.000797997213006607,-0.999999681600173));
#1795=DIRECTION('',(-2.84217094303926E-15,-2.84217094303918E-15,1.));
#1796=DIRECTION('',(-5.68434188607673E-14,-1.,-2.84217094303837E-15));
#1797=DIRECTION('',(-5.02429586779012E-16,-1.21297232253871E-15,1.));
#1798=DIRECTION('',(-1.,6.59383658785797E-13,0.));
#1799=DIRECTION('',(8.73815953361837E-17,2.54449020291257E-15,1.));
#1800=DIRECTION('',(0.0543907209773161,0.998519729134867,-2.54547641616907E-15));
#1801=DIRECTION('',(3.13521718706928E-18,3.13521718706929E-18,-1.));
#1802=DIRECTION('',(-1.,-1.42108547152021E-15,-3.13521718706927E-18));
#1803=DIRECTION('',(-1.71540190931772E-15,1.71540190931772E-15,-1.));
#1804=DIRECTION('',(-1.,-1.42108547152021E-15,2.13162820728031E-15));
#1805=DIRECTION('',(-3.25634469752887E-13,3.24829698226739E-13,1.));
#1806=DIRECTION('',(1.42108547152023E-14,1.,-3.24829698226734E-13));
#1807=DIRECTION('',(-1.70164009330475E-17,1.70164009330479E-17,1.));
#1808=DIRECTION('',(1.,-1.42108547152022E-14,1.70164009330478E-17));
#1809=DIRECTION('',(-1.71540190931769E-15,-1.71540190931769E-15,1.));
#1810=DIRECTION('',(1.,-1.42108547152022E-14,1.42108547152022E-15));
#1811=DIRECTION('',(0.,0.,1.));
#1812=DIRECTION('',(1.,0.,0.));
#1813=CARTESIAN_POINT('',(0.,0.,0.));
#1814=CARTESIAN_POINT('',(42.3769461229112,-33.5709991455117,-0.0799985347536178));
#1815=CARTESIAN_POINT('',(32.69,-36.385,8.00000000000003));
#1816=CARTESIAN_POINT('',(44.9999905776757,-17.0000004768372,7.49850010871899));
#1817=CARTESIAN_POINT('',(41.9369418693547,-20.0630491851582,6.99700021743774));
#1818=CARTESIAN_POINT('',(44.9995480899927,-17.0002165559157,3.49850010871887));
#1819=CARTESIAN_POINT('',(53.35,2.49999999999965,9.80000000000016));
#1820=CARTESIAN_POINT('',(59.05,11.4716686189052,8.15000000000012));
#1821=CARTESIAN_POINT('',(59.05,2.49999999999964,6.50000000000016));
#1822=CARTESIAN_POINT('',(53.35,11.4716686189052,8.15000000000013));
#1823=CARTESIAN_POINT('',(48.244,-20.7300000000003,5.30000000000016));
#1824=CARTESIAN_POINT('',(64.,-36.385,13.6224453718445));
#1825=CARTESIAN_POINT('',(48.4,-20.6322138038674,8.00000000000067));
#1826=CARTESIAN_POINT('',(48.4,-20.5000000000003,8.00000000000066));
#1827=CARTESIAN_POINT('',(49.723,3.50963091121884,12.48951517371));
#1828=CARTESIAN_POINT('',(60.05,3.50963091121884,4.51051517371011));
#1829=CARTESIAN_POINT('',(60.05,6.21325445905739,7.0105151737101));
#1830=CARTESIAN_POINT('',(62.55,3.50963091121884,9.91051517371));
#1831=CARTESIAN_POINT('',(52.3500000000001,6.21325445905738,7.01051517371037));
#1832=CARTESIAN_POINT('',(49.85,3.50963091121884,7.01051517371029));
#1833=CARTESIAN_POINT('',(52.3500000000001,6.21325445905738,9.91051517370994));
#1834=CARTESIAN_POINT('',(52.35,3.50963091121883,12.41051517371));
#1835=CARTESIAN_POINT('',(60.0500000000001,6.21325445905739,9.91051517371005));
#1836=CARTESIAN_POINT('',(54.4980010986328,-38.,10.0030002593994));
#1837=CARTESIAN_POINT('',(41.4970016479492,-38.,10.0030002593994));
#1838=CARTESIAN_POINT('',(42.5019989013672,-38.,-8.93504562872865E-16));
#1839=CARTESIAN_POINT('',(54.4980010986328,-38.,11.0030002593994));
#1840=CARTESIAN_POINT('',(32.69,2.49999999999967,5.20800000000012));
#1841=CARTESIAN_POINT('',(43.,-37.,2.));
#1842=CARTESIAN_POINT('',(48.5,-37.0985976512883,0.999999999999993));
#1843=CARTESIAN_POINT('',(43.,-38.1095839493851,-0.0199999999999999));
#1844=CARTESIAN_POINT('',(54.,-38.1095839493851,2.02));
#1845=CARTESIAN_POINT('',(64.35,-36.75,9.50000000000001));
#1846=CARTESIAN_POINT('',(32.65,-36.75,9.49999999999999));
#1847=CARTESIAN_POINT('',(32.5820115987783,4.06678392861007,14.5));
#1848=CARTESIAN_POINT('',(31.4,4.00239815716736,14.5));
#1849=CARTESIAN_POINT('',(31.4,2.81863426719149,14.5));
#1850=CARTESIAN_POINT('',(32.5820115987783,4.06678392861007,4.44089209850063E-16));
#1851=CARTESIAN_POINT('',(31.4000000000786,4.17847142783475,1.99473651104656E-15));
#1852=CARTESIAN_POINT('',(31.4000000001573,3.17078080852625,3.22672610321651E-15));
#1853=CARTESIAN_POINT('',(64.4179884012216,4.06678392861006,-4.21884749357559E-15));
#1854=CARTESIAN_POINT('',(65.5999999999998,4.1780689334445,-5.92869653948442E-15));
#1855=CARTESIAN_POINT('',(65.6,3.16997581974571,-9.83826155576161E-15));
#1856=CARTESIAN_POINT('',(64.4179884012216,4.06678392861006,14.5));
#1857=CARTESIAN_POINT('',(65.6,4.00239815716736,14.5));
#1858=CARTESIAN_POINT('',(65.6,2.81863426719204,14.5));
#1859=CARTESIAN_POINT('',(31.4,3.17078080852619,14.5000000000001));
#1860=CARTESIAN_POINT('',(65.6,3.16997581974627,14.5));
#1861=CARTESIAN_POINT('',(65.6,3.16917082578307,-5.17790680877459E-15));
#1862=CARTESIAN_POINT('',(65.6,1.29731039126928,6.55798686857112E-15));
#1863=CARTESIAN_POINT('',(65.604200267007,1.29593398318345,6.55884035777924E-15));
#1864=CARTESIAN_POINT('',(48.5021393200583,2.14946824538956,2.10997079901846E-7));
#1865=CARTESIAN_POINT('',(31.3968597805241,1.29580415720855,4.21408052691808E-7));
#1866=CARTESIAN_POINT('',(65.6031543757391,0.535808768262587,6.98583724759154E-15));
#1867=CARTESIAN_POINT('',(48.4994462444255,1.4266133212194,0.000285400192836487));
#1868=CARTESIAN_POINT('',(31.3958204535973,0.535820518527697,0.000569914750805678));
#1869=CARTESIAN_POINT('',(65.6073578508935,0.0865527871324442,0.612898480811287));
#1870=CARTESIAN_POINT('',(48.5024284543915,0.822536608310185,0.614074219751079));
#1871=CARTESIAN_POINT('',(31.4000000000002,0.0868379323237598,0.613680314930667));
#1872=CARTESIAN_POINT('',(65.6000000000001,0.0862971481329486,0.613680363996134));
#1873=CARTESIAN_POINT('',(48.4902662893491,0.822099402993139,0.614861843258886));
#1874=CARTESIAN_POINT('',(31.3800763147551,0.0854009960707102,0.614470859055333));
#1875=CARTESIAN_POINT('',(65.6087059837918,-2.70640128742965,4.42720672030206));
#1876=CARTESIAN_POINT('',(48.498619222455,-2.29210704752488,4.43041900421832));
#1877=CARTESIAN_POINT('',(31.3887267396616,-2.70719121428366,4.42721471974463));
#1878=CARTESIAN_POINT('',(65.6197519189073,-7.43211498790193,4.49972433757014));
#1879=CARTESIAN_POINT('',(48.5097273274249,-7.42043645449106,4.49981693420731));
#1880=CARTESIAN_POINT('',(31.3997008007519,-7.43212002125896,4.49972429766171));
#1881=CARTESIAN_POINT('',(65.6199134721883,-7.50448417202911,4.50000001995718));
#1882=CARTESIAN_POINT('',(48.5098878749875,-7.49864520144425,4.50004632466901));
#1883=CARTESIAN_POINT('',(31.3998613068024,-7.50448668860589,4.5));
#1884=CARTESIAN_POINT('',(65.6200750536163,-7.57685335430099,4.5));
#1885=CARTESIAN_POINT('',(48.5100484472176,-7.57685335430099,4.5));
#1886=CARTESIAN_POINT('',(31.4000218408188,-7.57685335430099,4.5));
#1887=CARTESIAN_POINT('',(48.500397328147,-397.572328305311,0.189297403421996));
#1888=CARTESIAN_POINT('',(65.6648090593026,3.98967306886654,-7.03859712287733E-15));
#1889=CARTESIAN_POINT('',(48.4999999999998,-288.160000000005,7.25));
#1890=CARTESIAN_POINT('',(42.5019989013672,-37.,0.));
#1891=CARTESIAN_POINT('',(42.3820388793945,-37.1203596217224,6.11979716204456E-17));
#1892=CARTESIAN_POINT('',(42.5019989013672,-36.,6.4980001449585));
#1893=CARTESIAN_POINT('',(42.5019989013672,-37.,4.5));
#1894=CARTESIAN_POINT('',(33.,-36.,8.00000000000003));
#1895=CARTESIAN_POINT('',(42.3820388793945,-35.0709991455078,6.56298014640808));
#1896=CARTESIAN_POINT('',(32.333,-38.,4.41984660959734));
#1897=CARTESIAN_POINT('',(32.69,-36.,12.651559488042));
#1898=CARTESIAN_POINT('',(31.0579999999999,5.07084941070125,13.6368298416095));
#1899=CARTESIAN_POINT('',(55.6842146209702,-9.42899990081787,1.3));
#1900=CARTESIAN_POINT('',(41.4970016479492,-35.0709991455117,8.00000000000004));
#1901=CARTESIAN_POINT('',(35.,-35.75,4.5));
#1902=CARTESIAN_POINT('',(42.8842146209701,-10.2289999008179,0.776093798644988));
#1903=CARTESIAN_POINT('',(53.3430447179986,-10.0219446647359,1.5));
#1904=CARTESIAN_POINT('',(54.1157853790298,-10.2289999008179,0.776093798644987));
#1905=CARTESIAN_POINT('',(56.7,-9.61751186109929,0.0754567163551034));
#1906=CARTESIAN_POINT('',(42.1,-9.62899990081786,0.275126506116659));
#1907=CARTESIAN_POINT('',(43.9,-9.61751186109929,0.0754567163551034));
#1908=CARTESIAN_POINT('',(40.5430447179986,-10.0219446647358,1.5));
#1909=CARTESIAN_POINT('',(41.3157853790299,-10.2289999008179,0.776093798644987));
#1910=CARTESIAN_POINT('',(54.9,-9.62899990081787,1.22487349388334));
#1911=CARTESIAN_POINT('',(56.7,-9.61751186109929,1.4245432836449));
#1912=CARTESIAN_POINT('',(42.8842146209702,-9.42899990081787,1.3));
#1913=CARTESIAN_POINT('',(43.9,-10.9289999008179,1.5));
#1914=CARTESIAN_POINT('',(36.25,-12.1789999008179,2.25));
#1915=CARTESIAN_POINT('',(42.1,-9.62899990081786,1.22487349388335));
#1916=CARTESIAN_POINT('',(43.9,-9.61751186109929,1.4245432836449));
#1917=CARTESIAN_POINT('',(54.9,-9.62899990081787,0.275126506116659));
#1918=CARTESIAN_POINT('',(42.4970016479492,-34.5709991455117,4.00000000000034));
#1919=CARTESIAN_POINT('',(54.5025541517476,-34.5709991455117,4.00027973569536));
#1920=CARTESIAN_POINT('',(41.4970016479492,-38.0342900085449,-0.100030002593996));
#1921=CARTESIAN_POINT('',(55.502554151747,-38.034290008981,10.1030302619934));
#1922=CARTESIAN_POINT('',(31.0580000000005,-7.272621887844,4.5));
#1923=CARTESIAN_POINT('',(56.7,-10.9289999008179,1.5));
#1924=CARTESIAN_POINT('',(55.6842146209701,-10.2289999008179,0.776093798644988));
#1925=CARTESIAN_POINT('',(61.9995557996962,-35.0709991455117,8.00000000000004));
#1926=CARTESIAN_POINT('',(62.,-35.75,0.));
#1927=CARTESIAN_POINT('',(35.,-10.9289999008179,0.));
#1928=CARTESIAN_POINT('',(60.75,-12.1789999008179,2.25));
#1929=CARTESIAN_POINT('',(36.25,-10.9289999008179,4.5));
#1930=CARTESIAN_POINT('',(42.4970016479492,-33.5709991455117,-1.47375384060561E-15));
#1931=CARTESIAN_POINT('',(54.502554151747,-33.5709991455117,-2.21747813471403E-15));
#1932=CARTESIAN_POINT('',(42.4970016479492,-33.5709991455117,7.99995115845387));
#1933=CARTESIAN_POINT('',(54.5025541517474,-33.5709991455117,7.99990231690771));
#1934=CARTESIAN_POINT('',(41.4970016479492,-34.5709991516666,7.99995604260849));
#1935=CARTESIAN_POINT('',(55.5026497430933,-34.5709991490724,8.00007090391516));
#1936=CARTESIAN_POINT('',(48.4,-20.5000000000003,8.00000000000015));
#1937=CARTESIAN_POINT('',(45.9280014038086,-14.1440000534058,8.00000000000001));
#1938=CARTESIAN_POINT('',(64.,-20.5000000000003,8.00000000000016));
#1939=CARTESIAN_POINT('',(64.,-36.,8.00000000000003));
#1940=CARTESIAN_POINT('',(55.5028502852828,-36.,8.00011443033537));
#1941=CARTESIAN_POINT('',(41.4970016479492,-36.,7.99997557922695));
#1942=CARTESIAN_POINT('',(33.,-36.,8.00000000000003));
#1943=CARTESIAN_POINT('',(33.,2.49999999999967,8.00000000000003));
#1944=CARTESIAN_POINT('',(48.4,2.49999999999967,8.00000000000015));
#1945=CARTESIAN_POINT('',(45.9280014038086,-14.1440000534058,6.99700021743774));
#1946=CARTESIAN_POINT('',(47.5019989013672,-17.,-8.5265128291212E-16));
#1947=CARTESIAN_POINT('',(47.5019989013672,-17.,6.99700021743774));
#1948=CARTESIAN_POINT('',(53.35,2.49999999999966,9.80000000000016));
#1949=CARTESIAN_POINT('',(59.05,2.49999999999965,9.80000000000016));
#1950=CARTESIAN_POINT('',(59.05,2.49999999999964,6.50000000000016));
#1951=CARTESIAN_POINT('',(53.35,2.49999999999964,6.50000000000016));
#1952=CARTESIAN_POINT('',(53.35,3.50963091121883,9.80000000000016));
#1953=CARTESIAN_POINT('',(59.05,3.50963091121883,9.80000000000016));
#1954=CARTESIAN_POINT('',(59.05,3.50963091121884,6.50000000000016));
#1955=CARTESIAN_POINT('',(53.35,3.50963091121884,6.50000000000016));
#1956=CARTESIAN_POINT('',(48.4,-20.5000000000003,5.30000000000016));
#1957=CARTESIAN_POINT('',(64.,-20.5000000000003,5.30000000000016));
#1958=CARTESIAN_POINT('',(48.4,2.49999999999967,5.30000000000013));
#1959=CARTESIAN_POINT('',(64.,2.49999999999967,5.30000000000015));
#1960=CARTESIAN_POINT('',(64.,-36.,12.0906331579125));
#1961=CARTESIAN_POINT('',(64.,2.49999999999967,13.5400449226184));
#1962=CARTESIAN_POINT('',(62.55,3.50963091121884,7.01051517371011));
#1963=CARTESIAN_POINT('',(60.05,3.50963091121884,4.51051517371011));
#1964=CARTESIAN_POINT('',(52.35,3.50963091121883,4.51051517371029));
#1965=CARTESIAN_POINT('',(49.85,3.50963091121883,7.01051517371029));
#1966=CARTESIAN_POINT('',(49.85,3.50963091121883,9.91051517371001));
#1967=CARTESIAN_POINT('',(52.35,3.50963091121883,12.41051517371));
#1968=CARTESIAN_POINT('',(60.05,3.50963091121884,12.41051517371));
#1969=CARTESIAN_POINT('',(62.55,3.50963091121884,9.91051517371));
#1970=CARTESIAN_POINT('',(60.0499999999999,4.27199739426597,4.51051517371011));
#1971=CARTESIAN_POINT('',(52.3499999999999,4.47467514975045,4.51051517371029));
#1972=CARTESIAN_POINT('',(62.5500000000001,4.16254976309982,7.01051517371011));
#1973=CARTESIAN_POINT('',(62.5500000000001,4.16254976309982,9.91051517371));
#1974=CARTESIAN_POINT('',(49.8500000000001,4.49688630203113,7.01051517371029));
#1975=CARTESIAN_POINT('',(49.8500000000001,4.49688630203113,9.91051517371001));
#1976=CARTESIAN_POINT('',(52.3499999999999,4.47467514975045,12.41051517371));
#1977=CARTESIAN_POINT('',(60.05,4.27199739426596,12.41051517371));
#1978=CARTESIAN_POINT('',(54.4980010986328,-38.,10.0030002593994));
#1979=CARTESIAN_POINT('',(55.5028206719292,-38.,10.0030002593994));
#1980=CARTESIAN_POINT('',(54.4980010986328,-36.,10.0030002593994));
#1981=CARTESIAN_POINT('',(55.5028206719292,-36.,10.0030002593994));
#1982=CARTESIAN_POINT('',(41.4970016479492,-38.,10.0030002593994));
#1983=CARTESIAN_POINT('',(42.5019989013672,-38.,10.0030002593994));
#1984=CARTESIAN_POINT('',(41.4970016479492,-36.,10.0030002593994));
#1985=CARTESIAN_POINT('',(42.5019989013672,-36.,10.0030002593994));
#1986=CARTESIAN_POINT('',(42.5019989013672,-38.,4.5));
#1987=CARTESIAN_POINT('',(42.5019989013672,-37.,4.5));
#1988=CARTESIAN_POINT('',(42.5019989013672,-37.,-1.53918917563643E-16));
#1989=CARTESIAN_POINT('',(42.5019989013672,-35.0709991455078,6.4980001449585));
#1990=CARTESIAN_POINT('',(42.5019989013672,-36.,6.4980001449585));
#1991=CARTESIAN_POINT('',(42.5019989013672,-35.0709991455078,3.82222954742679E-16));
#1992=CARTESIAN_POINT('',(55.5028206719292,-38.,4.5));
#1993=CARTESIAN_POINT('',(54.4980010986328,-38.,4.5));
#1994=CARTESIAN_POINT('',(54.4980010986328,-37.,4.5));
#1995=CARTESIAN_POINT('',(54.4980010986328,-37.,-1.5854993790387E-16));
#1996=CARTESIAN_POINT('',(54.4980010986328,-35.0709991455078,6.4980001449585));
#1997=CARTESIAN_POINT('',(54.4980010986328,-36.,6.4980001449585));
#1998=CARTESIAN_POINT('',(54.4980010986328,-35.0709991455078,3.74928862816212E-16));
#1999=CARTESIAN_POINT('',(41.4970016479492,-38.,4.5));
#2000=CARTESIAN_POINT('',(43.,-37.,2.));
#2001=CARTESIAN_POINT('',(54.,-37.,2.));
#2002=CARTESIAN_POINT('',(54.,-37.0993956487554,2.));
#2003=CARTESIAN_POINT('',(43.,-37.0993956487554,2.));
#2004=CARTESIAN_POINT('',(54.,-37.0993956487554,2.96511824120238E-17));
#2005=CARTESIAN_POINT('',(43.,-37.0993956487554,6.29804906951232E-17));
#2006=CARTESIAN_POINT('',(43.,-37.,6.11979716204456E-17));
#2007=CARTESIAN_POINT('',(54.,-37.,2.96511824120238E-17));
#2008=CARTESIAN_POINT('',(65.600000000001,-36.7499999999999,4.5));
#2009=CARTESIAN_POINT('',(64.35,-38.,4.49999999999999));
#2010=CARTESIAN_POINT('',(31.400000000001,-36.75,4.5));
#2011=CARTESIAN_POINT('',(32.65,-38.,4.5));
#2012=CARTESIAN_POINT('',(31.4000000001573,3.17078080852625,3.22672610321651E-15));
#2013=CARTESIAN_POINT('',(32.5820115987783,4.06678392861008,7.62746918876598E-16));
#2014=CARTESIAN_POINT('',(65.6,3.16997581974571,-9.83826155576161E-15));
#2015=CARTESIAN_POINT('',(64.4179884012214,4.0667839286101,-2.01913152320667E-15));
#2016=CARTESIAN_POINT('',(31.400007280273,-7.57685335430099,4.50000000000001));
#2017=CARTESIAN_POINT('',(31.4,1.29596086004633,-3.91186222039129E-15));
#2018=CARTESIAN_POINT('',(31.4000000000001,0.0862583322558844,0.614471313796204));
#2019=CARTESIAN_POINT('',(65.6,1.29614358541714,6.07686304670174E-14));
#2020=CARTESIAN_POINT('',(65.6000000000001,0.0862971481329492,0.613680363996135));
#2021=CARTESIAN_POINT('',(65.6000000000002,-7.57685335430099,4.49999999999984));
#2022=CARTESIAN_POINT('',(65.6,1.29731039126933,6.07230676043683E-14));
#2023=CARTESIAN_POINT('',(31.4,1.29708573883427,-3.90738352734477E-15));
#2024=CARTESIAN_POINT('',(65.6000000000001,0.0868693094464359,0.61289898649398));
#2025=CARTESIAN_POINT('',(31.4000000000001,0.0868379323237555,0.613680314930666));
#2026=CARTESIAN_POINT('',(33.,2.49999999999967,13.5400449226184));
#2027=CARTESIAN_POINT('',(31.4000000000026,2.84163535024725,13.5529064887454));
#2028=CARTESIAN_POINT('',(65.6,2.84158281888093,13.5529045110939));
#2029=CARTESIAN_POINT('',(33.,-36.,12.0906331579125));
#2030=CARTESIAN_POINT('',(64.35,-38.,12.0153390402654));
#2031=CARTESIAN_POINT('',(65.6000000000011,-36.7499999999995,12.0623978637949));
#2032=CARTESIAN_POINT('',(31.4000000000011,-36.75,12.0623978637948));
#2033=CARTESIAN_POINT('',(32.65,-38.,12.0153390402654));
#2034=CARTESIAN_POINT('',(32.5820115987783,4.06678392861007,13.5990297293425));
#2035=CARTESIAN_POINT('',(64.4179884012215,4.06678392861009,13.5990297293425));
#2036=CARTESIAN_POINT('',(55.6842146209702,-9.42899990081787,0.275126506116661));
#2037=CARTESIAN_POINT('',(54.1157853790299,-9.42899990081787,0.275126506116661));
#2038=CARTESIAN_POINT('',(55.6842146209702,-9.42899990081787,1.22487349388334));
#2039=CARTESIAN_POINT('',(54.1157853790299,-9.42899990081787,1.22487349388334));
#2040=CARTESIAN_POINT('',(35.,-35.0709991455117,4.89010240627428E-21));
#2041=CARTESIAN_POINT('',(35.,-35.0709991455117,4.5));
#2042=CARTESIAN_POINT('',(41.4970016479492,-35.0709991455104,-2.86166424780325E-16));
#2043=CARTESIAN_POINT('',(41.4970016479492,-35.0709991455117,4.5));
#2044=CARTESIAN_POINT('',(35.,-12.1789999008179,4.5));
#2045=CARTESIAN_POINT('',(35.,-12.1789999008179,1.17570644515098E-17));
#2046=CARTESIAN_POINT('',(43.6569552820014,-10.0219446647358,0.0521875972899753));
#2047=CARTESIAN_POINT('',(43.4000463544658,-9.61751186109929,0.0754567163551034));
#2048=CARTESIAN_POINT('',(42.8842146209701,-9.42899990081786,0.275126506116661));
#2049=CARTESIAN_POINT('',(43.6569552820014,-10.0219446647358,1.44781240271003));
#2050=CARTESIAN_POINT('',(43.4000463544658,-9.61751186109929,1.4245432836449));
#2051=CARTESIAN_POINT('',(42.8842146209701,-9.42899990081786,1.22487349388334));
#2052=CARTESIAN_POINT('',(53.1,-10.9289999008179,5.33162181316421E-16));
#2053=CARTESIAN_POINT('',(53.3430447179986,-10.0219446647359,0.0521875972899753));
#2054=CARTESIAN_POINT('',(53.1,-10.9289999008179,1.5));
#2055=CARTESIAN_POINT('',(53.3430447179986,-10.0219446647359,1.44781240271003));
#2056=CARTESIAN_POINT('',(53.5999536455342,-9.61751186109929,0.0754567163551034));
#2057=CARTESIAN_POINT('',(53.5999536455342,-9.61751186109929,1.4245432836449));
#2058=CARTESIAN_POINT('',(56.7,-10.9289999008179,-3.1576228924352E-17));
#2059=CARTESIAN_POINT('',(56.4569552820014,-10.0219446647359,0.0521875972899753));
#2060=CARTESIAN_POINT('',(56.2000463544658,-9.61751186109929,0.0754567163551034));
#2061=CARTESIAN_POINT('',(40.7999536455342,-9.61751186109929,0.0754567163551034));
#2062=CARTESIAN_POINT('',(41.3157853790298,-9.42899990081786,0.275126506116661));
#2063=CARTESIAN_POINT('',(43.9,-10.9289999008179,-5.50308984352887E-17));
#2064=CARTESIAN_POINT('',(40.3,-10.9289999008179,-3.51644748873565E-17));
#2065=CARTESIAN_POINT('',(40.5430447179986,-10.0219446647358,0.0521875972899753));
#2066=CARTESIAN_POINT('',(40.3,-10.9289999008179,1.5));
#2067=CARTESIAN_POINT('',(40.5430447179986,-10.0219446647358,1.44781240271003));
#2068=CARTESIAN_POINT('',(40.7999536455342,-9.61751186109929,1.4245432836449));
#2069=CARTESIAN_POINT('',(41.3157853790298,-9.42899990081786,1.22487349388334));
#2070=CARTESIAN_POINT('',(56.2000463544658,-9.61751186109929,1.4245432836449));
#2071=CARTESIAN_POINT('',(56.7,-10.9289999008179,1.5));
#2072=CARTESIAN_POINT('',(56.4569552820014,-10.0219446647359,1.44781240271003));
#2073=CARTESIAN_POINT('',(43.9,-10.9289999008179,1.5));
#2074=CARTESIAN_POINT('',(36.25,-10.9289999008179,4.5));
#2075=CARTESIAN_POINT('',(36.25,-10.9289999008179,1.9595107419183E-17));
#2076=CARTESIAN_POINT('',(41.4970016479492,-34.5709991455117,-2.27852536675317E-15));
#2077=CARTESIAN_POINT('',(55.5025711242908,-34.5709991018993,5.92048209489606E-14));
#2078=CARTESIAN_POINT('',(55.502554151747,-35.0709991455117,4.5));
#2079=CARTESIAN_POINT('',(55.5026070801773,-35.0709991455104,1.07085034030246E-14));
#2080=CARTESIAN_POINT('',(62.,-12.1789999008179,4.5));
#2081=CARTESIAN_POINT('',(60.75,-10.9289999008179,4.5));
#2082=CARTESIAN_POINT('',(61.9997778998481,-35.0709991455117,4.5));
#2083=CARTESIAN_POINT('',(61.9998519332321,-35.0709991455117,-1.43093705967449E-16));
#2084=CARTESIAN_POINT('',(62.,-12.1789999008179,-6.38115034989291E-17));
#2085=CARTESIAN_POINT('',(60.75,-10.9289999008179,-1.06352505831548E-16));
#2086=CARTESIAN_POINT('',(42.4970016479492,-33.5709991455117,-1.47375384060561E-15));
#2087=CARTESIAN_POINT('',(54.502554151747,-33.5709991455117,-2.21747813471403E-15));
#2088=CARTESIAN_POINT('',(54.5025541517474,-33.5709991455117,7.99990231690771));
#2089=CARTESIAN_POINT('',(42.4970016479492,-33.5709991455117,7.99995115845387));
#2090=CARTESIAN_POINT('',(42.4970016479492,-33.5709991455117,7.99995115845387));
#2091=CARTESIAN_POINT('',(41.4970016479492,-33.5709991408956,7.99995360053114));
#2092=CARTESIAN_POINT('',(41.4970016479492,-34.5709991516666,7.99995604260849));
#2093=CARTESIAN_POINT('',(55.5026497430933,-34.5709991490724,8.00007090391516));
#2094=CARTESIAN_POINT('',(55.5028673223367,-34.9980010432455,8.00008391011109));
#2095=CARTESIAN_POINT('',(55.5028800772137,-35.0709991570403,8.00008613358534));
#2096=CARTESIAN_POINT('',(55.5028502852828,-36.,8.00011443033537));
#2097=CARTESIAN_POINT('',(48.4,-20.5000000000003,8.00000000000015));
#2098=CARTESIAN_POINT('',(48.4,-18.5000000000003,8.00000000000015));
#2099=CARTESIAN_POINT('',(48.4,2.49999999999967,8.00000000000015));
#2100=CARTESIAN_POINT('',(64.,-20.5000000000003,8.00000000000016));
#2101=CARTESIAN_POINT('',(48.4,-20.5000000000003,8.00000000000015));
#2102=CARTESIAN_POINT('',(64.,-36.,8.00000000000003));
#2103=CARTESIAN_POINT('',(64.,-20.5000000000003,8.00000000000016));
#2104=CARTESIAN_POINT('',(55.5028502852828,-36.,8.00011443033537));
#2105=CARTESIAN_POINT('',(64.,-36.,8.00000000000003));
#2106=CARTESIAN_POINT('',(41.4970016479492,-36.,7.99997557922695));
#2107=CARTESIAN_POINT('',(41.4970016479492,-35.0709991395059,7.99996287837));
#2108=CARTESIAN_POINT('',(41.4970016479492,-34.5709991516666,7.99995604260849));
#2109=CARTESIAN_POINT('',(33.,-36.,8.00000000000003));
#2110=CARTESIAN_POINT('',(41.4970016479492,-36.,7.99997557922695));
#2111=CARTESIAN_POINT('',(33.,2.49999999999967,8.00000000000003));
#2112=CARTESIAN_POINT('',(33.,-36.,8.00000000000003));
#2113=CARTESIAN_POINT('',(48.4,2.49999999999967,8.00000000000015));
#2114=CARTESIAN_POINT('',(33.,2.49999999999967,8.00000000000003));
#2115=CARTESIAN_POINT('',(55.5026497430933,-34.5709991490724,8.00007090391516));
#2116=CARTESIAN_POINT('',(55.502648393698,-34.5428083999162,8.00006852785301));
#2117=CARTESIAN_POINT('',(55.5002206381802,-34.4855005279804,8.00006349322592));
#2118=CARTESIAN_POINT('',(55.4890503429939,-34.3989166934588,8.00005525421044));
#2119=CARTESIAN_POINT('',(55.4697359226548,-34.3112407119304,8.00004623661565));
#2120=CARTESIAN_POINT('',(55.4418770028571,-34.2235821999979,8.0000365002106));
#2121=CARTESIAN_POINT('',(55.4052689093187,-34.1371523228022,8.00002612982008));
#2122=CARTESIAN_POINT('',(55.3599349666166,-34.0532323171429,8.0000152353944));
#2123=CARTESIAN_POINT('',(55.3061468376873,-33.9731160486269,8.00000394888261));
#2124=CARTESIAN_POINT('',(55.2444292565193,-33.8980506728038,7.99999241963034));
#2125=CARTESIAN_POINT('',(55.1755471445632,-33.8291751425099,7.99998080811101));
#2126=CARTESIAN_POINT('',(55.1004752338763,-33.7674640964325,7.99996927863607));
#2127=CARTESIAN_POINT('',(55.0203525673586,-33.7136823650978,7.99995799168512));
#2128=CARTESIAN_POINT('',(54.9364263885135,-33.6683545979192,7.99994709661613));
#2129=CARTESIAN_POINT('',(54.8499906256867,-33.6317523826753,7.99993672539413));
#2130=CARTESIAN_POINT('',(54.7623266217369,-33.6038989829276,7.99992698799422));
#2131=CARTESIAN_POINT('',(54.6746454321607,-33.5845896715525,7.99991796925108));
#2132=CARTESIAN_POINT('',(54.5880574498339,-33.5734240801827,7.9999097290249));
#2133=CARTESIAN_POINT('',(54.5307460697238,-33.5709991459787,7.99990469342475));
#2134=CARTESIAN_POINT('',(54.5025541517474,-33.5709991455117,7.99990231690771));
#2135=CARTESIAN_POINT('',(44.9999905776757,-17.0000004768372,6.99700021743774));
#2136=CARTESIAN_POINT('',(45.9280014038086,-14.1440000534058,6.99700021743774));
#2137=CARTESIAN_POINT('',(45.9280014038086,-14.1440000534058,8.00000000000001));
#2138=CARTESIAN_POINT('',(44.9999905776754,-17.0000004768373,8.00000000000006));
#2139=CARTESIAN_POINT('',(44.9995480899927,-17.0002165559157,6.99700021743774));
#2140=CARTESIAN_POINT('',(47.5019989013672,-17.,6.99700021743774));
#2141=CARTESIAN_POINT('',(47.5019989013672,-17.,-8.5265128291212E-16));
#2142=CARTESIAN_POINT('',(44.9995480899927,-17.0002165559157,-8.88178419700125E-16));
#2143=CARTESIAN_POINT('',(53.35,2.49999999999966,9.80000000000016));
#2144=CARTESIAN_POINT('',(59.05,2.49999999999965,9.80000000000016));
#2145=CARTESIAN_POINT('',(59.05,2.49999999999965,9.80000000000016));
#2146=CARTESIAN_POINT('',(59.05,3.50963091121883,9.80000000000016));
#2147=CARTESIAN_POINT('',(59.05,3.50963091121884,6.50000000000016));
#2148=CARTESIAN_POINT('',(53.35,3.50963091121884,6.50000000000016));
#2149=CARTESIAN_POINT('',(53.35,2.49999999999966,9.80000000000016));
#2150=CARTESIAN_POINT('',(53.35,3.50963091121883,9.80000000000016));
#2151=CARTESIAN_POINT('',(59.05,2.49999999999964,8.15000000000015));
#2152=CARTESIAN_POINT('',(59.05,2.49999999999965,9.80000000000016));
#2153=CARTESIAN_POINT('',(59.05,2.49999999999964,6.50000000000015));
#2154=CARTESIAN_POINT('',(59.05,2.49999999999964,6.50000000000016));
#2155=CARTESIAN_POINT('',(59.05,3.50963091121884,6.50000000000016));
#2156=CARTESIAN_POINT('',(53.35,3.50963091121883,9.80000000000016));
#2157=CARTESIAN_POINT('',(59.05,3.50963091121883,9.80000000000016));
#2158=CARTESIAN_POINT('',(59.05,2.49999999999964,6.50000000000016));
#2159=CARTESIAN_POINT('',(53.35,2.49999999999964,6.50000000000016));
#2160=CARTESIAN_POINT('',(53.35,2.49999999999964,6.50000000000016));
#2161=CARTESIAN_POINT('',(53.35,3.50963091121884,6.50000000000016));
#2162=CARTESIAN_POINT('',(59.05,3.50963091121883,8.15000000000015));
#2163=CARTESIAN_POINT('',(59.05,3.50963091121883,9.80000000000016));
#2164=CARTESIAN_POINT('',(59.05,3.50963091121883,6.50000000000014));
#2165=CARTESIAN_POINT('',(53.35,2.49999999999965,8.15000000000017));
#2166=CARTESIAN_POINT('',(53.35,2.49999999999964,6.50000000000016));
#2167=CARTESIAN_POINT('',(53.35,2.49999999999966,9.80000000000018));
#2168=CARTESIAN_POINT('',(53.35,3.50963091121883,8.15000000000015));
#2169=CARTESIAN_POINT('',(53.35,3.50963091121884,6.50000000000016));
#2170=CARTESIAN_POINT('',(53.35,3.50963091121883,9.80000000000015));
#2171=CARTESIAN_POINT('',(48.4,-20.5000000000003,5.30000000000016));
#2172=CARTESIAN_POINT('',(64.,-20.5000000000003,5.30000000000016));
#2173=CARTESIAN_POINT('',(64.,2.49999999999967,5.30000000000015));
#2174=CARTESIAN_POINT('',(48.4,2.49999999999967,5.30000000000013));
#2175=CARTESIAN_POINT('',(64.,2.49999999999967,13.5400449226184));
#2176=CARTESIAN_POINT('',(64.,2.49999999999967,12.0386281234103));
#2177=CARTESIAN_POINT('',(64.,2.49999999999967,6.50000000000017));
#2178=CARTESIAN_POINT('',(64.,2.49999999999967,5.30000000000015));
#2179=CARTESIAN_POINT('',(64.,-36.,8.00000000000003));
#2180=CARTESIAN_POINT('',(64.,-36.,10.5892163587044));
#2181=CARTESIAN_POINT('',(64.,-36.,12.0906331579125));
#2182=CARTESIAN_POINT('',(48.4,2.49999999999967,8.00000000000015));
#2183=CARTESIAN_POINT('',(48.4,2.49999999999967,5.30000000000013));
#2184=CARTESIAN_POINT('',(48.4,-20.5000000000003,8.00000000000015));
#2185=CARTESIAN_POINT('',(48.4,-20.5000000000003,5.30000000000016));
#2186=CARTESIAN_POINT('',(64.,-20.5000000000003,8.00000000000016));
#2187=CARTESIAN_POINT('',(64.,-20.5000000000003,5.30000000000016));
#2188=CARTESIAN_POINT('',(60.05,3.50963091121884,4.51051517371011));
#2189=CARTESIAN_POINT('',(52.35,3.50963091121883,4.51051517371029));
#2190=CARTESIAN_POINT('',(49.85,3.50963091121883,7.01051517371029));
#2191=CARTESIAN_POINT('',(49.85,3.50963091121883,9.91051517371001));
#2192=CARTESIAN_POINT('',(52.35,3.50963091121883,12.41051517371));
#2193=CARTESIAN_POINT('',(60.05,3.50963091121884,12.41051517371));
#2194=CARTESIAN_POINT('',(62.55,3.50963091121884,9.91051517371));
#2195=CARTESIAN_POINT('',(62.55,3.50963091121884,7.01051517371011));
#2196=CARTESIAN_POINT('',(52.35,3.50963091121883,4.51051517371029));
#2197=CARTESIAN_POINT('',(52.3499999999999,4.47467514975045,4.51051517371029));
#2198=CARTESIAN_POINT('',(60.05,3.50963091121884,4.51051517371011));
#2199=CARTESIAN_POINT('',(60.0499999999999,4.27199739426597,4.51051517371011));
#2200=CARTESIAN_POINT('',(60.05,3.50963091121884,7.0105151737101));
#2201=CARTESIAN_POINT('',(62.55,3.50963091121884,7.01051517371011));
#2202=CARTESIAN_POINT('',(60.05,3.50963091121884,4.51051517371011));
#2203=CARTESIAN_POINT('',(49.8500000000001,4.49688630203113,7.01051517371029));
#2204=CARTESIAN_POINT('',(49.8500000000001,4.49688630203113,9.91051517371001));
#2205=CARTESIAN_POINT('',(62.55,3.50963091121884,7.01051517371011));
#2206=CARTESIAN_POINT('',(62.5500000000001,4.16254976309982,7.01051517371011));
#2207=CARTESIAN_POINT('',(48.5000000000065,-288.15999999975,4.5105151737102));
#2208=CARTESIAN_POINT('',(60.0499999999999,4.27199739426595,4.51051517371011));
#2209=CARTESIAN_POINT('',(52.3499999999999,4.47467514975046,4.51051517371029));
#2210=CARTESIAN_POINT('',(62.55,3.50963091121884,9.91051517371));
#2211=CARTESIAN_POINT('',(62.5500000000001,4.16254976309982,9.91051517371));
#2212=CARTESIAN_POINT('',(52.3500000000001,3.50963091121883,7.0105151737104));
#2213=CARTESIAN_POINT('',(52.35,3.50963091121883,4.51051517371029));
#2214=CARTESIAN_POINT('',(49.85,3.50963091121883,7.01051517371028));
#2215=CARTESIAN_POINT('',(49.85,3.50963091121883,7.01051517371029));
#2216=CARTESIAN_POINT('',(49.8500000000001,4.49688630203113,7.01051517371029));
#2217=CARTESIAN_POINT('',(49.85,3.50963091121883,9.91051517371001));
#2218=CARTESIAN_POINT('',(49.8500000000001,4.49688630203113,9.91051517371001));
#2219=CARTESIAN_POINT('',(52.3500000000001,3.50963091121883,9.91051517370994));
#2220=CARTESIAN_POINT('',(49.85,3.50963091121883,9.91051517371001));
#2221=CARTESIAN_POINT('',(52.35,3.50963091121883,12.41051517371));
#2222=CARTESIAN_POINT('',(52.35,3.50963091121883,12.41051517371));
#2223=CARTESIAN_POINT('',(52.3499999999999,4.47467514975045,12.41051517371));
#2224=CARTESIAN_POINT('',(62.5500000000001,4.16254976309982,9.91051517371));
#2225=CARTESIAN_POINT('',(62.5500000000001,4.16254976309982,7.01051517371011));
#2226=CARTESIAN_POINT('',(60.05,3.50963091121884,12.41051517371));
#2227=CARTESIAN_POINT('',(60.05,4.27199739426596,12.41051517371));
#2228=CARTESIAN_POINT('',(60.0500000000001,3.50963091121884,9.91051517371006));
#2229=CARTESIAN_POINT('',(60.05,3.50963091121884,12.41051517371));
#2230=CARTESIAN_POINT('',(62.55,3.50963091121884,9.91051517371));
#2231=CARTESIAN_POINT('',(65.6,2.84158281888093,13.5529045110939));
#2232=CARTESIAN_POINT('',(65.6,3.16997581974571,-9.83826155576161E-15));
#2233=CARTESIAN_POINT('',(33.,2.49999999999967,13.5400449226184));
#2234=CARTESIAN_POINT('',(33.,-36.,12.0906331579125));
#2235=CARTESIAN_POINT('',(31.4000000000026,2.84163535024725,13.5529064887454));
#2236=CARTESIAN_POINT('',(31.4000000000021,3.15923084948976,13.5648630251874));
#2237=CARTESIAN_POINT('',(31.5234928056314,3.46351676842499,13.5763184950768));
#2238=CARTESIAN_POINT('',(31.9654335898733,3.91926881086774,13.5934762190275));
#2239=CARTESIAN_POINT('',(32.2654625841546,4.0524708398081,13.5984908836465));
#2240=CARTESIAN_POINT('',(32.5820115987783,4.06678392861007,13.5990297293425));
#2241=CARTESIAN_POINT('',(65.6000000000011,-36.7499999999995,12.0623978637949));
#2242=CARTESIAN_POINT('',(65.6,2.84158281888093,13.5529045110939));
#2243=CARTESIAN_POINT('',(31.4,1.29596086004633,-3.91186222039129E-15));
#2244=CARTESIAN_POINT('',(31.4,1.06039249533948,0.000176763819555961));
#2245=CARTESIAN_POINT('',(31.4,0.828176614573169,0.055838935163952));
#2246=CARTESIAN_POINT('',(31.4000000000001,0.408062431617587,0.269071742757675));
#2247=CARTESIAN_POINT('',(31.4000000000001,0.226051243199081,0.423652979448798));
#2248=CARTESIAN_POINT('',(31.4000000000001,0.0868379323237555,0.613680314930666));
#2249=CARTESIAN_POINT('',(65.6000000000001,0.0862971481329492,0.613680363996135));
#2250=CARTESIAN_POINT('',(48.5002533616962,0.821669910022839,0.614861153621094));
#2251=CARTESIAN_POINT('',(31.4000000000001,0.0862583322558844,0.614471313796204));
#2252=CARTESIAN_POINT('',(60.05,4.27199739426596,12.41051517371));
#2253=CARTESIAN_POINT('',(60.3782814895292,4.2590314697507,12.41051517371));
#2254=CARTESIAN_POINT('',(60.7033487603889,4.24561902202098,12.3458599012445));
#2255=CARTESIAN_POINT('',(61.3099419212205,4.2196729350162,12.0946204965246));
#2256=CARTESIAN_POINT('',(61.5855724123891,4.20740143323375,11.9104766672537));
#2257=CARTESIAN_POINT('',(61.8177669529664,4.1968242463077,11.6782821266764));
#2258=CARTESIAN_POINT('',(62.2864660397735,4.17547353822945,11.2095830398692));
#2259=CARTESIAN_POINT('',(62.55,4.16254976309982,10.5737697993182));
#2260=CARTESIAN_POINT('',(62.5500000000001,4.16254976309982,9.91051517371));
#2261=CARTESIAN_POINT('',(65.6,1.29614358541714,6.07686304670174E-14));
#2262=CARTESIAN_POINT('',(65.6,1.0606010529416,2.1703785012249E-8));
#2263=CARTESIAN_POINT('',(65.6,0.828367762242797,0.0554552488293019));
#2264=CARTESIAN_POINT('',(65.6,0.408147036135861,0.268409726765756));
#2265=CARTESIAN_POINT('',(65.6000000000001,0.226102813846257,0.422900858506836));
#2266=CARTESIAN_POINT('',(65.6000000000001,0.0868693094464359,0.61289898649398));
#2267=CARTESIAN_POINT('',(31.4000000000001,0.0862583322558844,0.614471313796204));
#2268=CARTESIAN_POINT('',(31.4000008722502,-0.595834907911787,1.54548942439989));
#2269=CARTESIAN_POINT('',(31.4000020940797,-1.65969652119258,2.63585163975044));
#2270=CARTESIAN_POINT('',(31.4000044884883,-4.17013760078165,3.93324700199559));
#2271=CARTESIAN_POINT('',(31.4000057871825,-5.61547435111453,4.47184587207199));
#2272=CARTESIAN_POINT('',(31.4000071707858,-7.4321198169528,4.49972429928159));
#2273=CARTESIAN_POINT('',(31.4000072048301,-7.47708039184079,4.49989558841688));
#2274=CARTESIAN_POINT('',(31.4000072388471,-7.52204514189995,4.49998707148874));
#2275=CARTESIAN_POINT('',(31.4000072728318,-7.56700773643723,4.49999872418034));
#2276=CARTESIAN_POINT('',(31.4000072753124,-7.5702896088533,4.49999957472394));
#2277=CARTESIAN_POINT('',(31.4000072777928,-7.57357148106418,4.49999999999998));
#2278=CARTESIAN_POINT('',(31.400007280273,-7.57685335430099,4.50000000000001));
#2279=CARTESIAN_POINT('',(64.35,-38.,12.0153390402654));
#2280=CARTESIAN_POINT('',(64.6816792999471,-38.,12.0153390402654));
#2281=CARTESIAN_POINT('',(64.9996801000278,-37.8681840642782,12.0203015225514));
#2282=CARTESIAN_POINT('',(65.4684236659794,-37.3992460119648,12.0379556609915));
#2283=CARTESIAN_POINT('',(65.6,-37.081362095171,12.0499230555061));
#2284=CARTESIAN_POINT('',(65.6000000000011,-36.7499999999995,12.0623978637949));
#2285=CARTESIAN_POINT('',(49.8500000000001,4.49688630203113,9.91051517371001));
#2286=CARTESIAN_POINT('',(49.85,4.49688630203113,10.5735594777362));
#2287=CARTESIAN_POINT('',(50.1133956954552,4.49592830817492,11.209444775098));
#2288=CARTESIAN_POINT('',(50.5822330470337,4.4925925146364,11.6782821266764));
#2289=CARTESIAN_POINT('',(50.8143876189706,4.49094072704227,11.9104366986133));
#2290=CARTESIAN_POINT('',(51.0899927049202,4.48869647364278,12.0945863110758));
#2291=CARTESIAN_POINT('',(51.6966254717334,4.48269885869723,12.3458563364196));
#2292=CARTESIAN_POINT('',(52.0217091756505,4.4789942540162,12.41051517371));
#2293=CARTESIAN_POINT('',(52.3499999999999,4.47467514975045,12.41051517371));
#2294=CARTESIAN_POINT('',(64.4179884012215,4.06678392861009,13.5990297293425));
#2295=CARTESIAN_POINT('',(64.7345440764864,4.05246384120951,13.5984906201698));
#2296=CARTESIAN_POINT('',(65.0345742909261,3.91924838684946,13.5934754501233));
#2297=CARTESIAN_POINT('',(65.4765099387034,3.46347628648073,13.5763169710506));
#2298=CARTESIAN_POINT('',(65.6,3.15918290833374,13.5648612203439));
#2299=CARTESIAN_POINT('',(65.6,2.84158281888093,13.5529045110939));
#2300=CARTESIAN_POINT('',(31.4000000000011,-36.75,12.0623978637948));
#2301=CARTESIAN_POINT('',(31.4,-37.0813620951711,12.0499230555061));
#2302=CARTESIAN_POINT('',(31.5315763340205,-37.3992460119647,12.0379556609915));
#2303=CARTESIAN_POINT('',(32.0003198999721,-37.8681840642782,12.0203015225514));
#2304=CARTESIAN_POINT('',(32.3183207000529,-38.,12.0153390402654));
#2305=CARTESIAN_POINT('',(32.65,-38.,12.0153390402654));
#2306=CARTESIAN_POINT('',(48.499999999992,-288.160000000303,12.410515173751));
#2307=CARTESIAN_POINT('',(52.3499999999999,4.47467514975045,12.41051517371));
#2308=CARTESIAN_POINT('',(60.05,4.27199739426591,12.41051517371));
#2309=CARTESIAN_POINT('',(32.5820115987783,4.06678392861007,13.5990297293425));
#2310=CARTESIAN_POINT('',(43.1861437372126,4.64440535712993,13.6207754772398));
#2311=CARTESIAN_POINT('',(53.8138562627884,4.64440535712991,13.6207754772398));
#2312=CARTESIAN_POINT('',(64.4179884012215,4.06678392861009,13.5990297293425));
#2313=CARTESIAN_POINT('',(64.35,-38.,12.0153390402654));
#2314=CARTESIAN_POINT('',(32.65,-38.,12.0153390402654));
#2315=CARTESIAN_POINT('',(64.,-36.,12.0906331579125));
#2316=CARTESIAN_POINT('',(64.,2.49999999999967,13.5400449226184));
#2317=CARTESIAN_POINT('',(62.5500000000001,4.16254976309982,7.01051517371011));
#2318=CARTESIAN_POINT('',(62.55,4.16254976309983,6.34726054810186));
#2319=CARTESIAN_POINT('',(62.2864660397735,4.17547353822945,5.7114473075509));
#2320=CARTESIAN_POINT('',(61.8177669529664,4.1968242463077,5.24274822074373));
#2321=CARTESIAN_POINT('',(61.5855724123891,4.20740143323375,5.01055368016644));
#2322=CARTESIAN_POINT('',(61.3099419212204,4.2196729350162,4.8264098508955));
#2323=CARTESIAN_POINT('',(60.7033487603889,4.24561902202098,4.57517044617558));
#2324=CARTESIAN_POINT('',(60.3782814895291,4.2590314697507,4.5105151737101));
#2325=CARTESIAN_POINT('',(60.0499999999999,4.27199739426597,4.51051517371011));
#2326=CARTESIAN_POINT('',(55.5028206719292,-38.,10.0030002593994));
#2327=CARTESIAN_POINT('',(54.4980010986328,-38.,10.0030002593994));
#2328=CARTESIAN_POINT('',(54.4980010986328,-36.,10.0030002593994));
#2329=CARTESIAN_POINT('',(55.5028206719292,-36.,10.0030002593994));
#2330=CARTESIAN_POINT('',(54.4980010986328,-38.,10.0030002593994));
#2331=CARTESIAN_POINT('',(54.4980010986328,-36.,10.0030002593994));
#2332=CARTESIAN_POINT('',(55.5028206719292,-38.,10.0030002593994));
#2333=CARTESIAN_POINT('',(55.5028206719292,-36.,10.0030002593994));
#2334=CARTESIAN_POINT('',(42.5019989013672,-38.,10.0030002593994));
#2335=CARTESIAN_POINT('',(41.4970016479492,-38.,10.0030002593994));
#2336=CARTESIAN_POINT('',(41.4970016479492,-38.,10.0030002593994));
#2337=CARTESIAN_POINT('',(41.4970016479492,-36.,10.0030002593994));
#2338=CARTESIAN_POINT('',(41.4970016479492,-36.,10.0030002593994));
#2339=CARTESIAN_POINT('',(42.5019989013672,-36.,10.0030002593994));
#2340=CARTESIAN_POINT('',(42.5019989013672,-38.,10.0030002593994));
#2341=CARTESIAN_POINT('',(42.5019989013672,-36.,10.0030002593994));
#2342=CARTESIAN_POINT('',(42.5019989013672,-38.,4.5));
#2343=CARTESIAN_POINT('',(42.5019989013672,-38.,10.0030002593994));
#2344=CARTESIAN_POINT('',(42.5019989013672,-38.,4.5));
#2345=CARTESIAN_POINT('',(42.5019989013672,-37.,4.5));
#2346=CARTESIAN_POINT('',(42.5019989013672,-37.,4.5));
#2347=CARTESIAN_POINT('',(42.5019989013672,-37.,-1.53918917563643E-16));
#2348=CARTESIAN_POINT('',(42.5019989013672,-37.,-1.53918917563643E-16));
#2349=CARTESIAN_POINT('',(42.5019989013672,-35.0709991455078,3.82222954742679E-16));
#2350=CARTESIAN_POINT('',(42.5019989013672,-36.,10.0030002593994));
#2351=CARTESIAN_POINT('',(42.5019989013672,-36.,6.4980001449585));
#2352=CARTESIAN_POINT('',(42.5019989013672,-35.0709991455078,6.4980001449585));
#2353=CARTESIAN_POINT('',(42.5019989013672,-36.,6.4980001449585));
#2354=CARTESIAN_POINT('',(42.5019989013672,-35.0709991455078,3.82222954742679E-16));
#2355=CARTESIAN_POINT('',(42.5019989013672,-35.0709991455078,1.99800002574921));
#2356=CARTESIAN_POINT('',(42.5019989013672,-35.0709991455078,6.4980001449585));
#2357=CARTESIAN_POINT('',(55.5028206719292,-38.,4.5));
#2358=CARTESIAN_POINT('',(55.5028206719292,-38.,10.0030002593994));
#2359=CARTESIAN_POINT('',(55.5028206719292,-36.,10.0030002593994));
#2360=CARTESIAN_POINT('',(55.5028502852828,-36.,8.00011443033537));
#2361=CARTESIAN_POINT('',(54.4980010986328,-38.,10.0030002593994));
#2362=CARTESIAN_POINT('',(54.4980010986328,-38.,4.5));
#2363=CARTESIAN_POINT('',(54.4980010986328,-37.,4.5));
#2364=CARTESIAN_POINT('',(54.4980010986328,-38.,4.5));
#2365=CARTESIAN_POINT('',(54.4980010986328,-37.,-1.5854993790387E-16));
#2366=CARTESIAN_POINT('',(54.4980010986328,-37.,4.5));
#2367=CARTESIAN_POINT('',(54.4980010986328,-35.0709991455078,3.74928862816212E-16));
#2368=CARTESIAN_POINT('',(54.4980010986328,-37.,-1.5854993790387E-16));
#2369=CARTESIAN_POINT('',(54.4980010986328,-36.,10.0030002593994));
#2370=CARTESIAN_POINT('',(54.4980010986328,-36.,6.4980001449585));
#2371=CARTESIAN_POINT('',(54.4980010986328,-36.,6.4980001449585));
#2372=CARTESIAN_POINT('',(54.4980010986328,-35.0709991455078,6.4980001449585));
#2373=CARTESIAN_POINT('',(54.4980010986328,-35.0709991455078,6.4980001449585));
#2374=CARTESIAN_POINT('',(54.4980010986328,-35.0709991455078,1.99800002574921));
#2375=CARTESIAN_POINT('',(54.4980010986328,-35.0709991455078,3.74928862816212E-16));
#2376=CARTESIAN_POINT('',(41.4970016479492,-38.,10.0030002593994));
#2377=CARTESIAN_POINT('',(41.4970016479492,-38.,4.5));
#2378=CARTESIAN_POINT('',(41.4970016479492,-36.,10.0030002593994));
#2379=CARTESIAN_POINT('',(41.4970016479492,-36.,7.99997557922695));
#2380=CARTESIAN_POINT('',(33.,2.49999999999967,13.5400449226184));
#2381=CARTESIAN_POINT('',(33.,2.49999999999967,12.0386281234103));
#2382=CARTESIAN_POINT('',(33.,2.49999999999967,8.00000000000003));
#2383=CARTESIAN_POINT('',(33.,-36.,8.00000000000003));
#2384=CARTESIAN_POINT('',(33.,-36.,10.5892163587044));
#2385=CARTESIAN_POINT('',(33.,-36.,12.0906331579125));
#2386=CARTESIAN_POINT('',(43.,-37.,2.));
#2387=CARTESIAN_POINT('',(54.,-37.,2.));
#2388=CARTESIAN_POINT('',(54.,-37.,2.));
#2389=CARTESIAN_POINT('',(54.,-37.0993956487554,2.));
#2390=CARTESIAN_POINT('',(43.,-37.0993956487554,2.));
#2391=CARTESIAN_POINT('',(54.,-37.0993956487554,2.));
#2392=CARTESIAN_POINT('',(43.,-37.,2.));
#2393=CARTESIAN_POINT('',(43.,-37.0993956487554,2.));
#2394=CARTESIAN_POINT('',(54.,-37.0993956487554,2.96511824120238E-17));
#2395=CARTESIAN_POINT('',(43.,-37.0993956487554,6.29804906951232E-17));
#2396=CARTESIAN_POINT('',(43.,-37.0985976512883,1.));
#2397=CARTESIAN_POINT('',(43.,-37.0993956487554,1.11022302462516E-16));
#2398=CARTESIAN_POINT('',(43.,-37.0993956487554,2.));
#2399=CARTESIAN_POINT('',(54.,-37.0985976512883,1.));
#2400=CARTESIAN_POINT('',(54.,-37.0993956487554,0.));
#2401=CARTESIAN_POINT('',(54.,-37.0993956487554,2.));
#2402=CARTESIAN_POINT('',(43.,-37.,6.11979716204456E-17));
#2403=CARTESIAN_POINT('',(43.,-37.,2.));
#2404=CARTESIAN_POINT('',(43.,-37.0993956487554,6.29804906951232E-17));
#2405=CARTESIAN_POINT('',(43.,-37.,6.11979716204456E-17));
#2406=CARTESIAN_POINT('',(54.,-37.,2.));
#2407=CARTESIAN_POINT('',(54.,-37.,2.96511824120238E-17));
#2408=CARTESIAN_POINT('',(54.,-37.,2.96511824120238E-17));
#2409=CARTESIAN_POINT('',(54.,-37.0993956487554,2.96511824120238E-17));
#2410=CARTESIAN_POINT('',(65.600000000001,-36.7499999999999,4.5));
#2411=CARTESIAN_POINT('',(65.6000000000011,-36.7499999999995,12.0623978637949));
#2412=CARTESIAN_POINT('',(64.35,-38.,4.49999999999999));
#2413=CARTESIAN_POINT('',(64.35,-38.,12.0153390402654));
#2414=CARTESIAN_POINT('',(64.3500000000001,-36.7499999999991,4.5));
#2415=CARTESIAN_POINT('',(64.35,-38.,4.49999999999999));
#2416=CARTESIAN_POINT('',(65.600000000001,-36.7499999999999,4.5));
#2417=CARTESIAN_POINT('',(31.400000000001,-36.75,4.5));
#2418=CARTESIAN_POINT('',(31.4000000000011,-36.75,12.0623978637948));
#2419=CARTESIAN_POINT('',(32.65,-38.,12.0153390402654));
#2420=CARTESIAN_POINT('',(32.65,-38.,4.5));
#2421=CARTESIAN_POINT('',(32.6500000000002,-36.7500000000008,4.5));
#2422=CARTESIAN_POINT('',(31.400000000001,-36.75,4.5));
#2423=CARTESIAN_POINT('',(32.65,-38.,4.5));
#2424=CARTESIAN_POINT('',(31.4000000000026,2.84163535024725,13.5529064887454));
#2425=CARTESIAN_POINT('',(31.4000000001573,3.17078080852625,3.22672610321651E-15));
#2426=CARTESIAN_POINT('',(32.5820115987783,4.06678392861007,13.5990297293425));
#2427=CARTESIAN_POINT('',(32.5820115987783,4.06678392861008,7.62746918876598E-16));
#2428=CARTESIAN_POINT('',(32.5820115987783,4.06678392861008,7.62746918876598E-16));
#2429=CARTESIAN_POINT('',(31.4000000000786,4.17847142783475,1.99473651104656E-15));
#2430=CARTESIAN_POINT('',(31.4000000001573,3.17078080852625,3.22672610321651E-15));
#2431=CARTESIAN_POINT('',(64.4179884012214,4.0667839286101,-2.01913152320667E-15));
#2432=CARTESIAN_POINT('',(64.4179884012215,4.06678392861009,13.5990297293425));
#2433=CARTESIAN_POINT('',(64.4179884012214,4.0667839286101,-2.01913152320667E-15));
#2434=CARTESIAN_POINT('',(65.5999999999998,4.1780689334445,-5.92869653948442E-15));
#2435=CARTESIAN_POINT('',(65.6,3.16997581974571,-9.83826155576161E-15));
#2436=CARTESIAN_POINT('',(33.,-36.,12.0906331579125));
#2437=CARTESIAN_POINT('',(45.2,-36.,12.0906331579125));
#2438=CARTESIAN_POINT('',(60.3494311668265,-36.,12.0906331579125));
#2439=CARTESIAN_POINT('',(64.,-36.,12.0906331579125));
#2440=CARTESIAN_POINT('',(31.400007280273,-7.57685335430099,4.50000000000001));
#2441=CARTESIAN_POINT('',(31.400000000001,-36.75,4.5));
#2442=CARTESIAN_POINT('',(31.4000000000011,-36.75,12.0623978637948));
#2443=CARTESIAN_POINT('',(31.4000000000026,2.84163535024725,13.5529064887454));
#2444=CARTESIAN_POINT('',(65.600000000001,-36.7499999999999,4.5));
#2445=CARTESIAN_POINT('',(65.6000000000002,-7.57685335430099,4.49999999999984));
#2446=CARTESIAN_POINT('',(33.,2.49999999999967,13.5400449226184));
#2447=CARTESIAN_POINT('',(45.2,2.49999999999965,13.5400449226184));
#2448=CARTESIAN_POINT('',(60.3494311668265,2.49999999999967,13.5400449226184));
#2449=CARTESIAN_POINT('',(64.,2.49999999999967,13.5400449226184));
#2450=CARTESIAN_POINT('',(31.4000000001573,3.17078080852625,3.22672610321651E-15));
#2451=CARTESIAN_POINT('',(48.5000954889075,4.18122573989515,-3.3124364408173E-15));
#2452=CARTESIAN_POINT('',(65.6,3.16997581974571,-9.83826155576161E-15));
#2453=CARTESIAN_POINT('',(65.6,1.29731039126933,6.07230676043683E-14));
#2454=CARTESIAN_POINT('',(48.5000746553775,2.15045191994439,2.83570934183884E-14));
#2455=CARTESIAN_POINT('',(31.4,1.29708573883427,-3.90738352734477E-15));
#2456=CARTESIAN_POINT('',(65.6,3.16997581974571,-9.83826155576161E-15));
#2457=CARTESIAN_POINT('',(65.6,1.29731039126933,6.07230676043683E-14));
#2458=CARTESIAN_POINT('',(31.4000000001573,3.17078080852625,3.22672610321651E-15));
#2459=CARTESIAN_POINT('',(31.4,1.29708573883427,-3.90738352734477E-15));
#2460=CARTESIAN_POINT('',(65.6,1.29731039126933,6.07230676043683E-14));
#2461=CARTESIAN_POINT('',(65.6,1.29614358541714,6.07686304670174E-14));
#2462=CARTESIAN_POINT('',(65.6,1.29614358541714,6.07686304670174E-14));
#2463=CARTESIAN_POINT('',(48.5016070328953,2.14928454509792,3.12825646927328E-10));
#2464=CARTESIAN_POINT('',(31.4,1.29596086004633,-3.91186222039129E-15));
#2465=CARTESIAN_POINT('',(31.4,1.29708573883427,-3.90738352734477E-15));
#2466=CARTESIAN_POINT('',(31.4,1.29596086004633,-3.91186222039129E-15));
#2467=CARTESIAN_POINT('',(65.6000000000001,0.0868693094464359,0.61289898649398));
#2468=CARTESIAN_POINT('',(48.4987406507972,0.822377969305858,0.614074134813223));
#2469=CARTESIAN_POINT('',(31.4000000000001,0.0868379323237555,0.613680314930666));
#2470=CARTESIAN_POINT('',(31.4000000000001,0.0868379323237555,0.613680314930666));
#2471=CARTESIAN_POINT('',(31.4000000000001,0.0866447458551538,0.613943991150145));
#2472=CARTESIAN_POINT('',(31.4000000000001,0.0864515458315145,0.614207657440055));
#2473=CARTESIAN_POINT('',(31.4000000000001,0.0862583322558844,0.614471313796204));
#2474=CARTESIAN_POINT('',(65.6000000000001,0.0868693094464359,0.61289898649398));
#2475=CARTESIAN_POINT('',(65.6000000000001,0.0866785048735766,0.613159384027642));
#2476=CARTESIAN_POINT('',(65.6000000000001,0.0864877843959705,0.613419843249425));
#2477=CARTESIAN_POINT('',(65.6000000000001,0.0862971481329492,0.613680363996135));
#2478=CARTESIAN_POINT('',(65.6000000000002,-7.57685335430099,4.49999999999984));
#2479=CARTESIAN_POINT('',(31.400007280273,-7.57685335430099,4.50000000000001));
#2480=CARTESIAN_POINT('',(65.6000000000001,0.0862971481329492,0.613680363996135));
#2481=CARTESIAN_POINT('',(65.6000000000001,-0.595556682135273,1.54490035479052));
#2482=CARTESIAN_POINT('',(65.6000000000001,-1.65924364610156,2.63558514466313));
#2483=CARTESIAN_POINT('',(65.6000000000001,-4.16991103634307,3.93326616951245));
#2484=CARTESIAN_POINT('',(65.6000000000001,-5.61524702209165,4.47184827358366));
#2485=CARTESIAN_POINT('',(65.6000000000002,-7.43210151391397,4.49972444440267));
#2486=CARTESIAN_POINT('',(65.6000000000002,-7.48034979866742,4.49990818904442));
#2487=CARTESIAN_POINT('',(65.6000000000002,-7.52860301878574,4.50000004950221));
#2488=CARTESIAN_POINT('',(65.6000000000002,-7.57685335430099,4.49999999999984));
#2489=CARTESIAN_POINT('',(48.5,-288.16,7.42939996432833E-13));
#2490=CARTESIAN_POINT('',(64.4179884012214,4.06678392861011,-2.01913152320672E-15));
#2491=CARTESIAN_POINT('',(32.5820115987783,4.06678392861008,7.62746918876491E-16));
#2492=CARTESIAN_POINT('',(52.3499999999999,4.47467514975045,4.51051517371029));
#2493=CARTESIAN_POINT('',(52.0217091756504,4.4789942540162,4.51051517371029));
#2494=CARTESIAN_POINT('',(51.6966254717334,4.48269885869723,4.57517401100071));
#2495=CARTESIAN_POINT('',(51.0899927049201,4.48869647364278,4.82644403634454));
#2496=CARTESIAN_POINT('',(50.8143876189705,4.49094072704226,5.01059364880709));
#2497=CARTESIAN_POINT('',(50.5822330470336,4.4925925146364,5.24274822074397));
#2498=CARTESIAN_POINT('',(50.1133956954552,4.49592830817492,5.71158557232236));
#2499=CARTESIAN_POINT('',(49.85,4.49688630203113,6.34747086968417));
#2500=CARTESIAN_POINT('',(49.8500000000001,4.49688630203113,7.01051517371029));
#2501=CARTESIAN_POINT('',(64.35,-38.,4.49999999999999));
#2502=CARTESIAN_POINT('',(55.5028206719292,-38.,4.5));
#2503=CARTESIAN_POINT('',(41.4970016479492,-38.,4.5));
#2504=CARTESIAN_POINT('',(32.65,-38.,4.5));
#2505=CARTESIAN_POINT('',(42.5019989013672,-37.,4.5));
#2506=CARTESIAN_POINT('',(54.4980010986328,-37.,4.5));
#2507=CARTESIAN_POINT('',(54.4980010986328,-37.,-1.5854993790387E-16));
#2508=CARTESIAN_POINT('',(54.,-37.,2.96511824120238E-17));
#2509=CARTESIAN_POINT('',(43.,-37.,6.11979716204456E-17));
#2510=CARTESIAN_POINT('',(42.5019989013672,-37.,-1.53918917563643E-16));
#2511=CARTESIAN_POINT('',(42.5019989013672,-35.0709991455078,3.82222954742679E-16));
#2512=CARTESIAN_POINT('',(54.4980010986328,-35.0709991455078,3.74928862816212E-16));
#2513=CARTESIAN_POINT('',(54.4980010986328,-35.0709991455078,6.4980001449585));
#2514=CARTESIAN_POINT('',(42.5019989013672,-35.0709991455078,6.4980001449585));
#2515=CARTESIAN_POINT('',(42.5019989013672,-36.,6.4980001449585));
#2516=CARTESIAN_POINT('',(54.4980010986328,-36.,6.4980001449585));
#2517=CARTESIAN_POINT('',(54.4980010986328,-38.,4.5));
#2518=CARTESIAN_POINT('',(42.5019989013672,-38.,4.5));
#2519=CARTESIAN_POINT('',(64.,-20.5000000000003,5.30000000000016));
#2520=CARTESIAN_POINT('',(64.,-18.5000000000003,5.30000000000016));
#2521=CARTESIAN_POINT('',(64.,2.49999999999967,5.30000000000015));
#2522=CARTESIAN_POINT('',(48.4,2.49999999999967,5.30000000000013));
#2523=CARTESIAN_POINT('',(48.4,-18.5000000000003,5.30000000000016));
#2524=CARTESIAN_POINT('',(48.4,-20.5000000000003,5.30000000000016));
#2525=CARTESIAN_POINT('',(55.6842146209702,-9.42899990081787,0.275126506116661));
#2526=CARTESIAN_POINT('',(54.1157853790299,-9.42899990081787,0.275126506116661));
#2527=CARTESIAN_POINT('',(55.6842146209702,-9.42899990081787,1.22487349388334));
#2528=CARTESIAN_POINT('',(54.1157853790299,-9.42899990081787,1.22487349388334));
#2529=CARTESIAN_POINT('',(55.6842146209702,-9.42899990081787,1.22487349388334));
#2530=CARTESIAN_POINT('',(55.6842146209702,-9.42899990081787,0.275126506116661));
#2531=CARTESIAN_POINT('',(54.1157853790299,-9.42899990081787,1.22487349388334));
#2532=CARTESIAN_POINT('',(54.1157853790299,-9.42899990081787,0.275126506116661));
#2533=CARTESIAN_POINT('',(35.,-35.0709991455117,4.89010240627428E-21));
#2534=CARTESIAN_POINT('',(35.,-35.0709991455117,4.5));
#2535=CARTESIAN_POINT('',(41.4970016479492,-35.0709991455117,4.5));
#2536=CARTESIAN_POINT('',(41.4970016479492,-35.0709991455104,-2.86166424780325E-16));
#2537=CARTESIAN_POINT('',(41.4970016479492,-35.0709991455104,-2.86166424780325E-16));
#2538=CARTESIAN_POINT('',(35.,-35.0709991455117,4.89010240627428E-21));
#2539=CARTESIAN_POINT('',(41.4970016479492,-35.0709991455117,4.5));
#2540=CARTESIAN_POINT('',(35.,-35.0709991455117,4.5));
#2541=CARTESIAN_POINT('',(35.,-12.1789999008179,1.17570644515098E-17));
#2542=CARTESIAN_POINT('',(35.,-12.1789999008179,4.5));
#2543=CARTESIAN_POINT('',(35.,-35.0709991455117,4.5));
#2544=CARTESIAN_POINT('',(35.,-16.3840007781982,4.5));
#2545=CARTESIAN_POINT('',(35.,-12.8330001831055,4.5));
#2546=CARTESIAN_POINT('',(35.,-12.1789999008179,4.5));
#2547=CARTESIAN_POINT('',(35.,-35.0709991455117,4.89010240627428E-21));
#2548=CARTESIAN_POINT('',(35.,-12.8330001831055,6.53163262052607E-18));
#2549=CARTESIAN_POINT('',(35.,-12.1789999008179,1.17570644515098E-17));
#2550=CARTESIAN_POINT('',(43.4000463544658,-9.61751186109929,0.0754567163551034));
#2551=CARTESIAN_POINT('',(43.5250484385006,-9.72295961724497,0.069389759444483));
#2552=CARTESIAN_POINT('',(43.6146681705091,-9.86412701614125,0.0612676660250187));
#2553=CARTESIAN_POINT('',(43.6569552820014,-10.0219446647358,0.0521875972899753));
#2554=CARTESIAN_POINT('',(42.8842146209701,-9.42899990081786,0.275126506116661));
#2555=CARTESIAN_POINT('',(42.9674774873744,-9.42899990081786,0.233495072914557));
#2556=CARTESIAN_POINT('',(43.051860222635,-9.44204494755867,0.191148528821081));
#2557=CARTESIAN_POINT('',(43.2147747615377,-9.49549721655454,0.11971566181953));
#2558=CARTESIAN_POINT('',(43.2975412874088,-9.53777867561944,0.0881120534721438));
#2559=CARTESIAN_POINT('',(43.3712237641771,-9.59431722858488,0.0781566803900296));
#2560=CARTESIAN_POINT('',(43.3809783177514,-9.60180216079808,0.0768387249637153));
#2561=CARTESIAN_POINT('',(43.3906003261636,-9.60954349403842,0.075915177884996));
#2562=CARTESIAN_POINT('',(43.4000463544658,-9.61751186109929,0.0754567163551034));
#2563=CARTESIAN_POINT('',(43.4000463544658,-9.61751186109929,1.4245432836449));
#2564=CARTESIAN_POINT('',(43.5250484385006,-9.72295961724497,1.43061024055552));
#2565=CARTESIAN_POINT('',(43.6146681705091,-9.86412701614125,1.43873233397498));
#2566=CARTESIAN_POINT('',(43.6569552820014,-10.0219446647358,1.44781240271003));
#2567=CARTESIAN_POINT('',(42.8842146209701,-9.42899990081786,1.22487349388334));
#2568=CARTESIAN_POINT('',(42.9674774873744,-9.42899990081786,1.26650492708544));
#2569=CARTESIAN_POINT('',(43.051860222635,-9.44204494755867,1.30885147117892));
#2570=CARTESIAN_POINT('',(43.2147747615377,-9.49549721655454,1.38028433818047));
#2571=CARTESIAN_POINT('',(43.2975412874088,-9.53777867561944,1.41188794652786));
#2572=CARTESIAN_POINT('',(43.3712237641771,-9.59431722858488,1.42184331960997));
#2573=CARTESIAN_POINT('',(43.3809783177514,-9.60180216079808,1.42316127503629));
#2574=CARTESIAN_POINT('',(43.3906003261636,-9.60954349403842,1.42408482211501));
#2575=CARTESIAN_POINT('',(43.4000463544658,-9.61751186109929,1.4245432836449));
#2576=CARTESIAN_POINT('',(43.6569552820014,-10.0219446647358,1.44781240271003));
#2577=CARTESIAN_POINT('',(43.6569552820014,-10.0219446647358,0.0521875972899753));
#2578=CARTESIAN_POINT('',(42.8842146209701,-9.42899990081786,1.22487349388334));
#2579=CARTESIAN_POINT('',(42.8842146209701,-9.42899990081786,0.275126506116661));
#2580=CARTESIAN_POINT('',(53.1,-10.9289999008179,5.33162181316421E-16));
#2581=CARTESIAN_POINT('',(53.1810149059995,-10.6266481554572,0.0173958657633255));
#2582=CARTESIAN_POINT('',(53.262029811999,-10.3242964100965,0.0347917315266504));
#2583=CARTESIAN_POINT('',(53.3430447179986,-10.0219446647359,0.0521875972899753));
#2584=CARTESIAN_POINT('',(53.1,-10.9289999008179,1.5));
#2585=CARTESIAN_POINT('',(53.1810149059995,-10.6266481554572,1.48260413423668));
#2586=CARTESIAN_POINT('',(53.262029811999,-10.3242964100965,1.46520826847335));
#2587=CARTESIAN_POINT('',(53.3430447179986,-10.0219446647359,1.44781240271003));
#2588=CARTESIAN_POINT('',(53.3430447179986,-10.0219446647359,1.44781240271003));
#2589=CARTESIAN_POINT('',(53.3430447179986,-10.0219446647359,0.0521875972899753));
#2590=CARTESIAN_POINT('',(53.1,-10.9289999008179,1.5));
#2591=CARTESIAN_POINT('',(53.1,-10.9289999008179,5.33162181316421E-16));
#2592=CARTESIAN_POINT('',(53.3430447179986,-10.0219446647359,0.0521875972899753));
#2593=CARTESIAN_POINT('',(53.3853318294909,-9.8641270161413,0.061267666025016));
#2594=CARTESIAN_POINT('',(53.4749515614994,-9.72295961724495,0.0693897594444843));
#2595=CARTESIAN_POINT('',(53.5999536455342,-9.61751186109929,0.0754567163551034));
#2596=CARTESIAN_POINT('',(53.5999536455342,-9.61751186109929,0.0754567163551034));
#2597=CARTESIAN_POINT('',(53.6093996738364,-9.60954349403846,0.0759151778849944));
#2598=CARTESIAN_POINT('',(53.6190216822487,-9.60180216079803,0.0768387249637247));
#2599=CARTESIAN_POINT('',(53.6287762358229,-9.59431722858488,0.0781566803900306));
#2600=CARTESIAN_POINT('',(53.7024587125912,-9.53777867561943,0.0881120534721479));
#2601=CARTESIAN_POINT('',(53.7852252384623,-9.49549721655453,0.11971566181954));
#2602=CARTESIAN_POINT('',(53.948139777365,-9.44204494755866,0.191148528821098));
#2603=CARTESIAN_POINT('',(54.0325225126257,-9.42899990081787,0.233495072914573));
#2604=CARTESIAN_POINT('',(54.1157853790299,-9.42899990081787,0.275126506116661));
#2605=CARTESIAN_POINT('',(53.3430447179986,-10.0219446647359,1.44781240271003));
#2606=CARTESIAN_POINT('',(53.3853318294909,-9.8641270161413,1.43873233397499));
#2607=CARTESIAN_POINT('',(53.4749515614994,-9.72295961724495,1.43061024055552));
#2608=CARTESIAN_POINT('',(53.5999536455342,-9.61751186109929,1.4245432836449));
#2609=CARTESIAN_POINT('',(53.5999536455342,-9.61751186109929,1.4245432836449));
#2610=CARTESIAN_POINT('',(53.6093996738364,-9.60954349403846,1.42408482211501));
#2611=CARTESIAN_POINT('',(53.6190216822487,-9.60180216079803,1.42316127503628));
#2612=CARTESIAN_POINT('',(53.6287762358229,-9.59431722858488,1.42184331960997));
#2613=CARTESIAN_POINT('',(53.7024587125912,-9.53777867561943,1.41188794652785));
#2614=CARTESIAN_POINT('',(53.7852252384623,-9.49549721655453,1.38028433818046));
#2615=CARTESIAN_POINT('',(53.948139777365,-9.44204494755866,1.3088514711789));
#2616=CARTESIAN_POINT('',(54.0325225126257,-9.42899990081787,1.26650492708543));
#2617=CARTESIAN_POINT('',(54.1157853790299,-9.42899990081787,1.22487349388334));
#2618=CARTESIAN_POINT('',(56.7,-10.9289999008179,-3.1576228924352E-17));
#2619=CARTESIAN_POINT('',(53.1,-10.9289999008179,5.33162181316421E-16));
#2620=CARTESIAN_POINT('',(56.4569552820014,-10.0219446647359,0.0521875972899753));
#2621=CARTESIAN_POINT('',(56.537970188001,-10.3242964100965,0.03479173152665));
#2622=CARTESIAN_POINT('',(56.6189850940005,-10.6266481554572,0.0173958657633248));
#2623=CARTESIAN_POINT('',(56.7,-10.9289999008179,-3.1576228924352E-17));
#2624=CARTESIAN_POINT('',(56.2000463544658,-9.61751186109929,0.0754567163551034));
#2625=CARTESIAN_POINT('',(56.3250484385006,-9.72295961724497,0.069389759444483));
#2626=CARTESIAN_POINT('',(56.4146681705091,-9.86412701614126,0.0612676660250187));
#2627=CARTESIAN_POINT('',(56.4569552820014,-10.0219446647359,0.0521875972899753));
#2628=CARTESIAN_POINT('',(56.2000463544658,-9.61751186109929,0.0754567163551034));
#2629=CARTESIAN_POINT('',(53.5999536455342,-9.61751186109929,0.0754567163551034));
#2630=CARTESIAN_POINT('',(43.4000463544658,-9.61751186109929,0.0754567163551034));
#2631=CARTESIAN_POINT('',(40.7999536455342,-9.61751186109929,0.0754567163551034));
#2632=CARTESIAN_POINT('',(40.7999536455342,-9.61751186109929,0.0754567163551034));
#2633=CARTESIAN_POINT('',(40.8093996738364,-9.60954349403845,0.0759151778849944));
#2634=CARTESIAN_POINT('',(40.8190216822487,-9.60180216079803,0.0768387249637247));
#2635=CARTESIAN_POINT('',(40.8287762358229,-9.59431722858487,0.0781566803900306));
#2636=CARTESIAN_POINT('',(40.9024587125912,-9.53777867561942,0.0881120534721478));
#2637=CARTESIAN_POINT('',(40.9852252384623,-9.49549721655453,0.11971566181954));
#2638=CARTESIAN_POINT('',(41.148139777365,-9.44204494755866,0.191148528821098));
#2639=CARTESIAN_POINT('',(41.2325225126257,-9.42899990081786,0.233495072914573));
#2640=CARTESIAN_POINT('',(41.3157853790298,-9.42899990081786,0.275126506116661));
#2641=CARTESIAN_POINT('',(42.8842146209701,-9.42899990081786,0.275126506116661));
#2642=CARTESIAN_POINT('',(41.3157853790298,-9.42899990081786,0.275126506116661));
#2643=CARTESIAN_POINT('',(43.9,-10.9289999008179,-5.50308984352887E-17));
#2644=CARTESIAN_POINT('',(40.3,-10.9289999008179,-3.51644748873565E-17));
#2645=CARTESIAN_POINT('',(43.6569552820014,-10.0219446647358,0.0521875972899753));
#2646=CARTESIAN_POINT('',(43.7379701880009,-10.3242964100965,0.03479173152665));
#2647=CARTESIAN_POINT('',(43.8189850940005,-10.6266481554572,0.0173958657633248));
#2648=CARTESIAN_POINT('',(43.9,-10.9289999008179,-5.50308984352887E-17));
#2649=CARTESIAN_POINT('',(40.5430447179986,-10.0219446647358,0.0521875972899753));
#2650=CARTESIAN_POINT('',(40.5853318294909,-9.8641270161413,0.061267666025016));
#2651=CARTESIAN_POINT('',(40.6749515614994,-9.72295961724495,0.0693897594444842));
#2652=CARTESIAN_POINT('',(40.7999536455342,-9.61751186109929,0.0754567163551034));
#2653=CARTESIAN_POINT('',(40.3,-10.9289999008179,-3.51644748873565E-17));
#2654=CARTESIAN_POINT('',(40.3810149059995,-10.6266481554572,0.0173958657633251));
#2655=CARTESIAN_POINT('',(40.4620298119991,-10.3242964100965,0.0347917315266502));
#2656=CARTESIAN_POINT('',(40.5430447179986,-10.0219446647358,0.0521875972899753));
#2657=CARTESIAN_POINT('',(40.3,-10.9289999008179,1.5));
#2658=CARTESIAN_POINT('',(40.3810149059995,-10.6266481554572,1.48260413423668));
#2659=CARTESIAN_POINT('',(40.4620298119991,-10.3242964100965,1.46520826847335));
#2660=CARTESIAN_POINT('',(40.5430447179986,-10.0219446647358,1.44781240271003));
#2661=CARTESIAN_POINT('',(40.5430447179986,-10.0219446647358,1.44781240271003));
#2662=CARTESIAN_POINT('',(40.5430447179986,-10.0219446647358,0.0521875972899753));
#2663=CARTESIAN_POINT('',(40.3,-10.9289999008179,1.5));
#2664=CARTESIAN_POINT('',(40.3,-10.9289999008179,-3.51644748873565E-17));
#2665=CARTESIAN_POINT('',(40.5430447179986,-10.0219446647358,1.44781240271003));
#2666=CARTESIAN_POINT('',(40.5853318294909,-9.8641270161413,1.43873233397499));
#2667=CARTESIAN_POINT('',(40.6749515614994,-9.72295961724495,1.43061024055552));
#2668=CARTESIAN_POINT('',(40.7999536455342,-9.61751186109929,1.4245432836449));
#2669=CARTESIAN_POINT('',(40.7999536455342,-9.61751186109929,1.4245432836449));
#2670=CARTESIAN_POINT('',(40.8093996738364,-9.60954349403845,1.42408482211501));
#2671=CARTESIAN_POINT('',(40.8190216822487,-9.60180216079803,1.42316127503628));
#2672=CARTESIAN_POINT('',(40.8287762358229,-9.59431722858487,1.42184331960997));
#2673=CARTESIAN_POINT('',(40.9024587125912,-9.53777867561942,1.41188794652785));
#2674=CARTESIAN_POINT('',(40.9852252384623,-9.49549721655453,1.38028433818046));
#2675=CARTESIAN_POINT('',(41.148139777365,-9.44204494755866,1.3088514711789));
#2676=CARTESIAN_POINT('',(41.2325225126257,-9.42899990081786,1.26650492708543));
#2677=CARTESIAN_POINT('',(41.3157853790298,-9.42899990081786,1.22487349388334));
#2678=CARTESIAN_POINT('',(41.3157853790298,-9.42899990081786,1.22487349388334));
#2679=CARTESIAN_POINT('',(41.3157853790298,-9.42899990081786,0.275126506116661));
#2680=CARTESIAN_POINT('',(56.2000463544658,-9.61751186109929,1.4245432836449));
#2681=CARTESIAN_POINT('',(53.5999536455342,-9.61751186109929,1.4245432836449));
#2682=CARTESIAN_POINT('',(55.6842146209702,-9.42899990081787,1.22487349388334));
#2683=CARTESIAN_POINT('',(55.7674774873744,-9.42899990081787,1.26650492708544));
#2684=CARTESIAN_POINT('',(55.851860222635,-9.44204494755867,1.30885147117892));
#2685=CARTESIAN_POINT('',(56.0147747615377,-9.49549721655454,1.38028433818047));
#2686=CARTESIAN_POINT('',(56.0975412874088,-9.53777867561944,1.41188794652786));
#2687=CARTESIAN_POINT('',(56.1712237641771,-9.59431722858488,1.42184331960997));
#2688=CARTESIAN_POINT('',(56.1809783177514,-9.60180216079809,1.42316127503629));
#2689=CARTESIAN_POINT('',(56.1906003261635,-9.60954349403843,1.42408482211501));
#2690=CARTESIAN_POINT('',(56.2000463544658,-9.61751186109929,1.4245432836449));
#2691=CARTESIAN_POINT('',(56.7,-10.9289999008179,1.5));
#2692=CARTESIAN_POINT('',(53.1,-10.9289999008179,1.5));
#2693=CARTESIAN_POINT('',(56.4569552820014,-10.0219446647359,1.44781240271003));
#2694=CARTESIAN_POINT('',(56.537970188001,-10.3242964100965,1.46520826847335));
#2695=CARTESIAN_POINT('',(56.6189850940005,-10.6266481554572,1.48260413423668));
#2696=CARTESIAN_POINT('',(56.7,-10.9289999008179,1.5));
#2697=CARTESIAN_POINT('',(56.2000463544658,-9.61751186109929,1.4245432836449));
#2698=CARTESIAN_POINT('',(56.3250484385006,-9.72295961724497,1.43061024055552));
#2699=CARTESIAN_POINT('',(56.4146681705091,-9.86412701614126,1.43873233397498));
#2700=CARTESIAN_POINT('',(56.4569552820014,-10.0219446647359,1.44781240271003));
#2701=CARTESIAN_POINT('',(42.8842146209701,-9.42899990081786,1.22487349388334));
#2702=CARTESIAN_POINT('',(41.3157853790298,-9.42899990081786,1.22487349388334));
#2703=CARTESIAN_POINT('',(43.6569552820014,-10.0219446647358,1.44781240271003));
#2704=CARTESIAN_POINT('',(43.7379701880009,-10.3242964100965,1.46520826847335));
#2705=CARTESIAN_POINT('',(43.8189850940005,-10.6266481554572,1.48260413423668));
#2706=CARTESIAN_POINT('',(43.9,-10.9289999008179,1.5));
#2707=CARTESIAN_POINT('',(43.9,-10.9289999008179,1.5));
#2708=CARTESIAN_POINT('',(43.9,-10.9289999008179,-5.50308984352887E-17));
#2709=CARTESIAN_POINT('',(36.25,-12.1789999008179,1.56760859353464E-17));
#2710=CARTESIAN_POINT('',(35.,-12.1789999008179,1.17570644515098E-17));
#2711=CARTESIAN_POINT('',(36.25,-10.9289999008179,1.9595107419183E-17));
#2712=CARTESIAN_POINT('',(36.25,-10.9289999008179,1.9595107419183E-17));
#2713=CARTESIAN_POINT('',(36.25,-10.9289999008179,4.5));
#2714=CARTESIAN_POINT('',(36.25,-12.1789999008179,4.5));
#2715=CARTESIAN_POINT('',(35.,-12.1789999008179,4.5));
#2716=CARTESIAN_POINT('',(36.25,-10.9289999008179,4.5));
#2717=CARTESIAN_POINT('',(43.4000463544658,-9.61751186109929,1.4245432836449));
#2718=CARTESIAN_POINT('',(40.7999536455342,-9.61751186109929,1.4245432836449));
#2719=CARTESIAN_POINT('',(43.9,-10.9289999008179,1.5));
#2720=CARTESIAN_POINT('',(40.3,-10.9289999008179,1.5));
#2721=CARTESIAN_POINT('',(55.6842146209702,-9.42899990081787,0.275126506116661));
#2722=CARTESIAN_POINT('',(55.7674774873744,-9.42899990081787,0.233495072914557));
#2723=CARTESIAN_POINT('',(55.851860222635,-9.44204494755867,0.191148528821081));
#2724=CARTESIAN_POINT('',(56.0147747615377,-9.49549721655454,0.11971566181953));
#2725=CARTESIAN_POINT('',(56.0975412874088,-9.53777867561944,0.0881120534721438));
#2726=CARTESIAN_POINT('',(56.1712237641771,-9.59431722858488,0.0781566803900296));
#2727=CARTESIAN_POINT('',(56.1809783177514,-9.60180216079809,0.0768387249637154));
#2728=CARTESIAN_POINT('',(56.1906003261635,-9.60954349403843,0.0759151778849961));
#2729=CARTESIAN_POINT('',(56.2000463544658,-9.61751186109929,0.0754567163551034));
#2730=CARTESIAN_POINT('',(42.4970016479492,-34.5709991455117,3.23355944386121E-13));
#2731=CARTESIAN_POINT('',(42.4970016479492,-33.5709991455117,-1.47375384060563E-15));
#2732=CARTESIAN_POINT('',(41.4970016479492,-34.5709991455117,-2.27852536675198E-15));
#2733=CARTESIAN_POINT('',(55.5025711242908,-34.5709991018993,5.92048209489606E-14));
#2734=CARTESIAN_POINT('',(55.5025626379648,-33.5709991237055,-7.50970856006078E-14));
#2735=CARTESIAN_POINT('',(54.502554151747,-33.5709991455117,-2.21747813471403E-15));
#2736=CARTESIAN_POINT('',(41.4970016479492,-35.0709991455104,-2.86166424780325E-16));
#2737=CARTESIAN_POINT('',(41.4970016479492,-34.5709991455117,-2.27852536675317E-15));
#2738=CARTESIAN_POINT('',(41.4970016479492,-38.,4.5));
#2739=CARTESIAN_POINT('',(41.4970016479492,-37.,4.5));
#2740=CARTESIAN_POINT('',(41.4970016479492,-35.0709991455117,4.5));
#2741=CARTESIAN_POINT('',(55.5025711242908,-34.5709991018993,5.92048209489606E-14));
#2742=CARTESIAN_POINT('',(55.5026070801773,-35.0709991455104,1.07085034030246E-14));
#2743=CARTESIAN_POINT('',(55.502554151747,-35.0709991455117,4.5));
#2744=CARTESIAN_POINT('',(55.5027296783804,-37.,4.5));
#2745=CARTESIAN_POINT('',(55.5028206719292,-38.,4.5));
#2746=CARTESIAN_POINT('',(55.5026070801773,-35.0709991455104,1.07085034030246E-14));
#2747=CARTESIAN_POINT('',(55.502554151747,-35.0709991455117,4.5));
#2748=CARTESIAN_POINT('',(60.75,-10.9289999008179,4.5));
#2749=CARTESIAN_POINT('',(59.9529991149902,-10.9289999008179,4.5));
#2750=CARTESIAN_POINT('',(57.3440017700195,-10.9289999008179,4.5));
#2751=CARTESIAN_POINT('',(49.1520004272461,-10.9289999008179,4.5));
#2752=CARTESIAN_POINT('',(37.0470008850098,-10.9289999008179,4.5));
#2753=CARTESIAN_POINT('',(36.25,-10.9289999008179,4.5));
#2754=CARTESIAN_POINT('',(61.9997778998481,-35.0709991455117,4.5));
#2755=CARTESIAN_POINT('',(55.502554151747,-35.0709991455117,4.5));
#2756=CARTESIAN_POINT('',(61.9997778998481,-35.0709991455117,4.5));
#2757=CARTESIAN_POINT('',(61.9998002437294,-32.7680015563964,4.5));
#2758=CARTESIAN_POINT('',(61.9999936548328,-12.8330001831055,4.5));
#2759=CARTESIAN_POINT('',(62.,-12.1789999008179,4.5));
#2760=CARTESIAN_POINT('',(56.4569552820014,-10.0219446647359,1.44781240271003));
#2761=CARTESIAN_POINT('',(56.4569552820014,-10.0219446647359,0.0521875972899753));
#2762=CARTESIAN_POINT('',(56.7,-10.9289999008179,1.5));
#2763=CARTESIAN_POINT('',(56.7,-10.9289999008179,-3.1576228924352E-17));
#2764=CARTESIAN_POINT('',(61.9997778998481,-35.0709991455117,4.5));
#2765=CARTESIAN_POINT('',(61.9998519332321,-35.0709991455117,-1.43093705967449E-16));
#2766=CARTESIAN_POINT('',(61.9998519332321,-35.0709991455117,-1.43093705967449E-16));
#2767=CARTESIAN_POINT('',(55.5026070801773,-35.0709991455104,1.07085034030246E-14));
#2768=CARTESIAN_POINT('',(62.,-12.1789999008179,-6.38115034989291E-17));
#2769=CARTESIAN_POINT('',(62.,-12.1789999008179,4.5));
#2770=CARTESIAN_POINT('',(62.,-12.1789999008179,-6.38115034989291E-17));
#2771=CARTESIAN_POINT('',(61.9999957698886,-12.8330001831055,-3.95384219004356E-17));
#2772=CARTESIAN_POINT('',(61.9998519332321,-35.0709991455117,-1.43093705967449E-16));
#2773=CARTESIAN_POINT('',(53.1,-10.9289999008179,5.33162181316421E-16));
#2774=CARTESIAN_POINT('',(52.8,-10.9289999008179,-3.54508352771828E-17));
#2775=CARTESIAN_POINT('',(44.2,-10.9289999008179,6.55660860646084E-16));
#2776=CARTESIAN_POINT('',(43.9,-10.9289999008179,-5.50308984352887E-17));
#2777=CARTESIAN_POINT('',(40.3,-10.9289999008179,-3.51644748873565E-17));
#2778=CARTESIAN_POINT('',(40.,-10.9289999008179,-6.39847103313063E-17));
#2779=CARTESIAN_POINT('',(37.0470008850098,-10.9289999008179,-2.89191328041218E-17));
#2780=CARTESIAN_POINT('',(36.25,-10.9289999008179,1.9595107419183E-17));
#2781=CARTESIAN_POINT('',(60.75,-10.9289999008179,-1.06352505831548E-16));
#2782=CARTESIAN_POINT('',(59.9529991149902,-10.9289999008179,-7.09016705543656E-17));
#2783=CARTESIAN_POINT('',(57.,-10.9289999008179,6.79115530157021E-16));
#2784=CARTESIAN_POINT('',(56.7,-10.9289999008179,-3.1576228924352E-17));
#2785=CARTESIAN_POINT('',(60.75,-12.1789999008179,-8.50820046652385E-17));
#2786=CARTESIAN_POINT('',(62.,-12.1789999008179,-6.38115034989291E-17));
#2787=CARTESIAN_POINT('',(60.75,-10.9289999008179,-1.06352505831548E-16));
#2788=CARTESIAN_POINT('',(60.75,-10.9289999008179,-1.06352505831548E-16));
#2789=CARTESIAN_POINT('',(60.75,-10.9289999008179,4.5));
#2790=CARTESIAN_POINT('',(60.75,-12.1789999008179,4.5));
#2791=CARTESIAN_POINT('',(62.,-12.1789999008179,4.5));
#2792=CARTESIAN_POINT('',(60.75,-10.9289999008179,4.5));
#2793=CARTESIAN_POINT('',(41.4970016479492,-34.5709991455117,-2.27852536675317E-15));
#2794=CARTESIAN_POINT('',(41.4970016479492,-34.5709991508949,6.99702584849565));
#2795=CARTESIAN_POINT('',(41.4970016479492,-34.5709991516666,7.99995604260849));
#2796=CARTESIAN_POINT('',(55.5026497430933,-34.5709991490724,8.00007090391516));
#2797=CARTESIAN_POINT('',(55.50261376767,-34.570999150555,6.99720587094198));
#2798=CARTESIAN_POINT('',(55.5025711242908,-34.5709991018993,5.92048209489606E-14));
#2799=CARTESIAN_POINT('',(54.502554151747,-33.5709991455117,-2.21747813471403E-15));
#2800=CARTESIAN_POINT('',(54.502554151747,-33.5709991455117,6.99700021743774));
#2801=CARTESIAN_POINT('',(54.5025541517474,-33.5709991455117,7.99990231690771));
#2802=CARTESIAN_POINT('',(42.4970016479492,-33.5709991455117,7.99995115845387));
#2803=CARTESIAN_POINT('',(42.4970016479492,-33.5709991455117,6.99700021743775));
#2804=CARTESIAN_POINT('',(42.4970016479492,-33.5709991455117,-1.47375384060561E-15));
#2805=CARTESIAN_POINT('',(0.,0.,0.));
ENDSEC;
END-ISO-10303-21;
