ISO-10303-21;
HEADER;
/* Generated by software containing ST-Developer
 * from STEP Tools, Inc. (www.steptools.com) 
 */
/* OPTION: using custom schema-name function */

FILE_DESCRIPTION(
/* description */ (''),
/* implementation_level */ '2;1');

FILE_NAME(
/* name */ 'Bottom_MicroUSB_slope',
/* time_stamp */ '2026-05-24T09:33:19+02:00',
/* author */ (''),
/* organization */ (''),
/* preprocessor_version */ 'ST-DEVELOPER v19.2',
/* originating_system */ 'Rhino 8.31',
/* authorisation */ '');

FILE_SCHEMA (('CONFIG_CONTROL_DESIGN'));
ENDSEC;

DATA;
#10=SHAPE_REPRESENTATION_RELATIONSHIP('','',#1727,#12);
#11=MANIFOLD_SOLID_BREP('brep_1',#13);
#12=ADVANCED_BREP_SHAPE_REPRESENTATION('brep_rep_0',(#11,#1850),#1726);
#13=CLOSED_SHELL('',(#14,#15,#16,#17,#18,#19,#20,#21,#22,#23,#24,#25,#26,
#27,#28,#29,#30,#31,#32,#33,#34,#35,#36,#37,#38,#39,#40,#41,#42,#43,#44,
#45,#46,#47,#48,#49,#50,#51,#52,#53,#54,#55,#56,#57,#58,#59,#60,#61,#62,
#63,#64,#65,#66,#67,#68,#69,#70,#71,#72,#73,#74,#75,#76,#77,#78,#79,#80,
#81,#82,#83,#84,#85,#86,#87,#88,#89,#90,#91,#92,#93,#94,#95,#96,#97,#98,
#99,#100,#101,#102,#103,#104,#105));
#14=ADVANCED_FACE('',(#113,#106),#1582,.T.);
#15=ADVANCED_FACE('',(#114),#1553,.F.);
#16=ADVANCED_FACE('',(#115),#1583,.T.);
#17=ADVANCED_FACE('',(#116),#1554,.F.);
#18=ADVANCED_FACE('',(#117),#1584,.T.);
#19=ADVANCED_FACE('',(#118),#1555,.F.);
#20=ADVANCED_FACE('',(#119),#1585,.T.);
#21=ADVANCED_FACE('',(#120),#1556,.F.);
#22=ADVANCED_FACE('',(#121),#1586,.T.);
#23=ADVANCED_FACE('',(#122),#1557,.F.);
#24=ADVANCED_FACE('',(#123),#1587,.T.);
#25=ADVANCED_FACE('',(#124),#1558,.F.);
#26=ADVANCED_FACE('',(#125),#1588,.T.);
#27=ADVANCED_FACE('',(#126),#1559,.F.);
#28=ADVANCED_FACE('',(#127),#1589,.T.);
#29=ADVANCED_FACE('',(#128),#1560,.F.);
#30=ADVANCED_FACE('',(#129),#1590,.T.);
#31=ADVANCED_FACE('',(#130),#1561,.F.);
#32=ADVANCED_FACE('',(#131),#1591,.T.);
#33=ADVANCED_FACE('',(#132),#1562,.F.);
#34=ADVANCED_FACE('',(#133),#1592,.T.);
#35=ADVANCED_FACE('',(#134),#1593,.T.);
#36=ADVANCED_FACE('',(#135),#1594,.T.);
#37=ADVANCED_FACE('',(#136),#1595,.T.);
#38=ADVANCED_FACE('',(#137),#1596,.T.);
#39=ADVANCED_FACE('',(#138),#1597,.T.);
#40=ADVANCED_FACE('',(#139),#1598,.T.);
#41=ADVANCED_FACE('',(#140),#1599,.T.);
#42=ADVANCED_FACE('',(#141),#1600,.T.);
#43=ADVANCED_FACE('',(#142,#107),#1601,.T.);
#44=ADVANCED_FACE('',(#143),#1602,.T.);
#45=ADVANCED_FACE('',(#144),#1563,.T.);
#46=ADVANCED_FACE('',(#145),#1603,.T.);
#47=ADVANCED_FACE('',(#146),#1604,.T.);
#48=ADVANCED_FACE('',(#147),#1564,.T.);
#49=ADVANCED_FACE('',(#148),#1565,.T.);
#50=ADVANCED_FACE('',(#149),#1549,.T.);
#51=ADVANCED_FACE('',(#150),#1550,.T.);
#52=ADVANCED_FACE('',(#151),#1605,.T.);
#53=ADVANCED_FACE('',(#152),#1606,.T.);
#54=ADVANCED_FACE('',(#153),#1607,.T.);
#55=ADVANCED_FACE('',(#154),#1608,.T.);
#56=ADVANCED_FACE('',(#155),#1566,.F.);
#57=ADVANCED_FACE('',(#156),#1551,.T.);
#58=ADVANCED_FACE('',(#157),#1552,.T.);
#59=ADVANCED_FACE('',(#158),#1609,.T.);
#60=ADVANCED_FACE('',(#159,#108),#1567,.T.);
#61=ADVANCED_FACE('',(#160),#1610,.T.);
#62=ADVANCED_FACE('',(#161),#1611,.T.);
#63=ADVANCED_FACE('',(#162),#1612,.T.);
#64=ADVANCED_FACE('',(#163),#1613,.T.);
#65=ADVANCED_FACE('',(#164),#1614,.T.);
#66=ADVANCED_FACE('',(#165),#1615,.T.);
#67=ADVANCED_FACE('',(#166),#1616,.T.);
#68=ADVANCED_FACE('',(#167),#1617,.T.);
#69=ADVANCED_FACE('',(#168,#109),#1618,.T.);
#70=ADVANCED_FACE('',(#169),#1568,.F.);
#71=ADVANCED_FACE('',(#170,#110),#1619,.T.);
#72=ADVANCED_FACE('',(#171),#1569,.F.);
#73=ADVANCED_FACE('',(#172,#111),#1620,.T.);
#74=ADVANCED_FACE('',(#173),#1621,.T.);
#75=ADVANCED_FACE('',(#174),#1622,.T.);
#76=ADVANCED_FACE('',(#175),#1623,.T.);
#77=ADVANCED_FACE('',(#176),#1570,.T.);
#78=ADVANCED_FACE('',(#177),#1624,.T.);
#79=ADVANCED_FACE('',(#178),#1571,.T.);
#80=ADVANCED_FACE('',(#179),#1625,.T.);
#81=ADVANCED_FACE('',(#180),#1572,.T.);
#82=ADVANCED_FACE('',(#181),#1626,.T.);
#83=ADVANCED_FACE('',(#182),#1627,.T.);
#84=ADVANCED_FACE('',(#183),#1573,.T.);
#85=ADVANCED_FACE('',(#184),#1574,.T.);
#86=ADVANCED_FACE('',(#185),#1628,.T.);
#87=ADVANCED_FACE('',(#186),#1629,.T.);
#88=ADVANCED_FACE('',(#187),#1630,.T.);
#89=ADVANCED_FACE('',(#188),#1575,.T.);
#90=ADVANCED_FACE('',(#189),#1576,.T.);
#91=ADVANCED_FACE('',(#190),#1631,.T.);
#92=ADVANCED_FACE('',(#191),#1577,.T.);
#93=ADVANCED_FACE('',(#192),#1578,.F.);
#94=ADVANCED_FACE('',(#193),#1579,.F.);
#95=ADVANCED_FACE('',(#194),#1632,.T.);
#96=ADVANCED_FACE('',(#195),#1633,.T.);
#97=ADVANCED_FACE('',(#196),#1634,.T.);
#98=ADVANCED_FACE('',(#197),#1635,.T.);
#99=ADVANCED_FACE('',(#198),#1580,.T.);
#100=ADVANCED_FACE('',(#199),#1636,.T.);
#101=ADVANCED_FACE('',(#200),#1637,.T.);
#102=ADVANCED_FACE('',(#201,#112),#1638,.T.);
#103=ADVANCED_FACE('',(#202),#1581,.T.);
#104=ADVANCED_FACE('',(#203),#1639,.T.);
#105=ADVANCED_FACE('',(#204),#1640,.T.);
#106=FACE_BOUND('',#206,.T.);
#107=FACE_BOUND('',#236,.T.);
#108=FACE_BOUND('',#254,.T.);
#109=FACE_BOUND('',#264,.T.);
#110=FACE_BOUND('',#267,.T.);
#111=FACE_BOUND('',#270,.T.);
#112=FACE_BOUND('',#300,.T.);
#113=FACE_OUTER_BOUND('',#205,.T.);
#114=FACE_OUTER_BOUND('',#207,.T.);
#115=FACE_OUTER_BOUND('',#208,.T.);
#116=FACE_OUTER_BOUND('',#209,.T.);
#117=FACE_OUTER_BOUND('',#210,.T.);
#118=FACE_OUTER_BOUND('',#211,.T.);
#119=FACE_OUTER_BOUND('',#212,.T.);
#120=FACE_OUTER_BOUND('',#213,.T.);
#121=FACE_OUTER_BOUND('',#214,.T.);
#122=FACE_OUTER_BOUND('',#215,.T.);
#123=FACE_OUTER_BOUND('',#216,.T.);
#124=FACE_OUTER_BOUND('',#217,.T.);
#125=FACE_OUTER_BOUND('',#218,.T.);
#126=FACE_OUTER_BOUND('',#219,.T.);
#127=FACE_OUTER_BOUND('',#220,.T.);
#128=FACE_OUTER_BOUND('',#221,.T.);
#129=FACE_OUTER_BOUND('',#222,.T.);
#130=FACE_OUTER_BOUND('',#223,.T.);
#131=FACE_OUTER_BOUND('',#224,.T.);
#132=FACE_OUTER_BOUND('',#225,.T.);
#133=FACE_OUTER_BOUND('',#226,.T.);
#134=FACE_OUTER_BOUND('',#227,.T.);
#135=FACE_OUTER_BOUND('',#228,.T.);
#136=FACE_OUTER_BOUND('',#229,.T.);
#137=FACE_OUTER_BOUND('',#230,.T.);
#138=FACE_OUTER_BOUND('',#231,.T.);
#139=FACE_OUTER_BOUND('',#232,.T.);
#140=FACE_OUTER_BOUND('',#233,.T.);
#141=FACE_OUTER_BOUND('',#234,.T.);
#142=FACE_OUTER_BOUND('',#235,.T.);
#143=FACE_OUTER_BOUND('',#237,.T.);
#144=FACE_OUTER_BOUND('',#238,.T.);
#145=FACE_OUTER_BOUND('',#239,.T.);
#146=FACE_OUTER_BOUND('',#240,.T.);
#147=FACE_OUTER_BOUND('',#241,.T.);
#148=FACE_OUTER_BOUND('',#242,.T.);
#149=FACE_OUTER_BOUND('',#243,.T.);
#150=FACE_OUTER_BOUND('',#244,.T.);
#151=FACE_OUTER_BOUND('',#245,.T.);
#152=FACE_OUTER_BOUND('',#246,.T.);
#153=FACE_OUTER_BOUND('',#247,.T.);
#154=FACE_OUTER_BOUND('',#248,.T.);
#155=FACE_OUTER_BOUND('',#249,.T.);
#156=FACE_OUTER_BOUND('',#250,.T.);
#157=FACE_OUTER_BOUND('',#251,.T.);
#158=FACE_OUTER_BOUND('',#252,.T.);
#159=FACE_OUTER_BOUND('',#253,.T.);
#160=FACE_OUTER_BOUND('',#255,.T.);
#161=FACE_OUTER_BOUND('',#256,.T.);
#162=FACE_OUTER_BOUND('',#257,.T.);
#163=FACE_OUTER_BOUND('',#258,.T.);
#164=FACE_OUTER_BOUND('',#259,.T.);
#165=FACE_OUTER_BOUND('',#260,.T.);
#166=FACE_OUTER_BOUND('',#261,.T.);
#167=FACE_OUTER_BOUND('',#262,.T.);
#168=FACE_OUTER_BOUND('',#263,.T.);
#169=FACE_OUTER_BOUND('',#265,.T.);
#170=FACE_OUTER_BOUND('',#266,.T.);
#171=FACE_OUTER_BOUND('',#268,.T.);
#172=FACE_OUTER_BOUND('',#269,.T.);
#173=FACE_OUTER_BOUND('',#271,.T.);
#174=FACE_OUTER_BOUND('',#272,.T.);
#175=FACE_OUTER_BOUND('',#273,.T.);
#176=FACE_OUTER_BOUND('',#274,.T.);
#177=FACE_OUTER_BOUND('',#275,.T.);
#178=FACE_OUTER_BOUND('',#276,.T.);
#179=FACE_OUTER_BOUND('',#277,.T.);
#180=FACE_OUTER_BOUND('',#278,.T.);
#181=FACE_OUTER_BOUND('',#279,.T.);
#182=FACE_OUTER_BOUND('',#280,.T.);
#183=FACE_OUTER_BOUND('',#281,.T.);
#184=FACE_OUTER_BOUND('',#282,.T.);
#185=FACE_OUTER_BOUND('',#283,.T.);
#186=FACE_OUTER_BOUND('',#284,.T.);
#187=FACE_OUTER_BOUND('',#285,.T.);
#188=FACE_OUTER_BOUND('',#286,.T.);
#189=FACE_OUTER_BOUND('',#287,.T.);
#190=FACE_OUTER_BOUND('',#288,.T.);
#191=FACE_OUTER_BOUND('',#289,.T.);
#192=FACE_OUTER_BOUND('',#290,.T.);
#193=FACE_OUTER_BOUND('',#291,.T.);
#194=FACE_OUTER_BOUND('',#292,.T.);
#195=FACE_OUTER_BOUND('',#293,.T.);
#196=FACE_OUTER_BOUND('',#294,.T.);
#197=FACE_OUTER_BOUND('',#295,.T.);
#198=FACE_OUTER_BOUND('',#296,.T.);
#199=FACE_OUTER_BOUND('',#297,.T.);
#200=FACE_OUTER_BOUND('',#298,.T.);
#201=FACE_OUTER_BOUND('',#299,.T.);
#202=FACE_OUTER_BOUND('',#301,.T.);
#203=FACE_OUTER_BOUND('',#302,.T.);
#204=FACE_OUTER_BOUND('',#303,.T.);
#205=EDGE_LOOP('',(#304,#305,#306,#307,#308,#309,#310,#311));
#206=EDGE_LOOP('',(#312,#313,#314,#315,#316,#317,#318,#319,#320,#321,#322,
#323));
#207=EDGE_LOOP('',(#324,#325,#326,#327));
#208=EDGE_LOOP('',(#328,#329,#330,#331));
#209=EDGE_LOOP('',(#332,#333,#334,#335));
#210=EDGE_LOOP('',(#336,#337,#338,#339));
#211=EDGE_LOOP('',(#340,#341,#342,#343));
#212=EDGE_LOOP('',(#344,#345,#346,#347));
#213=EDGE_LOOP('',(#348,#349,#350,#351));
#214=EDGE_LOOP('',(#352,#353,#354,#355));
#215=EDGE_LOOP('',(#356,#357,#358,#359));
#216=EDGE_LOOP('',(#360,#361,#362,#363));
#217=EDGE_LOOP('',(#364,#365,#366,#367));
#218=EDGE_LOOP('',(#368,#369,#370,#371));
#219=EDGE_LOOP('',(#372,#373,#374,#375));
#220=EDGE_LOOP('',(#376,#377,#378,#379));
#221=EDGE_LOOP('',(#380,#381,#382,#383));
#222=EDGE_LOOP('',(#384,#385,#386,#387));
#223=EDGE_LOOP('',(#388,#389,#390,#391));
#224=EDGE_LOOP('',(#392,#393,#394,#395));
#225=EDGE_LOOP('',(#396,#397,#398,#399));
#226=EDGE_LOOP('',(#400,#401,#402,#403));
#227=EDGE_LOOP('',(#404,#405,#406,#407));
#228=EDGE_LOOP('',(#408,#409,#410,#411));
#229=EDGE_LOOP('',(#412,#413,#414,#415));
#230=EDGE_LOOP('',(#416,#417,#418,#419));
#231=EDGE_LOOP('',(#420,#421,#422,#423));
#232=EDGE_LOOP('',(#424,#425,#426,#427,#428,#429,#430,#431));
#233=EDGE_LOOP('',(#432,#433,#434,#435,#436,#437,#438,#439));
#234=EDGE_LOOP('',(#440,#441,#442,#443,#444,#445));
#235=EDGE_LOOP('',(#446,#447,#448,#449,#450,#451));
#236=EDGE_LOOP('',(#452,#453,#454,#455,#456,#457,#458,#459,#460,#461,#462,
#463));
#237=EDGE_LOOP('',(#464,#465,#466,#467));
#238=EDGE_LOOP('',(#468,#469,#470,#471));
#239=EDGE_LOOP('',(#472,#473,#474,#475));
#240=EDGE_LOOP('',(#476,#477,#478,#479));
#241=EDGE_LOOP('',(#480,#481,#482,#483));
#242=EDGE_LOOP('',(#484,#485,#486,#487));
#243=EDGE_LOOP('',(#488,#489,#490,#491));
#244=EDGE_LOOP('',(#492,#493,#494,#495));
#245=EDGE_LOOP('',(#496,#497,#498,#499,#500,#501,#502,#503,#504));
#246=EDGE_LOOP('',(#505,#506,#507,#508,#509,#510,#511,#512,#513));
#247=EDGE_LOOP('',(#514,#515,#516,#517));
#248=EDGE_LOOP('',(#518,#519,#520,#521));
#249=EDGE_LOOP('',(#522,#523,#524,#525));
#250=EDGE_LOOP('',(#526,#527,#528,#529));
#251=EDGE_LOOP('',(#530,#531,#532,#533));
#252=EDGE_LOOP('',(#534,#535,#536,#537));
#253=EDGE_LOOP('',(#538,#539,#540,#541));
#254=EDGE_LOOP('',(#542,#543,#544,#545,#546,#547,#548,#549));
#255=EDGE_LOOP('',(#550,#551,#552,#553));
#256=EDGE_LOOP('',(#554,#555,#556,#557,#558,#559,#560,#561));
#257=EDGE_LOOP('',(#562,#563,#564,#565,#566,#567,#568,#569));
#258=EDGE_LOOP('',(#570,#571,#572,#573));
#259=EDGE_LOOP('',(#574,#575,#576,#577));
#260=EDGE_LOOP('',(#578,#579,#580,#581));
#261=EDGE_LOOP('',(#582,#583,#584,#585,#586,#587,#588,#589,#590,#591,#592,
#593));
#262=EDGE_LOOP('',(#594,#595,#596,#597,#598,#599,#600,#601,#602,#603,#604,
#605));
#263=EDGE_LOOP('',(#606,#607,#608,#609,#610,#611,#612,#613));
#264=EDGE_LOOP('',(#614,#615,#616,#617));
#265=EDGE_LOOP('',(#618,#619,#620,#621));
#266=EDGE_LOOP('',(#622));
#267=EDGE_LOOP('',(#623));
#268=EDGE_LOOP('',(#624,#625,#626,#627));
#269=EDGE_LOOP('',(#628,#629,#630,#631,#632,#633,#634,#635,#636,#637,#638,
#639));
#270=EDGE_LOOP('',(#640));
#271=EDGE_LOOP('',(#641,#642,#643,#644));
#272=EDGE_LOOP('',(#645,#646,#647,#648));
#273=EDGE_LOOP('',(#649,#650,#651,#652));
#274=EDGE_LOOP('',(#653,#654,#655,#656,#657,#658));
#275=EDGE_LOOP('',(#659,#660,#661,#662));
#276=EDGE_LOOP('',(#663,#664,#665,#666,#667,#668));
#277=EDGE_LOOP('',(#669,#670,#671,#672,#673,#674));
#278=EDGE_LOOP('',(#675,#676,#677,#678));
#279=EDGE_LOOP('',(#679,#680,#681,#682,#683,#684));
#280=EDGE_LOOP('',(#685,#686,#687,#688));
#281=EDGE_LOOP('',(#689,#690,#691,#692,#693,#694));
#282=EDGE_LOOP('',(#695,#696,#697,#698));
#283=EDGE_LOOP('',(#699,#700,#701,#702,#703,#704));
#284=EDGE_LOOP('',(#705,#706,#707,#708));
#285=EDGE_LOOP('',(#709,#710,#711,#712));
#286=EDGE_LOOP('',(#713,#714,#715,#716));
#287=EDGE_LOOP('',(#717,#718,#719,#720));
#288=EDGE_LOOP('',(#721,#722,#723,#724,#725,#726));
#289=EDGE_LOOP('',(#727,#728,#729,#730));
#290=EDGE_LOOP('',(#731,#732,#733,#734));
#291=EDGE_LOOP('',(#735,#736,#737,#738));
#292=EDGE_LOOP('',(#739,#740,#741,#742,#743,#744,#745,#746));
#293=EDGE_LOOP('',(#747,#748,#749,#750,#751,#752,#753,#754));
#294=EDGE_LOOP('',(#755,#756,#757,#758,#759,#760,#761,#762,#763,#764,#765,
#766,#767,#768,#769,#770));
#295=EDGE_LOOP('',(#771,#772,#773,#774));
#296=EDGE_LOOP('',(#775,#776,#777,#778,#779,#780));
#297=EDGE_LOOP('',(#781,#782,#783,#784));
#298=EDGE_LOOP('',(#785,#786,#787,#788));
#299=EDGE_LOOP('',(#789,#790,#791,#792,#793,#794,#795,#796,#797,#798,#799,
#800,#801,#802,#803,#804));
#300=EDGE_LOOP('',(#805));
#301=EDGE_LOOP('',(#806,#807,#808,#809));
#302=EDGE_LOOP('',(#810,#811,#812,#813,#814,#815,#816,#817,#818,#819,#820,
#821));
#303=EDGE_LOOP('',(#822,#823,#824,#825));
#304=ORIENTED_EDGE('',*,*,#830,.T.);
#305=ORIENTED_EDGE('',*,*,#851,.F.);
#306=ORIENTED_EDGE('',*,*,#831,.T.);
#307=ORIENTED_EDGE('',*,*,#846,.T.);
#308=ORIENTED_EDGE('',*,*,#832,.T.);
#309=ORIENTED_EDGE('',*,*,#842,.F.);
#310=ORIENTED_EDGE('',*,*,#833,.T.);
#311=ORIENTED_EDGE('',*,*,#835,.F.);
#312=ORIENTED_EDGE('',*,*,#854,.F.);
#313=ORIENTED_EDGE('',*,*,#826,.F.);
#314=ORIENTED_EDGE('',*,*,#858,.F.);
#315=ORIENTED_EDGE('',*,*,#859,.F.);
#316=ORIENTED_EDGE('',*,*,#863,.F.);
#317=ORIENTED_EDGE('',*,*,#829,.F.);
#318=ORIENTED_EDGE('',*,*,#866,.F.);
#319=ORIENTED_EDGE('',*,*,#868,.F.);
#320=ORIENTED_EDGE('',*,*,#872,.F.);
#321=ORIENTED_EDGE('',*,*,#827,.F.);
#322=ORIENTED_EDGE('',*,*,#876,.F.);
#323=ORIENTED_EDGE('',*,*,#828,.F.);
#324=ORIENTED_EDGE('',*,*,#837,.F.);
#325=ORIENTED_EDGE('',*,*,#835,.T.);
#326=ORIENTED_EDGE('',*,*,#834,.T.);
#327=ORIENTED_EDGE('',*,*,#836,.F.);
#328=ORIENTED_EDGE('',*,*,#838,.T.);
#329=ORIENTED_EDGE('',*,*,#834,.F.);
#330=ORIENTED_EDGE('',*,*,#833,.F.);
#331=ORIENTED_EDGE('',*,*,#839,.T.);
#332=ORIENTED_EDGE('',*,*,#839,.F.);
#333=ORIENTED_EDGE('',*,*,#842,.T.);
#334=ORIENTED_EDGE('',*,*,#841,.T.);
#335=ORIENTED_EDGE('',*,*,#840,.F.);
#336=ORIENTED_EDGE('',*,*,#966,.T.);
#337=ORIENTED_EDGE('',*,*,#841,.F.);
#338=ORIENTED_EDGE('',*,*,#832,.F.);
#339=ORIENTED_EDGE('',*,*,#843,.T.);
#340=ORIENTED_EDGE('',*,*,#844,.T.);
#341=ORIENTED_EDGE('',*,*,#843,.F.);
#342=ORIENTED_EDGE('',*,*,#846,.F.);
#343=ORIENTED_EDGE('',*,*,#845,.T.);
#344=ORIENTED_EDGE('',*,*,#847,.T.);
#345=ORIENTED_EDGE('',*,*,#845,.F.);
#346=ORIENTED_EDGE('',*,*,#831,.F.);
#347=ORIENTED_EDGE('',*,*,#848,.T.);
#348=ORIENTED_EDGE('',*,*,#848,.F.);
#349=ORIENTED_EDGE('',*,*,#851,.T.);
#350=ORIENTED_EDGE('',*,*,#850,.T.);
#351=ORIENTED_EDGE('',*,*,#849,.F.);
#352=ORIENTED_EDGE('',*,*,#967,.T.);
#353=ORIENTED_EDGE('',*,*,#850,.F.);
#354=ORIENTED_EDGE('',*,*,#830,.F.);
#355=ORIENTED_EDGE('',*,*,#837,.T.);
#356=ORIENTED_EDGE('',*,*,#854,.T.);
#357=ORIENTED_EDGE('',*,*,#852,.F.);
#358=ORIENTED_EDGE('',*,*,#918,.F.);
#359=ORIENTED_EDGE('',*,*,#853,.T.);
#360=ORIENTED_EDGE('',*,*,#826,.T.);
#361=ORIENTED_EDGE('',*,*,#853,.F.);
#362=ORIENTED_EDGE('',*,*,#855,.F.);
#363=ORIENTED_EDGE('',*,*,#856,.T.);
#364=ORIENTED_EDGE('',*,*,#858,.T.);
#365=ORIENTED_EDGE('',*,*,#856,.F.);
#366=ORIENTED_EDGE('',*,*,#919,.F.);
#367=ORIENTED_EDGE('',*,*,#857,.T.);
#368=ORIENTED_EDGE('',*,*,#859,.T.);
#369=ORIENTED_EDGE('',*,*,#857,.F.);
#370=ORIENTED_EDGE('',*,*,#861,.F.);
#371=ORIENTED_EDGE('',*,*,#860,.T.);
#372=ORIENTED_EDGE('',*,*,#863,.T.);
#373=ORIENTED_EDGE('',*,*,#860,.F.);
#374=ORIENTED_EDGE('',*,*,#920,.F.);
#375=ORIENTED_EDGE('',*,*,#862,.T.);
#376=ORIENTED_EDGE('',*,*,#829,.T.);
#377=ORIENTED_EDGE('',*,*,#862,.F.);
#378=ORIENTED_EDGE('',*,*,#864,.F.);
#379=ORIENTED_EDGE('',*,*,#865,.T.);
#380=ORIENTED_EDGE('',*,*,#866,.T.);
#381=ORIENTED_EDGE('',*,*,#865,.F.);
#382=ORIENTED_EDGE('',*,*,#921,.F.);
#383=ORIENTED_EDGE('',*,*,#867,.T.);
#384=ORIENTED_EDGE('',*,*,#868,.T.);
#385=ORIENTED_EDGE('',*,*,#867,.F.);
#386=ORIENTED_EDGE('',*,*,#870,.F.);
#387=ORIENTED_EDGE('',*,*,#869,.T.);
#388=ORIENTED_EDGE('',*,*,#872,.T.);
#389=ORIENTED_EDGE('',*,*,#869,.F.);
#390=ORIENTED_EDGE('',*,*,#922,.F.);
#391=ORIENTED_EDGE('',*,*,#871,.T.);
#392=ORIENTED_EDGE('',*,*,#827,.T.);
#393=ORIENTED_EDGE('',*,*,#871,.F.);
#394=ORIENTED_EDGE('',*,*,#873,.F.);
#395=ORIENTED_EDGE('',*,*,#874,.T.);
#396=ORIENTED_EDGE('',*,*,#876,.T.);
#397=ORIENTED_EDGE('',*,*,#874,.F.);
#398=ORIENTED_EDGE('',*,*,#923,.F.);
#399=ORIENTED_EDGE('',*,*,#875,.T.);
#400=ORIENTED_EDGE('',*,*,#828,.T.);
#401=ORIENTED_EDGE('',*,*,#875,.F.);
#402=ORIENTED_EDGE('',*,*,#877,.F.);
#403=ORIENTED_EDGE('',*,*,#852,.T.);
#404=ORIENTED_EDGE('',*,*,#879,.T.);
#405=ORIENTED_EDGE('',*,*,#880,.T.);
#406=ORIENTED_EDGE('',*,*,#881,.T.);
#407=ORIENTED_EDGE('',*,*,#878,.T.);
#408=ORIENTED_EDGE('',*,*,#884,.T.);
#409=ORIENTED_EDGE('',*,*,#883,.T.);
#410=ORIENTED_EDGE('',*,*,#879,.F.);
#411=ORIENTED_EDGE('',*,*,#882,.F.);
#412=ORIENTED_EDGE('',*,*,#882,.T.);
#413=ORIENTED_EDGE('',*,*,#878,.F.);
#414=ORIENTED_EDGE('',*,*,#886,.F.);
#415=ORIENTED_EDGE('',*,*,#885,.F.);
#416=ORIENTED_EDGE('',*,*,#888,.T.);
#417=ORIENTED_EDGE('',*,*,#890,.F.);
#418=ORIENTED_EDGE('',*,*,#887,.T.);
#419=ORIENTED_EDGE('',*,*,#889,.T.);
#420=ORIENTED_EDGE('',*,*,#893,.T.);
#421=ORIENTED_EDGE('',*,*,#894,.F.);
#422=ORIENTED_EDGE('',*,*,#891,.T.);
#423=ORIENTED_EDGE('',*,*,#892,.T.);
#424=ORIENTED_EDGE('',*,*,#894,.T.);
#425=ORIENTED_EDGE('',*,*,#899,.T.);
#426=ORIENTED_EDGE('',*,*,#900,.F.);
#427=ORIENTED_EDGE('',*,*,#901,.F.);
#428=ORIENTED_EDGE('',*,*,#898,.F.);
#429=ORIENTED_EDGE('',*,*,#897,.F.);
#430=ORIENTED_EDGE('',*,*,#896,.F.);
#431=ORIENTED_EDGE('',*,*,#895,.T.);
#432=ORIENTED_EDGE('',*,*,#904,.T.);
#433=ORIENTED_EDGE('',*,*,#905,.F.);
#434=ORIENTED_EDGE('',*,*,#906,.F.);
#435=ORIENTED_EDGE('',*,*,#907,.F.);
#436=ORIENTED_EDGE('',*,*,#910,.F.);
#437=ORIENTED_EDGE('',*,*,#909,.F.);
#438=ORIENTED_EDGE('',*,*,#908,.F.);
#439=ORIENTED_EDGE('',*,*,#889,.F.);
#440=ORIENTED_EDGE('',*,*,#985,.T.);
#441=ORIENTED_EDGE('',*,*,#915,.T.);
#442=ORIENTED_EDGE('',*,*,#880,.F.);
#443=ORIENTED_EDGE('',*,*,#883,.F.);
#444=ORIENTED_EDGE('',*,*,#914,.T.);
#445=ORIENTED_EDGE('',*,*,#913,.T.);
#446=ORIENTED_EDGE('',*,*,#917,.T.);
#447=ORIENTED_EDGE('',*,*,#916,.T.);
#448=ORIENTED_EDGE('',*,*,#886,.T.);
#449=ORIENTED_EDGE('',*,*,#881,.F.);
#450=ORIENTED_EDGE('',*,*,#915,.F.);
#451=ORIENTED_EDGE('',*,*,#952,.F.);
#452=ORIENTED_EDGE('',*,*,#864,.T.);
#453=ORIENTED_EDGE('',*,*,#920,.T.);
#454=ORIENTED_EDGE('',*,*,#861,.T.);
#455=ORIENTED_EDGE('',*,*,#919,.T.);
#456=ORIENTED_EDGE('',*,*,#855,.T.);
#457=ORIENTED_EDGE('',*,*,#918,.T.);
#458=ORIENTED_EDGE('',*,*,#877,.T.);
#459=ORIENTED_EDGE('',*,*,#923,.T.);
#460=ORIENTED_EDGE('',*,*,#873,.T.);
#461=ORIENTED_EDGE('',*,*,#922,.T.);
#462=ORIENTED_EDGE('',*,*,#870,.T.);
#463=ORIENTED_EDGE('',*,*,#921,.T.);
#464=ORIENTED_EDGE('',*,*,#928,.T.);
#465=ORIENTED_EDGE('',*,*,#927,.T.);
#466=ORIENTED_EDGE('',*,*,#926,.F.);
#467=ORIENTED_EDGE('',*,*,#925,.F.);
#468=ORIENTED_EDGE('',*,*,#929,.F.);
#469=ORIENTED_EDGE('',*,*,#931,.T.);
#470=ORIENTED_EDGE('',*,*,#927,.F.);
#471=ORIENTED_EDGE('',*,*,#930,.F.);
#472=ORIENTED_EDGE('',*,*,#933,.F.);
#473=ORIENTED_EDGE('',*,*,#930,.T.);
#474=ORIENTED_EDGE('',*,*,#928,.F.);
#475=ORIENTED_EDGE('',*,*,#932,.F.);
#476=ORIENTED_EDGE('',*,*,#926,.T.);
#477=ORIENTED_EDGE('',*,*,#931,.F.);
#478=ORIENTED_EDGE('',*,*,#935,.F.);
#479=ORIENTED_EDGE('',*,*,#934,.F.);
#480=ORIENTED_EDGE('',*,*,#937,.F.);
#481=ORIENTED_EDGE('',*,*,#938,.T.);
#482=ORIENTED_EDGE('',*,*,#936,.T.);
#483=ORIENTED_EDGE('',*,*,#986,.F.);
#484=ORIENTED_EDGE('',*,*,#939,.F.);
#485=ORIENTED_EDGE('',*,*,#941,.T.);
#486=ORIENTED_EDGE('',*,*,#940,.F.);
#487=ORIENTED_EDGE('',*,*,#987,.F.);
#488=ORIENTED_EDGE('',*,*,#988,.T.);
#489=ORIENTED_EDGE('',*,*,#943,.T.);
#490=ORIENTED_EDGE('',*,*,#944,.T.);
#491=ORIENTED_EDGE('',*,*,#942,.F.);
#492=ORIENTED_EDGE('',*,*,#989,.T.);
#493=ORIENTED_EDGE('',*,*,#981,.T.);
#494=ORIENTED_EDGE('',*,*,#947,.F.);
#495=ORIENTED_EDGE('',*,*,#946,.T.);
#496=ORIENTED_EDGE('',*,*,#990,.T.);
#497=ORIENTED_EDGE('',*,*,#942,.T.);
#498=ORIENTED_EDGE('',*,*,#956,.T.);
#499=ORIENTED_EDGE('',*,*,#959,.T.);
#500=ORIENTED_EDGE('',*,*,#961,.T.);
#501=ORIENTED_EDGE('',*,*,#948,.T.);
#502=ORIENTED_EDGE('',*,*,#945,.T.);
#503=ORIENTED_EDGE('',*,*,#949,.T.);
#504=ORIENTED_EDGE('',*,*,#939,.T.);
#505=ORIENTED_EDGE('',*,*,#936,.F.);
#506=ORIENTED_EDGE('',*,*,#951,.T.);
#507=ORIENTED_EDGE('',*,*,#962,.F.);
#508=ORIENTED_EDGE('',*,*,#950,.F.);
#509=ORIENTED_EDGE('',*,*,#960,.F.);
#510=ORIENTED_EDGE('',*,*,#957,.F.);
#511=ORIENTED_EDGE('',*,*,#955,.F.);
#512=ORIENTED_EDGE('',*,*,#981,.F.);
#513=ORIENTED_EDGE('',*,*,#991,.F.);
#514=ORIENTED_EDGE('',*,*,#953,.T.);
#515=ORIENTED_EDGE('',*,*,#955,.T.);
#516=ORIENTED_EDGE('',*,*,#954,.T.);
#517=ORIENTED_EDGE('',*,*,#956,.F.);
#518=ORIENTED_EDGE('',*,*,#954,.F.);
#519=ORIENTED_EDGE('',*,*,#957,.T.);
#520=ORIENTED_EDGE('',*,*,#958,.T.);
#521=ORIENTED_EDGE('',*,*,#959,.F.);
#522=ORIENTED_EDGE('',*,*,#924,.F.);
#523=ORIENTED_EDGE('',*,*,#950,.T.);
#524=ORIENTED_EDGE('',*,*,#964,.T.);
#525=ORIENTED_EDGE('',*,*,#948,.F.);
#526=ORIENTED_EDGE('',*,*,#964,.F.);
#527=ORIENTED_EDGE('',*,*,#962,.T.);
#528=ORIENTED_EDGE('',*,*,#963,.T.);
#529=ORIENTED_EDGE('',*,*,#945,.F.);
#530=ORIENTED_EDGE('',*,*,#958,.F.);
#531=ORIENTED_EDGE('',*,*,#960,.T.);
#532=ORIENTED_EDGE('',*,*,#924,.T.);
#533=ORIENTED_EDGE('',*,*,#961,.F.);
#534=ORIENTED_EDGE('',*,*,#947,.T.);
#535=ORIENTED_EDGE('',*,*,#953,.F.);
#536=ORIENTED_EDGE('',*,*,#944,.F.);
#537=ORIENTED_EDGE('',*,*,#965,.F.);
#538=ORIENTED_EDGE('',*,*,#992,.T.);
#539=ORIENTED_EDGE('',*,*,#946,.F.);
#540=ORIENTED_EDGE('',*,*,#965,.T.);
#541=ORIENTED_EDGE('',*,*,#943,.F.);
#542=ORIENTED_EDGE('',*,*,#844,.F.);
#543=ORIENTED_EDGE('',*,*,#847,.F.);
#544=ORIENTED_EDGE('',*,*,#849,.T.);
#545=ORIENTED_EDGE('',*,*,#967,.F.);
#546=ORIENTED_EDGE('',*,*,#836,.T.);
#547=ORIENTED_EDGE('',*,*,#838,.F.);
#548=ORIENTED_EDGE('',*,*,#840,.T.);
#549=ORIENTED_EDGE('',*,*,#966,.F.);
#550=ORIENTED_EDGE('',*,*,#905,.T.);
#551=ORIENTED_EDGE('',*,*,#976,.T.);
#552=ORIENTED_EDGE('',*,*,#896,.T.);
#553=ORIENTED_EDGE('',*,*,#970,.T.);
#554=ORIENTED_EDGE('',*,*,#972,.F.);
#555=ORIENTED_EDGE('',*,*,#932,.T.);
#556=ORIENTED_EDGE('',*,*,#925,.T.);
#557=ORIENTED_EDGE('',*,*,#934,.T.);
#558=ORIENTED_EDGE('',*,*,#971,.F.);
#559=ORIENTED_EDGE('',*,*,#906,.T.);
#560=ORIENTED_EDGE('',*,*,#970,.F.);
#561=ORIENTED_EDGE('',*,*,#897,.T.);
#562=ORIENTED_EDGE('',*,*,#973,.T.);
#563=ORIENTED_EDGE('',*,*,#907,.T.);
#564=ORIENTED_EDGE('',*,*,#971,.T.);
#565=ORIENTED_EDGE('',*,*,#935,.T.);
#566=ORIENTED_EDGE('',*,*,#929,.T.);
#567=ORIENTED_EDGE('',*,*,#933,.T.);
#568=ORIENTED_EDGE('',*,*,#972,.T.);
#569=ORIENTED_EDGE('',*,*,#898,.T.);
#570=ORIENTED_EDGE('',*,*,#975,.T.);
#571=ORIENTED_EDGE('',*,*,#909,.T.);
#572=ORIENTED_EDGE('',*,*,#974,.T.);
#573=ORIENTED_EDGE('',*,*,#900,.T.);
#574=ORIENTED_EDGE('',*,*,#984,.T.);
#575=ORIENTED_EDGE('',*,*,#977,.F.);
#576=ORIENTED_EDGE('',*,*,#978,.F.);
#577=ORIENTED_EDGE('',*,*,#917,.F.);
#578=ORIENTED_EDGE('',*,*,#973,.F.);
#579=ORIENTED_EDGE('',*,*,#901,.T.);
#580=ORIENTED_EDGE('',*,*,#974,.F.);
#581=ORIENTED_EDGE('',*,*,#910,.T.);
#582=ORIENTED_EDGE('',*,*,#983,.T.);
#583=ORIENTED_EDGE('',*,*,#940,.T.);
#584=ORIENTED_EDGE('',*,*,#969,.F.);
#585=ORIENTED_EDGE('',*,*,#911,.F.);
#586=ORIENTED_EDGE('',*,*,#891,.F.);
#587=ORIENTED_EDGE('',*,*,#895,.F.);
#588=ORIENTED_EDGE('',*,*,#976,.F.);
#589=ORIENTED_EDGE('',*,*,#904,.F.);
#590=ORIENTED_EDGE('',*,*,#887,.F.);
#591=ORIENTED_EDGE('',*,*,#902,.F.);
#592=ORIENTED_EDGE('',*,*,#968,.F.);
#593=ORIENTED_EDGE('',*,*,#937,.T.);
#594=ORIENTED_EDGE('',*,*,#982,.T.);
#595=ORIENTED_EDGE('',*,*,#913,.F.);
#596=ORIENTED_EDGE('',*,*,#979,.F.);
#597=ORIENTED_EDGE('',*,*,#903,.F.);
#598=ORIENTED_EDGE('',*,*,#888,.F.);
#599=ORIENTED_EDGE('',*,*,#908,.T.);
#600=ORIENTED_EDGE('',*,*,#975,.F.);
#601=ORIENTED_EDGE('',*,*,#899,.F.);
#602=ORIENTED_EDGE('',*,*,#893,.F.);
#603=ORIENTED_EDGE('',*,*,#912,.T.);
#604=ORIENTED_EDGE('',*,*,#980,.F.);
#605=ORIENTED_EDGE('',*,*,#977,.T.);
#606=ORIENTED_EDGE('',*,*,#986,.T.);
#607=ORIENTED_EDGE('',*,*,#991,.T.);
#608=ORIENTED_EDGE('',*,*,#989,.F.);
#609=ORIENTED_EDGE('',*,*,#992,.F.);
#610=ORIENTED_EDGE('',*,*,#988,.F.);
#611=ORIENTED_EDGE('',*,*,#990,.F.);
#612=ORIENTED_EDGE('',*,*,#987,.T.);
#613=ORIENTED_EDGE('',*,*,#983,.F.);
#614=ORIENTED_EDGE('',*,*,#984,.F.);
#615=ORIENTED_EDGE('',*,*,#952,.T.);
#616=ORIENTED_EDGE('',*,*,#985,.F.);
#617=ORIENTED_EDGE('',*,*,#982,.F.);
#618=ORIENTED_EDGE('',*,*,#994,.F.);
#619=ORIENTED_EDGE('',*,*,#993,.F.);
#620=ORIENTED_EDGE('',*,*,#994,.T.);
#621=ORIENTED_EDGE('',*,*,#995,.T.);
#622=ORIENTED_EDGE('',*,*,#993,.T.);
#623=ORIENTED_EDGE('',*,*,#996,.F.);
#624=ORIENTED_EDGE('',*,*,#998,.T.);
#625=ORIENTED_EDGE('',*,*,#997,.F.);
#626=ORIENTED_EDGE('',*,*,#996,.T.);
#627=ORIENTED_EDGE('',*,*,#997,.T.);
#628=ORIENTED_EDGE('',*,*,#1086,.T.);
#629=ORIENTED_EDGE('',*,*,#1062,.F.);
#630=ORIENTED_EDGE('',*,*,#999,.T.);
#631=ORIENTED_EDGE('',*,*,#979,.T.);
#632=ORIENTED_EDGE('',*,*,#914,.F.);
#633=ORIENTED_EDGE('',*,*,#884,.F.);
#634=ORIENTED_EDGE('',*,*,#885,.T.);
#635=ORIENTED_EDGE('',*,*,#916,.F.);
#636=ORIENTED_EDGE('',*,*,#978,.T.);
#637=ORIENTED_EDGE('',*,*,#980,.T.);
#638=ORIENTED_EDGE('',*,*,#1000,.T.);
#639=ORIENTED_EDGE('',*,*,#1059,.F.);
#640=ORIENTED_EDGE('',*,*,#995,.F.);
#641=ORIENTED_EDGE('',*,*,#1003,.T.);
#642=ORIENTED_EDGE('',*,*,#1001,.T.);
#643=ORIENTED_EDGE('',*,*,#1004,.F.);
#644=ORIENTED_EDGE('',*,*,#1002,.F.);
#645=ORIENTED_EDGE('',*,*,#1008,.T.);
#646=ORIENTED_EDGE('',*,*,#1005,.F.);
#647=ORIENTED_EDGE('',*,*,#1007,.F.);
#648=ORIENTED_EDGE('',*,*,#1006,.F.);
#649=ORIENTED_EDGE('',*,*,#1005,.T.);
#650=ORIENTED_EDGE('',*,*,#1010,.T.);
#651=ORIENTED_EDGE('',*,*,#1009,.F.);
#652=ORIENTED_EDGE('',*,*,#1011,.F.);
#653=ORIENTED_EDGE('',*,*,#1014,.T.);
#654=ORIENTED_EDGE('',*,*,#1016,.T.);
#655=ORIENTED_EDGE('',*,*,#1012,.F.);
#656=ORIENTED_EDGE('',*,*,#1013,.F.);
#657=ORIENTED_EDGE('',*,*,#1017,.F.);
#658=ORIENTED_EDGE('',*,*,#1015,.T.);
#659=ORIENTED_EDGE('',*,*,#1019,.T.);
#660=ORIENTED_EDGE('',*,*,#1020,.T.);
#661=ORIENTED_EDGE('',*,*,#1018,.F.);
#662=ORIENTED_EDGE('',*,*,#1021,.F.);
#663=ORIENTED_EDGE('',*,*,#1024,.T.);
#664=ORIENTED_EDGE('',*,*,#1025,.T.);
#665=ORIENTED_EDGE('',*,*,#1004,.T.);
#666=ORIENTED_EDGE('',*,*,#1023,.F.);
#667=ORIENTED_EDGE('',*,*,#1022,.F.);
#668=ORIENTED_EDGE('',*,*,#1020,.F.);
#669=ORIENTED_EDGE('',*,*,#1027,.T.);
#670=ORIENTED_EDGE('',*,*,#1026,.T.);
#671=ORIENTED_EDGE('',*,*,#1018,.T.);
#672=ORIENTED_EDGE('',*,*,#1022,.T.);
#673=ORIENTED_EDGE('',*,*,#1029,.F.);
#674=ORIENTED_EDGE('',*,*,#1028,.T.);
#675=ORIENTED_EDGE('',*,*,#1013,.T.);
#676=ORIENTED_EDGE('',*,*,#1030,.T.);
#677=ORIENTED_EDGE('',*,*,#1031,.T.);
#678=ORIENTED_EDGE('',*,*,#1032,.F.);
#679=ORIENTED_EDGE('',*,*,#1034,.T.);
#680=ORIENTED_EDGE('',*,*,#1033,.T.);
#681=ORIENTED_EDGE('',*,*,#1036,.T.);
#682=ORIENTED_EDGE('',*,*,#1035,.T.);
#683=ORIENTED_EDGE('',*,*,#1030,.F.);
#684=ORIENTED_EDGE('',*,*,#1012,.T.);
#685=ORIENTED_EDGE('',*,*,#1037,.T.);
#686=ORIENTED_EDGE('',*,*,#1038,.T.);
#687=ORIENTED_EDGE('',*,*,#1036,.F.);
#688=ORIENTED_EDGE('',*,*,#1039,.F.);
#689=ORIENTED_EDGE('',*,*,#1040,.T.);
#690=ORIENTED_EDGE('',*,*,#1041,.T.);
#691=ORIENTED_EDGE('',*,*,#1042,.T.);
#692=ORIENTED_EDGE('',*,*,#1031,.F.);
#693=ORIENTED_EDGE('',*,*,#1035,.F.);
#694=ORIENTED_EDGE('',*,*,#1038,.F.);
#695=ORIENTED_EDGE('',*,*,#1002,.T.);
#696=ORIENTED_EDGE('',*,*,#1025,.F.);
#697=ORIENTED_EDGE('',*,*,#1043,.F.);
#698=ORIENTED_EDGE('',*,*,#1044,.F.);
#699=ORIENTED_EDGE('',*,*,#1047,.F.);
#700=ORIENTED_EDGE('',*,*,#1043,.T.);
#701=ORIENTED_EDGE('',*,*,#1024,.F.);
#702=ORIENTED_EDGE('',*,*,#1019,.F.);
#703=ORIENTED_EDGE('',*,*,#1045,.F.);
#704=ORIENTED_EDGE('',*,*,#1046,.F.);
#705=ORIENTED_EDGE('',*,*,#1017,.T.);
#706=ORIENTED_EDGE('',*,*,#1032,.T.);
#707=ORIENTED_EDGE('',*,*,#1042,.F.);
#708=ORIENTED_EDGE('',*,*,#1048,.F.);
#709=ORIENTED_EDGE('',*,*,#1049,.T.);
#710=ORIENTED_EDGE('',*,*,#1050,.T.);
#711=ORIENTED_EDGE('',*,*,#1034,.F.);
#712=ORIENTED_EDGE('',*,*,#1016,.F.);
#713=ORIENTED_EDGE('',*,*,#1009,.T.);
#714=ORIENTED_EDGE('',*,*,#1053,.T.);
#715=ORIENTED_EDGE('',*,*,#1052,.F.);
#716=ORIENTED_EDGE('',*,*,#1051,.F.);
#717=ORIENTED_EDGE('',*,*,#1048,.T.);
#718=ORIENTED_EDGE('',*,*,#1041,.F.);
#719=ORIENTED_EDGE('',*,*,#1054,.F.);
#720=ORIENTED_EDGE('',*,*,#1015,.F.);
#721=ORIENTED_EDGE('',*,*,#1014,.F.);
#722=ORIENTED_EDGE('',*,*,#1054,.T.);
#723=ORIENTED_EDGE('',*,*,#1040,.F.);
#724=ORIENTED_EDGE('',*,*,#1037,.F.);
#725=ORIENTED_EDGE('',*,*,#1055,.F.);
#726=ORIENTED_EDGE('',*,*,#1049,.F.);
#727=ORIENTED_EDGE('',*,*,#1056,.T.);
#728=ORIENTED_EDGE('',*,*,#1029,.T.);
#729=ORIENTED_EDGE('',*,*,#1023,.T.);
#730=ORIENTED_EDGE('',*,*,#1001,.F.);
#731=ORIENTED_EDGE('',*,*,#1058,.F.);
#732=ORIENTED_EDGE('',*,*,#1057,.T.);
#733=ORIENTED_EDGE('',*,*,#1059,.T.);
#734=ORIENTED_EDGE('',*,*,#1084,.F.);
#735=ORIENTED_EDGE('',*,*,#1085,.F.);
#736=ORIENTED_EDGE('',*,*,#1062,.T.);
#737=ORIENTED_EDGE('',*,*,#1060,.F.);
#738=ORIENTED_EDGE('',*,*,#1061,.F.);
#739=ORIENTED_EDGE('',*,*,#1084,.T.);
#740=ORIENTED_EDGE('',*,*,#1000,.F.);
#741=ORIENTED_EDGE('',*,*,#912,.F.);
#742=ORIENTED_EDGE('',*,*,#892,.F.);
#743=ORIENTED_EDGE('',*,*,#911,.T.);
#744=ORIENTED_EDGE('',*,*,#1064,.T.);
#745=ORIENTED_EDGE('',*,*,#1006,.T.);
#746=ORIENTED_EDGE('',*,*,#1063,.T.);
#747=ORIENTED_EDGE('',*,*,#1065,.T.);
#748=ORIENTED_EDGE('',*,*,#1067,.T.);
#749=ORIENTED_EDGE('',*,*,#1066,.T.);
#750=ORIENTED_EDGE('',*,*,#902,.T.);
#751=ORIENTED_EDGE('',*,*,#890,.T.);
#752=ORIENTED_EDGE('',*,*,#903,.T.);
#753=ORIENTED_EDGE('',*,*,#999,.F.);
#754=ORIENTED_EDGE('',*,*,#1085,.T.);
#755=ORIENTED_EDGE('',*,*,#951,.F.);
#756=ORIENTED_EDGE('',*,*,#938,.F.);
#757=ORIENTED_EDGE('',*,*,#968,.T.);
#758=ORIENTED_EDGE('',*,*,#1066,.F.);
#759=ORIENTED_EDGE('',*,*,#1069,.F.);
#760=ORIENTED_EDGE('',*,*,#1070,.T.);
#761=ORIENTED_EDGE('',*,*,#1083,.T.);
#762=ORIENTED_EDGE('',*,*,#1068,.T.);
#763=ORIENTED_EDGE('',*,*,#1053,.F.);
#764=ORIENTED_EDGE('',*,*,#1010,.F.);
#765=ORIENTED_EDGE('',*,*,#1008,.F.);
#766=ORIENTED_EDGE('',*,*,#1064,.F.);
#767=ORIENTED_EDGE('',*,*,#969,.T.);
#768=ORIENTED_EDGE('',*,*,#941,.F.);
#769=ORIENTED_EDGE('',*,*,#949,.F.);
#770=ORIENTED_EDGE('',*,*,#963,.F.);
#771=ORIENTED_EDGE('',*,*,#1046,.T.);
#772=ORIENTED_EDGE('',*,*,#1072,.T.);
#773=ORIENTED_EDGE('',*,*,#1027,.F.);
#774=ORIENTED_EDGE('',*,*,#1071,.F.);
#775=ORIENTED_EDGE('',*,*,#1047,.T.);
#776=ORIENTED_EDGE('',*,*,#1071,.T.);
#777=ORIENTED_EDGE('',*,*,#1028,.F.);
#778=ORIENTED_EDGE('',*,*,#1056,.F.);
#779=ORIENTED_EDGE('',*,*,#1003,.F.);
#780=ORIENTED_EDGE('',*,*,#1044,.T.);
#781=ORIENTED_EDGE('',*,*,#1069,.T.);
#782=ORIENTED_EDGE('',*,*,#1067,.F.);
#783=ORIENTED_EDGE('',*,*,#1074,.F.);
#784=ORIENTED_EDGE('',*,*,#1073,.F.);
#785=ORIENTED_EDGE('',*,*,#1073,.T.);
#786=ORIENTED_EDGE('',*,*,#1076,.F.);
#787=ORIENTED_EDGE('',*,*,#1075,.T.);
#788=ORIENTED_EDGE('',*,*,#1070,.F.);
#789=ORIENTED_EDGE('',*,*,#1063,.F.);
#790=ORIENTED_EDGE('',*,*,#1007,.T.);
#791=ORIENTED_EDGE('',*,*,#1011,.T.);
#792=ORIENTED_EDGE('',*,*,#1051,.T.);
#793=ORIENTED_EDGE('',*,*,#1078,.F.);
#794=ORIENTED_EDGE('',*,*,#1033,.F.);
#795=ORIENTED_EDGE('',*,*,#1077,.F.);
#796=ORIENTED_EDGE('',*,*,#1026,.F.);
#797=ORIENTED_EDGE('',*,*,#1079,.F.);
#798=ORIENTED_EDGE('',*,*,#1081,.F.);
#799=ORIENTED_EDGE('',*,*,#1076,.T.);
#800=ORIENTED_EDGE('',*,*,#1074,.T.);
#801=ORIENTED_EDGE('',*,*,#1065,.F.);
#802=ORIENTED_EDGE('',*,*,#1061,.T.);
#803=ORIENTED_EDGE('',*,*,#1080,.F.);
#804=ORIENTED_EDGE('',*,*,#1058,.T.);
#805=ORIENTED_EDGE('',*,*,#998,.F.);
#806=ORIENTED_EDGE('',*,*,#1081,.T.);
#807=ORIENTED_EDGE('',*,*,#1082,.T.);
#808=ORIENTED_EDGE('',*,*,#1083,.F.);
#809=ORIENTED_EDGE('',*,*,#1075,.F.);
#810=ORIENTED_EDGE('',*,*,#1077,.T.);
#811=ORIENTED_EDGE('',*,*,#1050,.F.);
#812=ORIENTED_EDGE('',*,*,#1055,.T.);
#813=ORIENTED_EDGE('',*,*,#1039,.T.);
#814=ORIENTED_EDGE('',*,*,#1078,.T.);
#815=ORIENTED_EDGE('',*,*,#1052,.T.);
#816=ORIENTED_EDGE('',*,*,#1068,.F.);
#817=ORIENTED_EDGE('',*,*,#1082,.F.);
#818=ORIENTED_EDGE('',*,*,#1079,.T.);
#819=ORIENTED_EDGE('',*,*,#1072,.F.);
#820=ORIENTED_EDGE('',*,*,#1045,.T.);
#821=ORIENTED_EDGE('',*,*,#1021,.T.);
#822=ORIENTED_EDGE('',*,*,#1080,.T.);
#823=ORIENTED_EDGE('',*,*,#1060,.T.);
#824=ORIENTED_EDGE('',*,*,#1086,.F.);
#825=ORIENTED_EDGE('',*,*,#1057,.F.);
#826=EDGE_CURVE('',#1387,#1388,#1184,.T.);
#827=EDGE_CURVE('',#1379,#1380,#1185,.T.);
#828=EDGE_CURVE('',#1377,#1378,#1186,.T.);
#829=EDGE_CURVE('',#1383,#1384,#1187,.T.);
#830=EDGE_CURVE('',#1389,#1390,#1188,.T.);
#831=EDGE_CURVE('',#1391,#1392,#1189,.T.);
#832=EDGE_CURVE('',#1393,#1394,#1190,.T.);
#833=EDGE_CURVE('',#1395,#1396,#1191,.T.);
#834=EDGE_CURVE('',#1396,#1398,#1192,.T.);
#835=EDGE_CURVE('',#1389,#1396,#1122,.T.);
#836=EDGE_CURVE('',#1397,#1398,#1193,.T.);
#837=EDGE_CURVE('',#1389,#1397,#1194,.T.);
#838=EDGE_CURVE('',#1399,#1398,#1195,.T.);
#839=EDGE_CURVE('',#1395,#1399,#1087,.T.);
#840=EDGE_CURVE('',#1399,#1400,#1196,.T.);
#841=EDGE_CURVE('',#1394,#1400,#1197,.T.);
#842=EDGE_CURVE('',#1395,#1394,#1123,.T.);
#843=EDGE_CURVE('',#1393,#1401,#1088,.T.);
#844=EDGE_CURVE('',#1402,#1401,#1198,.T.);
#845=EDGE_CURVE('',#1392,#1402,#1199,.T.);
#846=EDGE_CURVE('',#1392,#1393,#1124,.T.);
#847=EDGE_CURVE('',#1403,#1402,#1200,.T.);
#848=EDGE_CURVE('',#1391,#1403,#1089,.T.);
#849=EDGE_CURVE('',#1403,#1404,#1201,.T.);
#850=EDGE_CURVE('',#1390,#1404,#1202,.T.);
#851=EDGE_CURVE('',#1391,#1390,#1125,.T.);
#852=EDGE_CURVE('',#1405,#1377,#1203,.T.);
#853=EDGE_CURVE('',#1406,#1388,#1204,.T.);
#854=EDGE_CURVE('',#1388,#1377,#1126,.T.);
#855=EDGE_CURVE('',#1407,#1406,#1205,.T.);
#856=EDGE_CURVE('',#1407,#1387,#1090,.T.);
#857=EDGE_CURVE('',#1408,#1386,#1206,.T.);
#858=EDGE_CURVE('',#1386,#1387,#1127,.T.);
#859=EDGE_CURVE('',#1385,#1386,#1207,.T.);
#860=EDGE_CURVE('',#1409,#1385,#1091,.T.);
#861=EDGE_CURVE('',#1409,#1408,#1208,.T.);
#862=EDGE_CURVE('',#1410,#1384,#1209,.T.);
#863=EDGE_CURVE('',#1384,#1385,#1128,.T.);
#864=EDGE_CURVE('',#1411,#1410,#1210,.T.);
#865=EDGE_CURVE('',#1411,#1383,#1092,.T.);
#866=EDGE_CURVE('',#1382,#1383,#1129,.T.);
#867=EDGE_CURVE('',#1412,#1382,#1211,.T.);
#868=EDGE_CURVE('',#1381,#1382,#1212,.T.);
#869=EDGE_CURVE('',#1413,#1381,#1093,.T.);
#870=EDGE_CURVE('',#1413,#1412,#1213,.T.);
#871=EDGE_CURVE('',#1414,#1380,#1214,.T.);
#872=EDGE_CURVE('',#1380,#1381,#1130,.T.);
#873=EDGE_CURVE('',#1415,#1414,#1215,.T.);
#874=EDGE_CURVE('',#1415,#1379,#1094,.T.);
#875=EDGE_CURVE('',#1416,#1378,#1216,.T.);
#876=EDGE_CURVE('',#1378,#1379,#1131,.T.);
#877=EDGE_CURVE('',#1405,#1416,#1217,.T.);
#878=EDGE_CURVE('',#1418,#1417,#1218,.T.);
#879=EDGE_CURVE('',#1417,#1419,#1219,.T.);
#880=EDGE_CURVE('',#1419,#1420,#1220,.T.);
#881=EDGE_CURVE('',#1420,#1418,#1221,.T.);
#882=EDGE_CURVE('',#1421,#1417,#1222,.T.);
#883=EDGE_CURVE('',#1422,#1419,#1223,.T.);
#884=EDGE_CURVE('',#1421,#1422,#1224,.T.);
#885=EDGE_CURVE('',#1421,#1423,#1225,.T.);
#886=EDGE_CURVE('',#1423,#1418,#1226,.T.);
#887=EDGE_CURVE('',#1425,#1424,#1227,.T.);
#888=EDGE_CURVE('',#1426,#1427,#1228,.T.);
#889=EDGE_CURVE('',#1424,#1426,#1229,.T.);
#890=EDGE_CURVE('',#1425,#1427,#1230,.T.);
#891=EDGE_CURVE('',#1429,#1428,#1231,.T.);
#892=EDGE_CURVE('',#1428,#1430,#1232,.T.);
#893=EDGE_CURVE('',#1430,#1431,#1233,.T.);
#894=EDGE_CURVE('',#1429,#1431,#1234,.T.);
#895=EDGE_CURVE('',#1432,#1429,#1235,.T.);
#896=EDGE_CURVE('',#1432,#1433,#1236,.T.);
#897=EDGE_CURVE('',#1433,#1434,#1237,.T.);
#898=EDGE_CURVE('',#1434,#1437,#1238,.T.);
#899=EDGE_CURVE('',#1431,#1436,#1239,.T.);
#900=EDGE_CURVE('',#1435,#1436,#1240,.T.);
#901=EDGE_CURVE('',#1437,#1435,#1241,.T.);
#902=EDGE_CURVE('',#1438,#1425,#1242,.T.);
#903=EDGE_CURVE('',#1427,#1439,#1243,.T.);
#904=EDGE_CURVE('',#1424,#1440,#1244,.T.);
#905=EDGE_CURVE('',#1441,#1440,#1245,.T.);
#906=EDGE_CURVE('',#1442,#1441,#1246,.T.);
#907=EDGE_CURVE('',#1445,#1442,#1247,.T.);
#908=EDGE_CURVE('',#1426,#1444,#1248,.T.);
#909=EDGE_CURVE('',#1444,#1443,#1249,.T.);
#910=EDGE_CURVE('',#1443,#1445,#1250,.T.);
#911=EDGE_CURVE('',#1428,#1446,#1251,.T.);
#912=EDGE_CURVE('',#1430,#1447,#1252,.T.);
#913=EDGE_CURVE('',#1448,#1477,#1253,.T.);
#914=EDGE_CURVE('',#1422,#1448,#1254,.T.);
#915=EDGE_CURVE('',#1478,#1420,#1255,.T.);
#916=EDGE_CURVE('',#1449,#1423,#1256,.T.);
#917=EDGE_CURVE('',#1479,#1449,#1257,.T.);
#918=EDGE_CURVE('',#1406,#1405,#1132,.T.);
#919=EDGE_CURVE('',#1408,#1407,#1133,.T.);
#920=EDGE_CURVE('',#1410,#1409,#1134,.T.);
#921=EDGE_CURVE('',#1412,#1411,#1135,.T.);
#922=EDGE_CURVE('',#1414,#1413,#1136,.T.);
#923=EDGE_CURVE('',#1416,#1415,#1137,.T.);
#924=EDGE_CURVE('',#1474,#1475,#1095,.T.);
#925=EDGE_CURVE('',#1450,#1451,#1258,.T.);
#926=EDGE_CURVE('',#1451,#1452,#1259,.T.);
#927=EDGE_CURVE('',#1453,#1452,#1260,.T.);
#928=EDGE_CURVE('',#1450,#1453,#1261,.T.);
#929=EDGE_CURVE('',#1454,#1455,#1262,.T.);
#930=EDGE_CURVE('',#1455,#1453,#1138,.T.);
#931=EDGE_CURVE('',#1454,#1452,#1139,.T.);
#932=EDGE_CURVE('',#1456,#1450,#1263,.T.);
#933=EDGE_CURVE('',#1455,#1456,#1264,.T.);
#934=EDGE_CURVE('',#1451,#1457,#1265,.T.);
#935=EDGE_CURVE('',#1457,#1454,#1266,.T.);
#936=EDGE_CURVE('',#1458,#1484,#1267,.T.);
#937=EDGE_CURVE('',#1459,#1483,#1268,.T.);
#938=EDGE_CURVE('',#1459,#1458,#1140,.T.);
#939=EDGE_CURVE('',#1460,#1485,#1269,.T.);
#940=EDGE_CURVE('',#1486,#1461,#1270,.T.);
#941=EDGE_CURVE('',#1460,#1461,#1141,.T.);
#942=EDGE_CURVE('',#1480,#1462,#1271,.T.);
#943=EDGE_CURVE('',#1487,#1463,#1096,.T.);
#944=EDGE_CURVE('',#1463,#1462,#1097,.T.);
#945=EDGE_CURVE('',#1468,#1466,#1272,.T.);
#946=EDGE_CURVE('',#1465,#1488,#1098,.T.);
#947=EDGE_CURVE('',#1465,#1464,#1099,.T.);
#948=EDGE_CURVE('',#1475,#1468,#1273,.T.);
#949=EDGE_CURVE('',#1466,#1460,#1274,.T.);
#950=EDGE_CURVE('',#1474,#1470,#1275,.T.);
#951=EDGE_CURVE('',#1458,#1471,#1276,.T.);
#952=EDGE_CURVE('',#1479,#1478,#1277,.T.);
#953=EDGE_CURVE('',#1462,#1464,#1100,.T.);
#954=EDGE_CURVE('',#1472,#1473,#1101,.T.);
#955=EDGE_CURVE('',#1464,#1472,#1278,.T.);
#956=EDGE_CURVE('',#1462,#1473,#1279,.T.);
#957=EDGE_CURVE('',#1472,#1469,#1280,.T.);
#958=EDGE_CURVE('',#1469,#1467,#1102,.T.);
#959=EDGE_CURVE('',#1473,#1467,#1281,.T.);
#960=EDGE_CURVE('',#1469,#1474,#1282,.T.);
#961=EDGE_CURVE('',#1467,#1475,#1283,.T.);
#962=EDGE_CURVE('',#1470,#1471,#1284,.T.);
#963=EDGE_CURVE('',#1471,#1466,#1103,.T.);
#964=EDGE_CURVE('',#1470,#1468,#1104,.T.);
#965=EDGE_CURVE('',#1465,#1463,#1142,.T.);
#966=EDGE_CURVE('',#1401,#1400,#1143,.T.);
#967=EDGE_CURVE('',#1397,#1404,#1144,.T.);
#968=EDGE_CURVE('',#1459,#1438,#1285,.T.);
#969=EDGE_CURVE('',#1446,#1461,#1286,.T.);
#970=EDGE_CURVE('',#1433,#1441,#1287,.T.);
#971=EDGE_CURVE('',#1442,#1457,#1288,.T.);
#972=EDGE_CURVE('',#1456,#1434,#1289,.T.);
#973=EDGE_CURVE('',#1437,#1445,#1290,.T.);
#974=EDGE_CURVE('',#1443,#1435,#1291,.T.);
#975=EDGE_CURVE('',#1436,#1444,#1292,.T.);
#976=EDGE_CURVE('',#1440,#1432,#1293,.T.);
#977=EDGE_CURVE('',#1476,#1482,#1294,.T.);
#978=EDGE_CURVE('',#1449,#1476,#1295,.T.);
#979=EDGE_CURVE('',#1439,#1448,#1296,.T.);
#980=EDGE_CURVE('',#1476,#1447,#1297,.T.);
#981=EDGE_CURVE('',#1481,#1464,#1298,.T.);
#982=EDGE_CURVE('',#1482,#1477,#1299,.T.);
#983=EDGE_CURVE('',#1483,#1486,#1300,.T.);
#984=EDGE_CURVE('',#1479,#1482,#1301,.T.);
#985=EDGE_CURVE('',#1477,#1478,#1302,.T.);
#986=EDGE_CURVE('',#1483,#1484,#1303,.T.);
#987=EDGE_CURVE('',#1485,#1486,#1304,.T.);
#988=EDGE_CURVE('',#1480,#1487,#1305,.T.);
#989=EDGE_CURVE('',#1488,#1481,#1306,.T.);
#990=EDGE_CURVE('',#1485,#1480,#1307,.T.);
#991=EDGE_CURVE('',#1484,#1481,#1308,.T.);
#992=EDGE_CURVE('',#1487,#1488,#1309,.T.);
#993=EDGE_CURVE('',#1489,#1489,#1174,.T.);
#994=EDGE_CURVE('',#1489,#1490,#1105,.T.);
#995=EDGE_CURVE('',#1490,#1490,#1175,.T.);
#996=EDGE_CURVE('',#1492,#1492,#1176,.T.);
#997=EDGE_CURVE('',#1492,#1491,#1106,.T.);
#998=EDGE_CURVE('',#1491,#1491,#1177,.T.);
#999=EDGE_CURVE('',#1494,#1439,#1310,.T.);
#1000=EDGE_CURVE('',#1447,#1493,#1311,.T.);
#1001=EDGE_CURVE('',#1497,#1498,#1312,.T.);
#1002=EDGE_CURVE('',#1499,#1500,#1313,.T.);
#1003=EDGE_CURVE('',#1499,#1497,#1107,.T.);
#1004=EDGE_CURVE('',#1500,#1498,#1314,.T.);
#1005=EDGE_CURVE('',#1501,#1502,#1315,.T.);
#1006=EDGE_CURVE('',#1504,#1503,#1316,.T.);
#1007=EDGE_CURVE('',#1503,#1501,#1317,.T.);
#1008=EDGE_CURVE('',#1504,#1502,#1318,.T.);
#1009=EDGE_CURVE('',#1506,#1505,#1319,.T.);
#1010=EDGE_CURVE('',#1502,#1505,#1320,.T.);
#1011=EDGE_CURVE('',#1501,#1506,#1321,.T.);
#1012=EDGE_CURVE('',#1508,#1507,#1322,.T.);
#1013=EDGE_CURVE('',#1509,#1508,#1323,.T.);
#1014=EDGE_CURVE('',#1511,#1510,#1324,.T.);
#1015=EDGE_CURVE('',#1512,#1511,#1325,.T.);
#1016=EDGE_CURVE('',#1510,#1507,#1326,.T.);
#1017=EDGE_CURVE('',#1512,#1509,#1108,.T.);
#1018=EDGE_CURVE('',#1513,#1514,#1327,.T.);
#1019=EDGE_CURVE('',#1515,#1516,#1328,.T.);
#1020=EDGE_CURVE('',#1516,#1514,#1109,.T.);
#1021=EDGE_CURVE('',#1515,#1513,#1329,.T.);
#1022=EDGE_CURVE('',#1514,#1517,#1330,.T.);
#1023=EDGE_CURVE('',#1517,#1498,#1331,.T.);
#1024=EDGE_CURVE('',#1516,#1518,#1332,.T.);
#1025=EDGE_CURVE('',#1518,#1500,#1333,.T.);
#1026=EDGE_CURVE('',#1519,#1513,#1334,.T.);
#1027=EDGE_CURVE('',#1520,#1519,#1335,.T.);
#1028=EDGE_CURVE('',#1521,#1520,#1336,.T.);
#1029=EDGE_CURVE('',#1521,#1517,#1110,.T.);
#1030=EDGE_CURVE('',#1508,#1522,#1111,.T.);
#1031=EDGE_CURVE('',#1522,#1523,#1337,.T.);
#1032=EDGE_CURVE('',#1509,#1523,#1338,.T.);
#1033=EDGE_CURVE('',#1524,#1525,#1339,.T.);
#1034=EDGE_CURVE('',#1507,#1524,#1340,.T.);
#1035=EDGE_CURVE('',#1526,#1522,#1341,.T.);
#1036=EDGE_CURVE('',#1525,#1526,#1342,.T.);
#1037=EDGE_CURVE('',#1527,#1528,#1343,.T.);
#1038=EDGE_CURVE('',#1528,#1526,#1112,.T.);
#1039=EDGE_CURVE('',#1527,#1525,#1344,.T.);
#1040=EDGE_CURVE('',#1528,#1529,#1345,.T.);
#1041=EDGE_CURVE('',#1529,#1530,#1346,.T.);
#1042=EDGE_CURVE('',#1530,#1523,#1347,.T.);
#1043=EDGE_CURVE('',#1531,#1518,#1113,.T.);
#1044=EDGE_CURVE('',#1499,#1531,#1348,.T.);
#1045=EDGE_CURVE('',#1532,#1515,#1349,.T.);
#1046=EDGE_CURVE('',#1533,#1532,#1350,.T.);
#1047=EDGE_CURVE('',#1531,#1533,#1351,.T.);
#1048=EDGE_CURVE('',#1512,#1530,#1352,.T.);
#1049=EDGE_CURVE('',#1510,#1534,#1353,.T.);
#1050=EDGE_CURVE('',#1534,#1524,#1354,.T.);
#1051=EDGE_CURVE('',#1506,#1536,#1145,.T.);
#1052=EDGE_CURVE('',#1536,#1535,#1114,.T.);
#1053=EDGE_CURVE('',#1505,#1535,#1146,.T.);
#1054=EDGE_CURVE('',#1511,#1529,#1115,.T.);
#1055=EDGE_CURVE('',#1534,#1527,#1355,.T.);
#1056=EDGE_CURVE('',#1497,#1521,#1356,.T.);
#1057=EDGE_CURVE('',#1537,#1495,#1357,.T.);
#1058=EDGE_CURVE('',#1537,#1538,#1147,.T.);
#1059=EDGE_CURVE('',#1495,#1493,#1148,.T.);
#1060=EDGE_CURVE('',#1539,#1496,#1358,.T.);
#1061=EDGE_CURVE('',#1540,#1539,#1116,.T.);
#1062=EDGE_CURVE('',#1494,#1496,#1359,.T.);
#1063=EDGE_CURVE('',#1503,#1538,#1360,.T.);
#1064=EDGE_CURVE('',#1446,#1504,#1361,.T.);
#1065=EDGE_CURVE('',#1540,#1542,#1117,.T.);
#1066=EDGE_CURVE('',#1541,#1438,#1118,.T.);
#1067=EDGE_CURVE('',#1542,#1541,#1119,.T.);
#1068=EDGE_CURVE('',#1544,#1535,#1362,.T.);
#1069=EDGE_CURVE('',#1545,#1541,#1363,.T.);
#1070=EDGE_CURVE('',#1545,#1543,#1364,.T.);
#1071=EDGE_CURVE('',#1533,#1520,#1365,.T.);
#1072=EDGE_CURVE('',#1532,#1519,#1366,.T.);
#1073=EDGE_CURVE('',#1545,#1546,#1367,.T.);
#1074=EDGE_CURVE('',#1546,#1542,#1368,.T.);
#1075=EDGE_CURVE('',#1547,#1543,#1369,.T.);
#1076=EDGE_CURVE('',#1547,#1546,#1370,.T.);
#1077=EDGE_CURVE('',#1513,#1524,#1371,.T.);
#1078=EDGE_CURVE('',#1525,#1536,#1372,.T.);
#1079=EDGE_CURVE('',#1548,#1519,#1373,.T.);
#1080=EDGE_CURVE('',#1537,#1539,#1374,.T.);
#1081=EDGE_CURVE('',#1547,#1548,#1149,.T.);
#1082=EDGE_CURVE('',#1548,#1544,#1120,.T.);
#1083=EDGE_CURVE('',#1543,#1544,#1150,.T.);
#1084=EDGE_CURVE('',#1538,#1493,#1375,.T.);
#1085=EDGE_CURVE('',#1494,#1540,#1121,.T.);
#1086=EDGE_CURVE('',#1495,#1496,#1376,.T.);
#1087=(
BOUNDED_CURVE()
B_SPLINE_CURVE(1,(#2342,#2343),.UNSPECIFIED.,.F.,.F.)
B_SPLINE_CURVE_WITH_KNOTS((2,2),(0.,1.30803959048547),.UNSPECIFIED.)
CURVE()
GEOMETRIC_REPRESENTATION_ITEM()
RATIONAL_B_SPLINE_CURVE((1.,1.))
REPRESENTATION_ITEM('')
);
#1088=(
BOUNDED_CURVE()
B_SPLINE_CURVE(1,(#2358,#2359),.UNSPECIFIED.,.F.,.F.)
B_SPLINE_CURVE_WITH_KNOTS((2,2),(0.,1.08947214675225),.UNSPECIFIED.)
CURVE()
GEOMETRIC_REPRESENTATION_ITEM()
RATIONAL_B_SPLINE_CURVE((1.,1.))
REPRESENTATION_ITEM('')
);
#1089=(
BOUNDED_CURVE()
B_SPLINE_CURVE(1,(#2376,#2377),.UNSPECIFIED.,.F.,.F.)
B_SPLINE_CURVE_WITH_KNOTS((2,2),(0.,1.02637374825834),.UNSPECIFIED.)
CURVE()
GEOMETRIC_REPRESENTATION_ITEM()
RATIONAL_B_SPLINE_CURVE((1.,1.))
REPRESENTATION_ITEM('')
);
#1090=(
BOUNDED_CURVE()
B_SPLINE_CURVE(1,(#2401,#2402),.UNSPECIFIED.,.F.,.F.)
B_SPLINE_CURVE_WITH_KNOTS((2,2),(0.,0.682525247514091),.UNSPECIFIED.)
CURVE()
GEOMETRIC_REPRESENTATION_ITEM()
RATIONAL_B_SPLINE_CURVE((1.,1.))
REPRESENTATION_ITEM('')
);
#1091=(
BOUNDED_CURVE()
B_SPLINE_CURVE(1,(#2410,#2411),.UNSPECIFIED.,.F.,.F.)
B_SPLINE_CURVE_WITH_KNOTS((2,2),(0.,0.682525247514108),.UNSPECIFIED.)
CURVE()
GEOMETRIC_REPRESENTATION_ITEM()
RATIONAL_B_SPLINE_CURVE((1.,1.))
REPRESENTATION_ITEM('')
);
#1092=(
BOUNDED_CURVE()
B_SPLINE_CURVE(1,(#2422,#2423),.UNSPECIFIED.,.F.,.F.)
B_SPLINE_CURVE_WITH_KNOTS((2,2),(0.,0.682525247514072),.UNSPECIFIED.)
CURVE()
GEOMETRIC_REPRESENTATION_ITEM()
RATIONAL_B_SPLINE_CURVE((1.,1.))
REPRESENTATION_ITEM('')
);
#1093=(
BOUNDED_CURVE()
B_SPLINE_CURVE(1,(#2431,#2432),.UNSPECIFIED.,.F.,.F.)
B_SPLINE_CURVE_WITH_KNOTS((2,2),(0.,0.682525247514047),.UNSPECIFIED.)
CURVE()
GEOMETRIC_REPRESENTATION_ITEM()
RATIONAL_B_SPLINE_CURVE((1.,1.))
REPRESENTATION_ITEM('')
);
#1094=(
BOUNDED_CURVE()
B_SPLINE_CURVE(1,(#2442,#2443),.UNSPECIFIED.,.F.,.F.)
B_SPLINE_CURVE_WITH_KNOTS((2,2),(0.,0.682525247514021),.UNSPECIFIED.)
CURVE()
GEOMETRIC_REPRESENTATION_ITEM()
RATIONAL_B_SPLINE_CURVE((1.,1.))
REPRESENTATION_ITEM('')
);
#1095=(
BOUNDED_CURVE()
B_SPLINE_CURVE(2,(#2556,#2557,#2558),.UNSPECIFIED.,.F.,.F.)
B_SPLINE_CURVE_WITH_KNOTS((3,3),(-1.37452437182829,33.2134884406118),
 .UNSPECIFIED.)
CURVE()
GEOMETRIC_REPRESENTATION_ITEM()
RATIONAL_B_SPLINE_CURVE((1.,0.998722544515866,1.))
REPRESENTATION_ITEM('')
);
#1096=(
BOUNDED_CURVE()
B_SPLINE_CURVE(1,(#2599,#2600),.UNSPECIFIED.,.F.,.F.)
B_SPLINE_CURVE_WITH_KNOTS((2,2),(0.900970270657458,14.5),.UNSPECIFIED.)
CURVE()
GEOMETRIC_REPRESENTATION_ITEM()
RATIONAL_B_SPLINE_CURVE((1.,1.))
REPRESENTATION_ITEM('')
);
#1097=(
BOUNDED_CURVE()
B_SPLINE_CURVE(2,(#2601,#2602,#2603),.UNSPECIFIED.,.F.,.F.)
B_SPLINE_CURVE_WITH_KNOTS((3,3),(-36.1423711581088,-34.2468977170906),
 .UNSPECIFIED.)
CURVE()
GEOMETRIC_REPRESENTATION_ITEM()
RATIONAL_B_SPLINE_CURVE((1.,0.726082199539873,1.))
REPRESENTATION_ITEM('')
);
#1098=(
BOUNDED_CURVE()
B_SPLINE_CURVE(1,(#2616,#2617),.UNSPECIFIED.,.F.,.F.)
B_SPLINE_CURVE_WITH_KNOTS((2,2),(1.94289029309402E-15,13.5990297293425),
 .UNSPECIFIED.)
CURVE()
GEOMETRIC_REPRESENTATION_ITEM()
RATIONAL_B_SPLINE_CURVE((1.,1.))
REPRESENTATION_ITEM('')
);
#1099=(
BOUNDED_CURVE()
B_SPLINE_CURVE(2,(#2618,#2619,#2620),.UNSPECIFIED.,.F.,.F.)
B_SPLINE_CURVE_WITH_KNOTS((3,3),(67.9937954341811,69.8892688751994),
 .UNSPECIFIED.)
CURVE()
GEOMETRIC_REPRESENTATION_ITEM()
RATIONAL_B_SPLINE_CURVE((1.,0.72608219953987,1.))
REPRESENTATION_ITEM('')
);
#1100=(
BOUNDED_CURVE()
B_SPLINE_CURVE(2,(#2637,#2638,#2639),.UNSPECIFIED.,.F.,.F.)
B_SPLINE_CURVE_WITH_KNOTS((3,3),(-33.2060764677582,1.38197410509711),
 .UNSPECIFIED.)
CURVE()
GEOMETRIC_REPRESENTATION_ITEM()
RATIONAL_B_SPLINE_CURVE((1.,0.99825454173491,1.))
REPRESENTATION_ITEM('')
);
#1101=(
BOUNDED_CURVE()
B_SPLINE_CURVE(2,(#2640,#2641,#2642),.UNSPECIFIED.,.F.,.F.)
B_SPLINE_CURVE_WITH_KNOTS((3,3),(-1.37772252140464,33.210305840384),
 .UNSPECIFIED.)
CURVE()
GEOMETRIC_REPRESENTATION_ITEM()
RATIONAL_B_SPLINE_CURVE((1.,0.998521479377875,1.))
REPRESENTATION_ITEM('')
);
#1102=(
BOUNDED_CURVE()
B_SPLINE_CURVE(2,(#2649,#2650,#2651),.UNSPECIFIED.,.F.,.F.)
B_SPLINE_CURVE_WITH_KNOTS((3,3),(-1.37771910631469,33.2103084751373),
 .UNSPECIFIED.)
CURVE()
GEOMETRIC_REPRESENTATION_ITEM()
RATIONAL_B_SPLINE_CURVE((1.,0.998521517783341,1.))
REPRESENTATION_ITEM('')
);
#1103=(
BOUNDED_CURVE()
B_SPLINE_CURVE(1,(#2675,#2676),.UNSPECIFIED.,.F.,.F.)
B_SPLINE_CURVE_WITH_KNOTS((2,2),(0.,34.2),.UNSPECIFIED.)
CURVE()
GEOMETRIC_REPRESENTATION_ITEM()
RATIONAL_B_SPLINE_CURVE((1.,1.))
REPRESENTATION_ITEM('')
);
#1104=(
BOUNDED_CURVE()
B_SPLINE_CURVE(2,(#2677,#2678,#2679),.UNSPECIFIED.,.F.,.F.)
B_SPLINE_CURVE_WITH_KNOTS((3,3),(-1.37451762884166,33.213493833071),
 .UNSPECIFIED.)
CURVE()
GEOMETRIC_REPRESENTATION_ITEM()
RATIONAL_B_SPLINE_CURVE((1.,0.998722769653183,1.))
REPRESENTATION_ITEM('')
);
#1105=(
BOUNDED_CURVE()
B_SPLINE_CURVE(1,(#2761,#2762),.UNSPECIFIED.,.F.,.F.)
B_SPLINE_CURVE_WITH_KNOTS((2,2),(0.,1.00299978256226),.UNSPECIFIED.)
CURVE()
GEOMETRIC_REPRESENTATION_ITEM()
RATIONAL_B_SPLINE_CURVE((1.,1.))
REPRESENTATION_ITEM('')
);
#1106=(
BOUNDED_CURVE()
B_SPLINE_CURVE(1,(#2765,#2766),.UNSPECIFIED.,.F.,.F.)
B_SPLINE_CURVE_WITH_KNOTS((2,2),(0.,6.99700021743775),.UNSPECIFIED.)
CURVE()
GEOMETRIC_REPRESENTATION_ITEM()
RATIONAL_B_SPLINE_CURVE((1.,1.))
REPRESENTATION_ITEM('')
);
#1107=(
BOUNDED_CURVE()
B_SPLINE_CURVE(1,(#2779,#2780),.UNSPECIFIED.,.F.,.F.)
B_SPLINE_CURVE_WITH_KNOTS((2,2),(0.27512650611666,1.22487349388334),
 .UNSPECIFIED.)
CURVE()
GEOMETRIC_REPRESENTATION_ITEM()
RATIONAL_B_SPLINE_CURVE((1.,1.))
REPRESENTATION_ITEM('')
);
#1108=(
BOUNDED_CURVE()
B_SPLINE_CURVE(1,(#2828,#2829),.UNSPECIFIED.,.F.,.F.)
B_SPLINE_CURVE_WITH_KNOTS((2,2),(0.275126506116659,1.22487349388334),
 .UNSPECIFIED.)
CURVE()
GEOMETRIC_REPRESENTATION_ITEM()
RATIONAL_B_SPLINE_CURVE((1.,1.))
REPRESENTATION_ITEM('')
);
#1109=(
BOUNDED_CURVE()
B_SPLINE_CURVE(1,(#2838,#2839),.UNSPECIFIED.,.F.,.F.)
B_SPLINE_CURVE_WITH_KNOTS((2,2),(0.052187597289974,1.44781240271002),
 .UNSPECIFIED.)
CURVE()
GEOMETRIC_REPRESENTATION_ITEM()
RATIONAL_B_SPLINE_CURVE((1.,1.))
REPRESENTATION_ITEM('')
);
#1110=(
BOUNDED_CURVE()
B_SPLINE_CURVE(1,(#2878,#2879),.UNSPECIFIED.,.F.,.F.)
B_SPLINE_CURVE_WITH_KNOTS((2,2),(0.799953645534196,3.40004635446581),
 .UNSPECIFIED.)
CURVE()
GEOMETRIC_REPRESENTATION_ITEM()
RATIONAL_B_SPLINE_CURVE((1.,1.))
REPRESENTATION_ITEM('')
);
#1111=(
BOUNDED_CURVE()
B_SPLINE_CURVE(1,(#2880,#2881),.UNSPECIFIED.,.F.,.F.)
B_SPLINE_CURVE_WITH_KNOTS((2,2),(0.799953645534196,3.40004635446581),
 .UNSPECIFIED.)
CURVE()
GEOMETRIC_REPRESENTATION_ITEM()
RATIONAL_B_SPLINE_CURVE((1.,1.))
REPRESENTATION_ITEM('')
);
#1112=(
BOUNDED_CURVE()
B_SPLINE_CURVE(1,(#2911,#2912),.UNSPECIFIED.,.F.,.F.)
B_SPLINE_CURVE_WITH_KNOTS((2,2),(0.0521875972899737,1.44781240271002),
 .UNSPECIFIED.)
CURVE()
GEOMETRIC_REPRESENTATION_ITEM()
RATIONAL_B_SPLINE_CURVE((1.,1.))
REPRESENTATION_ITEM('')
);
#1113=(
BOUNDED_CURVE()
B_SPLINE_CURVE(1,(#2930,#2931),.UNSPECIFIED.,.F.,.F.)
B_SPLINE_CURVE_WITH_KNOTS((2,2),(0.799953645534196,3.40004635446581),
 .UNSPECIFIED.)
CURVE()
GEOMETRIC_REPRESENTATION_ITEM()
RATIONAL_B_SPLINE_CURVE((1.,1.))
REPRESENTATION_ITEM('')
);
#1114=(
BOUNDED_CURVE()
B_SPLINE_CURVE(1,(#2962,#2963),.UNSPECIFIED.,.F.,.F.)
B_SPLINE_CURVE_WITH_KNOTS((2,2),(0.,4.5),.UNSPECIFIED.)
CURVE()
GEOMETRIC_REPRESENTATION_ITEM()
RATIONAL_B_SPLINE_CURVE((1.,1.))
REPRESENTATION_ITEM('')
);
#1115=(
BOUNDED_CURVE()
B_SPLINE_CURVE(1,(#2967,#2968),.UNSPECIFIED.,.F.,.F.)
B_SPLINE_CURVE_WITH_KNOTS((2,2),(0.799953645534196,3.40004635446581),
 .UNSPECIFIED.)
CURVE()
GEOMETRIC_REPRESENTATION_ITEM()
RATIONAL_B_SPLINE_CURVE((1.,1.))
REPRESENTATION_ITEM('')
);
#1116=(
BOUNDED_CURVE()
B_SPLINE_CURVE(2,(#2990,#2991,#2992),.UNSPECIFIED.,.F.,.F.)
B_SPLINE_CURVE_WITH_KNOTS((3,3),(0.,1.57079632679498),.UNSPECIFIED.)
CURVE()
GEOMETRIC_REPRESENTATION_ITEM()
RATIONAL_B_SPLINE_CURVE((1.,0.707106781186554,1.))
REPRESENTATION_ITEM('')
);
#1117=(
BOUNDED_CURVE()
B_SPLINE_CURVE(1,(#3018,#3019),.UNSPECIFIED.,.F.,.F.)
B_SPLINE_CURVE_WITH_KNOTS((2,2),(-22.2075356211013,-21.707535151262),
 .UNSPECIFIED.)
CURVE()
GEOMETRIC_REPRESENTATION_ITEM()
RATIONAL_B_SPLINE_CURVE((1.,1.))
REPRESENTATION_ITEM('')
);
#1118=(
BOUNDED_CURVE()
B_SPLINE_CURVE(1,(#3020,#3021,#3022),.UNSPECIFIED.,.F.,.F.)
B_SPLINE_CURVE_WITH_KNOTS((2,1,2),(-17.2075315768883,-15.2785291680015,
-14.2785283621965),.UNSPECIFIED.)
CURVE()
GEOMETRIC_REPRESENTATION_ITEM()
RATIONAL_B_SPLINE_CURVE((1.,1.,1.))
REPRESENTATION_ITEM('')
);
#1119=(
BOUNDED_CURVE()
B_SPLINE_CURVE(1,(#3023,#3024),.UNSPECIFIED.,.F.,.F.)
B_SPLINE_CURVE_WITH_KNOTS((2,2),(-21.707535151262,-17.2075315768883),
 .UNSPECIFIED.)
CURVE()
GEOMETRIC_REPRESENTATION_ITEM()
RATIONAL_B_SPLINE_CURVE((1.,1.))
REPRESENTATION_ITEM('')
);
#1120=(
BOUNDED_CURVE()
B_SPLINE_CURVE(1,(#3067,#3068),.UNSPECIFIED.,.F.,.F.)
B_SPLINE_CURVE_WITH_KNOTS((2,2),(0.,4.5),.UNSPECIFIED.)
CURVE()
GEOMETRIC_REPRESENTATION_ITEM()
RATIONAL_B_SPLINE_CURVE((1.,1.))
REPRESENTATION_ITEM('')
);
#1121=(
BOUNDED_CURVE()
B_SPLINE_CURVE(1,(#3075,#3076,#3077),.UNSPECIFIED.,.F.,.F.)
B_SPLINE_CURVE_WITH_KNOTS((2,1,2),(-26.2576367020081,-25.2547834440843,
-18.2574744800937),.UNSPECIFIED.)
CURVE()
GEOMETRIC_REPRESENTATION_ITEM()
RATIONAL_B_SPLINE_CURVE((1.,1.,1.))
REPRESENTATION_ITEM('')
);
#1122=TRIMMED_CURVE($,#1151,(#2327),(#2328),.T.,.CARTESIAN.);
#1123=TRIMMED_CURVE($,#1152,(#2356),(#2357),.T.,.CARTESIAN.);
#1124=TRIMMED_CURVE($,#1153,(#2372),(#2373),.T.,.CARTESIAN.);
#1125=TRIMMED_CURVE($,#1154,(#2390),(#2391),.T.,.CARTESIAN.);
#1126=TRIMMED_CURVE($,#1155,(#2397),(#2398),.T.,.CARTESIAN.);
#1127=TRIMMED_CURVE($,#1156,(#2406),(#2407),.T.,.CARTESIAN.);
#1128=TRIMMED_CURVE($,#1157,(#2417),(#2418),.T.,.CARTESIAN.);
#1129=TRIMMED_CURVE($,#1158,(#2425),(#2426),.T.,.CARTESIAN.);
#1130=TRIMMED_CURVE($,#1159,(#2438),(#2439),.T.,.CARTESIAN.);
#1131=TRIMMED_CURVE($,#1160,(#2447),(#2448),.T.,.CARTESIAN.);
#1132=TRIMMED_CURVE($,#1161,(#2539),(#2540),.T.,.CARTESIAN.);
#1133=TRIMMED_CURVE($,#1162,(#2542),(#2543),.T.,.CARTESIAN.);
#1134=TRIMMED_CURVE($,#1163,(#2545),(#2546),.T.,.CARTESIAN.);
#1135=TRIMMED_CURVE($,#1164,(#2548),(#2549),.T.,.CARTESIAN.);
#1136=TRIMMED_CURVE($,#1165,(#2551),(#2552),.T.,.CARTESIAN.);
#1137=TRIMMED_CURVE($,#1166,(#2554),(#2555),.T.,.CARTESIAN.);
#1138=TRIMMED_CURVE($,#1167,(#2570),(#2571),.T.,.CARTESIAN.);
#1139=TRIMMED_CURVE($,#1168,(#2573),(#2574),.T.,.CARTESIAN.);
#1140=TRIMMED_CURVE($,#1169,(#2588),(#2589),.T.,.CARTESIAN.);
#1141=TRIMMED_CURVE($,#1170,(#2595),(#2596),.T.,.CARTESIAN.);
#1142=TRIMMED_CURVE($,#1171,(#2681),(#2682),.T.,.CARTESIAN.);
#1143=TRIMMED_CURVE($,#1172,(#2684),(#2685),.T.,.CARTESIAN.);
#1144=TRIMMED_CURVE($,#1173,(#2687),(#2688),.T.,.CARTESIAN.);
#1145=TRIMMED_CURVE($,#1178,(#2960),(#2961),.T.,.CARTESIAN.);
#1146=TRIMMED_CURVE($,#1179,(#2965),(#2966),.T.,.CARTESIAN.);
#1147=TRIMMED_CURVE($,#1180,(#2983),(#2984),.T.,.CARTESIAN.);
#1148=TRIMMED_CURVE($,#1181,(#2986),(#2987),.T.,.CARTESIAN.);
#1149=TRIMMED_CURVE($,#1182,(#3065),(#3066),.T.,.CARTESIAN.);
#1150=TRIMMED_CURVE($,#1183,(#3070),(#3071),.T.,.CARTESIAN.);
#1151=CIRCLE('',#1817,1.50000000000008);
#1152=CIRCLE('',#1818,1.50000000000014);
#1153=CIRCLE('',#1819,1.49999999999999);
#1154=CIRCLE('',#1820,1.49999999999997);
#1155=CIRCLE('',#1821,0.43864919537554);
#1156=CIRCLE('',#1822,0.438649195375759);
#1157=CIRCLE('',#1823,0.438649195375571);
#1158=CIRCLE('',#1824,0.438649195375611);
#1159=CIRCLE('',#1825,0.438649195375774);
#1160=CIRCLE('',#1826,0.438649195375525);
#1161=CIRCLE('',#1827,0.438649195375582);
#1162=CIRCLE('',#1828,0.438649195375704);
#1163=CIRCLE('',#1829,0.438649195375533);
#1164=CIRCLE('',#1830,0.438649195375577);
#1165=CIRCLE('',#1831,0.438649195375554);
#1166=CIRCLE('',#1832,0.438649195375566);
#1167=CIRCLE('',#1833,1.00000031839993);
#1168=CIRCLE('',#1834,1.00000031839993);
#1169=CIRCLE('',#1835,1.2500000000009);
#1170=CIRCLE('',#1836,1.2499999999992);
#1171=CIRCLE('',#1837,292.66);
#1172=CIRCLE('',#1838,292.659999999637);
#1173=CIRCLE('',#1839,292.660000000231);
#1174=CIRCLE('',#1840,3.00298892972653);
#1175=CIRCLE('',#1841,3.0029889297268);
#1176=CIRCLE('',#1842,2.5024508207446);
#1177=CIRCLE('',#1843,2.5024508207446);
#1178=CIRCLE('',#1844,1.24999999999999);
#1179=CIRCLE('',#1845,1.24999999999999);
#1180=CIRCLE('',#1846,0.999999999999979);
#1181=CIRCLE('',#1847,1.00000000036651);
#1182=CIRCLE('',#1848,1.24999999999999);
#1183=CIRCLE('',#1849,1.24999999999999);
#1184=B_SPLINE_CURVE_WITH_KNOTS('',1,(#2306,#2307),.UNSPECIFIED.,.F.,.F.,
(2,2),(-2.80495330857608,-1.93864919537557),.UNSPECIFIED.);
#1185=B_SPLINE_CURVE_WITH_KNOTS('',1,(#2308,#2309),.UNSPECIFIED.,.F.,.F.,
(2,2),(7.07082401550092,7.86079843910274),.UNSPECIFIED.);
#1186=B_SPLINE_CURVE_WITH_KNOTS('',1,(#2310,#2311,#2312),.UNSPECIFIED.,
 .F.,.F.,(2,1,2),(0.220949233293589,3.33172735903828,6.44250548478296),
 .UNSPECIFIED.);
#1187=B_SPLINE_CURVE_WITH_KNOTS('',1,(#2313,#2314,#2315),.UNSPECIFIED.,
 .F.,.F.,(2,1,2),(9.43745218244923,11.8776560485063,14.3178599145634),
 .UNSPECIFIED.);
#1188=B_SPLINE_CURVE_WITH_KNOTS('',1,(#2316,#2317),.UNSPECIFIED.,.F.,.F.,
(2,2),(10.5999999999997,18.2999999999997),.UNSPECIFIED.);
#1189=B_SPLINE_CURVE_WITH_KNOTS('',1,(#2318,#2319),.UNSPECIFIED.,.F.,.F.,
(2,2),(18.2999999999997,21.1999999999996),.UNSPECIFIED.);
#1190=B_SPLINE_CURVE_WITH_KNOTS('',1,(#2320,#2321),.UNSPECIFIED.,.F.,.F.,
(2,2),(0.,7.7),.UNSPECIFIED.);
#1191=B_SPLINE_CURVE_WITH_KNOTS('',1,(#2322,#2323),.UNSPECIFIED.,.F.,.F.,
(2,2),(7.7,10.5999999999997),.UNSPECIFIED.);
#1192=B_SPLINE_CURVE_WITH_KNOTS('',1,(#2324,#2325),.UNSPECIFIED.,.F.,.F.,
(2,2),(0.,1.30803959048548),.UNSPECIFIED.);
#1193=B_SPLINE_CURVE_WITH_KNOTS('',3,(#2329,#2330,#2331,#2332,#2333,#2334,
#2335,#2336,#2337),.UNSPECIFIED.,.F.,.F.,(4,2,3,4),(0.,0.592872228712813,
1.18574548768676,2.39437163192734),.UNSPECIFIED.);
#1194=B_SPLINE_CURVE_WITH_KNOTS('',1,(#2338,#2339),.UNSPECIFIED.,.F.,.F.,
(2,2),(0.,1.2921499022367),.UNSPECIFIED.);
#1195=B_SPLINE_CURVE_WITH_KNOTS('',1,(#2340,#2341),.UNSPECIFIED.,.F.,.F.,
(2,2),(7.7,10.5999999999997),.UNSPECIFIED.);
#1196=B_SPLINE_CURVE_WITH_KNOTS('',3,(#2344,#2345,#2346,#2347,#2348,#2349,
#2350,#2351,#2352),.UNSPECIFIED.,.F.,.F.,(4,3,2,4),(0.,1.20862614424057,
1.80149940321454,2.39437163192731),.UNSPECIFIED.);
#1197=B_SPLINE_CURVE_WITH_KNOTS('',1,(#2353,#2354),.UNSPECIFIED.,.F.,.F.,
(2,2),(0.,1.29214990223673),.UNSPECIFIED.);
#1198=B_SPLINE_CURVE_WITH_KNOTS('',3,(#2360,#2361,#2362,#2363,#2364,#2365,
#2366,#2367,#2368),.UNSPECIFIED.,.F.,.F.,(4,3,2,4),(0.,1.20886265378361,
1.80211390907253,2.39536002958857),.UNSPECIFIED.);
#1199=B_SPLINE_CURVE_WITH_KNOTS('',1,(#2369,#2370),.UNSPECIFIED.,.F.,.F.,
(2,2),(0.,1.02637374825834),.UNSPECIFIED.);
#1200=B_SPLINE_CURVE_WITH_KNOTS('',1,(#2374,#2375),.UNSPECIFIED.,.F.,.F.,
(2,2),(18.2999999999997,21.1999999999996),.UNSPECIFIED.);
#1201=B_SPLINE_CURVE_WITH_KNOTS('',3,(#2378,#2379,#2380,#2381,#2382,#2383,
#2384,#2385,#2386),.UNSPECIFIED.,.F.,.F.,(4,3,2,4),(0.,1.20886265378361,
1.80211390907226,2.39536002958854),.UNSPECIFIED.);
#1202=B_SPLINE_CURVE_WITH_KNOTS('',1,(#2387,#2388),.UNSPECIFIED.,.F.,.F.,
(2,2),(0.,1.08947214675225),.UNSPECIFIED.);
#1203=B_SPLINE_CURVE_WITH_KNOTS('',1,(#2392,#2393),.UNSPECIFIED.,.F.,.F.,
(2,2),(0.,0.682525247514061),.UNSPECIFIED.);
#1204=B_SPLINE_CURVE_WITH_KNOTS('',1,(#2394,#2395),.UNSPECIFIED.,.F.,.F.,
(2,2),(0.,0.682525247514073),.UNSPECIFIED.);
#1205=B_SPLINE_CURVE_WITH_KNOTS('',1,(#2399,#2400),.UNSPECIFIED.,.F.,.F.,
(2,2),(15.8945136579099,16.6844880815117),.UNSPECIFIED.);
#1206=B_SPLINE_CURVE_WITH_KNOTS('',1,(#2403,#2404),.UNSPECIFIED.,.F.,.F.,
(2,2),(0.,0.682525247514097),.UNSPECIFIED.);
#1207=B_SPLINE_CURVE_WITH_KNOTS('',1,(#2408,#2409),.UNSPECIFIED.,.F.,.F.,
(2,2),(14.6320191799224,15.5803543925509),.UNSPECIFIED.);
#1208=B_SPLINE_CURVE_WITH_KNOTS('',1,(#2412,#2413),.UNSPECIFIED.,.F.,.F.,
(2,2),(14.6320191799224,15.5803543925509),.UNSPECIFIED.);
#1209=B_SPLINE_CURVE_WITH_KNOTS('',1,(#2414,#2415),.UNSPECIFIED.,.F.,.F.,
(2,2),(0.,0.682525247514108),.UNSPECIFIED.);
#1210=B_SPLINE_CURVE_WITH_KNOTS('',1,(#2419,#2420,#2421),.UNSPECIFIED.,
 .F.,.F.,(2,1,2),(9.43745218244923,11.8776560485063,14.3178599145634),
 .UNSPECIFIED.);
#1211=B_SPLINE_CURVE_WITH_KNOTS('',1,(#2427,#2428),.UNSPECIFIED.,.F.,.F.,
(2,2),(0.,0.682525247514067),.UNSPECIFIED.);
#1212=B_SPLINE_CURVE_WITH_KNOTS('',1,(#2429,#2430),.UNSPECIFIED.,.F.,.F.,
(2,2),(8.17495770446172,9.12329291709025),.UNSPECIFIED.);
#1213=B_SPLINE_CURVE_WITH_KNOTS('',1,(#2433,#2434),.UNSPECIFIED.,.F.,.F.,
(2,2),(8.17495770446172,9.12329291709025),.UNSPECIFIED.);
#1214=B_SPLINE_CURVE_WITH_KNOTS('',1,(#2435,#2436),.UNSPECIFIED.,.F.,.F.,
(2,2),(0.,0.68252524751404),.UNSPECIFIED.);
#1215=B_SPLINE_CURVE_WITH_KNOTS('',1,(#2440,#2441),.UNSPECIFIED.,.F.,.F.,
(2,2),(7.07082401550092,7.86079843910274),.UNSPECIFIED.);
#1216=B_SPLINE_CURVE_WITH_KNOTS('',1,(#2444,#2445),.UNSPECIFIED.,.F.,.F.,
(2,2),(0.,0.682525247514015),.UNSPECIFIED.);
#1217=B_SPLINE_CURVE_WITH_KNOTS('',1,(#2449,#2450,#2451),.UNSPECIFIED.,
 .F.,.F.,(2,1,2),(0.220949233293589,3.33172735903828,6.44250548478296),
 .UNSPECIFIED.);
#1218=B_SPLINE_CURVE_WITH_KNOTS('',1,(#2452,#2453),.UNSPECIFIED.,.F.,.F.,
(2,2),(-21.,0.),.UNSPECIFIED.);
#1219=B_SPLINE_CURVE_WITH_KNOTS('',1,(#2454,#2455),.UNSPECIFIED.,.F.,.F.,
(2,2),(0.,15.6),.UNSPECIFIED.);
#1220=B_SPLINE_CURVE_WITH_KNOTS('',1,(#2456,#2457),.UNSPECIFIED.,.F.,.F.,
(2,2),(0.,21.),.UNSPECIFIED.);
#1221=B_SPLINE_CURVE_WITH_KNOTS('',1,(#2458,#2459),.UNSPECIFIED.,.F.,.F.,
(2,2),(-15.6,0.),.UNSPECIFIED.);
#1222=B_SPLINE_CURVE_WITH_KNOTS('',1,(#2460,#2461),.UNSPECIFIED.,.F.,.F.,
(2,2),(0.,1.50000000000032),.UNSPECIFIED.);
#1223=B_SPLINE_CURVE_WITH_KNOTS('',1,(#2462,#2463),.UNSPECIFIED.,.F.,.F.,
(2,2),(0.,1.50000000000032),.UNSPECIFIED.);
#1224=B_SPLINE_CURVE_WITH_KNOTS('',1,(#2464,#2465),.UNSPECIFIED.,.F.,.F.,
(2,2),(0.,15.6),.UNSPECIFIED.);
#1225=B_SPLINE_CURVE_WITH_KNOTS('',1,(#2466,#2467),.UNSPECIFIED.,.F.,.F.,
(2,2),(0.,21.),.UNSPECIFIED.);
#1226=B_SPLINE_CURVE_WITH_KNOTS('',1,(#2468,#2469),.UNSPECIFIED.,.F.,.F.,
(2,2),(0.,1.50000000000032),.UNSPECIFIED.);
#1227=B_SPLINE_CURVE_WITH_KNOTS('',1,(#2470,#2471),.UNSPECIFIED.,.F.,.F.,
(2,2),(-5.,-4.),.UNSPECIFIED.);
#1228=B_SPLINE_CURVE_WITH_KNOTS('',1,(#2472,#2473),.UNSPECIFIED.,.F.,.F.,
(2,2),(6.50300025939941,7.50799751281738),.UNSPECIFIED.);
#1229=B_SPLINE_CURVE_WITH_KNOTS('',1,(#2474,#2475),.UNSPECIFIED.,.F.,.F.,
(2,2),(0.,2.),.UNSPECIFIED.);
#1230=B_SPLINE_CURVE_WITH_KNOTS('',1,(#2476,#2477),.UNSPECIFIED.,.F.,.F.,
(2,2),(0.,2.),.UNSPECIFIED.);
#1231=B_SPLINE_CURVE_WITH_KNOTS('',1,(#2478,#2479),.UNSPECIFIED.,.F.,.F.,
(2,2),(-1.,0.),.UNSPECIFIED.);
#1232=B_SPLINE_CURVE_WITH_KNOTS('',1,(#2480,#2481),.UNSPECIFIED.,.F.,.F.,
(2,2),(11.0954224543467,13.0954224543467),.UNSPECIFIED.);
#1233=B_SPLINE_CURVE_WITH_KNOTS('',1,(#2482,#2483),.UNSPECIFIED.,.F.,.F.,
(2,2),(6.50300025939941,7.50799751281738),.UNSPECIFIED.);
#1234=B_SPLINE_CURVE_WITH_KNOTS('',1,(#2484,#2485),.UNSPECIFIED.,.F.,.F.,
(2,2),(0.,2.),.UNSPECIFIED.);
#1235=B_SPLINE_CURVE_WITH_KNOTS('',1,(#2486,#2487),.UNSPECIFIED.,.F.,.F.,
(2,2),(-2.,-1.15377517455187),.UNSPECIFIED.);
#1236=B_SPLINE_CURVE_WITH_KNOTS('',1,(#2488,#2489),.UNSPECIFIED.,.F.,.F.,
(2,2),(1.,2.),.UNSPECIFIED.);
#1237=B_SPLINE_CURVE_WITH_KNOTS('',1,(#2490,#2491),.UNSPECIFIED.,.F.,.F.,
(2,2),(1.,2.),.UNSPECIFIED.);
#1238=B_SPLINE_CURVE_WITH_KNOTS('',1,(#2492,#2493),.UNSPECIFIED.,.F.,.F.,
(2,2),(-1.,-0.0340514458397485),.UNSPECIFIED.);
#1239=B_SPLINE_CURVE_WITH_KNOTS('',1,(#2494,#2495),.UNSPECIFIED.,.F.,.F.,
(2,2),(-6.50285306622248,-2.99785295178156),.UNSPECIFIED.);
#1240=B_SPLINE_CURVE_WITH_KNOTS('',1,(#2496,#2497),.UNSPECIFIED.,.F.,.F.,
(2,2),(2.,2.99785295178156),.UNSPECIFIED.);
#1241=B_SPLINE_CURVE_WITH_KNOTS('',1,(#2498,#2499,#2500),.UNSPECIFIED.,
 .F.,.F.,(2,1,2),(1.,2.,3.),.UNSPECIFIED.);
#1242=B_SPLINE_CURVE_WITH_KNOTS('',1,(#2501,#2502),.UNSPECIFIED.,.F.,.F.,
(2,2),(-6.,-5.15377517455187),.UNSPECIFIED.);
#1243=B_SPLINE_CURVE_WITH_KNOTS('',1,(#2503,#2504),.UNSPECIFIED.,.F.,.F.,
(2,2),(-6.50285306622247,-4.49985280682309),.UNSPECIFIED.);
#1244=B_SPLINE_CURVE_WITH_KNOTS('',1,(#2505,#2506),.UNSPECIFIED.,.F.,.F.,
(2,2),(-3.84622482544813,-3.),.UNSPECIFIED.);
#1245=B_SPLINE_CURVE_WITH_KNOTS('',1,(#2507,#2508),.UNSPECIFIED.,.F.,.F.,
(2,2),(0.,1.),.UNSPECIFIED.);
#1246=B_SPLINE_CURVE_WITH_KNOTS('',1,(#2509,#2510),.UNSPECIFIED.,.F.,.F.,
(2,2),(-1.,0.),.UNSPECIFIED.);
#1247=B_SPLINE_CURVE_WITH_KNOTS('',1,(#2511,#2512),.UNSPECIFIED.,.F.,.F.,
(2,2),(1.06800079345704,2.03394934761729),.UNSPECIFIED.);
#1248=B_SPLINE_CURVE_WITH_KNOTS('',1,(#2513,#2514),.UNSPECIFIED.,.F.,.F.,
(2,2),(14.8760011343426,18.3810012487835),.UNSPECIFIED.);
#1249=B_SPLINE_CURVE_WITH_KNOTS('',1,(#2515,#2516),.UNSPECIFIED.,.F.,.F.,
(2,2),(17.6004225687876,18.5982755205692),.UNSPECIFIED.);
#1250=B_SPLINE_CURVE_WITH_KNOTS('',1,(#2517,#2518,#2519),.UNSPECIFIED.,
 .F.,.F.,(2,1,2),(2.,3.,4.),.UNSPECIFIED.);
#1251=B_SPLINE_CURVE_WITH_KNOTS('',1,(#2520,#2521),.UNSPECIFIED.,.F.,.F.,
(2,2),(0.153775174551869,1.),.UNSPECIFIED.);
#1252=B_SPLINE_CURVE_WITH_KNOTS('',1,(#2522,#2523),.UNSPECIFIED.,.F.,.F.,
(2,2),(14.8760011343426,16.879001393742),.UNSPECIFIED.);
#1253=B_SPLINE_CURVE_WITH_KNOTS('',1,(#2524,#2525,#2526),.UNSPECIFIED.,
 .F.,.F.,(2,1,2),(2.50199985504152,5.09121621374592,6.59263301295399),
 .UNSPECIFIED.);
#1254=B_SPLINE_CURVE_WITH_KNOTS('',1,(#2527,#2528),.UNSPECIFIED.,.F.,.F.,
(2,2),(78.0019998550413,95.501999855041),.UNSPECIFIED.);
#1255=B_SPLINE_CURVE_WITH_KNOTS('',1,(#2529,#2530,#2531,#2532),
 .UNSPECIFIED.,.F.,.F.,(2,1,1,2),(48.4619549324228,49.9633717316309,55.501999855041,
56.701999855041),.UNSPECIFIED.);
#1256=B_SPLINE_CURVE_WITH_KNOTS('',1,(#2533,#2534),.UNSPECIFIED.,.F.,.F.,
(2,2),(62.6000000000001,78.0000000000001),.UNSPECIFIED.);
#1257=B_SPLINE_CURVE_WITH_KNOTS('',1,(#2535,#2536,#2537),.UNSPECIFIED.,
 .F.,.F.,(2,1,2),(57.0599550773818,58.5613718765898,62.6000000000001),
 .UNSPECIFIED.);
#1258=B_SPLINE_CURVE_WITH_KNOTS('',1,(#2559,#2560),.UNSPECIFIED.,.F.,.F.,
(2,2),(-1.,0.),.UNSPECIFIED.);
#1259=B_SPLINE_CURVE_WITH_KNOTS('',1,(#2561,#2562),.UNSPECIFIED.,.F.,.F.,
(2,2),(0.,0.0993956487553547),.UNSPECIFIED.);
#1260=B_SPLINE_CURVE_WITH_KNOTS('',1,(#2563,#2564),.UNSPECIFIED.,.F.,.F.,
(2,2),(-1.,0.),.UNSPECIFIED.);
#1261=B_SPLINE_CURVE_WITH_KNOTS('',1,(#2565,#2566),.UNSPECIFIED.,.F.,.F.,
(2,2),(0.,0.0993956487553547),.UNSPECIFIED.);
#1262=B_SPLINE_CURVE_WITH_KNOTS('',1,(#2567,#2568),.UNSPECIFIED.,.F.,.F.,
(2,2),(0.,1.),.UNSPECIFIED.);
#1263=B_SPLINE_CURVE_WITH_KNOTS('',1,(#2575,#2576),.UNSPECIFIED.,.F.,.F.,
(2,2),(2.,3.),.UNSPECIFIED.);
#1264=B_SPLINE_CURVE_WITH_KNOTS('',1,(#2577,#2578),.UNSPECIFIED.,.F.,.F.,
(2,2),(4.09939564875535,4.19879129751071),.UNSPECIFIED.);
#1265=B_SPLINE_CURVE_WITH_KNOTS('',1,(#2579,#2580),.UNSPECIFIED.,.F.,.F.,
(2,2),(1.,2.),.UNSPECIFIED.);
#1266=B_SPLINE_CURVE_WITH_KNOTS('',1,(#2581,#2582),.UNSPECIFIED.,.F.,.F.,
(2,2),(2.,2.09939564875535),.UNSPECIFIED.);
#1267=B_SPLINE_CURVE_WITH_KNOTS('',1,(#2583,#2584),.UNSPECIFIED.,.F.,.F.,
(2,2),(-10.0000000000015,-2.43760213620597),.UNSPECIFIED.);
#1268=B_SPLINE_CURVE_WITH_KNOTS('',1,(#2585,#2586),.UNSPECIFIED.,.F.,.F.,
(2,2),(3.5527136788005E-15,7.51533904026544),.UNSPECIFIED.);
#1269=B_SPLINE_CURVE_WITH_KNOTS('',1,(#2590,#2591),.UNSPECIFIED.,.F.,.F.,
(2,2),(-9.99999999999984,-2.43760213620507),.UNSPECIFIED.);
#1270=B_SPLINE_CURVE_WITH_KNOTS('',1,(#2592,#2593),.UNSPECIFIED.,.F.,.F.,
(2,2),(2.48466095973456,10.),.UNSPECIFIED.);
#1271=B_SPLINE_CURVE_WITH_KNOTS('',1,(#2597,#2598),.UNSPECIFIED.,.F.,.F.,
(2,2),(0.947093511254635,14.5),.UNSPECIFIED.);
#1272=B_SPLINE_CURVE_WITH_KNOTS('',3,(#2604,#2605,#2606,#2607,#2608,#2609,
#2610,#2611,#2612,#2613,#2614,#2615),.UNSPECIFIED.,.F.,.F.,(4,2,3,3,4),
(0.,5.48753488357364,8.84914283735579,8.98403117770079,8.9938768199549),
 .UNSPECIFIED.);
#1273=B_SPLINE_CURVE_WITH_KNOTS('',3,(#2621,#2622,#2623,#2624),
 .UNSPECIFIED.,.F.,.F.,(4,4),(0.,0.00098061992925545),.UNSPECIFIED.);
#1274=B_SPLINE_CURVE_WITH_KNOTS('',1,(#2625,#2626),.UNSPECIFIED.,.F.,.F.,
(2,2),(18.934607730043,47.7556078292252),.UNSPECIFIED.);
#1275=B_SPLINE_CURVE_WITH_KNOTS('',3,(#2627,#2628,#2629,#2630),
 .UNSPECIFIED.,.F.,.F.,(4,4),(0.,0.000968462407524418),.UNSPECIFIED.);
#1276=B_SPLINE_CURVE_WITH_KNOTS('',1,(#2631,#2632),.UNSPECIFIED.,.F.,.F.,
(2,2),(21.9659761928377,50.7869762920198),.UNSPECIFIED.);
#1277=B_SPLINE_CURVE_WITH_KNOTS('',1,(#2633,#2634,#2635,#2636),
 .UNSPECIFIED.,.F.,.F.,(2,1,1,2),(0.,12.2,27.3494311668265,31.),
 .UNSPECIFIED.);
#1278=B_SPLINE_CURVE_WITH_KNOTS('',1,(#2643,#2644),.UNSPECIFIED.,.F.,.F.,
(2,2),(0.,1.87347042243902),.UNSPECIFIED.);
#1279=B_SPLINE_CURVE_WITH_KNOTS('',1,(#2645,#2646),.UNSPECIFIED.,.F.,.F.,
(2,2),(0.,1.87369507487416),.UNSPECIFIED.);
#1280=B_SPLINE_CURVE_WITH_KNOTS('',1,(#2647,#2648),.UNSPECIFIED.,.F.,.F.,
(2,2),(1.87347042243902,1.87463722829121),.UNSPECIFIED.);
#1281=B_SPLINE_CURVE_WITH_KNOTS('',1,(#2652,#2653),.UNSPECIFIED.,.F.,.F.,
(2,2),(1.87369507487416,1.87481995366209),.UNSPECIFIED.);
#1282=B_SPLINE_CURVE_WITH_KNOTS('',3,(#2654,#2655,#2656,#2657,#2658,#2659),
 .UNSPECIFIED.,.F.,.F.,(4,2,4),(0.,0.709851782238316,1.4197207412626),
 .UNSPECIFIED.);
#1283=B_SPLINE_CURVE_WITH_KNOTS('',3,(#2660,#2661,#2662,#2663,#2664,#2665),
 .UNSPECIFIED.,.F.,.F.,(4,2,4),(0.,0.709930588417638,1.41985339772511),
 .UNSPECIFIED.);
#1284=B_SPLINE_CURVE_WITH_KNOTS('',3,(#2666,#2667,#2668,#2669,#2670,#2671,
#2672,#2673,#2674),.UNSPECIFIED.,.F.,.F.,(4,2,3,4),(0.,5.4880391062455,
8.84980302100848,8.99455529871511),.UNSPECIFIED.);
#1285=B_SPLINE_CURVE_WITH_KNOTS('',1,(#2689,#2690),.UNSPECIFIED.,.F.,.F.,
(2,2),(21.2684426542287,22.2),.UNSPECIFIED.);
#1286=B_SPLINE_CURVE_WITH_KNOTS('',1,(#2691,#2692),.UNSPECIFIED.,.F.,.F.,
(2,2),(-12.,-11.0684426542287),.UNSPECIFIED.);
#1287=B_SPLINE_CURVE_WITH_KNOTS('',1,(#2693,#2694),.UNSPECIFIED.,.F.,.F.,
(2,2),(-1.,0.),.UNSPECIFIED.);
#1288=B_SPLINE_CURVE_WITH_KNOTS('',1,(#2695,#2696),.UNSPECIFIED.,.F.,.F.,
(2,2),(0.,1.),.UNSPECIFIED.);
#1289=B_SPLINE_CURVE_WITH_KNOTS('',1,(#2697,#2698),.UNSPECIFIED.,.F.,.F.,
(2,2),(1.,2.),.UNSPECIFIED.);
#1290=B_SPLINE_CURVE_WITH_KNOTS('',1,(#2699,#2700),.UNSPECIFIED.,.F.,.F.,
(2,2),(2.,3.),.UNSPECIFIED.);
#1291=B_SPLINE_CURVE_WITH_KNOTS('',1,(#2701,#2702),.UNSPECIFIED.,.F.,.F.,
(2,2),(2.,3.),.UNSPECIFIED.);
#1292=B_SPLINE_CURVE_WITH_KNOTS('',1,(#2703,#2704),.UNSPECIFIED.,.F.,.F.,
(2,2),(-11.9960021972656,0.),.UNSPECIFIED.);
#1293=B_SPLINE_CURVE_WITH_KNOTS('',1,(#2705,#2706),.UNSPECIFIED.,.F.,.F.,
(2,2),(-3.,-2.),.UNSPECIFIED.);
#1294=B_SPLINE_CURVE_WITH_KNOTS('',1,(#2707,#2708,#2709),.UNSPECIFIED.,
 .F.,.F.,(2,1,2),(23.0118519370721,25.6010682957765,27.1024850949846),
 .UNSPECIFIED.);
#1295=B_SPLINE_CURVE_WITH_KNOTS('',1,(#2710,#2711),.UNSPECIFIED.,.F.,.F.,
(2,2),(-38.4999999999997,0.),.UNSPECIFIED.);
#1296=B_SPLINE_CURVE_WITH_KNOTS('',1,(#2712,#2713),.UNSPECIFIED.,.F.,.F.,
(2,2),(22.5029983520508,31.),.UNSPECIFIED.);
#1297=B_SPLINE_CURVE_WITH_KNOTS('',1,(#2714,#2715),.UNSPECIFIED.,.F.,.F.,
(2,2),(0.,8.49700164794922),.UNSPECIFIED.);
#1298=B_SPLINE_CURVE_WITH_KNOTS('',1,(#2716,#2717),.UNSPECIFIED.,.F.,.F.,
(2,2),(0.947095488906071,14.5),.UNSPECIFIED.);
#1299=B_SPLINE_CURVE_WITH_KNOTS('',1,(#2718,#2719,#2720,#2721),
 .UNSPECIFIED.,.F.,.F.,(2,1,1,2),(106.45454676951,118.65454676951,133.803977936336,
137.45454676951),.UNSPECIFIED.);
#1300=B_SPLINE_CURVE_WITH_KNOTS('',1,(#2722,#2723),.UNSPECIFIED.,.F.,.F.,
(2,2),(-1.11022302462516E-16,31.7),.UNSPECIFIED.);
#1301=B_SPLINE_CURVE_WITH_KNOTS('',1,(#2724,#2725),.UNSPECIFIED.,.F.,.F.,
(2,2),(67.9272733847549,106.45454676951),.UNSPECIFIED.);
#1302=B_SPLINE_CURVE_WITH_KNOTS('',1,(#2726,#2727),.UNSPECIFIED.,.F.,.F.,
(2,2),(-1.59999999999999,36.9272733847549),.UNSPECIFIED.);
#1303=B_SPLINE_CURVE_WITH_KNOTS('',3,(#2728,#2729,#2730,#2731,#2732,#2733),
 .UNSPECIFIED.,.F.,.F.,(4,2,4),(0.,1.00760044786805,2.01507276803456),
 .UNSPECIFIED.);
#1304=B_SPLINE_CURVE_WITH_KNOTS('',3,(#2734,#2735,#2736,#2737,#2738,#2739),
 .UNSPECIFIED.,.F.,.F.,(4,2,4),(0.,1.00747232016666,2.01507276803456),
 .UNSPECIFIED.);
#1305=B_SPLINE_CURVE_WITH_KNOTS('',3,(#2740,#2741,#2742,#2743,#2744,#2745),
 .UNSPECIFIED.,.F.,.F.,(4,2,4),(0.,0.964078841676097,1.92666211542814),
 .UNSPECIFIED.);
#1306=B_SPLINE_CURVE_WITH_KNOTS('',3,(#2746,#2747,#2748,#2749,#2750,#2751),
 .UNSPECIFIED.,.F.,.F.,(4,2,4),(0.,0.962602608360004,1.92669697588552),
 .UNSPECIFIED.);
#1307=B_SPLINE_CURVE_WITH_KNOTS('',1,(#2752,#2753),.UNSPECIFIED.,.F.,.F.,
(2,2),(-0.750531299703025,38.8691507493493),.UNSPECIFIED.);
#1308=B_SPLINE_CURVE_WITH_KNOTS('',1,(#2754,#2755),.UNSPECIFIED.,.F.,.F.,
(2,2),(-0.750531299702658,38.8690981807698),.UNSPECIFIED.);
#1309=B_SPLINE_CURVE_WITH_KNOTS('',3,(#2756,#2757,#2758,#2759),
 .UNSPECIFIED.,.F.,.F.,(4,4),(0.,31.8674618462812),.UNSPECIFIED.);
#1310=B_SPLINE_CURVE_WITH_KNOTS('',1,(#2768,#2769,#2770,#2771),
 .UNSPECIFIED.,.F.,.F.,(2,1,1,2),(151.068278430577,151.494853602823,152.494853602823,
153.492706554605),.UNSPECIFIED.);
#1311=B_SPLINE_CURVE_WITH_KNOTS('',1,(#2772,#2773,#2774),.UNSPECIFIED.,
 .F.,.F.,(2,1,2),(147.497001647949,148.49485459973,148.960405032699),
 .UNSPECIFIED.);
#1312=B_SPLINE_CURVE_WITH_KNOTS('',1,(#2775,#2776),.UNSPECIFIED.,.F.,.F.,
(2,2),(1.31578537902983,2.88421462097015),.UNSPECIFIED.);
#1313=B_SPLINE_CURVE_WITH_KNOTS('',1,(#2777,#2778),.UNSPECIFIED.,.F.,.F.,
(2,2),(1.31578537902983,2.88421462097015),.UNSPECIFIED.);
#1314=B_SPLINE_CURVE_WITH_KNOTS('',1,(#2781,#2782),.UNSPECIFIED.,.F.,.F.,
(2,2),(0.27512650611666,1.22487349388334),.UNSPECIFIED.);
#1315=B_SPLINE_CURVE_WITH_KNOTS('',1,(#2783,#2784),.UNSPECIFIED.,.F.,.F.,
(2,2),(-8.00000000000004,-3.50000000000004),.UNSPECIFIED.);
#1316=B_SPLINE_CURVE_WITH_KNOTS('',1,(#2785,#2786),.UNSPECIFIED.,.F.,.F.,
(2,2),(3.50000000000004,8.00000000000004),.UNSPECIFIED.);
#1317=B_SPLINE_CURVE_WITH_KNOTS('',1,(#2787,#2788),.UNSPECIFIED.,.F.,.F.,
(2,2),(0.,6.49700164794923),.UNSPECIFIED.);
#1318=B_SPLINE_CURVE_WITH_KNOTS('',1,(#2789,#2790),.UNSPECIFIED.,.F.,.F.,
(2,2),(-6.49700164794923,0.),.UNSPECIFIED.);
#1319=B_SPLINE_CURVE_WITH_KNOTS('',1,(#2791,#2792),.UNSPECIFIED.,.F.,.F.,
(2,2),(0.,4.5),.UNSPECIFIED.);
#1320=B_SPLINE_CURVE_WITH_KNOTS('',1,(#2793,#2794,#2795,#2796),
 .UNSPECIFIED.,.F.,.F.,(2,1,1,2),(3.4167077972288,4.32313964980433,4.97410207399335,
5.62810235628095),.UNSPECIFIED.);
#1321=B_SPLINE_CURVE_WITH_KNOTS('',1,(#2797,#2798,#2799),.UNSPECIFIED.,
 .F.,.F.,(2,1,2),(3.41661808072043,4.41549507280026,5.06949535508786),
 .UNSPECIFIED.);
#1322=B_SPLINE_CURVE_WITH_KNOTS('',3,(#2800,#2801,#2802,#2803),
 .UNSPECIFIED.,.F.,.F.,(4,4),(0.602834661573001,1.09753172728402),
 .UNSPECIFIED.);
#1323=B_SPLINE_CURVE_WITH_KNOTS('',3,(#2804,#2805,#2806,#2807,#2808,#2809,
#2810,#2811,#2812),.UNSPECIFIED.,.F.,.F.,(4,2,3,4),(0.,0.28388818060674,
0.565718261307432,0.602834661573001),.UNSPECIFIED.);
#1324=B_SPLINE_CURVE_WITH_KNOTS('',3,(#2813,#2814,#2815,#2816),
 .UNSPECIFIED.,.F.,.F.,(4,4),(0.602834661573001,1.09753172728402),
 .UNSPECIFIED.);
#1325=B_SPLINE_CURVE_WITH_KNOTS('',3,(#2817,#2818,#2819,#2820,#2821,#2822,
#2823,#2824,#2825),.UNSPECIFIED.,.F.,.F.,(4,2,3,4),(0.,0.28388818060674,
0.565718261307432,0.602834661573001),.UNSPECIFIED.);
#1326=B_SPLINE_CURVE_WITH_KNOTS('',1,(#2826,#2827),.UNSPECIFIED.,.F.,.F.,
(2,2),(0.0521875972899737,1.44781240271002),.UNSPECIFIED.);
#1327=B_SPLINE_CURVE_WITH_KNOTS('',3,(#2830,#2831,#2832,#2833),
 .UNSPECIFIED.,.F.,.F.,(4,4),(0.,0.940501718000411),.UNSPECIFIED.);
#1328=B_SPLINE_CURVE_WITH_KNOTS('',3,(#2834,#2835,#2836,#2837),
 .UNSPECIFIED.,.F.,.F.,(4,4),(0.,0.940501718000411),.UNSPECIFIED.);
#1329=B_SPLINE_CURVE_WITH_KNOTS('',1,(#2840,#2841),.UNSPECIFIED.,.F.,.F.,
(2,2),(0.,1.5),.UNSPECIFIED.);
#1330=B_SPLINE_CURVE_WITH_KNOTS('',3,(#2842,#2843,#2844,#2845),
 .UNSPECIFIED.,.F.,.F.,(4,4),(0.,0.494697065711009),.UNSPECIFIED.);
#1331=B_SPLINE_CURVE_WITH_KNOTS('',3,(#2846,#2847,#2848,#2849,#2850,#2851,
#2852,#2853,#2854),.UNSPECIFIED.,.F.,.F.,(4,3,2,4),(0.494697065711009,0.531813465976588,
0.813643546677261,1.09753172728403),.UNSPECIFIED.);
#1332=B_SPLINE_CURVE_WITH_KNOTS('',3,(#2855,#2856,#2857,#2858),
 .UNSPECIFIED.,.F.,.F.,(4,4),(0.,0.494697065711009),.UNSPECIFIED.);
#1333=B_SPLINE_CURVE_WITH_KNOTS('',3,(#2859,#2860,#2861,#2862,#2863,#2864,
#2865,#2866,#2867),.UNSPECIFIED.,.F.,.F.,(4,3,2,4),(0.494697065711009,0.531813465976588,
0.813643546677261,1.09753172728403),.UNSPECIFIED.);
#1334=B_SPLINE_CURVE_WITH_KNOTS('',1,(#2868,#2869),.UNSPECIFIED.,.F.,.F.,
(2,2),(0.299999999999997,3.9),.UNSPECIFIED.);
#1335=B_SPLINE_CURVE_WITH_KNOTS('',3,(#2870,#2871,#2872,#2873),
 .UNSPECIFIED.,.F.,.F.,(4,4),(0.,0.940501718000408),.UNSPECIFIED.);
#1336=B_SPLINE_CURVE_WITH_KNOTS('',3,(#2874,#2875,#2876,#2877),
 .UNSPECIFIED.,.F.,.F.,(4,4),(0.602834661573001,1.09753172728402),
 .UNSPECIFIED.);
#1337=B_SPLINE_CURVE_WITH_KNOTS('',3,(#2882,#2883,#2884,#2885,#2886,#2887,
#2888,#2889,#2890),.UNSPECIFIED.,.F.,.F.,(4,3,2,4),(0.494697065711009,0.531813465976588,
0.813643546677261,1.09753172728403),.UNSPECIFIED.);
#1338=B_SPLINE_CURVE_WITH_KNOTS('',1,(#2891,#2892),.UNSPECIFIED.,.F.,.F.,
(2,2),(1.31578537902983,2.88421462097015),.UNSPECIFIED.);
#1339=B_SPLINE_CURVE_WITH_KNOTS('',1,(#2893,#2894),.UNSPECIFIED.,.F.,.F.,
(2,2),(0.299999999999997,3.9),.UNSPECIFIED.);
#1340=B_SPLINE_CURVE_WITH_KNOTS('',3,(#2895,#2896,#2897,#2898),
 .UNSPECIFIED.,.F.,.F.,(4,4),(0.,0.940501718000408),.UNSPECIFIED.);
#1341=B_SPLINE_CURVE_WITH_KNOTS('',3,(#2899,#2900,#2901,#2902),
 .UNSPECIFIED.,.F.,.F.,(4,4),(0.,0.494697065711009),.UNSPECIFIED.);
#1342=B_SPLINE_CURVE_WITH_KNOTS('',3,(#2903,#2904,#2905,#2906),
 .UNSPECIFIED.,.F.,.F.,(4,4),(0.,0.940501718000411),.UNSPECIFIED.);
#1343=B_SPLINE_CURVE_WITH_KNOTS('',3,(#2907,#2908,#2909,#2910),
 .UNSPECIFIED.,.F.,.F.,(4,4),(0.,0.940501718000411),.UNSPECIFIED.);
#1344=B_SPLINE_CURVE_WITH_KNOTS('',1,(#2913,#2914),.UNSPECIFIED.,.F.,.F.,
(2,2),(0.,1.5),.UNSPECIFIED.);
#1345=B_SPLINE_CURVE_WITH_KNOTS('',3,(#2915,#2916,#2917,#2918),
 .UNSPECIFIED.,.F.,.F.,(4,4),(0.,0.494697065711009),.UNSPECIFIED.);
#1346=B_SPLINE_CURVE_WITH_KNOTS('',3,(#2919,#2920,#2921,#2922,#2923,#2924,
#2925,#2926,#2927),.UNSPECIFIED.,.F.,.F.,(4,3,2,4),(0.494697065711009,0.531813465976588,
0.813643546677261,1.09753172728403),.UNSPECIFIED.);
#1347=B_SPLINE_CURVE_WITH_KNOTS('',1,(#2928,#2929),.UNSPECIFIED.,.F.,.F.,
(2,2),(0.27512650611666,1.22487349388334),.UNSPECIFIED.);
#1348=B_SPLINE_CURVE_WITH_KNOTS('',3,(#2932,#2933,#2934,#2935,#2936,#2937,
#2938,#2939,#2940),.UNSPECIFIED.,.F.,.F.,(4,2,3,4),(0.,0.28388818060674,
0.565718261307432,0.602834661573001),.UNSPECIFIED.);
#1349=B_SPLINE_CURVE_WITH_KNOTS('',1,(#2941,#2942),.UNSPECIFIED.,.F.,.F.,
(2,2),(0.299999999999997,3.9),.UNSPECIFIED.);
#1350=B_SPLINE_CURVE_WITH_KNOTS('',3,(#2943,#2944,#2945,#2946),
 .UNSPECIFIED.,.F.,.F.,(4,4),(0.,0.940501718000408),.UNSPECIFIED.);
#1351=B_SPLINE_CURVE_WITH_KNOTS('',3,(#2947,#2948,#2949,#2950),
 .UNSPECIFIED.,.F.,.F.,(4,4),(0.602834661573001,1.09753172728402),
 .UNSPECIFIED.);
#1352=B_SPLINE_CURVE_WITH_KNOTS('',1,(#2951,#2952),.UNSPECIFIED.,.F.,.F.,
(2,2),(1.31578537902983,2.88421462097015),.UNSPECIFIED.);
#1353=B_SPLINE_CURVE_WITH_KNOTS('',3,(#2953,#2954,#2955,#2956),
 .UNSPECIFIED.,.F.,.F.,(4,4),(0.,0.940501718000408),.UNSPECIFIED.);
#1354=B_SPLINE_CURVE_WITH_KNOTS('',1,(#2957,#2958),.UNSPECIFIED.,.F.,.F.,
(2,2),(0.,1.5),.UNSPECIFIED.);
#1355=B_SPLINE_CURVE_WITH_KNOTS('',1,(#2969,#2970),.UNSPECIFIED.,.F.,.F.,
(2,2),(0.299999999999997,3.9),.UNSPECIFIED.);
#1356=B_SPLINE_CURVE_WITH_KNOTS('',3,(#2971,#2972,#2973,#2974,#2975,#2976,
#2977,#2978,#2979),.UNSPECIFIED.,.F.,.F.,(4,2,3,4),(0.,0.28388818060674,
0.565718261307432,0.602834661573001),.UNSPECIFIED.);
#1357=B_SPLINE_CURVE_WITH_KNOTS('',1,(#2980,#2981),.UNSPECIFIED.,.F.,.F.,
(2,2),(0.,6.99700021743775),.UNSPECIFIED.);
#1358=B_SPLINE_CURVE_WITH_KNOTS('',1,(#2988,#2989),.UNSPECIFIED.,.F.,.F.,
(2,2),(0.,6.99700021743775),.UNSPECIFIED.);
#1359=B_SPLINE_CURVE_WITH_KNOTS('',3,(#2993,#2994,#2995,#2996,#2997,#2998,
#2999,#3000,#3001,#3002,#3003,#3004,#3005,#3006,#3007,#3008,#3009,#3010,
#3011,#3012),.UNSPECIFIED.,.F.,.F.,(4,1,1,1,1,1,1,1,1,1,1,1,1,1,1,1,1,4),
(3.81838433689488E-8,0.0845723137506001,0.171838901534954,0.261583771748959,
0.353538181681425,0.447382894083157,0.542752383338377,0.639241655294541,
0.736415493416817,0.833819681391836,0.930993519514096,1.02748279147026,
1.12285228072547,1.21669699312721,1.30865140305967,1.39839627327369,1.48566286105804,
1.57023457308723),.UNSPECIFIED.);
#1360=B_SPLINE_CURVE_WITH_KNOTS('',1,(#3013,#3014),.UNSPECIFIED.,.F.,.F.,
(2,2),(21.7072267938241,22.1727772267944),.UNSPECIFIED.);
#1361=B_SPLINE_CURVE_WITH_KNOTS('',1,(#3015,#3016,#3017),.UNSPECIFIED.,
 .F.,.F.,(2,1,2),(14.2782259393358,15.2782259393358,17.2072267938241),
 .UNSPECIFIED.);
#1362=B_SPLINE_CURVE_WITH_KNOTS('',1,(#3025,#3026,#3027,#3028,#3029,#3030),
 .UNSPECIFIED.,.F.,.F.,(2,1,1,1,1,2),(2.61749569078122,3.41449657579098,
3.97484845225243,4.97484845225243,5.83020452749188,6.62720541250165),
 .UNSPECIFIED.);
#1363=B_SPLINE_CURVE_WITH_KNOTS('',1,(#3031,#3032),.UNSPECIFIED.,.F.,.F.,
(2,2),(-6.49700164794923,0.),.UNSPECIFIED.);
#1364=B_SPLINE_CURVE_WITH_KNOTS('',1,(#3033,#3034,#3035,#3036),
 .UNSPECIFIED.,.F.,.F.,(2,1,1,2),(-1.45700329059904,-0.91281651458636,0.,
0.654000282287598),.UNSPECIFIED.);
#1365=B_SPLINE_CURVE_WITH_KNOTS('',1,(#3037,#3038),.UNSPECIFIED.,.F.,.F.,
(2,2),(0.0521875972899737,1.44781240271002),.UNSPECIFIED.);
#1366=B_SPLINE_CURVE_WITH_KNOTS('',1,(#3039,#3040),.UNSPECIFIED.,.F.,.F.,
(2,2),(0.,1.5),.UNSPECIFIED.);
#1367=B_SPLINE_CURVE_WITH_KNOTS('',1,(#3041,#3042),.UNSPECIFIED.,.F.,.F.,
(2,2),(3.50000000000004,8.00000000000004),.UNSPECIFIED.);
#1368=B_SPLINE_CURVE_WITH_KNOTS('',1,(#3043,#3044),.UNSPECIFIED.,.F.,.F.,
(2,2),(0.,6.49700164794923),.UNSPECIFIED.);
#1369=B_SPLINE_CURVE_WITH_KNOTS('',1,(#3045,#3046),.UNSPECIFIED.,.F.,.F.,
(2,2),(0.,4.5),.UNSPECIFIED.);
#1370=B_SPLINE_CURVE_WITH_KNOTS('',1,(#3047,#3048,#3049),.UNSPECIFIED.,
 .F.,.F.,(2,1,2),(-0.654000282287598,5.55111512312578E-17,0.998876992079835),
 .UNSPECIFIED.);
#1371=B_SPLINE_CURVE_WITH_KNOTS('',1,(#3050,#3051,#3052,#3053),
 .UNSPECIFIED.,.F.,.F.,(2,1,1,2),(1.5,1.8,2.32150992873776,2.62150992873776),
 .UNSPECIFIED.);
#1372=B_SPLINE_CURVE_WITH_KNOTS('',1,(#3054,#3055,#3056,#3057),
 .UNSPECIFIED.,.F.,.F.,(2,1,1,2),(1.5,1.8,2.26029704524535,3.05729793025512),
 .UNSPECIFIED.);
#1373=B_SPLINE_CURVE_WITH_KNOTS('',1,(#3058,#3059,#3060,#3061),
 .UNSPECIFIED.,.F.,.F.,(2,1,1,2),(2.61749569078122,3.41449657579098,3.59356847788647,
3.89356847788648),.UNSPECIFIED.);
#1374=B_SPLINE_CURVE_WITH_KNOTS('',1,(#3062,#3063),.UNSPECIFIED.,.F.,.F.,
(2,2),(0.999999999999985,13.0055525037977),.UNSPECIFIED.);
#1375=B_SPLINE_CURVE_WITH_KNOTS('',1,(#3072,#3073,#3074),.UNSPECIFIED.,
 .F.,.F.,(2,1,2),(0.,6.99700021743774,7.99985347536155),.UNSPECIFIED.);
#1376=B_SPLINE_CURVE_WITH_KNOTS('',1,(#3078,#3079),.UNSPECIFIED.,.F.,.F.,
(2,2),(0.999999999999985,13.0055525037977),.UNSPECIFIED.);
#1377=VERTEX_POINT('',#2134);
#1378=VERTEX_POINT('',#2135);
#1379=VERTEX_POINT('',#2136);
#1380=VERTEX_POINT('',#2137);
#1381=VERTEX_POINT('',#2138);
#1382=VERTEX_POINT('',#2139);
#1383=VERTEX_POINT('',#2140);
#1384=VERTEX_POINT('',#2141);
#1385=VERTEX_POINT('',#2142);
#1386=VERTEX_POINT('',#2143);
#1387=VERTEX_POINT('',#2144);
#1388=VERTEX_POINT('',#2145);
#1389=VERTEX_POINT('',#2146);
#1390=VERTEX_POINT('',#2147);
#1391=VERTEX_POINT('',#2148);
#1392=VERTEX_POINT('',#2149);
#1393=VERTEX_POINT('',#2150);
#1394=VERTEX_POINT('',#2151);
#1395=VERTEX_POINT('',#2152);
#1396=VERTEX_POINT('',#2153);
#1397=VERTEX_POINT('',#2154);
#1398=VERTEX_POINT('',#2155);
#1399=VERTEX_POINT('',#2156);
#1400=VERTEX_POINT('',#2157);
#1401=VERTEX_POINT('',#2158);
#1402=VERTEX_POINT('',#2159);
#1403=VERTEX_POINT('',#2160);
#1404=VERTEX_POINT('',#2161);
#1405=VERTEX_POINT('',#2162);
#1406=VERTEX_POINT('',#2163);
#1407=VERTEX_POINT('',#2164);
#1408=VERTEX_POINT('',#2165);
#1409=VERTEX_POINT('',#2166);
#1410=VERTEX_POINT('',#2167);
#1411=VERTEX_POINT('',#2168);
#1412=VERTEX_POINT('',#2169);
#1413=VERTEX_POINT('',#2170);
#1414=VERTEX_POINT('',#2171);
#1415=VERTEX_POINT('',#2172);
#1416=VERTEX_POINT('',#2173);
#1417=VERTEX_POINT('',#2174);
#1418=VERTEX_POINT('',#2175);
#1419=VERTEX_POINT('',#2176);
#1420=VERTEX_POINT('',#2177);
#1421=VERTEX_POINT('',#2178);
#1422=VERTEX_POINT('',#2179);
#1423=VERTEX_POINT('',#2180);
#1424=VERTEX_POINT('',#2181);
#1425=VERTEX_POINT('',#2182);
#1426=VERTEX_POINT('',#2183);
#1427=VERTEX_POINT('',#2184);
#1428=VERTEX_POINT('',#2185);
#1429=VERTEX_POINT('',#2186);
#1430=VERTEX_POINT('',#2187);
#1431=VERTEX_POINT('',#2188);
#1432=VERTEX_POINT('',#2189);
#1433=VERTEX_POINT('',#2190);
#1434=VERTEX_POINT('',#2191);
#1435=VERTEX_POINT('',#2192);
#1436=VERTEX_POINT('',#2193);
#1437=VERTEX_POINT('',#2194);
#1438=VERTEX_POINT('',#2195);
#1439=VERTEX_POINT('',#2196);
#1440=VERTEX_POINT('',#2197);
#1441=VERTEX_POINT('',#2198);
#1442=VERTEX_POINT('',#2199);
#1443=VERTEX_POINT('',#2200);
#1444=VERTEX_POINT('',#2201);
#1445=VERTEX_POINT('',#2202);
#1446=VERTEX_POINT('',#2203);
#1447=VERTEX_POINT('',#2204);
#1448=VERTEX_POINT('',#2205);
#1449=VERTEX_POINT('',#2206);
#1450=VERTEX_POINT('',#2207);
#1451=VERTEX_POINT('',#2208);
#1452=VERTEX_POINT('',#2209);
#1453=VERTEX_POINT('',#2210);
#1454=VERTEX_POINT('',#2211);
#1455=VERTEX_POINT('',#2212);
#1456=VERTEX_POINT('',#2213);
#1457=VERTEX_POINT('',#2214);
#1458=VERTEX_POINT('',#2215);
#1459=VERTEX_POINT('',#2216);
#1460=VERTEX_POINT('',#2217);
#1461=VERTEX_POINT('',#2218);
#1462=VERTEX_POINT('',#2219);
#1463=VERTEX_POINT('',#2220);
#1464=VERTEX_POINT('',#2221);
#1465=VERTEX_POINT('',#2222);
#1466=VERTEX_POINT('',#2223);
#1467=VERTEX_POINT('',#2224);
#1468=VERTEX_POINT('',#2225);
#1469=VERTEX_POINT('',#2226);
#1470=VERTEX_POINT('',#2227);
#1471=VERTEX_POINT('',#2228);
#1472=VERTEX_POINT('',#2229);
#1473=VERTEX_POINT('',#2230);
#1474=VERTEX_POINT('',#2231);
#1475=VERTEX_POINT('',#2232);
#1476=VERTEX_POINT('',#2233);
#1477=VERTEX_POINT('',#2234);
#1478=VERTEX_POINT('',#2235);
#1479=VERTEX_POINT('',#2236);
#1480=VERTEX_POINT('',#2237);
#1481=VERTEX_POINT('',#2238);
#1482=VERTEX_POINT('',#2239);
#1483=VERTEX_POINT('',#2240);
#1484=VERTEX_POINT('',#2241);
#1485=VERTEX_POINT('',#2242);
#1486=VERTEX_POINT('',#2243);
#1487=VERTEX_POINT('',#2244);
#1488=VERTEX_POINT('',#2245);
#1489=VERTEX_POINT('',#2246);
#1490=VERTEX_POINT('',#2247);
#1491=VERTEX_POINT('',#2248);
#1492=VERTEX_POINT('',#2249);
#1493=VERTEX_POINT('',#2250);
#1494=VERTEX_POINT('',#2251);
#1495=VERTEX_POINT('',#2252);
#1496=VERTEX_POINT('',#2253);
#1497=VERTEX_POINT('',#2254);
#1498=VERTEX_POINT('',#2255);
#1499=VERTEX_POINT('',#2256);
#1500=VERTEX_POINT('',#2257);
#1501=VERTEX_POINT('',#2258);
#1502=VERTEX_POINT('',#2259);
#1503=VERTEX_POINT('',#2260);
#1504=VERTEX_POINT('',#2261);
#1505=VERTEX_POINT('',#2262);
#1506=VERTEX_POINT('',#2263);
#1507=VERTEX_POINT('',#2264);
#1508=VERTEX_POINT('',#2265);
#1509=VERTEX_POINT('',#2266);
#1510=VERTEX_POINT('',#2267);
#1511=VERTEX_POINT('',#2268);
#1512=VERTEX_POINT('',#2269);
#1513=VERTEX_POINT('',#2270);
#1514=VERTEX_POINT('',#2271);
#1515=VERTEX_POINT('',#2272);
#1516=VERTEX_POINT('',#2273);
#1517=VERTEX_POINT('',#2274);
#1518=VERTEX_POINT('',#2275);
#1519=VERTEX_POINT('',#2276);
#1520=VERTEX_POINT('',#2277);
#1521=VERTEX_POINT('',#2278);
#1522=VERTEX_POINT('',#2279);
#1523=VERTEX_POINT('',#2280);
#1524=VERTEX_POINT('',#2281);
#1525=VERTEX_POINT('',#2282);
#1526=VERTEX_POINT('',#2283);
#1527=VERTEX_POINT('',#2284);
#1528=VERTEX_POINT('',#2285);
#1529=VERTEX_POINT('',#2286);
#1530=VERTEX_POINT('',#2287);
#1531=VERTEX_POINT('',#2288);
#1532=VERTEX_POINT('',#2289);
#1533=VERTEX_POINT('',#2290);
#1534=VERTEX_POINT('',#2291);
#1535=VERTEX_POINT('',#2292);
#1536=VERTEX_POINT('',#2293);
#1537=VERTEX_POINT('',#2294);
#1538=VERTEX_POINT('',#2295);
#1539=VERTEX_POINT('',#2296);
#1540=VERTEX_POINT('',#2297);
#1541=VERTEX_POINT('',#2298);
#1542=VERTEX_POINT('',#2299);
#1543=VERTEX_POINT('',#2300);
#1544=VERTEX_POINT('',#2301);
#1545=VERTEX_POINT('',#2302);
#1546=VERTEX_POINT('',#2303);
#1547=VERTEX_POINT('',#2304);
#1548=VERTEX_POINT('',#2305);
#1549=(
BOUNDED_SURFACE()
B_SPLINE_SURFACE(1,2,((#2046,#2047,#2048),(#2049,#2050,#2051)),
 .UNSPECIFIED.,.F.,.F.,.F.)
B_SPLINE_SURFACE_WITH_KNOTS((2,2),(3,3),(0.,14.5),(0.,1.89547344101828),
 .UNSPECIFIED.)
GEOMETRIC_REPRESENTATION_ITEM()
RATIONAL_B_SPLINE_SURFACE(((1.,0.726082199539874,1.),(1.,0.726042239057101,
1.)))
REPRESENTATION_ITEM('')
SURFACE()
);
#1550=(
BOUNDED_SURFACE()
B_SPLINE_SURFACE(1,2,((#2052,#2053,#2054),(#2055,#2056,#2057)),
 .UNSPECIFIED.,.F.,.F.,.F.)
B_SPLINE_SURFACE_WITH_KNOTS((2,2),(3,3),(-4.32986979603811E-15,14.5),(0.,
1.89547344101829),.UNSPECIFIED.)
GEOMETRIC_REPRESENTATION_ITEM()
RATIONAL_B_SPLINE_SURFACE(((1.,0.726042239057099,0.999944964243998),(1.,
0.726082199539871,1.)))
REPRESENTATION_ITEM('')
SURFACE()
);
#1551=(
BOUNDED_SURFACE()
B_SPLINE_SURFACE(2,2,((#2063,#2064,#2065),(#2066,#2067,#2068),(#2069,#2070,
#2071),(#2072,#2073,#2074),(#2075,#2076,#2077)),.UNSPECIFIED.,.F.,.F.,.F.)
B_SPLINE_SURFACE_WITH_KNOTS((3,2,3),(3,3),(3.30790789500691,12.0548835622133,
12.1985861955738),(-1.37451762884169,33.2336688376272),.UNSPECIFIED.)
GEOMETRIC_REPRESENTATION_ITEM()
RATIONAL_B_SPLINE_SURFACE(((0.996022443346082,0.994737868678142,0.996000533450296),
(0.893597740224271,0.892957207994382,0.893610881372533),(1.00017421923286,
1.00015363778018,1.00017422810349),(1.00008710582233,1.00007681509599,1.00008711025765),
(1.,1.,1.)))
REPRESENTATION_ITEM('')
SURFACE()
);
#1552=(
BOUNDED_SURFACE()
B_SPLINE_SURFACE(2,2,((#2078,#2079,#2080),(#2081,#2082,#2083),(#2084,#2085,
#2086)),.UNSPECIFIED.,.F.,.F.,.F.)
B_SPLINE_SURFACE_WITH_KNOTS((3,3),(3,3),(1.89020104178297,3.30689662153648),
(-1.38197410509711,33.2134884406118),.UNSPECIFIED.)
GEOMETRIC_REPRESENTATION_ITEM()
RATIONAL_B_SPLINE_SURFACE(((0.997726495081896,0.996160720690064,0.997546197046701),
(0.889164293391155,0.887795454283089,0.889175068694454),(0.995870548011636,
0.994673764402612,0.99602263708398)))
REPRESENTATION_ITEM('')
SURFACE()
);
#1553=CYLINDRICAL_SURFACE('',#1730,1.50000000000006);
#1554=CYLINDRICAL_SURFACE('',#1732,1.50000000000008);
#1555=CYLINDRICAL_SURFACE('',#1734,1.5);
#1556=CYLINDRICAL_SURFACE('',#1736,1.49999999999997);
#1557=CYLINDRICAL_SURFACE('',#1738,0.438649195375568);
#1558=CYLINDRICAL_SURFACE('',#1740,0.438649195375479);
#1559=CYLINDRICAL_SURFACE('',#1742,0.438649195375507);
#1560=CYLINDRICAL_SURFACE('',#1744,0.438649195375545);
#1561=CYLINDRICAL_SURFACE('',#1746,0.438649195375483);
#1562=CYLINDRICAL_SURFACE('',#1748,0.438649195375577);
#1563=CYLINDRICAL_SURFACE('',#1760,1.00000031839992);
#1564=CYLINDRICAL_SURFACE('',#1763,1.24999999999999);
#1565=CYLINDRICAL_SURFACE('',#1764,1.25);
#1566=CYLINDRICAL_SURFACE('',#1769,398.026614743954);
#1567=CYLINDRICAL_SURFACE('',#1771,292.660000000005);
#1568=CYLINDRICAL_SURFACE('',#1781,3.00298892972653);
#1569=CYLINDRICAL_SURFACE('',#1783,2.5024508207446);
#1570=CYLINDRICAL_SURFACE('',#1788,0.800000000000022);
#1571=CYLINDRICAL_SURFACE('',#1790,0.799999999999985);
#1572=CYLINDRICAL_SURFACE('',#1792,0.199999999999999);
#1573=CYLINDRICAL_SURFACE('',#1795,0.800000000000031);
#1574=CYLINDRICAL_SURFACE('',#1796,0.200000000000001);
#1575=CYLINDRICAL_SURFACE('',#1800,1.24999999999999);
#1576=CYLINDRICAL_SURFACE('',#1801,0.199999999999996);
#1577=CYLINDRICAL_SURFACE('',#1803,0.199999999999999);
#1578=CYLINDRICAL_SURFACE('',#1804,0.999999999999993);
#1579=CYLINDRICAL_SURFACE('',#1805,0.999999999999972);
#1580=CYLINDRICAL_SURFACE('',#1810,0.800000000000023);
#1581=CYLINDRICAL_SURFACE('',#1814,1.24999999999999);
#1582=PLANE('',#1729);
#1583=PLANE('',#1731);
#1584=PLANE('',#1733);
#1585=PLANE('',#1735);
#1586=PLANE('',#1737);
#1587=PLANE('',#1739);
#1588=PLANE('',#1741);
#1589=PLANE('',#1743);
#1590=PLANE('',#1745);
#1591=PLANE('',#1747);
#1592=PLANE('',#1749);
#1593=PLANE('',#1750);
#1594=PLANE('',#1751);
#1595=PLANE('',#1752);
#1596=PLANE('',#1753);
#1597=PLANE('',#1754);
#1598=PLANE('',#1755);
#1599=PLANE('',#1756);
#1600=PLANE('',#1757);
#1601=PLANE('',#1758);
#1602=PLANE('',#1759);
#1603=PLANE('',#1761);
#1604=PLANE('',#1762);
#1605=PLANE('',#1765);
#1606=PLANE('',#1766);
#1607=PLANE('',#1767);
#1608=PLANE('',#1768);
#1609=PLANE('',#1770);
#1610=PLANE('',#1772);
#1611=PLANE('',#1773);
#1612=PLANE('',#1774);
#1613=PLANE('',#1775);
#1614=PLANE('',#1776);
#1615=PLANE('',#1777);
#1616=PLANE('',#1778);
#1617=PLANE('',#1779);
#1618=PLANE('',#1780);
#1619=PLANE('',#1782);
#1620=PLANE('',#1784);
#1621=PLANE('',#1785);
#1622=PLANE('',#1786);
#1623=PLANE('',#1787);
#1624=PLANE('',#1789);
#1625=PLANE('',#1791);
#1626=PLANE('',#1793);
#1627=PLANE('',#1794);
#1628=PLANE('',#1797);
#1629=PLANE('',#1798);
#1630=PLANE('',#1799);
#1631=PLANE('',#1802);
#1632=PLANE('',#1806);
#1633=PLANE('',#1807);
#1634=PLANE('',#1808);
#1635=PLANE('',#1809);
#1636=PLANE('',#1811);
#1637=PLANE('',#1812);
#1638=PLANE('',#1813);
#1639=PLANE('',#1815);
#1640=PLANE('',#1816);
#1641=SHAPE_DEFINITION_REPRESENTATION(#1642,#1727);
#1642=PRODUCT_DEFINITION_SHAPE($,$,#1644);
#1643=PRODUCT_DEFINITION_CONTEXT('3D Mechanical Parts',#1716,'design');
#1644=PRODUCT_DEFINITION('A','First version',#1686,#1643);
#1645=DATE_TIME_ROLE('classification_date');
#1646=DATE_TIME_ROLE('creation_date');
#1647=APPLIED_DATE_AND_TIME_ASSIGNMENT(#1671,#1645,(#1650));
#1648=APPLIED_DATE_AND_TIME_ASSIGNMENT(#1673,#1646,(#1644));
#1649=SECURITY_CLASSIFICATION_LEVEL('unclassified');
#1650=SECURITY_CLASSIFICATION('A','Security for version',#1649);
#1651=APPLIED_SECURITY_CLASSIFICATION_ASSIGNMENT(#1650,(#1686));
#1652=APPROVAL_ROLE('Version approval');
#1653=APPROVAL_ROLE('Version Security approval');
#1654=APPROVAL_ROLE('Definition approval');
#1655=APPROVAL_PERSON_ORGANIZATION(#1704,#1680,#1652);
#1656=APPROVAL_PERSON_ORGANIZATION(#1705,#1681,#1653);
#1657=APPROVAL_PERSON_ORGANIZATION(#1708,#1682,#1654);
#1658=COORDINATED_UNIVERSAL_TIME_OFFSET(5,0,.BEHIND.);
#1659=LOCAL_TIME(0,0,0.,#1658);
#1660=LOCAL_TIME(0,0,0.,#1658);
#1661=LOCAL_TIME(0,0,0.,#1658);
#1662=LOCAL_TIME(0,0,0.,#1658);
#1663=LOCAL_TIME(0,0,0.,#1658);
#1664=CALENDAR_DATE(1999,1,1);
#1665=CALENDAR_DATE(1999,1,1);
#1666=CALENDAR_DATE(1999,1,1);
#1667=CALENDAR_DATE(1999,1,1);
#1668=CALENDAR_DATE(1999,1,1);
#1669=DATE_AND_TIME(#1664,#1659);
#1670=DATE_AND_TIME(#1665,#1660);
#1671=DATE_AND_TIME(#1666,#1661);
#1672=DATE_AND_TIME(#1667,#1662);
#1673=DATE_AND_TIME(#1668,#1663);
#1674=APPROVAL_DATE_TIME(#1669,#1680);
#1675=APPROVAL_DATE_TIME(#1670,#1681);
#1676=APPROVAL_DATE_TIME(#1672,#1682);
#1677=APPROVAL_STATUS('not_yet_approved');
#1678=APPROVAL_STATUS('not_yet_approved');
#1679=APPROVAL_STATUS('approved');
#1680=APPROVAL(#1677,'Version approval');
#1681=APPROVAL(#1678,'Version Security approval');
#1682=APPROVAL(#1679,'Definition approval');
#1683=APPLIED_APPROVAL_ASSIGNMENT(#1680,(#1686));
#1684=APPLIED_APPROVAL_ASSIGNMENT(#1681,(#1650));
#1685=APPLIED_APPROVAL_ASSIGNMENT(#1682,(#1644));
#1686=PRODUCT_DEFINITION_FORMATION_WITH_SPECIFIED_SOURCE('A',
'First version',#1718,.MADE.);
#1687=PERSON_AND_ORGANIZATION_ROLE('design_owner');
#1688=PERSON_AND_ORGANIZATION_ROLE('creator');
#1689=PERSON_AND_ORGANIZATION_ROLE('design_supplier');
#1690=PERSON_AND_ORGANIZATION_ROLE('classification_officer');
#1691=PERSON_AND_ORGANIZATION_ROLE('creator');
#1692=ORGANIZATION('STI','lab','lab');
#1693=ORGANIZATION('STI','unknown','unknown');
#1694=ORGANIZATION('STI','unknown','unknown');
#1695=ORGANIZATION('STI','unknown','unknown');
#1696=ORGANIZATION('STI','unknown','unknown');
#1697=ORGANIZATION('STI','unknown','unknown');
#1698=ORGANIZATION('STI','unknown','unknown');
#1699=PERSON('1','Box','vc60',$,$,$);
#1700=PERSON('2','last','first',$,$,$);
#1701=PERSON('3','President','Mr.',$,$,$);
#1702=PERSON_AND_ORGANIZATION(#1699,#1692);
#1703=PERSON_AND_ORGANIZATION(#1700,#1693);
#1704=PERSON_AND_ORGANIZATION(#1701,#1694);
#1705=PERSON_AND_ORGANIZATION(#1701,#1695);
#1706=PERSON_AND_ORGANIZATION(#1701,#1696);
#1707=PERSON_AND_ORGANIZATION(#1700,#1697);
#1708=PERSON_AND_ORGANIZATION(#1701,#1698);
#1709=APPLIED_PERSON_AND_ORGANIZATION_ASSIGNMENT(#1702,#1687,(#1718));
#1710=APPLIED_PERSON_AND_ORGANIZATION_ASSIGNMENT(#1703,#1688,(#1686));
#1711=APPLIED_PERSON_AND_ORGANIZATION_ASSIGNMENT(#1703,#1689,(#1686));
#1712=APPLIED_PERSON_AND_ORGANIZATION_ASSIGNMENT(#1706,#1690,(#1650));
#1713=APPLIED_PERSON_AND_ORGANIZATION_ASSIGNMENT(#1707,#1691,(#1644));
#1714=PRODUCT_RELATED_PRODUCT_CATEGORY('detail','detail',(#1718));
#1715=APPLICATION_PROTOCOL_DEFINITION('International Standard',
'config_control_design',1994,#1716);
#1716=APPLICATION_CONTEXT(
'configuration controlled 3d designs of mechanical parts and assemblie
s');
#1717=PRODUCT_CONTEXT('3D Mechanical Parts',#1716,'mechanical');
#1718=PRODUCT('Document','Document','',(#1717));
#1719=(
LENGTH_UNIT()
NAMED_UNIT(*)
SI_UNIT(.MILLI.,.METRE.)
);
#1720=(
NAMED_UNIT(*)
PLANE_ANGLE_UNIT()
SI_UNIT($,.RADIAN.)
);
#1721=DIMENSIONAL_EXPONENTS(0.,0.,0.,0.,0.,0.,0.);
#1722=PLANE_ANGLE_MEASURE_WITH_UNIT(PLANE_ANGLE_MEASURE(0.01745329252),
#1720);
#1723=(
CONVERSION_BASED_UNIT('DEGREES',#1722)
NAMED_UNIT(#1721)
PLANE_ANGLE_UNIT()
);
#1724=(
NAMED_UNIT(*)
SI_UNIT($,.STERADIAN.)
SOLID_ANGLE_UNIT()
);
#1725=UNCERTAINTY_MEASURE_WITH_UNIT(LENGTH_MEASURE(0.001),#1719,
'DISTANCE_ACCURACY_VALUE',
'Maximum model space distance between geometric entities at asserted c
onnectivities');
#1726=(
GEOMETRIC_REPRESENTATION_CONTEXT(3)
GLOBAL_UNCERTAINTY_ASSIGNED_CONTEXT((#1725))
GLOBAL_UNIT_ASSIGNED_CONTEXT((#1724,#1723,#1719))
REPRESENTATION_CONTEXT('ID1','3D')
);
#1727=SHAPE_REPRESENTATION('Document',(#1728,#1850),#1726);
#1728=AXIS2_PLACEMENT_3D($,#2009,#1851,#1852);
#1729=AXIS2_PLACEMENT_3D('',#2010,#1853,$);
#1730=AXIS2_PLACEMENT_3D('',#2011,#1854,$);
#1731=AXIS2_PLACEMENT_3D('',#2012,#1855,$);
#1732=AXIS2_PLACEMENT_3D('',#2013,#1856,$);
#1733=AXIS2_PLACEMENT_3D('',#2014,#1857,$);
#1734=AXIS2_PLACEMENT_3D('',#2015,#1858,$);
#1735=AXIS2_PLACEMENT_3D('',#2016,#1859,$);
#1736=AXIS2_PLACEMENT_3D('',#2017,#1860,$);
#1737=AXIS2_PLACEMENT_3D('',#2018,#1861,$);
#1738=AXIS2_PLACEMENT_3D('',#2019,#1862,$);
#1739=AXIS2_PLACEMENT_3D('',#2020,#1863,$);
#1740=AXIS2_PLACEMENT_3D('',#2021,#1864,$);
#1741=AXIS2_PLACEMENT_3D('',#2022,#1865,$);
#1742=AXIS2_PLACEMENT_3D('',#2023,#1866,$);
#1743=AXIS2_PLACEMENT_3D('',#2024,#1867,$);
#1744=AXIS2_PLACEMENT_3D('',#2025,#1868,$);
#1745=AXIS2_PLACEMENT_3D('',#2026,#1869,$);
#1746=AXIS2_PLACEMENT_3D('',#2027,#1870,$);
#1747=AXIS2_PLACEMENT_3D('',#2028,#1871,$);
#1748=AXIS2_PLACEMENT_3D('',#2029,#1872,$);
#1749=AXIS2_PLACEMENT_3D('',#2030,#1873,$);
#1750=AXIS2_PLACEMENT_3D('',#2031,#1874,$);
#1751=AXIS2_PLACEMENT_3D('',#2032,#1875,$);
#1752=AXIS2_PLACEMENT_3D('',#2033,#1876,$);
#1753=AXIS2_PLACEMENT_3D('',#2034,#1877,$);
#1754=AXIS2_PLACEMENT_3D('',#2035,#1878,$);
#1755=AXIS2_PLACEMENT_3D('',#2036,#1879,$);
#1756=AXIS2_PLACEMENT_3D('',#2037,#1880,$);
#1757=AXIS2_PLACEMENT_3D('',#2038,#1881,$);
#1758=AXIS2_PLACEMENT_3D('',#2039,#1882,$);
#1759=AXIS2_PLACEMENT_3D('',#2040,#1883,$);
#1760=AXIS2_PLACEMENT_3D('',#2041,#1884,$);
#1761=AXIS2_PLACEMENT_3D('',#2042,#1885,$);
#1762=AXIS2_PLACEMENT_3D('',#2043,#1886,$);
#1763=AXIS2_PLACEMENT_3D('',#2044,#1887,$);
#1764=AXIS2_PLACEMENT_3D('',#2045,#1888,$);
#1765=AXIS2_PLACEMENT_3D('',#2058,#1889,$);
#1766=AXIS2_PLACEMENT_3D('',#2059,#1890,$);
#1767=AXIS2_PLACEMENT_3D('',#2060,#1891,$);
#1768=AXIS2_PLACEMENT_3D('',#2061,#1892,$);
#1769=AXIS2_PLACEMENT_3D('',#2062,#1893,$);
#1770=AXIS2_PLACEMENT_3D('',#2087,#1894,$);
#1771=AXIS2_PLACEMENT_3D('',#2088,#1895,$);
#1772=AXIS2_PLACEMENT_3D('',#2089,#1896,$);
#1773=AXIS2_PLACEMENT_3D('',#2090,#1897,$);
#1774=AXIS2_PLACEMENT_3D('',#2091,#1898,$);
#1775=AXIS2_PLACEMENT_3D('',#2092,#1899,$);
#1776=AXIS2_PLACEMENT_3D('',#2093,#1900,$);
#1777=AXIS2_PLACEMENT_3D('',#2094,#1901,$);
#1778=AXIS2_PLACEMENT_3D('',#2095,#1902,$);
#1779=AXIS2_PLACEMENT_3D('',#2096,#1903,$);
#1780=AXIS2_PLACEMENT_3D('',#2097,#1904,$);
#1781=AXIS2_PLACEMENT_3D('',#2098,#1905,$);
#1782=AXIS2_PLACEMENT_3D('',#2099,#1906,$);
#1783=AXIS2_PLACEMENT_3D('',#2100,#1907,$);
#1784=AXIS2_PLACEMENT_3D('',#2101,#1908,$);
#1785=AXIS2_PLACEMENT_3D('',#2102,#1909,$);
#1786=AXIS2_PLACEMENT_3D('',#2103,#1910,$);
#1787=AXIS2_PLACEMENT_3D('',#2104,#1911,$);
#1788=AXIS2_PLACEMENT_3D('',#2105,#1912,$);
#1789=AXIS2_PLACEMENT_3D('',#2106,#1913,$);
#1790=AXIS2_PLACEMENT_3D('',#2107,#1914,$);
#1791=AXIS2_PLACEMENT_3D('',#2108,#1915,$);
#1792=AXIS2_PLACEMENT_3D('',#2109,#1916,$);
#1793=AXIS2_PLACEMENT_3D('',#2110,#1917,$);
#1794=AXIS2_PLACEMENT_3D('',#2111,#1918,$);
#1795=AXIS2_PLACEMENT_3D('',#2112,#1919,$);
#1796=AXIS2_PLACEMENT_3D('',#2113,#1920,$);
#1797=AXIS2_PLACEMENT_3D('',#2114,#1921,$);
#1798=AXIS2_PLACEMENT_3D('',#2115,#1922,$);
#1799=AXIS2_PLACEMENT_3D('',#2116,#1923,$);
#1800=AXIS2_PLACEMENT_3D('',#2117,#1924,$);
#1801=AXIS2_PLACEMENT_3D('',#2118,#1925,$);
#1802=AXIS2_PLACEMENT_3D('',#2119,#1926,$);
#1803=AXIS2_PLACEMENT_3D('',#2120,#1927,$);
#1804=AXIS2_PLACEMENT_3D('',#2121,#1928,$);
#1805=AXIS2_PLACEMENT_3D('',#2122,#1929,$);
#1806=AXIS2_PLACEMENT_3D('',#2123,#1930,$);
#1807=AXIS2_PLACEMENT_3D('',#2124,#1931,$);
#1808=AXIS2_PLACEMENT_3D('',#2125,#1932,$);
#1809=AXIS2_PLACEMENT_3D('',#2126,#1933,$);
#1810=AXIS2_PLACEMENT_3D('',#2127,#1934,$);
#1811=AXIS2_PLACEMENT_3D('',#2128,#1935,$);
#1812=AXIS2_PLACEMENT_3D('',#2129,#1936,$);
#1813=AXIS2_PLACEMENT_3D('',#2130,#1937,$);
#1814=AXIS2_PLACEMENT_3D('',#2131,#1938,$);
#1815=AXIS2_PLACEMENT_3D('',#2132,#1939,$);
#1816=AXIS2_PLACEMENT_3D('',#2133,#1940,$);
#1817=AXIS2_PLACEMENT_3D($,#2326,#1941,#1942);
#1818=AXIS2_PLACEMENT_3D($,#2355,#1943,#1944);
#1819=AXIS2_PLACEMENT_3D($,#2371,#1945,#1946);
#1820=AXIS2_PLACEMENT_3D($,#2389,#1947,#1948);
#1821=AXIS2_PLACEMENT_3D($,#2396,#1949,#1950);
#1822=AXIS2_PLACEMENT_3D($,#2405,#1951,#1952);
#1823=AXIS2_PLACEMENT_3D($,#2416,#1953,#1954);
#1824=AXIS2_PLACEMENT_3D($,#2424,#1955,#1956);
#1825=AXIS2_PLACEMENT_3D($,#2437,#1957,#1958);
#1826=AXIS2_PLACEMENT_3D($,#2446,#1959,#1960);
#1827=AXIS2_PLACEMENT_3D($,#2538,#1961,#1962);
#1828=AXIS2_PLACEMENT_3D($,#2541,#1963,#1964);
#1829=AXIS2_PLACEMENT_3D($,#2544,#1965,#1966);
#1830=AXIS2_PLACEMENT_3D($,#2547,#1967,#1968);
#1831=AXIS2_PLACEMENT_3D($,#2550,#1969,#1970);
#1832=AXIS2_PLACEMENT_3D($,#2553,#1971,#1972);
#1833=AXIS2_PLACEMENT_3D($,#2569,#1973,#1974);
#1834=AXIS2_PLACEMENT_3D($,#2572,#1975,#1976);
#1835=AXIS2_PLACEMENT_3D($,#2587,#1977,#1978);
#1836=AXIS2_PLACEMENT_3D($,#2594,#1979,#1980);
#1837=AXIS2_PLACEMENT_3D($,#2680,#1981,#1982);
#1838=AXIS2_PLACEMENT_3D($,#2683,#1983,#1984);
#1839=AXIS2_PLACEMENT_3D($,#2686,#1985,#1986);
#1840=AXIS2_PLACEMENT_3D($,#2760,#1987,#1988);
#1841=AXIS2_PLACEMENT_3D($,#2763,#1989,#1990);
#1842=AXIS2_PLACEMENT_3D($,#2764,#1991,#1992);
#1843=AXIS2_PLACEMENT_3D($,#2767,#1993,#1994);
#1844=AXIS2_PLACEMENT_3D($,#2959,#1995,#1996);
#1845=AXIS2_PLACEMENT_3D($,#2964,#1997,#1998);
#1846=AXIS2_PLACEMENT_3D($,#2982,#1999,#2000);
#1847=AXIS2_PLACEMENT_3D($,#2985,#2001,#2002);
#1848=AXIS2_PLACEMENT_3D($,#3064,#2003,#2004);
#1849=AXIS2_PLACEMENT_3D($,#3069,#2005,#2006);
#1850=AXIS2_PLACEMENT_3D($,#3080,#2007,#2008);
#1851=DIRECTION('',(0.,0.,1.));
#1852=DIRECTION('',(1.,0.,0.));
#1853=DIRECTION('',(0.,1.,0.));
#1854=DIRECTION('',(5.92118946466796E-16,-1.,5.92118946466704E-16));
#1855=DIRECTION('',(1.,0.,0.));
#1856=DIRECTION('',(8.88178419700189E-16,-1.,-8.88178419700079E-16));
#1857=DIRECTION('',(0.,0.,1.));
#1858=DIRECTION('',(-5.92118946466744E-16,1.,-5.92118946466745E-16));
#1859=DIRECTION('',(-1.,0.,0.));
#1860=DIRECTION('',(1.60292921524913E-15,-1.,-1.73427624151116E-16));
#1861=DIRECTION('',(0.,0.,-1.));
#1862=DIRECTION('',(-4.39700832679085E-15,1.,-2.39502404699515E-14));
#1863=DIRECTION('',(1.,0.,0.));
#1864=DIRECTION('',(-6.21318156255424E-15,1.,-1.9754611370547E-14));
#1865=DIRECTION('',(0.707106781186548,2.57495163224139E-14,0.707106781186547));
#1866=DIRECTION('',(-6.41245388581935E-15,1.,-1.89375888998722E-14));
#1867=DIRECTION('',(0.,0.,1.));
#1868=DIRECTION('',(-2.04139556311895E-15,1.,-2.96371927517081E-14));
#1869=DIRECTION('',(-0.707106781186548,5.02429586778805E-15,0.707106781186547));
#1870=DIRECTION('',(-8.09921394192653E-15,1.,-1.955323214316E-14));
#1871=DIRECTION('',(-1.,0.,0.));
#1872=DIRECTION('',(-5.13395789028998E-15,1.,-1.93075822886612E-14));
#1873=DIRECTION('',(0.,0.,-1.));
#1874=DIRECTION('',(0.,0.,1.));
#1875=DIRECTION('',(0.,1.,0.));
#1876=DIRECTION('',(1.,0.,0.));
#1877=DIRECTION('',(0.,0.,-1.));
#1878=DIRECTION('',(0.,0.,-1.));
#1879=DIRECTION('',(-1.,0.,0.));
#1880=DIRECTION('',(1.,0.,0.));
#1881=DIRECTION('',(-1.,0.,0.));
#1882=DIRECTION('',(0.,-1.,0.));
#1883=DIRECTION('',(0.,0.,1.));
#1884=DIRECTION('',(-1.,0.,0.));
#1885=DIRECTION('',(-1.,0.,0.));
#1886=DIRECTION('',(1.,0.,0.));
#1887=DIRECTION('',(0.,0.,1.));
#1888=DIRECTION('',(-6.86160763727086E-15,-6.86160763727086E-15,-1.));
#1889=DIRECTION('',(-1.,0.,0.));
#1890=DIRECTION('',(1.,0.,0.));
#1891=DIRECTION('',(0.,0.,-1.));
#1892=DIRECTION('',(-2.20114281867982E-9,-0.000182299845426643,-0.999999983383383));
#1893=DIRECTION('',(2.29886669683656E-5,-0.00106720881596687,0.99999943026827));
#1894=DIRECTION('',(0.,0.,-1.));
#1895=DIRECTION('',(0.,0.,-1.));
#1896=DIRECTION('',(0.,0.,-1.));
#1897=DIRECTION('',(0.,-1.,0.));
#1898=DIRECTION('',(0.,0.,-1.));
#1899=DIRECTION('',(0.,0.,1.));
#1900=DIRECTION('',(1.,0.,0.));
#1901=DIRECTION('',(0.,1.,0.));
#1902=DIRECTION('',(0.,-1.,0.));
#1903=DIRECTION('',(0.,1.,0.));
#1904=DIRECTION('',(0.,-0.0376204085410159,0.999292101870723));
#1905=DIRECTION('',(0.,0.,1.));
#1906=DIRECTION('',(0.,0.,1.));
#1907=DIRECTION('',(0.,0.,-1.));
#1908=DIRECTION('',(0.,0.,1.));
#1909=DIRECTION('',(0.,1.,0.));
#1910=DIRECTION('',(0.,-1.,0.));
#1911=DIRECTION('',(-1.,0.,0.));
#1912=DIRECTION('',(4.08826445550675E-16,5.32792996930119E-16,1.));
#1913=DIRECTION('',(-0.965925826289067,0.258819045102527,1.14938745233729E-16));
#1914=DIRECTION('',(4.08826445550642E-16,-5.32792996930081E-16,1.));
#1915=DIRECTION('',(0.,0.0574401985928669,-0.998348948807786));
#1916=DIRECTION('',(-1.,-9.46715711406414E-14,8.93811902138878E-14));
#1917=DIRECTION('',(0.,0.0574401985928669,-0.998348948807786));
#1918=DIRECTION('',(-0.965925826289069,0.25881904510252,-1.71582894788193E-15));
#1919=DIRECTION('',(4.08826445550663E-16,-5.32792996930109E-16,1.));
#1920=DIRECTION('',(1.,1.89343142281283E-13,1.78762380427776E-13));
#1921=DIRECTION('',(2.77097497394182E-17,0.0574401985928669,0.998348948807786));
#1922=DIRECTION('',(0.,1.,0.));
#1923=DIRECTION('',(0.965925826289067,0.258819045102527,-1.71582894788192E-15));
#1924=DIRECTION('',(-8.57700954658861E-16,8.57700954658861E-16,-1.));
#1925=DIRECTION('',(1.,9.46715711406413E-14,8.93811902138876E-14));
#1926=DIRECTION('',(5.54194994788363E-17,0.0574401985928669,0.998348948807786));
#1927=DIRECTION('',(-1.,-1.89343142281283E-13,1.78762380427776E-13));
#1928=DIRECTION('',(3.33691387559854E-13,-3.31026852300754E-13,-1.));
#1929=DIRECTION('',(2.19474910411427E-14,1.92477747623567E-13,1.));
#1930=DIRECTION('',(1.,0.,0.));
#1931=DIRECTION('',(-1.,0.,0.));
#1932=DIRECTION('',(0.,0.,-1.));
#1933=DIRECTION('',(0.965925826289069,0.25881904510252,-3.43165789576385E-15));
#1934=DIRECTION('',(4.08826445550679E-16,5.32792996930126E-16,1.));
#1935=DIRECTION('',(0.,-1.,0.));
#1936=DIRECTION('',(1.,0.,0.));
#1937=DIRECTION('',(0.,0.,-1.));
#1938=DIRECTION('',(-8.57700954658849E-16,-8.57700954658849E-16,1.));
#1939=DIRECTION('',(0.,1.,0.));
#1940=DIRECTION('',(0.,-1.,0.));
#1941=DIRECTION('',(-1.93490672548947E-15,-1.,1.6388472522561E-15));
#1942=DIRECTION('',(-5.21064672890712E-14,1.77635683940015E-15,1.));
#1943=DIRECTION('',(-1.63884725225617E-15,-1.,-1.93490672548952E-15));
#1944=DIRECTION('',(-1.,1.18423789293339E-15,-8.4080890398271E-14));
#1945=DIRECTION('',(-7.14750795549029E-16,1.,7.14750795549039E-16));
#1946=DIRECTION('',(1.,8.88178419700129E-16,1.18423789293351E-15));
#1947=DIRECTION('',(7.14750795549024E-16,-1.,7.14750795549025E-16));
#1948=DIRECTION('',(1.,5.92118946466761E-16,-2.01320441798699E-14));
#1949=DIRECTION('',(4.88830803579E-15,1.,-4.88830803578994E-15));
#1950=DIRECTION('',(-1.,5.06200871370419E-15,-2.83472487967435E-14));
#1951=DIRECTION('',(-1.22875920190084E-14,1.,-5.08968726318048E-15));
#1952=DIRECTION('',(-0.707106781186701,-1.2148820912884E-14,-0.707106781186394));
#1953=DIRECTION('',(-2.03587490527142E-14,1.,-4.91503680760106E-14));
#1954=DIRECTION('',(-4.85952836515568E-14,-4.96076853942975E-14,-1.));
#1955=DIRECTION('',(-5.08968726317851E-15,1.,1.22875920190033E-14));
#1956=DIRECTION('',(0.707106781186503,1.21488209128881E-14,-0.707106781186592));
#1957=DIRECTION('',(0.,1.,0.));
#1958=DIRECTION('',(1.,0.,-2.18678776431904E-13));
#1959=DIRECTION('',(-1.71090781252639E-14,1.,-1.71090781252637E-14));
#1960=DIRECTION('',(-6.47937115354157E-14,1.72108296265948E-14,1.));
#1961=DIRECTION('',(-5.11288446436699E-15,1.,-2.22219625896347E-14));
#1962=DIRECTION('',(-1.,-6.07441045644444E-15,6.07441045644444E-14));
#1963=DIRECTION('',(-5.75586424427944E-16,1.,-1.59876907300122E-14));
#1964=DIRECTION('',(-0.707106781186645,-1.1136419170145E-14,-0.70710678118645));
#1965=DIRECTION('',(-1.01793745263558E-14,1.,-2.45751840380028E-14));
#1966=DIRECTION('',(-1.61984278838536E-14,-2.42976418257805E-14,-1.));
#1967=DIRECTION('',(-2.04139556311803E-15,1.,-2.96371927517099E-14));
#1968=DIRECTION('',(0.707106781186541,-2.0248034854815E-14,-0.707106781186554));
#1969=DIRECTION('',(-8.09921394192399E-15,1.,-1.95532321431611E-14));
#1970=DIRECTION('',(1.,8.09921394192644E-15,0.));
#1971=DIRECTION('',(-6.86223577060809E-15,1.,-2.00234584262384E-14));
#1972=DIRECTION('',(4.85952836515573E-14,2.02480348548155E-14,1.));
#1973=DIRECTION('',(-1.,0.,0.));
#1974=DIRECTION('',(0.,-0.000797997213006607,-0.999999681600173));
#1975=DIRECTION('',(-1.,0.,0.));
#1976=DIRECTION('',(0.,-0.000797997213006607,-0.999999681600173));
#1977=DIRECTION('',(-2.84217094303926E-15,-2.84217094303918E-15,1.));
#1978=DIRECTION('',(-5.68434188607673E-14,-1.,-2.84217094303837E-15));
#1979=DIRECTION('',(-5.02429586779012E-16,-1.21297232253871E-15,1.));
#1980=DIRECTION('',(-1.,6.59383658785797E-13,0.));
#1981=DIRECTION('',(8.73815953361837E-17,2.54449020291257E-15,1.));
#1982=DIRECTION('',(0.0543907209773161,0.998519729134867,-2.54547641616907E-15));
#1983=DIRECTION('',(2.36299967888606E-14,5.19669277317681E-14,1.));
#1984=DIRECTION('',(0.0394655914713458,0.99922093006993,-5.28579359527652E-14));
#1985=DIRECTION('',(-4.38038307045884E-15,-1.75181072027704E-13,-1.));
#1986=DIRECTION('',(0.0131551971571149,0.999913466649869,-1.75219945464928E-13));
#1987=DIRECTION('',(0.,0.,1.));
#1988=DIRECTION('',(0.309029053336332,0.951052598016561,0.));
#1989=DIRECTION('',(2.55255700543949E-14,1.34749573948148E-14,1.));
#1990=DIRECTION('',(0.309029053336238,0.951052598016591,-2.07035359882812E-14));
#1991=DIRECTION('',(0.,0.,1.));
#1992=DIRECTION('',(0.999999996255628,8.65375310976645E-5,0.));
#1993=DIRECTION('',(0.,0.,-1.));
#1994=DIRECTION('',(0.999999996255628,8.65375311005039E-5,0.));
#1995=DIRECTION('',(3.13521718706928E-18,3.13521718706929E-18,-1.));
#1996=DIRECTION('',(-1.,-1.42108547152021E-15,-3.13521718706927E-18));
#1997=DIRECTION('',(-1.71540190931772E-15,1.71540190931772E-15,-1.));
#1998=DIRECTION('',(-1.,-1.42108547152021E-15,2.13162820728031E-15));
#1999=DIRECTION('',(-3.25645530272336E-13,3.2481863770729E-13,1.));
#2000=DIRECTION('',(1.42108547152023E-14,1.,-3.24818637707289E-13));
#2001=DIRECTION('',(1.46524635200195E-5,1.46524641697275E-5,0.999999999785305));
#2002=DIRECTION('',(-2.59156251918798E-10,0.999999999892653,-1.46524641672784E-5));
#2003=DIRECTION('',(-1.70164009330475E-17,1.70164009330479E-17,1.));
#2004=DIRECTION('',(1.,-1.42108547152022E-14,1.70164009330478E-17));
#2005=DIRECTION('',(-1.71540190931769E-15,-1.71540190931769E-15,1.));
#2006=DIRECTION('',(1.,-1.42108547152022E-14,1.42108547152022E-15));
#2007=DIRECTION('',(0.,0.,1.));
#2008=DIRECTION('',(1.,0.,0.));
#2009=CARTESIAN_POINT('',(0.,0.,0.));
#2010=CARTESIAN_POINT('',(50.85,3.18252524751373,11.41051517371));
#2011=CARTESIAN_POINT('',(52.3500000000001,3.83654504275646,9.91051517370994));
#2012=CARTESIAN_POINT('',(50.85,3.18252524751373,7.01051517371028));
#2013=CARTESIAN_POINT('',(52.3500000000001,3.83654504275647,7.01051517371036));
#2014=CARTESIAN_POINT('',(60.05,3.18252524751374,5.51051517371011));
#2015=CARTESIAN_POINT('',(60.05,3.72726132088986,7.01051517371011));
#2016=CARTESIAN_POINT('',(61.55,3.18252524751373,9.91051517371));
#2017=CARTESIAN_POINT('',(60.05,3.72726132088986,9.91051517371004));
#2018=CARTESIAN_POINT('',(52.35,3.18252524751373,11.41051517371));
#2019=CARTESIAN_POINT('',(52.7886491953756,2.84126262375669,9.26135080462472));
#2020=CARTESIAN_POINT('',(52.35,2.49999999999964,8.39504669142423));
#2021=CARTESIAN_POINT('',(52.7886491953755,2.84126262375669,8.3950466914242));
#2022=CARTESIAN_POINT('',(53.2138445233923,2.49999999999962,7.34950772218332));
#2023=CARTESIAN_POINT('',(53.5240163440044,2.84126262375668,7.65967954279535));
#2024=CARTESIAN_POINT('',(58.8759836559956,2.49999999999966,7.22103034741985));
#2025=CARTESIAN_POINT('',(58.8759836559956,2.84126262375671,7.65967954279539));
#2026=CARTESIAN_POINT('',(59.9215226252365,2.49999999999968,8.08487487081215));
#2027=CARTESIAN_POINT('',(59.6113508046245,2.84126262375671,8.3950466914242));
#2028=CARTESIAN_POINT('',(60.05,2.49999999999971,9.26135080462474));
#2029=CARTESIAN_POINT('',(59.6113508046244,2.84126262375671,9.26135080462471));
#2030=CARTESIAN_POINT('',(52.7886491953756,2.49999999999967,9.70000000000029));
#2031=CARTESIAN_POINT('',(48.4,-18.5000000000003,5.30000000000016));
#2032=CARTESIAN_POINT('',(48.4,-18.5000000000003,8.00000000000066));
#2033=CARTESIAN_POINT('',(48.4,-18.5000000000003,8.00000000000066));
#2034=CARTESIAN_POINT('',(54.4980010986328,-38.,10.0030002593994));
#2035=CARTESIAN_POINT('',(41.4970016479492,-38.,10.0030002593994));
#2036=CARTESIAN_POINT('',(42.5019989013672,-38.,-8.93504562872865E-16));
#2037=CARTESIAN_POINT('',(54.4980010986328,-38.,11.0030002593994));
#2038=CARTESIAN_POINT('',(64.,-36.385,14.592));
#2039=CARTESIAN_POINT('',(32.69,2.49999999999967,5.20800000000012));
#2040=CARTESIAN_POINT('',(43.,-37.,2.));
#2041=CARTESIAN_POINT('',(48.5,-37.0985976512883,0.999999999999993));
#2042=CARTESIAN_POINT('',(43.,-38.1095839493851,-0.0199999999999999));
#2043=CARTESIAN_POINT('',(54.,-38.1095839493851,2.02));
#2044=CARTESIAN_POINT('',(64.35,-36.75,9.50000000000001));
#2045=CARTESIAN_POINT('',(32.65,-36.75,9.49999999999999));
#2046=CARTESIAN_POINT('',(32.5820115987783,4.06678392861007,14.5));
#2047=CARTESIAN_POINT('',(31.4,4.00239815716736,14.5));
#2048=CARTESIAN_POINT('',(31.4,2.81863426719149,14.5));
#2049=CARTESIAN_POINT('',(32.5820115987783,4.06678392861007,4.44089209850063E-16));
#2050=CARTESIAN_POINT('',(31.4000000000786,4.17847142783475,1.99473651104656E-15));
#2051=CARTESIAN_POINT('',(31.4000000001573,3.17078080852625,3.22672610321651E-15));
#2052=CARTESIAN_POINT('',(64.4179884012216,4.06678392861006,-4.21884749357559E-15));
#2053=CARTESIAN_POINT('',(65.5999999999998,4.1780689334445,-5.92869653948442E-15));
#2054=CARTESIAN_POINT('',(65.6,3.16997581974571,-9.83826155576161E-15));
#2055=CARTESIAN_POINT('',(64.4179884012216,4.06678392861006,14.5));
#2056=CARTESIAN_POINT('',(65.6,4.00239815716736,14.5));
#2057=CARTESIAN_POINT('',(65.6,2.81863426719204,14.5));
#2058=CARTESIAN_POINT('',(31.4,3.17078080852619,14.5000000000001));
#2059=CARTESIAN_POINT('',(65.6,3.16997581974627,14.5));
#2060=CARTESIAN_POINT('',(65.6,3.16917082578307,-5.17790680877459E-15));
#2061=CARTESIAN_POINT('',(65.6,1.29731039126928,6.55798686857112E-15));
#2062=CARTESIAN_POINT('',(48.500397328147,-397.572328305311,0.189297403421996));
#2063=CARTESIAN_POINT('',(65.6000000000001,0.0862971481329486,0.613680363996134));
#2064=CARTESIAN_POINT('',(48.4902662893491,0.822099402993139,0.614861843258886));
#2065=CARTESIAN_POINT('',(31.3800763147551,0.0854009960707102,0.614470859055333));
#2066=CARTESIAN_POINT('',(65.6087059837918,-2.70640128742965,4.42720672030206));
#2067=CARTESIAN_POINT('',(48.498619222455,-2.29210704752488,4.43041900421832));
#2068=CARTESIAN_POINT('',(31.3887267396616,-2.70719121428366,4.42721471974463));
#2069=CARTESIAN_POINT('',(65.6197519189073,-7.43211498790193,4.49972433757014));
#2070=CARTESIAN_POINT('',(48.5097273274249,-7.42043645449106,4.49981693420731));
#2071=CARTESIAN_POINT('',(31.3997008007519,-7.43212002125896,4.49972429766171));
#2072=CARTESIAN_POINT('',(65.6199134721883,-7.50448417202911,4.50000001995718));
#2073=CARTESIAN_POINT('',(48.5098878749875,-7.49864520144425,4.50004632466901));
#2074=CARTESIAN_POINT('',(31.3998613068024,-7.50448668860589,4.5));
#2075=CARTESIAN_POINT('',(65.6200750536163,-7.57685335430099,4.5));
#2076=CARTESIAN_POINT('',(48.5100484472176,-7.57685335430099,4.5));
#2077=CARTESIAN_POINT('',(31.4000218408188,-7.57685335430099,4.5));
#2078=CARTESIAN_POINT('',(65.604200267007,1.29593398318345,6.55884035777924E-15));
#2079=CARTESIAN_POINT('',(48.5021393200583,2.14946824538956,2.10997079901846E-7));
#2080=CARTESIAN_POINT('',(31.3968597805241,1.29580415720855,4.21408052691808E-7));
#2081=CARTESIAN_POINT('',(65.6031543757391,0.535808768262587,6.98583724759154E-15));
#2082=CARTESIAN_POINT('',(48.4994462444255,1.4266133212194,0.000285400192836487));
#2083=CARTESIAN_POINT('',(31.3958204535973,0.535820518527697,0.000569914750805678));
#2084=CARTESIAN_POINT('',(65.6073578508935,0.0865527871324442,0.612898480811287));
#2085=CARTESIAN_POINT('',(48.5024284543915,0.822536608310185,0.614074219751079));
#2086=CARTESIAN_POINT('',(31.4000000000002,0.0868379323237598,0.613680314930667));
#2087=CARTESIAN_POINT('',(65.6648090593026,3.98967306886654,-7.03859712287733E-15));
#2088=CARTESIAN_POINT('',(48.4999999999998,-288.160000000005,7.25));
#2089=CARTESIAN_POINT('',(42.5019989013672,-37.,4.5));
#2090=CARTESIAN_POINT('',(42.5019989013672,-37.,0.));
#2091=CARTESIAN_POINT('',(42.3820388793945,-37.1203596217224,6.11979716204456E-17));
#2092=CARTESIAN_POINT('',(42.5019989013672,-36.,6.4980001449585));
#2093=CARTESIAN_POINT('',(33.,-36.,8.00000000000003));
#2094=CARTESIAN_POINT('',(42.3820388793945,-35.0709991455078,6.56298014640808));
#2095=CARTESIAN_POINT('',(32.333,-38.,4.41984660959734));
#2096=CARTESIAN_POINT('',(32.69,-36.,12.651559488042));
#2097=CARTESIAN_POINT('',(31.0579999999999,5.07084941070125,13.6368298416095));
#2098=CARTESIAN_POINT('',(44.9999905776757,-17.0000004768372,7.49850010871899));
#2099=CARTESIAN_POINT('',(41.9369418693547,-20.0630491851582,6.99700021743774));
#2100=CARTESIAN_POINT('',(44.9995480899927,-17.0002165559157,3.49850010871887));
#2101=CARTESIAN_POINT('',(32.69,-36.385,8.00000000000003));
#2102=CARTESIAN_POINT('',(55.6842146209702,-9.42899990081787,1.3));
#2103=CARTESIAN_POINT('',(41.4970016479492,-35.0709991455117,8.00000000000004));
#2104=CARTESIAN_POINT('',(35.,-35.75,4.5));
#2105=CARTESIAN_POINT('',(42.8842146209701,-10.2289999008179,0.776093798644988));
#2106=CARTESIAN_POINT('',(53.3430447179986,-10.0219446647359,1.5));
#2107=CARTESIAN_POINT('',(54.1157853790298,-10.2289999008179,0.776093798644987));
#2108=CARTESIAN_POINT('',(56.7,-9.61751186109929,0.0754567163551034));
#2109=CARTESIAN_POINT('',(42.1,-9.62899990081786,0.275126506116659));
#2110=CARTESIAN_POINT('',(43.9,-9.61751186109929,0.0754567163551034));
#2111=CARTESIAN_POINT('',(40.5430447179986,-10.0219446647358,1.5));
#2112=CARTESIAN_POINT('',(41.3157853790299,-10.2289999008179,0.776093798644987));
#2113=CARTESIAN_POINT('',(54.9,-9.62899990081787,1.22487349388334));
#2114=CARTESIAN_POINT('',(56.7,-9.61751186109929,1.4245432836449));
#2115=CARTESIAN_POINT('',(42.8842146209702,-9.42899990081787,1.3));
#2116=CARTESIAN_POINT('',(43.9,-10.9289999008179,1.5));
#2117=CARTESIAN_POINT('',(36.25,-12.1789999008179,2.25));
#2118=CARTESIAN_POINT('',(42.1,-9.62899990081786,1.22487349388335));
#2119=CARTESIAN_POINT('',(43.9,-9.61751186109929,1.4245432836449));
#2120=CARTESIAN_POINT('',(54.9,-9.62899990081787,0.275126506116659));
#2121=CARTESIAN_POINT('',(42.4970016479492,-34.5709991455117,4.00000000000034));
#2122=CARTESIAN_POINT('',(54.5025541517476,-34.5709991455117,4.00027973569536));
#2123=CARTESIAN_POINT('',(41.4970016479492,-38.0342900085449,-0.100030002593996));
#2124=CARTESIAN_POINT('',(55.502554151747,-38.034290008981,10.1030302619934));
#2125=CARTESIAN_POINT('',(31.0580000000005,-7.272621887844,4.5));
#2126=CARTESIAN_POINT('',(56.7,-10.9289999008179,1.5));
#2127=CARTESIAN_POINT('',(55.6842146209701,-10.2289999008179,0.776093798644988));
#2128=CARTESIAN_POINT('',(61.9995557996962,-35.0709991455117,8.00000000000004));
#2129=CARTESIAN_POINT('',(62.,-35.75,0.));
#2130=CARTESIAN_POINT('',(35.,-10.9289999008179,0.));
#2131=CARTESIAN_POINT('',(60.75,-12.1789999008179,2.25));
#2132=CARTESIAN_POINT('',(36.25,-10.9289999008179,4.5));
#2133=CARTESIAN_POINT('',(42.4970016479492,-33.5709991455117,-1.45163280170666E-15));
#2134=CARTESIAN_POINT('',(52.7886491953755,3.18252524751373,9.70000000000028));
#2135=CARTESIAN_POINT('',(59.6113508046245,3.18252524751373,9.70000000000028));
#2136=CARTESIAN_POINT('',(60.05,3.18252524751373,9.26135080462473));
#2137=CARTESIAN_POINT('',(60.05,3.18252524751373,8.39504669142421));
#2138=CARTESIAN_POINT('',(59.9215226252365,3.18252524751373,8.08487487081214));
#2139=CARTESIAN_POINT('',(59.1861554766077,3.18252524751373,7.34950772218331));
#2140=CARTESIAN_POINT('',(58.8759836559956,3.18252524751373,7.22103034741983));
#2141=CARTESIAN_POINT('',(53.5240163440044,3.18252524751373,7.22103034741983));
#2142=CARTESIAN_POINT('',(53.2138445233923,3.18252524751373,7.34950772218331));
#2143=CARTESIAN_POINT('',(52.4784773747635,3.18252524751373,8.08487487081214));
#2144=CARTESIAN_POINT('',(52.35,3.18252524751373,8.39504669142421));
#2145=CARTESIAN_POINT('',(52.35,3.18252524751373,9.26135080462472));
#2146=CARTESIAN_POINT('',(52.35,3.18252524751373,11.41051517371));
#2147=CARTESIAN_POINT('',(60.05,3.18252524751373,11.41051517371));
#2148=CARTESIAN_POINT('',(61.55,3.18252524751373,9.91051517371001));
#2149=CARTESIAN_POINT('',(61.55,3.18252524751373,7.01051517371011));
#2150=CARTESIAN_POINT('',(60.05,3.18252524751373,5.51051517371011));
#2151=CARTESIAN_POINT('',(52.35,3.18252524751373,5.51051517371028));
#2152=CARTESIAN_POINT('',(50.85,3.18252524751373,7.01051517371028));
#2153=CARTESIAN_POINT('',(50.85,3.18252524751373,9.91051517371));
#2154=CARTESIAN_POINT('',(52.3500000000001,4.47467514975042,11.41051517371));
#2155=CARTESIAN_POINT('',(50.85,4.4905648379992,9.91051517371));
#2156=CARTESIAN_POINT('',(50.85,4.4905648379992,7.01051517371029));
#2157=CARTESIAN_POINT('',(52.3500000000001,4.47467514975046,5.51051517371029));
#2158=CARTESIAN_POINT('',(60.0499999999999,4.27199739426599,5.51051517371011));
#2159=CARTESIAN_POINT('',(61.55,4.20889899577207,7.01051517371011));
#2160=CARTESIAN_POINT('',(61.55,4.20889899577207,9.91051517371001));
#2161=CARTESIAN_POINT('',(60.05,4.27199739426598,11.41051517371));
#2162=CARTESIAN_POINT('',(52.7886491953755,2.49999999999967,9.70000000000029));
#2163=CARTESIAN_POINT('',(52.35,2.49999999999965,9.26135080462474));
#2164=CARTESIAN_POINT('',(52.35,2.49999999999964,8.39504669142423));
#2165=CARTESIAN_POINT('',(52.4784773747635,2.49999999999963,8.08487487081215));
#2166=CARTESIAN_POINT('',(53.2138445233923,2.49999999999962,7.34950772218332));
#2167=CARTESIAN_POINT('',(53.5240163440044,2.49999999999962,7.22103034741985));
#2168=CARTESIAN_POINT('',(58.8759836559956,2.49999999999966,7.22103034741985));
#2169=CARTESIAN_POINT('',(59.1861554766077,2.49999999999966,7.34950772218332));
#2170=CARTESIAN_POINT('',(59.9215226252365,2.49999999999968,8.08487487081215));
#2171=CARTESIAN_POINT('',(60.05,2.49999999999969,8.39504669142423));
#2172=CARTESIAN_POINT('',(60.05,2.49999999999971,9.26135080462474));
#2173=CARTESIAN_POINT('',(59.6113508046245,2.49999999999971,9.70000000000029));
#2174=CARTESIAN_POINT('',(48.4,-18.5000000000003,5.30000000000016));
#2175=CARTESIAN_POINT('',(48.4,2.49999999999967,5.30000000000012));
#2176=CARTESIAN_POINT('',(64.,-18.5000000000003,5.30000000000016));
#2177=CARTESIAN_POINT('',(64.,2.49999999999967,5.30000000000015));
#2178=CARTESIAN_POINT('',(48.4,-18.5000000000003,8.00000000000021));
#2179=CARTESIAN_POINT('',(64.,-18.5000000000003,8.00000000000017));
#2180=CARTESIAN_POINT('',(48.4,2.49999999999967,8.00000000000015));
#2181=CARTESIAN_POINT('',(54.4980010986328,-38.,10.0030002593994));
#2182=CARTESIAN_POINT('',(55.5028206719292,-38.,10.0030002593994));
#2183=CARTESIAN_POINT('',(54.4980010986328,-36.,10.0030002593994));
#2184=CARTESIAN_POINT('',(55.5028206719292,-36.,10.0030002593994));
#2185=CARTESIAN_POINT('',(41.4970016479492,-38.,10.0030002593994));
#2186=CARTESIAN_POINT('',(42.5019989013672,-38.,10.0030002593994));
#2187=CARTESIAN_POINT('',(41.4970016479492,-36.,10.0030002593994));
#2188=CARTESIAN_POINT('',(42.5019989013672,-36.,10.0030002593994));
#2189=CARTESIAN_POINT('',(42.5019989013672,-38.,4.5));
#2190=CARTESIAN_POINT('',(42.5019989013672,-37.,4.5));
#2191=CARTESIAN_POINT('',(42.5019989013672,-37.,-1.53918917563643E-16));
#2192=CARTESIAN_POINT('',(42.5019989013672,-35.0709991455078,6.4980001449585));
#2193=CARTESIAN_POINT('',(42.5019989013672,-36.,6.4980001449585));
#2194=CARTESIAN_POINT('',(42.5019989013672,-35.0709991455078,3.82222954742679E-16));
#2195=CARTESIAN_POINT('',(55.5028206719292,-38.,4.5));
#2196=CARTESIAN_POINT('',(55.5028502852828,-36.,8.00011443033537));
#2197=CARTESIAN_POINT('',(54.4980010986328,-38.,4.5));
#2198=CARTESIAN_POINT('',(54.4980010986328,-37.,4.5));
#2199=CARTESIAN_POINT('',(54.4980010986328,-37.,-1.5854993790387E-16));
#2200=CARTESIAN_POINT('',(54.4980010986328,-35.0709991455078,6.4980001449585));
#2201=CARTESIAN_POINT('',(54.4980010986328,-36.,6.4980001449585));
#2202=CARTESIAN_POINT('',(54.4980010986328,-35.0709991455078,3.74928862816212E-16));
#2203=CARTESIAN_POINT('',(41.4970016479492,-38.,4.5));
#2204=CARTESIAN_POINT('',(41.4970016479492,-36.,7.99997557922695));
#2205=CARTESIAN_POINT('',(64.,-36.,8.00000000000003));
#2206=CARTESIAN_POINT('',(33.,2.49999999999967,8.00000000000003));
#2207=CARTESIAN_POINT('',(43.,-37.,2.));
#2208=CARTESIAN_POINT('',(54.,-37.,2.));
#2209=CARTESIAN_POINT('',(54.,-37.0993956487554,2.));
#2210=CARTESIAN_POINT('',(43.,-37.0993956487554,2.));
#2211=CARTESIAN_POINT('',(54.,-37.0993956487554,2.96511824120238E-17));
#2212=CARTESIAN_POINT('',(43.,-37.0993956487554,6.29804906951232E-17));
#2213=CARTESIAN_POINT('',(43.,-37.,6.11979716204456E-17));
#2214=CARTESIAN_POINT('',(54.,-37.,2.96511824120238E-17));
#2215=CARTESIAN_POINT('',(65.600000000001,-36.7499999999999,4.5));
#2216=CARTESIAN_POINT('',(64.35,-38.,4.49999999999999));
#2217=CARTESIAN_POINT('',(31.400000000001,-36.75,4.5));
#2218=CARTESIAN_POINT('',(32.65,-38.,4.5));
#2219=CARTESIAN_POINT('',(31.4000000001573,3.17078080852625,3.22672610321651E-15));
#2220=CARTESIAN_POINT('',(32.5820115987783,4.06678392861008,7.62746918876598E-16));
#2221=CARTESIAN_POINT('',(65.6,3.16997581974571,-9.83826155576161E-15));
#2222=CARTESIAN_POINT('',(64.4179884012214,4.0667839286101,-2.01913152320667E-15));
#2223=CARTESIAN_POINT('',(31.400007280273,-7.57685335430099,4.50000000000001));
#2224=CARTESIAN_POINT('',(31.4,1.29596086004633,-3.91186222039129E-15));
#2225=CARTESIAN_POINT('',(31.4000000000001,0.0862583322558844,0.614471313796204));
#2226=CARTESIAN_POINT('',(65.6,1.29614358541714,6.07686304670174E-14));
#2227=CARTESIAN_POINT('',(65.6000000000001,0.0862971481329492,0.613680363996135));
#2228=CARTESIAN_POINT('',(65.6000000000002,-7.57685335430099,4.49999999999984));
#2229=CARTESIAN_POINT('',(65.6,1.29731039126933,6.07230676043683E-14));
#2230=CARTESIAN_POINT('',(31.4,1.29708573883427,-3.90738352734477E-15));
#2231=CARTESIAN_POINT('',(65.6000000000001,0.0868693094464359,0.61289898649398));
#2232=CARTESIAN_POINT('',(31.4000000000001,0.0868379323237555,0.613680314930666));
#2233=CARTESIAN_POINT('',(33.,-36.,8.00000000000003));
#2234=CARTESIAN_POINT('',(64.,-36.,12.0906331579125));
#2235=CARTESIAN_POINT('',(64.,2.49999999999967,13.5400449226184));
#2236=CARTESIAN_POINT('',(33.,2.49999999999967,13.5400449226184));
#2237=CARTESIAN_POINT('',(31.4000000000026,2.84163535024725,13.5529064887454));
#2238=CARTESIAN_POINT('',(65.6,2.84158281888093,13.5529045110939));
#2239=CARTESIAN_POINT('',(33.,-36.,12.0906331579125));
#2240=CARTESIAN_POINT('',(64.35,-38.,12.0153390402654));
#2241=CARTESIAN_POINT('',(65.6000000000011,-36.7499999999995,12.0623978637949));
#2242=CARTESIAN_POINT('',(31.4000000000011,-36.75,12.0623978637948));
#2243=CARTESIAN_POINT('',(32.65,-38.,12.0153390402654));
#2244=CARTESIAN_POINT('',(32.5820115987783,4.06678392861007,13.5990297293425));
#2245=CARTESIAN_POINT('',(64.4179884012215,4.06678392861009,13.5990297293425));
#2246=CARTESIAN_POINT('',(45.9280014038086,-14.1440000534058,6.99700021743774));
#2247=CARTESIAN_POINT('',(45.9280014038086,-14.1440000534058,8.00000000000001));
#2248=CARTESIAN_POINT('',(47.5019989013672,-17.,-8.5265128291212E-16));
#2249=CARTESIAN_POINT('',(47.5019989013672,-17.,6.99700021743774));
#2250=CARTESIAN_POINT('',(41.4970016479492,-34.5709991455117,7.99995604260849));
#2251=CARTESIAN_POINT('',(55.5026831907039,-34.5709991498345,8.00007090391516));
#2252=CARTESIAN_POINT('',(42.4970016479492,-33.5709991455117,7.99992673768079));
#2253=CARTESIAN_POINT('',(54.5025541517476,-33.5709991455117,7.99985347536155));
#2254=CARTESIAN_POINT('',(55.6842146209702,-9.42899990081787,0.275126506116661));
#2255=CARTESIAN_POINT('',(54.1157853790299,-9.42899990081787,0.275126506116661));
#2256=CARTESIAN_POINT('',(55.6842146209702,-9.42899990081787,1.22487349388334));
#2257=CARTESIAN_POINT('',(54.1157853790299,-9.42899990081787,1.22487349388334));
#2258=CARTESIAN_POINT('',(35.,-35.0709991455117,4.89010240627428E-21));
#2259=CARTESIAN_POINT('',(35.,-35.0709991455117,4.5));
#2260=CARTESIAN_POINT('',(41.4970016479492,-35.0709991455104,-2.86166424780325E-16));
#2261=CARTESIAN_POINT('',(41.4970016479492,-35.0709991455117,4.5));
#2262=CARTESIAN_POINT('',(35.,-12.1789999008179,4.5));
#2263=CARTESIAN_POINT('',(35.,-12.1789999008179,1.17570644515098E-17));
#2264=CARTESIAN_POINT('',(43.6569552820014,-10.0219446647358,0.0521875972899753));
#2265=CARTESIAN_POINT('',(43.4000463544658,-9.61751186109929,0.0754567163551034));
#2266=CARTESIAN_POINT('',(42.8842146209701,-9.42899990081786,0.275126506116661));
#2267=CARTESIAN_POINT('',(43.6569552820014,-10.0219446647358,1.44781240271003));
#2268=CARTESIAN_POINT('',(43.4000463544658,-9.61751186109929,1.4245432836449));
#2269=CARTESIAN_POINT('',(42.8842146209701,-9.42899990081786,1.22487349388334));
#2270=CARTESIAN_POINT('',(53.1,-10.9289999008179,5.33162181316421E-16));
#2271=CARTESIAN_POINT('',(53.3430447179986,-10.0219446647359,0.0521875972899753));
#2272=CARTESIAN_POINT('',(53.1,-10.9289999008179,1.5));
#2273=CARTESIAN_POINT('',(53.3430447179986,-10.0219446647359,1.44781240271003));
#2274=CARTESIAN_POINT('',(53.5999536455342,-9.61751186109929,0.0754567163551034));
#2275=CARTESIAN_POINT('',(53.5999536455342,-9.61751186109929,1.4245432836449));
#2276=CARTESIAN_POINT('',(56.7,-10.9289999008179,-3.1576228924352E-17));
#2277=CARTESIAN_POINT('',(56.4569552820014,-10.0219446647359,0.0521875972899753));
#2278=CARTESIAN_POINT('',(56.2000463544658,-9.61751186109929,0.0754567163551034));
#2279=CARTESIAN_POINT('',(40.7999536455342,-9.61751186109929,0.0754567163551034));
#2280=CARTESIAN_POINT('',(41.3157853790298,-9.42899990081786,0.275126506116661));
#2281=CARTESIAN_POINT('',(43.9,-10.9289999008179,-5.50308984352887E-17));
#2282=CARTESIAN_POINT('',(40.3,-10.9289999008179,-3.51644748873565E-17));
#2283=CARTESIAN_POINT('',(40.5430447179986,-10.0219446647358,0.0521875972899753));
#2284=CARTESIAN_POINT('',(40.3,-10.9289999008179,1.5));
#2285=CARTESIAN_POINT('',(40.5430447179986,-10.0219446647358,1.44781240271003));
#2286=CARTESIAN_POINT('',(40.7999536455342,-9.61751186109929,1.4245432836449));
#2287=CARTESIAN_POINT('',(41.3157853790298,-9.42899990081786,1.22487349388334));
#2288=CARTESIAN_POINT('',(56.2000463544658,-9.61751186109929,1.4245432836449));
#2289=CARTESIAN_POINT('',(56.7,-10.9289999008179,1.5));
#2290=CARTESIAN_POINT('',(56.4569552820014,-10.0219446647359,1.44781240271003));
#2291=CARTESIAN_POINT('',(43.9,-10.9289999008179,1.5));
#2292=CARTESIAN_POINT('',(36.25,-10.9289999008179,4.5));
#2293=CARTESIAN_POINT('',(36.25,-10.9289999008179,1.9595107419183E-17));
#2294=CARTESIAN_POINT('',(42.4970016479492,-33.5709991455117,-1.45163280170666E-15));
#2295=CARTESIAN_POINT('',(41.4970016479492,-34.5709991455117,-2.27852536675317E-15));
#2296=CARTESIAN_POINT('',(54.502554151747,-33.5709991455117,-1.91114000151103E-15));
#2297=CARTESIAN_POINT('',(55.5025711242908,-34.5709991018993,5.92048209489606E-14));
#2298=CARTESIAN_POINT('',(55.502554151747,-35.0709991455117,4.5));
#2299=CARTESIAN_POINT('',(55.5026070801773,-35.0709991455104,1.07085034030246E-14));
#2300=CARTESIAN_POINT('',(62.,-12.1789999008179,4.5));
#2301=CARTESIAN_POINT('',(60.75,-10.9289999008179,4.5));
#2302=CARTESIAN_POINT('',(61.9997778998481,-35.0709991455117,4.5));
#2303=CARTESIAN_POINT('',(61.9998519332321,-35.0709991455117,-1.43093705967449E-16));
#2304=CARTESIAN_POINT('',(62.,-12.1789999008179,-6.38115034989291E-17));
#2305=CARTESIAN_POINT('',(60.75,-10.9289999008179,-1.06352505831548E-16));
#2306=CARTESIAN_POINT('',(52.35,3.18252524751373,8.39504669142421));
#2307=CARTESIAN_POINT('',(52.35,3.18252524751373,9.26135080462472));
#2308=CARTESIAN_POINT('',(60.05,3.18252524751373,9.26135080462473));
#2309=CARTESIAN_POINT('',(60.05,3.18252524751373,8.39504669142421));
#2310=CARTESIAN_POINT('',(52.7886491953755,3.18252524751373,9.70000000000028));
#2311=CARTESIAN_POINT('',(56.2,3.18252524751373,9.70000000000028));
#2312=CARTESIAN_POINT('',(59.6113508046245,3.18252524751373,9.70000000000028));
#2313=CARTESIAN_POINT('',(58.8759836559956,3.18252524751373,7.22103034741983));
#2314=CARTESIAN_POINT('',(56.2,3.18252524751373,7.22103034741983));
#2315=CARTESIAN_POINT('',(53.5240163440044,3.18252524751373,7.22103034741983));
#2316=CARTESIAN_POINT('',(52.35,3.18252524751373,11.41051517371));
#2317=CARTESIAN_POINT('',(60.05,3.18252524751373,11.41051517371));
#2318=CARTESIAN_POINT('',(61.55,3.18252524751373,9.91051517371001));
#2319=CARTESIAN_POINT('',(61.55,3.18252524751373,7.01051517371011));
#2320=CARTESIAN_POINT('',(60.05,3.18252524751373,5.51051517371011));
#2321=CARTESIAN_POINT('',(52.35,3.18252524751373,5.51051517371028));
#2322=CARTESIAN_POINT('',(50.85,3.18252524751373,7.01051517371028));
#2323=CARTESIAN_POINT('',(50.85,3.18252524751373,9.91051517371));
#2324=CARTESIAN_POINT('',(50.85,3.18252524751373,9.91051517371));
#2325=CARTESIAN_POINT('',(50.85,4.4905648379992,9.91051517371));
#2326=CARTESIAN_POINT('',(52.3500000000001,3.18252524751372,9.91051517370992));
#2327=CARTESIAN_POINT('',(52.35,3.18252524751373,11.41051517371));
#2328=CARTESIAN_POINT('',(50.85,3.18252524751373,9.91051517371));
#2329=CARTESIAN_POINT('',(52.3500000000001,4.47467514975042,11.41051517371));
#2330=CARTESIAN_POINT('',(52.1530239341839,4.47726663298122,11.41051517371));
#2331=CARTESIAN_POINT('',(51.9579731735658,4.47962675215707,11.371719196463));
#2332=CARTESIAN_POINT('',(51.5939950534825,4.48370131413225,11.2209574213698));
#2333=CARTESIAN_POINT('',(51.4286323615812,4.48537945551642,11.1104678788509));
#2334=CARTESIAN_POINT('',(51.2893398282202,4.48670711170266,10.9711753454898));
#2335=CARTESIAN_POINT('',(51.0080390546343,4.48938830862852,10.689874571904));
#2336=CARTESIAN_POINT('',(50.85,4.4905648379992,10.3083443076599));
#2337=CARTESIAN_POINT('',(50.85,4.4905648379992,9.91051517371));
#2338=CARTESIAN_POINT('',(52.35,3.18252524751373,11.41051517371));
#2339=CARTESIAN_POINT('',(52.3500000000001,4.47467514975042,11.41051517371));
#2340=CARTESIAN_POINT('',(50.85,4.4905648379992,7.01051517371029));
#2341=CARTESIAN_POINT('',(50.85,4.4905648379992,9.91051517371));
#2342=CARTESIAN_POINT('',(50.85,3.18252524751373,7.01051517371028));
#2343=CARTESIAN_POINT('',(50.85,4.4905648379992,7.01051517371029));
#2344=CARTESIAN_POINT('',(50.85,4.4905648379992,7.01051517371029));
#2345=CARTESIAN_POINT('',(50.85,4.4905648379992,6.61268603976044));
#2346=CARTESIAN_POINT('',(51.0080390546344,4.48938830862852,6.23115577551634));
#2347=CARTESIAN_POINT('',(51.2893398282202,4.48670711170266,5.94985500193047));
#2348=CARTESIAN_POINT('',(51.4286323615813,4.48537945551642,5.81056246856943));
#2349=CARTESIAN_POINT('',(51.5939950534825,4.48370131413225,5.70007292605049));
#2350=CARTESIAN_POINT('',(51.9579731735658,4.47962675215707,5.54931115095726));
#2351=CARTESIAN_POINT('',(52.153023934184,4.47726663298122,5.51051517371029));
#2352=CARTESIAN_POINT('',(52.3500000000001,4.47467514975046,5.51051517371029));
#2353=CARTESIAN_POINT('',(52.35,3.18252524751373,5.51051517371028));
#2354=CARTESIAN_POINT('',(52.3500000000001,4.47467514975046,5.51051517371029));
#2355=CARTESIAN_POINT('',(52.3500000000001,3.18252524751373,7.01051517371041));
#2356=CARTESIAN_POINT('',(50.85,3.18252524751373,7.01051517371028));
#2357=CARTESIAN_POINT('',(52.35,3.18252524751373,5.51051517371028));
#2358=CARTESIAN_POINT('',(60.05,3.18252524751373,5.51051517371011));
#2359=CARTESIAN_POINT('',(60.0499999999999,4.27199739426599,5.51051517371011));
#2360=CARTESIAN_POINT('',(61.55,4.20889899577207,7.01051517371011));
#2361=CARTESIAN_POINT('',(61.55,4.20889899577207,6.61257801941096));
#2362=CARTESIAN_POINT('',(61.3918883255693,4.21604903924013,6.23108315571976));
#2363=CARTESIAN_POINT('',(61.1106601717798,4.22817836915339,5.94985500193028));
#2364=CARTESIAN_POINT('',(60.9713408336343,4.23418719221358,5.81053566378476));
#2365=CARTESIAN_POINT('',(60.8059595587173,4.24121773583977,5.70004838915918));
#2366=CARTESIAN_POINT('',(60.4419988828477,4.25630843058424,5.54930531470346));
#2367=CARTESIAN_POINT('',(60.2469610266201,4.26421815027853,5.51051517371011));
#2368=CARTESIAN_POINT('',(60.0499999999999,4.27199739426599,5.51051517371011));
#2369=CARTESIAN_POINT('',(61.55,3.18252524751373,7.01051517371011));
#2370=CARTESIAN_POINT('',(61.55,4.20889899577207,7.01051517371011));
#2371=CARTESIAN_POINT('',(60.05,3.18252524751373,7.01051517371011));
#2372=CARTESIAN_POINT('',(61.55,3.18252524751373,7.01051517371011));
#2373=CARTESIAN_POINT('',(60.05,3.18252524751373,5.51051517371012));
#2374=CARTESIAN_POINT('',(61.55,4.20889899577207,9.91051517371001));
#2375=CARTESIAN_POINT('',(61.55,4.20889899577207,7.01051517371011));
#2376=CARTESIAN_POINT('',(61.55,3.18252524751373,9.91051517371001));
#2377=CARTESIAN_POINT('',(61.55,4.20889899577207,9.91051517371001));
#2378=CARTESIAN_POINT('',(61.55,4.20889899577207,9.91051517371001));
#2379=CARTESIAN_POINT('',(61.55,4.20889899577207,10.3084523280092));
#2380=CARTESIAN_POINT('',(61.3918883255693,4.21604903924013,10.6899471917003));
#2381=CARTESIAN_POINT('',(61.1106601717798,4.22817836915339,10.9711753454898));
#2382=CARTESIAN_POINT('',(60.9713408336344,4.23418719221357,11.1104946836353));
#2383=CARTESIAN_POINT('',(60.8059595587172,4.24121773583978,11.220981958261));
#2384=CARTESIAN_POINT('',(60.4419988828477,4.25630843058423,11.3717250327167));
#2385=CARTESIAN_POINT('',(60.2469610266201,4.26421815027853,11.41051517371));
#2386=CARTESIAN_POINT('',(60.05,4.27199739426598,11.41051517371));
#2387=CARTESIAN_POINT('',(60.05,3.18252524751373,11.41051517371));
#2388=CARTESIAN_POINT('',(60.05,4.27199739426598,11.41051517371));
#2389=CARTESIAN_POINT('',(60.05,3.18252524751373,9.91051517371004));
#2390=CARTESIAN_POINT('',(61.55,3.18252524751373,9.91051517371001));
#2391=CARTESIAN_POINT('',(60.05,3.18252524751373,11.41051517371));
#2392=CARTESIAN_POINT('',(52.7886491953755,2.49999999999967,9.70000000000029));
#2393=CARTESIAN_POINT('',(52.7886491953755,3.18252524751373,9.70000000000028));
#2394=CARTESIAN_POINT('',(52.35,2.49999999999965,9.26135080462474));
#2395=CARTESIAN_POINT('',(52.35,3.18252524751373,9.26135080462472));
#2396=CARTESIAN_POINT('',(52.7886491953755,3.18252524751372,9.26135080462474));
#2397=CARTESIAN_POINT('',(52.35,3.18252524751373,9.26135080462472));
#2398=CARTESIAN_POINT('',(52.7886491953755,3.18252524751373,9.70000000000028));
#2399=CARTESIAN_POINT('',(52.35,2.49999999999964,8.39504669142423));
#2400=CARTESIAN_POINT('',(52.35,2.49999999999965,9.26135080462474));
#2401=CARTESIAN_POINT('',(52.35,2.49999999999964,8.39504669142423));
#2402=CARTESIAN_POINT('',(52.35,3.18252524751373,8.39504669142421));
#2403=CARTESIAN_POINT('',(52.4784773747635,2.49999999999963,8.08487487081215));
#2404=CARTESIAN_POINT('',(52.4784773747635,3.18252524751373,8.08487487081214));
#2405=CARTESIAN_POINT('',(52.7886491953758,3.18252524751373,8.39504669142429));
#2406=CARTESIAN_POINT('',(52.4784773747635,3.18252524751373,8.08487487081214));
#2407=CARTESIAN_POINT('',(52.35,3.18252524751373,8.39504669142421));
#2408=CARTESIAN_POINT('',(53.2138445233923,3.18252524751373,7.34950772218331));
#2409=CARTESIAN_POINT('',(52.4784773747635,3.18252524751373,8.08487487081214));
#2410=CARTESIAN_POINT('',(53.2138445233923,2.49999999999962,7.34950772218332));
#2411=CARTESIAN_POINT('',(53.2138445233923,3.18252524751373,7.34950772218331));
#2412=CARTESIAN_POINT('',(53.2138445233923,2.49999999999962,7.34950772218332));
#2413=CARTESIAN_POINT('',(52.4784773747635,2.49999999999963,8.08487487081215));
#2414=CARTESIAN_POINT('',(53.5240163440044,2.49999999999962,7.22103034741985));
#2415=CARTESIAN_POINT('',(53.5240163440044,3.18252524751373,7.22103034741983));
#2416=CARTESIAN_POINT('',(53.5240163440044,3.18252524751375,7.6596795427954));
#2417=CARTESIAN_POINT('',(53.5240163440044,3.18252524751373,7.22103034741983));
#2418=CARTESIAN_POINT('',(53.2138445233923,3.18252524751373,7.34950772218331));
#2419=CARTESIAN_POINT('',(58.8759836559956,2.49999999999966,7.22103034741985));
#2420=CARTESIAN_POINT('',(56.2,2.49999999999964,7.22103034741985));
#2421=CARTESIAN_POINT('',(53.5240163440044,2.49999999999962,7.22103034741985));
#2422=CARTESIAN_POINT('',(58.8759836559956,2.49999999999966,7.22103034741985));
#2423=CARTESIAN_POINT('',(58.8759836559956,3.18252524751373,7.22103034741983));
#2424=CARTESIAN_POINT('',(58.8759836559956,3.18252524751372,7.65967954279544));
#2425=CARTESIAN_POINT('',(59.1861554766077,3.18252524751373,7.34950772218331));
#2426=CARTESIAN_POINT('',(58.8759836559956,3.18252524751373,7.22103034741983));
#2427=CARTESIAN_POINT('',(59.1861554766077,2.49999999999966,7.34950772218332));
#2428=CARTESIAN_POINT('',(59.1861554766077,3.18252524751373,7.34950772218331));
#2429=CARTESIAN_POINT('',(59.9215226252365,3.18252524751373,8.08487487081214));
#2430=CARTESIAN_POINT('',(59.1861554766077,3.18252524751373,7.34950772218331));
#2431=CARTESIAN_POINT('',(59.9215226252365,2.49999999999968,8.08487487081215));
#2432=CARTESIAN_POINT('',(59.9215226252365,3.18252524751373,8.08487487081214));
#2433=CARTESIAN_POINT('',(59.9215226252365,2.49999999999968,8.08487487081215));
#2434=CARTESIAN_POINT('',(59.1861554766077,2.49999999999966,7.34950772218332));
#2435=CARTESIAN_POINT('',(60.05,2.49999999999969,8.39504669142423));
#2436=CARTESIAN_POINT('',(60.05,3.18252524751373,8.39504669142421));
#2437=CARTESIAN_POINT('',(59.6113508046242,3.18252524751373,8.39504669142431));
#2438=CARTESIAN_POINT('',(60.05,3.18252524751373,8.39504669142421));
#2439=CARTESIAN_POINT('',(59.9215226252365,3.18252524751373,8.08487487081213));
#2440=CARTESIAN_POINT('',(60.05,2.49999999999971,9.26135080462474));
#2441=CARTESIAN_POINT('',(60.05,2.49999999999969,8.39504669142423));
#2442=CARTESIAN_POINT('',(60.05,2.49999999999971,9.26135080462474));
#2443=CARTESIAN_POINT('',(60.05,3.18252524751373,9.26135080462473));
#2444=CARTESIAN_POINT('',(59.6113508046245,2.49999999999971,9.70000000000029));
#2445=CARTESIAN_POINT('',(59.6113508046245,3.18252524751373,9.70000000000028));
#2446=CARTESIAN_POINT('',(59.6113508046245,3.18252524751372,9.26135080462475));
#2447=CARTESIAN_POINT('',(59.6113508046245,3.18252524751373,9.70000000000028));
#2448=CARTESIAN_POINT('',(60.05,3.18252524751373,9.26135080462473));
#2449=CARTESIAN_POINT('',(52.7886491953755,2.49999999999967,9.70000000000029));
#2450=CARTESIAN_POINT('',(56.2,2.49999999999969,9.70000000000029));
#2451=CARTESIAN_POINT('',(59.6113508046245,2.49999999999971,9.70000000000029));
#2452=CARTESIAN_POINT('',(48.4,2.49999999999967,5.30000000000012));
#2453=CARTESIAN_POINT('',(48.4,-18.5000000000003,5.30000000000016));
#2454=CARTESIAN_POINT('',(48.4,-18.5000000000003,5.30000000000016));
#2455=CARTESIAN_POINT('',(64.,-18.5000000000003,5.30000000000016));
#2456=CARTESIAN_POINT('',(64.,-18.5000000000003,5.30000000000016));
#2457=CARTESIAN_POINT('',(64.,2.49999999999967,5.30000000000015));
#2458=CARTESIAN_POINT('',(64.,2.49999999999967,5.30000000000015));
#2459=CARTESIAN_POINT('',(48.4,2.49999999999967,5.30000000000012));
#2460=CARTESIAN_POINT('',(48.4,-18.5000000000003,8.00000000000021));
#2461=CARTESIAN_POINT('',(48.4,-18.5000000000003,5.30000000000016));
#2462=CARTESIAN_POINT('',(64.,-18.5000000000003,8.00000000000017));
#2463=CARTESIAN_POINT('',(64.,-18.5000000000003,5.30000000000016));
#2464=CARTESIAN_POINT('',(48.4,-18.5000000000003,8.00000000000021));
#2465=CARTESIAN_POINT('',(64.,-18.5000000000003,8.00000000000017));
#2466=CARTESIAN_POINT('',(48.4,-18.5000000000003,8.00000000000021));
#2467=CARTESIAN_POINT('',(48.4,2.49999999999967,8.00000000000015));
#2468=CARTESIAN_POINT('',(48.4,2.49999999999967,8.00000000000015));
#2469=CARTESIAN_POINT('',(48.4,2.49999999999967,5.30000000000012));
#2470=CARTESIAN_POINT('',(55.5028206719292,-38.,10.0030002593994));
#2471=CARTESIAN_POINT('',(54.4980010986328,-38.,10.0030002593994));
#2472=CARTESIAN_POINT('',(54.4980010986328,-36.,10.0030002593994));
#2473=CARTESIAN_POINT('',(55.5028206719292,-36.,10.0030002593994));
#2474=CARTESIAN_POINT('',(54.4980010986328,-38.,10.0030002593994));
#2475=CARTESIAN_POINT('',(54.4980010986328,-36.,10.0030002593994));
#2476=CARTESIAN_POINT('',(55.5028206719292,-38.,10.0030002593994));
#2477=CARTESIAN_POINT('',(55.5028206719292,-36.,10.0030002593994));
#2478=CARTESIAN_POINT('',(42.5019989013672,-38.,10.0030002593994));
#2479=CARTESIAN_POINT('',(41.4970016479492,-38.,10.0030002593994));
#2480=CARTESIAN_POINT('',(41.4970016479492,-38.,10.0030002593994));
#2481=CARTESIAN_POINT('',(41.4970016479492,-36.,10.0030002593994));
#2482=CARTESIAN_POINT('',(41.4970016479492,-36.,10.0030002593994));
#2483=CARTESIAN_POINT('',(42.5019989013672,-36.,10.0030002593994));
#2484=CARTESIAN_POINT('',(42.5019989013672,-38.,10.0030002593994));
#2485=CARTESIAN_POINT('',(42.5019989013672,-36.,10.0030002593994));
#2486=CARTESIAN_POINT('',(42.5019989013672,-38.,4.5));
#2487=CARTESIAN_POINT('',(42.5019989013672,-38.,10.0030002593994));
#2488=CARTESIAN_POINT('',(42.5019989013672,-38.,4.5));
#2489=CARTESIAN_POINT('',(42.5019989013672,-37.,4.5));
#2490=CARTESIAN_POINT('',(42.5019989013672,-37.,4.5));
#2491=CARTESIAN_POINT('',(42.5019989013672,-37.,-1.53918917563643E-16));
#2492=CARTESIAN_POINT('',(42.5019989013672,-37.,-1.53918917563643E-16));
#2493=CARTESIAN_POINT('',(42.5019989013672,-35.0709991455078,3.82222954742679E-16));
#2494=CARTESIAN_POINT('',(42.5019989013672,-36.,10.0030002593994));
#2495=CARTESIAN_POINT('',(42.5019989013672,-36.,6.4980001449585));
#2496=CARTESIAN_POINT('',(42.5019989013672,-35.0709991455078,6.4980001449585));
#2497=CARTESIAN_POINT('',(42.5019989013672,-36.,6.4980001449585));
#2498=CARTESIAN_POINT('',(42.5019989013672,-35.0709991455078,3.82222954742679E-16));
#2499=CARTESIAN_POINT('',(42.5019989013672,-35.0709991455078,1.99800002574921));
#2500=CARTESIAN_POINT('',(42.5019989013672,-35.0709991455078,6.4980001449585));
#2501=CARTESIAN_POINT('',(55.5028206719292,-38.,4.5));
#2502=CARTESIAN_POINT('',(55.5028206719292,-38.,10.0030002593994));
#2503=CARTESIAN_POINT('',(55.5028206719292,-36.,10.0030002593994));
#2504=CARTESIAN_POINT('',(55.5028502852828,-36.,8.00011443033537));
#2505=CARTESIAN_POINT('',(54.4980010986328,-38.,10.0030002593994));
#2506=CARTESIAN_POINT('',(54.4980010986328,-38.,4.5));
#2507=CARTESIAN_POINT('',(54.4980010986328,-37.,4.5));
#2508=CARTESIAN_POINT('',(54.4980010986328,-38.,4.5));
#2509=CARTESIAN_POINT('',(54.4980010986328,-37.,-1.5854993790387E-16));
#2510=CARTESIAN_POINT('',(54.4980010986328,-37.,4.5));
#2511=CARTESIAN_POINT('',(54.4980010986328,-35.0709991455078,3.74928862816212E-16));
#2512=CARTESIAN_POINT('',(54.4980010986328,-37.,-1.5854993790387E-16));
#2513=CARTESIAN_POINT('',(54.4980010986328,-36.,10.0030002593994));
#2514=CARTESIAN_POINT('',(54.4980010986328,-36.,6.4980001449585));
#2515=CARTESIAN_POINT('',(54.4980010986328,-36.,6.4980001449585));
#2516=CARTESIAN_POINT('',(54.4980010986328,-35.0709991455078,6.4980001449585));
#2517=CARTESIAN_POINT('',(54.4980010986328,-35.0709991455078,6.4980001449585));
#2518=CARTESIAN_POINT('',(54.4980010986328,-35.0709991455078,1.99800002574921));
#2519=CARTESIAN_POINT('',(54.4980010986328,-35.0709991455078,3.74928862816212E-16));
#2520=CARTESIAN_POINT('',(41.4970016479492,-38.,10.0030002593994));
#2521=CARTESIAN_POINT('',(41.4970016479492,-38.,4.5));
#2522=CARTESIAN_POINT('',(41.4970016479492,-36.,10.0030002593994));
#2523=CARTESIAN_POINT('',(41.4970016479492,-36.,7.99997557922695));
#2524=CARTESIAN_POINT('',(64.,-36.,8.00000000000003));
#2525=CARTESIAN_POINT('',(64.,-36.,10.5892163587044));
#2526=CARTESIAN_POINT('',(64.,-36.,12.0906331579125));
#2527=CARTESIAN_POINT('',(64.,-18.5000000000003,8.00000000000017));
#2528=CARTESIAN_POINT('',(64.,-36.,8.00000000000003));
#2529=CARTESIAN_POINT('',(64.,2.49999999999967,13.5400449226184));
#2530=CARTESIAN_POINT('',(64.,2.49999999999967,12.0386281234103));
#2531=CARTESIAN_POINT('',(64.,2.49999999999967,6.50000000000017));
#2532=CARTESIAN_POINT('',(64.,2.49999999999967,5.30000000000015));
#2533=CARTESIAN_POINT('',(33.,2.49999999999967,8.00000000000003));
#2534=CARTESIAN_POINT('',(48.4,2.49999999999967,8.00000000000015));
#2535=CARTESIAN_POINT('',(33.,2.49999999999967,13.5400449226184));
#2536=CARTESIAN_POINT('',(33.,2.49999999999967,12.0386281234103));
#2537=CARTESIAN_POINT('',(33.,2.49999999999967,8.00000000000003));
#2538=CARTESIAN_POINT('',(52.7886491953756,2.49999999999966,9.26135080462471));
#2539=CARTESIAN_POINT('',(52.35,2.49999999999965,9.26135080462474));
#2540=CARTESIAN_POINT('',(52.7886491953755,2.49999999999967,9.70000000000029));
#2541=CARTESIAN_POINT('',(52.7886491953757,2.49999999999964,8.39504669142429));
#2542=CARTESIAN_POINT('',(52.4784773747635,2.49999999999963,8.08487487081215));
#2543=CARTESIAN_POINT('',(52.35,2.49999999999964,8.39504669142423));
#2544=CARTESIAN_POINT('',(53.5240163440044,2.49999999999963,7.65967954279538));
#2545=CARTESIAN_POINT('',(53.5240163440044,2.49999999999962,7.22103034741985));
#2546=CARTESIAN_POINT('',(53.2138445233923,2.49999999999962,7.34950772218333));
#2547=CARTESIAN_POINT('',(58.8759836559956,2.49999999999967,7.65967954279542));
#2548=CARTESIAN_POINT('',(59.1861554766077,2.49999999999966,7.34950772218332));
#2549=CARTESIAN_POINT('',(58.8759836559956,2.49999999999966,7.22103034741984));
#2550=CARTESIAN_POINT('',(59.6113508046245,2.49999999999968,8.39504669142423));
#2551=CARTESIAN_POINT('',(60.05,2.49999999999969,8.39504669142423));
#2552=CARTESIAN_POINT('',(59.9215226252365,2.49999999999968,8.08487487081215));
#2553=CARTESIAN_POINT('',(59.6113508046244,2.4999999999997,9.26135080462473));
#2554=CARTESIAN_POINT('',(59.6113508046245,2.49999999999971,9.70000000000029));
#2555=CARTESIAN_POINT('',(60.05,2.49999999999971,9.26135080462474));
#2556=CARTESIAN_POINT('',(65.6000000000001,0.0868693094464359,0.61289898649398));
#2557=CARTESIAN_POINT('',(48.4987406507972,0.822377969305858,0.614074134813223));
#2558=CARTESIAN_POINT('',(31.4000000000001,0.0868379323237555,0.613680314930666));
#2559=CARTESIAN_POINT('',(43.,-37.,2.));
#2560=CARTESIAN_POINT('',(54.,-37.,2.));
#2561=CARTESIAN_POINT('',(54.,-37.,2.));
#2562=CARTESIAN_POINT('',(54.,-37.0993956487554,2.));
#2563=CARTESIAN_POINT('',(43.,-37.0993956487554,2.));
#2564=CARTESIAN_POINT('',(54.,-37.0993956487554,2.));
#2565=CARTESIAN_POINT('',(43.,-37.,2.));
#2566=CARTESIAN_POINT('',(43.,-37.0993956487554,2.));
#2567=CARTESIAN_POINT('',(54.,-37.0993956487554,2.96511824120238E-17));
#2568=CARTESIAN_POINT('',(43.,-37.0993956487554,6.29804906951232E-17));
#2569=CARTESIAN_POINT('',(43.,-37.0985976512883,1.));
#2570=CARTESIAN_POINT('',(43.,-37.0993956487554,1.11022302462516E-16));
#2571=CARTESIAN_POINT('',(43.,-37.0993956487554,2.));
#2572=CARTESIAN_POINT('',(54.,-37.0985976512883,1.));
#2573=CARTESIAN_POINT('',(54.,-37.0993956487554,0.));
#2574=CARTESIAN_POINT('',(54.,-37.0993956487554,2.));
#2575=CARTESIAN_POINT('',(43.,-37.,6.11979716204456E-17));
#2576=CARTESIAN_POINT('',(43.,-37.,2.));
#2577=CARTESIAN_POINT('',(43.,-37.0993956487554,6.29804906951232E-17));
#2578=CARTESIAN_POINT('',(43.,-37.,6.11979716204456E-17));
#2579=CARTESIAN_POINT('',(54.,-37.,2.));
#2580=CARTESIAN_POINT('',(54.,-37.,2.96511824120238E-17));
#2581=CARTESIAN_POINT('',(54.,-37.,2.96511824120238E-17));
#2582=CARTESIAN_POINT('',(54.,-37.0993956487554,2.96511824120238E-17));
#2583=CARTESIAN_POINT('',(65.600000000001,-36.7499999999999,4.5));
#2584=CARTESIAN_POINT('',(65.6000000000011,-36.7499999999995,12.0623978637949));
#2585=CARTESIAN_POINT('',(64.35,-38.,4.49999999999999));
#2586=CARTESIAN_POINT('',(64.35,-38.,12.0153390402654));
#2587=CARTESIAN_POINT('',(64.3500000000001,-36.7499999999991,4.5));
#2588=CARTESIAN_POINT('',(64.35,-38.,4.49999999999999));
#2589=CARTESIAN_POINT('',(65.600000000001,-36.7499999999999,4.5));
#2590=CARTESIAN_POINT('',(31.400000000001,-36.75,4.5));
#2591=CARTESIAN_POINT('',(31.4000000000011,-36.75,12.0623978637948));
#2592=CARTESIAN_POINT('',(32.65,-38.,12.0153390402654));
#2593=CARTESIAN_POINT('',(32.65,-38.,4.5));
#2594=CARTESIAN_POINT('',(32.6500000000002,-36.7500000000008,4.5));
#2595=CARTESIAN_POINT('',(31.400000000001,-36.75,4.5));
#2596=CARTESIAN_POINT('',(32.65,-38.,4.5));
#2597=CARTESIAN_POINT('',(31.4000000000026,2.84163535024725,13.5529064887454));
#2598=CARTESIAN_POINT('',(31.4000000001573,3.17078080852625,3.22672610321651E-15));
#2599=CARTESIAN_POINT('',(32.5820115987783,4.06678392861007,13.5990297293425));
#2600=CARTESIAN_POINT('',(32.5820115987783,4.06678392861008,7.62746918876598E-16));
#2601=CARTESIAN_POINT('',(32.5820115987783,4.06678392861008,7.62746918876598E-16));
#2602=CARTESIAN_POINT('',(31.4000000000786,4.17847142783475,1.99473651104656E-15));
#2603=CARTESIAN_POINT('',(31.4000000001573,3.17078080852625,3.22672610321651E-15));
#2604=CARTESIAN_POINT('',(31.4000000000001,0.0862583322558844,0.614471313796204));
#2605=CARTESIAN_POINT('',(31.4000008722502,-0.595834907911787,1.54548942439989));
#2606=CARTESIAN_POINT('',(31.4000020940797,-1.65969652119258,2.63585163975044));
#2607=CARTESIAN_POINT('',(31.4000044884883,-4.17013760078165,3.93324700199559));
#2608=CARTESIAN_POINT('',(31.4000057871825,-5.61547435111453,4.47184587207199));
#2609=CARTESIAN_POINT('',(31.4000071707858,-7.4321198169528,4.49972429928159));
#2610=CARTESIAN_POINT('',(31.4000072048301,-7.47708039184079,4.49989558841688));
#2611=CARTESIAN_POINT('',(31.4000072388471,-7.52204514189995,4.49998707148874));
#2612=CARTESIAN_POINT('',(31.4000072728318,-7.56700773643723,4.49999872418034));
#2613=CARTESIAN_POINT('',(31.4000072753124,-7.5702896088533,4.49999957472394));
#2614=CARTESIAN_POINT('',(31.4000072777928,-7.57357148106418,4.49999999999998));
#2615=CARTESIAN_POINT('',(31.400007280273,-7.57685335430099,4.50000000000001));
#2616=CARTESIAN_POINT('',(64.4179884012214,4.0667839286101,-2.01913152320667E-15));
#2617=CARTESIAN_POINT('',(64.4179884012215,4.06678392861009,13.5990297293425));
#2618=CARTESIAN_POINT('',(64.4179884012214,4.0667839286101,-2.01913152320667E-15));
#2619=CARTESIAN_POINT('',(65.5999999999998,4.1780689334445,-5.92869653948442E-15));
#2620=CARTESIAN_POINT('',(65.6,3.16997581974571,-9.83826155576161E-15));
#2621=CARTESIAN_POINT('',(31.4000000000001,0.0868379323237555,0.613680314930666));
#2622=CARTESIAN_POINT('',(31.4000000000001,0.0866447458551538,0.613943991150145));
#2623=CARTESIAN_POINT('',(31.4000000000001,0.0864515458315145,0.614207657440055));
#2624=CARTESIAN_POINT('',(31.4000000000001,0.0862583322558844,0.614471313796204));
#2625=CARTESIAN_POINT('',(31.400007280273,-7.57685335430099,4.50000000000001));
#2626=CARTESIAN_POINT('',(31.400000000001,-36.75,4.5));
#2627=CARTESIAN_POINT('',(65.6000000000001,0.0868693094464359,0.61289898649398));
#2628=CARTESIAN_POINT('',(65.6000000000001,0.0866785048735766,0.613159384027642));
#2629=CARTESIAN_POINT('',(65.6000000000001,0.0864877843959705,0.613419843249425));
#2630=CARTESIAN_POINT('',(65.6000000000001,0.0862971481329492,0.613680363996135));
#2631=CARTESIAN_POINT('',(65.600000000001,-36.7499999999999,4.5));
#2632=CARTESIAN_POINT('',(65.6000000000002,-7.57685335430099,4.49999999999984));
#2633=CARTESIAN_POINT('',(33.,2.49999999999967,13.5400449226184));
#2634=CARTESIAN_POINT('',(45.2,2.49999999999965,13.5400449226184));
#2635=CARTESIAN_POINT('',(60.3494311668265,2.49999999999967,13.5400449226184));
#2636=CARTESIAN_POINT('',(64.,2.49999999999967,13.5400449226184));
#2637=CARTESIAN_POINT('',(31.4000000001573,3.17078080852625,3.22672610321651E-15));
#2638=CARTESIAN_POINT('',(48.5000954889075,4.18122573989515,-3.3124364408173E-15));
#2639=CARTESIAN_POINT('',(65.6,3.16997581974571,-9.83826155576161E-15));
#2640=CARTESIAN_POINT('',(65.6,1.29731039126933,6.07230676043683E-14));
#2641=CARTESIAN_POINT('',(48.5000746553774,2.15045191994439,2.83570934183884E-14));
#2642=CARTESIAN_POINT('',(31.4,1.29708573883427,-3.90738352734477E-15));
#2643=CARTESIAN_POINT('',(65.6,3.16997581974571,-9.83826155576161E-15));
#2644=CARTESIAN_POINT('',(65.6,1.29731039126933,6.07230676043683E-14));
#2645=CARTESIAN_POINT('',(31.4000000001573,3.17078080852625,3.22672610321651E-15));
#2646=CARTESIAN_POINT('',(31.4,1.29708573883427,-3.90738352734477E-15));
#2647=CARTESIAN_POINT('',(65.6,1.29731039126933,6.07230676043683E-14));
#2648=CARTESIAN_POINT('',(65.6,1.29614358541714,6.07686304670174E-14));
#2649=CARTESIAN_POINT('',(65.6,1.29614358541714,6.07686304670174E-14));
#2650=CARTESIAN_POINT('',(48.5016070328953,2.14928454509792,3.12825646927328E-10));
#2651=CARTESIAN_POINT('',(31.4,1.29596086004633,-3.91186222039129E-15));
#2652=CARTESIAN_POINT('',(31.4,1.29708573883427,-3.90738352734477E-15));
#2653=CARTESIAN_POINT('',(31.4,1.29596086004633,-3.91186222039129E-15));
#2654=CARTESIAN_POINT('',(65.6,1.29614358541714,6.07686304670174E-14));
#2655=CARTESIAN_POINT('',(65.6,1.0606010529416,2.1703785012249E-8));
#2656=CARTESIAN_POINT('',(65.6,0.828367762242797,0.0554552488293019));
#2657=CARTESIAN_POINT('',(65.6,0.408147036135861,0.268409726765756));
#2658=CARTESIAN_POINT('',(65.6000000000001,0.226102813846257,0.422900858506836));
#2659=CARTESIAN_POINT('',(65.6000000000001,0.0868693094464359,0.61289898649398));
#2660=CARTESIAN_POINT('',(31.4,1.29596086004633,-3.91186222039129E-15));
#2661=CARTESIAN_POINT('',(31.4,1.06039249533948,0.000176763819555961));
#2662=CARTESIAN_POINT('',(31.4,0.828176614573169,0.055838935163952));
#2663=CARTESIAN_POINT('',(31.4000000000001,0.408062431617587,0.269071742757675));
#2664=CARTESIAN_POINT('',(31.4000000000001,0.226051243199081,0.423652979448798));
#2665=CARTESIAN_POINT('',(31.4000000000001,0.0868379323237555,0.613680314930666));
#2666=CARTESIAN_POINT('',(65.6000000000001,0.0862971481329492,0.613680363996135));
#2667=CARTESIAN_POINT('',(65.6000000000001,-0.595556682135273,1.54490035479052));
#2668=CARTESIAN_POINT('',(65.6000000000001,-1.65924364610156,2.63558514466313));
#2669=CARTESIAN_POINT('',(65.6000000000001,-4.16991103634307,3.93326616951245));
#2670=CARTESIAN_POINT('',(65.6000000000001,-5.61524702209165,4.47184827358366));
#2671=CARTESIAN_POINT('',(65.6000000000002,-7.43210151391397,4.49972444440267));
#2672=CARTESIAN_POINT('',(65.6000000000002,-7.48034979866742,4.49990818904442));
#2673=CARTESIAN_POINT('',(65.6000000000002,-7.52860301878574,4.50000004950221));
#2674=CARTESIAN_POINT('',(65.6000000000002,-7.57685335430099,4.49999999999984));
#2675=CARTESIAN_POINT('',(65.6000000000002,-7.57685335430099,4.49999999999984));
#2676=CARTESIAN_POINT('',(31.400007280273,-7.57685335430099,4.50000000000001));
#2677=CARTESIAN_POINT('',(65.6000000000001,0.0862971481329492,0.613680363996135));
#2678=CARTESIAN_POINT('',(48.5002533616962,0.821669910022839,0.614861153621095));
#2679=CARTESIAN_POINT('',(31.4000000000001,0.0862583322558844,0.614471313796204));
#2680=CARTESIAN_POINT('',(48.5,-288.16,7.42939996432833E-13));
#2681=CARTESIAN_POINT('',(64.4179884012214,4.06678392861011,-2.01913152320672E-15));
#2682=CARTESIAN_POINT('',(32.5820115987783,4.06678392861008,7.62746918876491E-16));
#2683=CARTESIAN_POINT('',(48.5000000000102,-288.159999999637,5.51051517372558));
#2684=CARTESIAN_POINT('',(60.0499999999999,4.27199739426601,5.51051517371011));
#2685=CARTESIAN_POINT('',(52.3500000000001,4.47467514975047,5.51051517371029));
#2686=CARTESIAN_POINT('',(48.4999999999958,-288.160000000231,11.4105151737613));
#2687=CARTESIAN_POINT('',(52.3500000000001,4.4746751497504,11.41051517371));
#2688=CARTESIAN_POINT('',(60.05,4.27199739426599,11.41051517371));
#2689=CARTESIAN_POINT('',(64.35,-38.,4.49999999999999));
#2690=CARTESIAN_POINT('',(55.5028206719292,-38.,4.5));
#2691=CARTESIAN_POINT('',(41.4970016479492,-38.,4.5));
#2692=CARTESIAN_POINT('',(32.65,-38.,4.5));
#2693=CARTESIAN_POINT('',(42.5019989013672,-37.,4.5));
#2694=CARTESIAN_POINT('',(54.4980010986328,-37.,4.5));
#2695=CARTESIAN_POINT('',(54.4980010986328,-37.,-1.5854993790387E-16));
#2696=CARTESIAN_POINT('',(54.,-37.,2.96511824120238E-17));
#2697=CARTESIAN_POINT('',(43.,-37.,6.11979716204456E-17));
#2698=CARTESIAN_POINT('',(42.5019989013672,-37.,-1.53918917563643E-16));
#2699=CARTESIAN_POINT('',(42.5019989013672,-35.0709991455078,3.82222954742679E-16));
#2700=CARTESIAN_POINT('',(54.4980010986328,-35.0709991455078,3.74928862816212E-16));
#2701=CARTESIAN_POINT('',(54.4980010986328,-35.0709991455078,6.4980001449585));
#2702=CARTESIAN_POINT('',(42.5019989013672,-35.0709991455078,6.4980001449585));
#2703=CARTESIAN_POINT('',(42.5019989013672,-36.,6.4980001449585));
#2704=CARTESIAN_POINT('',(54.4980010986328,-36.,6.4980001449585));
#2705=CARTESIAN_POINT('',(54.4980010986328,-38.,4.5));
#2706=CARTESIAN_POINT('',(42.5019989013672,-38.,4.5));
#2707=CARTESIAN_POINT('',(33.,-36.,8.00000000000003));
#2708=CARTESIAN_POINT('',(33.,-36.,10.5892163587044));
#2709=CARTESIAN_POINT('',(33.,-36.,12.0906331579125));
#2710=CARTESIAN_POINT('',(33.,2.49999999999967,8.00000000000003));
#2711=CARTESIAN_POINT('',(33.,-36.,8.00000000000003));
#2712=CARTESIAN_POINT('',(55.5028502852828,-36.,8.00011443033537));
#2713=CARTESIAN_POINT('',(64.,-36.,8.00000000000003));
#2714=CARTESIAN_POINT('',(33.,-36.,8.00000000000003));
#2715=CARTESIAN_POINT('',(41.4970016479492,-36.,7.99997557922695));
#2716=CARTESIAN_POINT('',(65.6,2.84158281888093,13.5529045110939));
#2717=CARTESIAN_POINT('',(65.6,3.16997581974571,-9.83826155576161E-15));
#2718=CARTESIAN_POINT('',(33.,-36.,12.0906331579125));
#2719=CARTESIAN_POINT('',(45.2,-36.,12.0906331579125));
#2720=CARTESIAN_POINT('',(60.3494311668265,-36.,12.0906331579125));
#2721=CARTESIAN_POINT('',(64.,-36.,12.0906331579125));
#2722=CARTESIAN_POINT('',(64.35,-38.,12.0153390402654));
#2723=CARTESIAN_POINT('',(32.65,-38.,12.0153390402654));
#2724=CARTESIAN_POINT('',(33.,2.49999999999967,13.5400449226184));
#2725=CARTESIAN_POINT('',(33.,-36.,12.0906331579125));
#2726=CARTESIAN_POINT('',(64.,-36.,12.0906331579125));
#2727=CARTESIAN_POINT('',(64.,2.49999999999967,13.5400449226184));
#2728=CARTESIAN_POINT('',(64.35,-38.,12.0153390402654));
#2729=CARTESIAN_POINT('',(64.6816792999471,-38.,12.0153390402654));
#2730=CARTESIAN_POINT('',(64.9996801000278,-37.8681840642782,12.0203015225514));
#2731=CARTESIAN_POINT('',(65.4684236659794,-37.3992460119648,12.0379556609915));
#2732=CARTESIAN_POINT('',(65.6,-37.081362095171,12.0499230555061));
#2733=CARTESIAN_POINT('',(65.6000000000011,-36.7499999999995,12.0623978637949));
#2734=CARTESIAN_POINT('',(31.4000000000011,-36.75,12.0623978637948));
#2735=CARTESIAN_POINT('',(31.4,-37.0813620951711,12.0499230555061));
#2736=CARTESIAN_POINT('',(31.5315763340205,-37.3992460119647,12.0379556609915));
#2737=CARTESIAN_POINT('',(32.0003198999721,-37.8681840642782,12.0203015225514));
#2738=CARTESIAN_POINT('',(32.3183207000529,-38.,12.0153390402654));
#2739=CARTESIAN_POINT('',(32.65,-38.,12.0153390402654));
#2740=CARTESIAN_POINT('',(31.4000000000026,2.84163535024725,13.5529064887454));
#2741=CARTESIAN_POINT('',(31.4000000000021,3.15923084948976,13.5648630251874));
#2742=CARTESIAN_POINT('',(31.5234928056314,3.46351676842499,13.5763184950768));
#2743=CARTESIAN_POINT('',(31.9654335898733,3.91926881086774,13.5934762190275));
#2744=CARTESIAN_POINT('',(32.2654625841546,4.0524708398081,13.5984908836465));
#2745=CARTESIAN_POINT('',(32.5820115987783,4.06678392861007,13.5990297293425));
#2746=CARTESIAN_POINT('',(64.4179884012215,4.06678392861009,13.5990297293425));
#2747=CARTESIAN_POINT('',(64.7345440764864,4.05246384120951,13.5984906201698));
#2748=CARTESIAN_POINT('',(65.0345742909261,3.91924838684946,13.5934754501233));
#2749=CARTESIAN_POINT('',(65.4765099387034,3.46347628648073,13.5763169710506));
#2750=CARTESIAN_POINT('',(65.6,3.15918290833374,13.5648612203439));
#2751=CARTESIAN_POINT('',(65.6,2.84158281888093,13.5529045110939));
#2752=CARTESIAN_POINT('',(31.4000000000011,-36.75,12.0623978637948));
#2753=CARTESIAN_POINT('',(31.4000000000026,2.84163535024725,13.5529064887454));
#2754=CARTESIAN_POINT('',(65.6000000000011,-36.7499999999995,12.0623978637949));
#2755=CARTESIAN_POINT('',(65.6,2.84158281888093,13.5529045110939));
#2756=CARTESIAN_POINT('',(32.5820115987783,4.06678392861007,13.5990297293425));
#2757=CARTESIAN_POINT('',(43.1861437372126,4.64440535712993,13.6207754772398));
#2758=CARTESIAN_POINT('',(53.8138562627884,4.64440535712991,13.6207754772398));
#2759=CARTESIAN_POINT('',(64.4179884012215,4.06678392861009,13.5990297293425));
#2760=CARTESIAN_POINT('',(44.9999905776757,-17.0000004768372,6.99700021743774));
#2761=CARTESIAN_POINT('',(45.9280014038086,-14.1440000534058,6.99700021743774));
#2762=CARTESIAN_POINT('',(45.9280014038086,-14.1440000534058,8.00000000000001));
#2763=CARTESIAN_POINT('',(44.9999905776759,-17.0000004768375,8.00000000000006));
#2764=CARTESIAN_POINT('',(44.9995480899927,-17.0002165559157,6.99700021743774));
#2765=CARTESIAN_POINT('',(47.5019989013672,-17.,6.99700021743774));
#2766=CARTESIAN_POINT('',(47.5019989013672,-17.,-8.5265128291212E-16));
#2767=CARTESIAN_POINT('',(44.9995480899927,-17.0002165559157,-8.88178419700125E-16));
#2768=CARTESIAN_POINT('',(55.5026831907039,-34.5709991498345,8.00007090391516));
#2769=CARTESIAN_POINT('',(55.502832142718,-34.9980010424439,8.00008391011057));
#2770=CARTESIAN_POINT('',(55.5028474605177,-35.0709991562972,8.00008613358483));
#2771=CARTESIAN_POINT('',(55.5028502852828,-36.,8.00011443033537));
#2772=CARTESIAN_POINT('',(41.4970016479492,-36.,7.99997557922695));
#2773=CARTESIAN_POINT('',(41.4970016479492,-35.0709991455078,7.99996287837013));
#2774=CARTESIAN_POINT('',(41.4970016479492,-34.5709991455117,7.99995604260849));
#2775=CARTESIAN_POINT('',(55.6842146209702,-9.42899990081787,0.275126506116661));
#2776=CARTESIAN_POINT('',(54.1157853790299,-9.42899990081787,0.275126506116661));
#2777=CARTESIAN_POINT('',(55.6842146209702,-9.42899990081787,1.22487349388334));
#2778=CARTESIAN_POINT('',(54.1157853790299,-9.42899990081787,1.22487349388334));
#2779=CARTESIAN_POINT('',(55.6842146209702,-9.42899990081787,1.22487349388334));
#2780=CARTESIAN_POINT('',(55.6842146209702,-9.42899990081787,0.275126506116661));
#2781=CARTESIAN_POINT('',(54.1157853790299,-9.42899990081787,1.22487349388334));
#2782=CARTESIAN_POINT('',(54.1157853790299,-9.42899990081787,0.275126506116661));
#2783=CARTESIAN_POINT('',(35.,-35.0709991455117,4.89010240627428E-21));
#2784=CARTESIAN_POINT('',(35.,-35.0709991455117,4.5));
#2785=CARTESIAN_POINT('',(41.4970016479492,-35.0709991455117,4.5));
#2786=CARTESIAN_POINT('',(41.4970016479492,-35.0709991455104,-2.86166424780325E-16));
#2787=CARTESIAN_POINT('',(41.4970016479492,-35.0709991455104,-2.86166424780325E-16));
#2788=CARTESIAN_POINT('',(35.,-35.0709991455117,4.89010240627428E-21));
#2789=CARTESIAN_POINT('',(41.4970016479492,-35.0709991455117,4.5));
#2790=CARTESIAN_POINT('',(35.,-35.0709991455117,4.5));
#2791=CARTESIAN_POINT('',(35.,-12.1789999008179,1.17570644515098E-17));
#2792=CARTESIAN_POINT('',(35.,-12.1789999008179,4.5));
#2793=CARTESIAN_POINT('',(35.,-35.0709991455117,4.5));
#2794=CARTESIAN_POINT('',(35.,-16.3840007781982,4.5));
#2795=CARTESIAN_POINT('',(35.,-12.8330001831055,4.5));
#2796=CARTESIAN_POINT('',(35.,-12.1789999008179,4.5));
#2797=CARTESIAN_POINT('',(35.,-35.0709991455117,4.89010240627428E-21));
#2798=CARTESIAN_POINT('',(35.,-12.8330001831055,6.53163262052607E-18));
#2799=CARTESIAN_POINT('',(35.,-12.1789999008179,1.17570644515098E-17));
#2800=CARTESIAN_POINT('',(43.4000463544658,-9.61751186109929,0.0754567163551034));
#2801=CARTESIAN_POINT('',(43.5250484385006,-9.72295961724497,0.069389759444483));
#2802=CARTESIAN_POINT('',(43.6146681705091,-9.86412701614125,0.0612676660250187));
#2803=CARTESIAN_POINT('',(43.6569552820014,-10.0219446647358,0.0521875972899753));
#2804=CARTESIAN_POINT('',(42.8842146209701,-9.42899990081786,0.275126506116661));
#2805=CARTESIAN_POINT('',(42.9674774873744,-9.42899990081786,0.233495072914557));
#2806=CARTESIAN_POINT('',(43.051860222635,-9.44204494755867,0.191148528821081));
#2807=CARTESIAN_POINT('',(43.2147747615377,-9.49549721655454,0.11971566181953));
#2808=CARTESIAN_POINT('',(43.2975412874088,-9.53777867561944,0.0881120534721438));
#2809=CARTESIAN_POINT('',(43.3712237641771,-9.59431722858488,0.0781566803900296));
#2810=CARTESIAN_POINT('',(43.3809783177514,-9.60180216079808,0.0768387249637153));
#2811=CARTESIAN_POINT('',(43.3906003261636,-9.60954349403842,0.075915177884996));
#2812=CARTESIAN_POINT('',(43.4000463544658,-9.61751186109929,0.0754567163551034));
#2813=CARTESIAN_POINT('',(43.4000463544658,-9.61751186109929,1.4245432836449));
#2814=CARTESIAN_POINT('',(43.5250484385006,-9.72295961724497,1.43061024055552));
#2815=CARTESIAN_POINT('',(43.6146681705091,-9.86412701614125,1.43873233397498));
#2816=CARTESIAN_POINT('',(43.6569552820014,-10.0219446647358,1.44781240271003));
#2817=CARTESIAN_POINT('',(42.8842146209701,-9.42899990081786,1.22487349388334));
#2818=CARTESIAN_POINT('',(42.9674774873744,-9.42899990081786,1.26650492708544));
#2819=CARTESIAN_POINT('',(43.051860222635,-9.44204494755867,1.30885147117892));
#2820=CARTESIAN_POINT('',(43.2147747615377,-9.49549721655454,1.38028433818047));
#2821=CARTESIAN_POINT('',(43.2975412874088,-9.53777867561944,1.41188794652786));
#2822=CARTESIAN_POINT('',(43.3712237641771,-9.59431722858488,1.42184331960997));
#2823=CARTESIAN_POINT('',(43.3809783177514,-9.60180216079808,1.42316127503629));
#2824=CARTESIAN_POINT('',(43.3906003261636,-9.60954349403842,1.42408482211501));
#2825=CARTESIAN_POINT('',(43.4000463544658,-9.61751186109929,1.4245432836449));
#2826=CARTESIAN_POINT('',(43.6569552820014,-10.0219446647358,1.44781240271003));
#2827=CARTESIAN_POINT('',(43.6569552820014,-10.0219446647358,0.0521875972899753));
#2828=CARTESIAN_POINT('',(42.8842146209701,-9.42899990081786,1.22487349388334));
#2829=CARTESIAN_POINT('',(42.8842146209701,-9.42899990081786,0.275126506116661));
#2830=CARTESIAN_POINT('',(53.1,-10.9289999008179,5.33162181316421E-16));
#2831=CARTESIAN_POINT('',(53.1810149059995,-10.6266481554572,0.0173958657633255));
#2832=CARTESIAN_POINT('',(53.262029811999,-10.3242964100965,0.0347917315266504));
#2833=CARTESIAN_POINT('',(53.3430447179986,-10.0219446647359,0.0521875972899753));
#2834=CARTESIAN_POINT('',(53.1,-10.9289999008179,1.5));
#2835=CARTESIAN_POINT('',(53.1810149059995,-10.6266481554572,1.48260413423668));
#2836=CARTESIAN_POINT('',(53.262029811999,-10.3242964100965,1.46520826847335));
#2837=CARTESIAN_POINT('',(53.3430447179986,-10.0219446647359,1.44781240271003));
#2838=CARTESIAN_POINT('',(53.3430447179986,-10.0219446647359,1.44781240271003));
#2839=CARTESIAN_POINT('',(53.3430447179986,-10.0219446647359,0.0521875972899753));
#2840=CARTESIAN_POINT('',(53.1,-10.9289999008179,1.5));
#2841=CARTESIAN_POINT('',(53.1,-10.9289999008179,5.33162181316421E-16));
#2842=CARTESIAN_POINT('',(53.3430447179986,-10.0219446647359,0.0521875972899753));
#2843=CARTESIAN_POINT('',(53.3853318294909,-9.8641270161413,0.061267666025016));
#2844=CARTESIAN_POINT('',(53.4749515614994,-9.72295961724495,0.0693897594444843));
#2845=CARTESIAN_POINT('',(53.5999536455342,-9.61751186109929,0.0754567163551034));
#2846=CARTESIAN_POINT('',(53.5999536455342,-9.61751186109929,0.0754567163551034));
#2847=CARTESIAN_POINT('',(53.6093996738364,-9.60954349403846,0.0759151778849944));
#2848=CARTESIAN_POINT('',(53.6190216822487,-9.60180216079803,0.0768387249637247));
#2849=CARTESIAN_POINT('',(53.6287762358229,-9.59431722858488,0.0781566803900306));
#2850=CARTESIAN_POINT('',(53.7024587125912,-9.53777867561943,0.0881120534721479));
#2851=CARTESIAN_POINT('',(53.7852252384623,-9.49549721655453,0.11971566181954));
#2852=CARTESIAN_POINT('',(53.948139777365,-9.44204494755866,0.191148528821098));
#2853=CARTESIAN_POINT('',(54.0325225126257,-9.42899990081787,0.233495072914573));
#2854=CARTESIAN_POINT('',(54.1157853790299,-9.42899990081787,0.275126506116661));
#2855=CARTESIAN_POINT('',(53.3430447179986,-10.0219446647359,1.44781240271003));
#2856=CARTESIAN_POINT('',(53.3853318294909,-9.8641270161413,1.43873233397499));
#2857=CARTESIAN_POINT('',(53.4749515614994,-9.72295961724495,1.43061024055552));
#2858=CARTESIAN_POINT('',(53.5999536455342,-9.61751186109929,1.4245432836449));
#2859=CARTESIAN_POINT('',(53.5999536455342,-9.61751186109929,1.4245432836449));
#2860=CARTESIAN_POINT('',(53.6093996738364,-9.60954349403846,1.42408482211501));
#2861=CARTESIAN_POINT('',(53.6190216822487,-9.60180216079803,1.42316127503628));
#2862=CARTESIAN_POINT('',(53.6287762358229,-9.59431722858488,1.42184331960997));
#2863=CARTESIAN_POINT('',(53.7024587125912,-9.53777867561943,1.41188794652785));
#2864=CARTESIAN_POINT('',(53.7852252384623,-9.49549721655453,1.38028433818046));
#2865=CARTESIAN_POINT('',(53.948139777365,-9.44204494755866,1.3088514711789));
#2866=CARTESIAN_POINT('',(54.0325225126257,-9.42899990081787,1.26650492708543));
#2867=CARTESIAN_POINT('',(54.1157853790299,-9.42899990081787,1.22487349388334));
#2868=CARTESIAN_POINT('',(56.7,-10.9289999008179,-3.1576228924352E-17));
#2869=CARTESIAN_POINT('',(53.1,-10.9289999008179,5.33162181316421E-16));
#2870=CARTESIAN_POINT('',(56.4569552820014,-10.0219446647359,0.0521875972899753));
#2871=CARTESIAN_POINT('',(56.537970188001,-10.3242964100965,0.03479173152665));
#2872=CARTESIAN_POINT('',(56.6189850940005,-10.6266481554572,0.0173958657633248));
#2873=CARTESIAN_POINT('',(56.7,-10.9289999008179,-3.1576228924352E-17));
#2874=CARTESIAN_POINT('',(56.2000463544658,-9.61751186109929,0.0754567163551034));
#2875=CARTESIAN_POINT('',(56.3250484385006,-9.72295961724497,0.069389759444483));
#2876=CARTESIAN_POINT('',(56.4146681705091,-9.86412701614126,0.0612676660250187));
#2877=CARTESIAN_POINT('',(56.4569552820014,-10.0219446647359,0.0521875972899753));
#2878=CARTESIAN_POINT('',(56.2000463544658,-9.61751186109929,0.0754567163551034));
#2879=CARTESIAN_POINT('',(53.5999536455342,-9.61751186109929,0.0754567163551034));
#2880=CARTESIAN_POINT('',(43.4000463544658,-9.61751186109929,0.0754567163551034));
#2881=CARTESIAN_POINT('',(40.7999536455342,-9.61751186109929,0.0754567163551034));
#2882=CARTESIAN_POINT('',(40.7999536455342,-9.61751186109929,0.0754567163551034));
#2883=CARTESIAN_POINT('',(40.8093996738364,-9.60954349403845,0.0759151778849944));
#2884=CARTESIAN_POINT('',(40.8190216822487,-9.60180216079803,0.0768387249637247));
#2885=CARTESIAN_POINT('',(40.8287762358229,-9.59431722858487,0.0781566803900306));
#2886=CARTESIAN_POINT('',(40.9024587125912,-9.53777867561942,0.0881120534721478));
#2887=CARTESIAN_POINT('',(40.9852252384623,-9.49549721655453,0.11971566181954));
#2888=CARTESIAN_POINT('',(41.148139777365,-9.44204494755866,0.191148528821098));
#2889=CARTESIAN_POINT('',(41.2325225126257,-9.42899990081786,0.233495072914573));
#2890=CARTESIAN_POINT('',(41.3157853790298,-9.42899990081786,0.275126506116661));
#2891=CARTESIAN_POINT('',(42.8842146209701,-9.42899990081786,0.275126506116661));
#2892=CARTESIAN_POINT('',(41.3157853790298,-9.42899990081786,0.275126506116661));
#2893=CARTESIAN_POINT('',(43.9,-10.9289999008179,-5.50308984352887E-17));
#2894=CARTESIAN_POINT('',(40.3,-10.9289999008179,-3.51644748873565E-17));
#2895=CARTESIAN_POINT('',(43.6569552820014,-10.0219446647358,0.0521875972899753));
#2896=CARTESIAN_POINT('',(43.7379701880009,-10.3242964100965,0.03479173152665));
#2897=CARTESIAN_POINT('',(43.8189850940005,-10.6266481554572,0.0173958657633248));
#2898=CARTESIAN_POINT('',(43.9,-10.9289999008179,-5.50308984352887E-17));
#2899=CARTESIAN_POINT('',(40.5430447179986,-10.0219446647358,0.0521875972899753));
#2900=CARTESIAN_POINT('',(40.5853318294909,-9.8641270161413,0.061267666025016));
#2901=CARTESIAN_POINT('',(40.6749515614994,-9.72295961724495,0.0693897594444842));
#2902=CARTESIAN_POINT('',(40.7999536455342,-9.61751186109929,0.0754567163551034));
#2903=CARTESIAN_POINT('',(40.3,-10.9289999008179,-3.51644748873565E-17));
#2904=CARTESIAN_POINT('',(40.3810149059995,-10.6266481554572,0.0173958657633251));
#2905=CARTESIAN_POINT('',(40.4620298119991,-10.3242964100965,0.0347917315266502));
#2906=CARTESIAN_POINT('',(40.5430447179986,-10.0219446647358,0.0521875972899753));
#2907=CARTESIAN_POINT('',(40.3,-10.9289999008179,1.5));
#2908=CARTESIAN_POINT('',(40.3810149059995,-10.6266481554572,1.48260413423668));
#2909=CARTESIAN_POINT('',(40.4620298119991,-10.3242964100965,1.46520826847335));
#2910=CARTESIAN_POINT('',(40.5430447179986,-10.0219446647358,1.44781240271003));
#2911=CARTESIAN_POINT('',(40.5430447179986,-10.0219446647358,1.44781240271003));
#2912=CARTESIAN_POINT('',(40.5430447179986,-10.0219446647358,0.0521875972899753));
#2913=CARTESIAN_POINT('',(40.3,-10.9289999008179,1.5));
#2914=CARTESIAN_POINT('',(40.3,-10.9289999008179,-3.51644748873565E-17));
#2915=CARTESIAN_POINT('',(40.5430447179986,-10.0219446647358,1.44781240271003));
#2916=CARTESIAN_POINT('',(40.5853318294909,-9.8641270161413,1.43873233397499));
#2917=CARTESIAN_POINT('',(40.6749515614994,-9.72295961724495,1.43061024055552));
#2918=CARTESIAN_POINT('',(40.7999536455342,-9.61751186109929,1.4245432836449));
#2919=CARTESIAN_POINT('',(40.7999536455342,-9.61751186109929,1.4245432836449));
#2920=CARTESIAN_POINT('',(40.8093996738364,-9.60954349403845,1.42408482211501));
#2921=CARTESIAN_POINT('',(40.8190216822487,-9.60180216079803,1.42316127503628));
#2922=CARTESIAN_POINT('',(40.8287762358229,-9.59431722858487,1.42184331960997));
#2923=CARTESIAN_POINT('',(40.9024587125912,-9.53777867561942,1.41188794652785));
#2924=CARTESIAN_POINT('',(40.9852252384623,-9.49549721655453,1.38028433818046));
#2925=CARTESIAN_POINT('',(41.148139777365,-9.44204494755866,1.3088514711789));
#2926=CARTESIAN_POINT('',(41.2325225126257,-9.42899990081786,1.26650492708543));
#2927=CARTESIAN_POINT('',(41.3157853790298,-9.42899990081786,1.22487349388334));
#2928=CARTESIAN_POINT('',(41.3157853790298,-9.42899990081786,1.22487349388334));
#2929=CARTESIAN_POINT('',(41.3157853790298,-9.42899990081786,0.275126506116661));
#2930=CARTESIAN_POINT('',(56.2000463544658,-9.61751186109929,1.4245432836449));
#2931=CARTESIAN_POINT('',(53.5999536455342,-9.61751186109929,1.4245432836449));
#2932=CARTESIAN_POINT('',(55.6842146209702,-9.42899990081787,1.22487349388334));
#2933=CARTESIAN_POINT('',(55.7674774873744,-9.42899990081787,1.26650492708544));
#2934=CARTESIAN_POINT('',(55.851860222635,-9.44204494755867,1.30885147117892));
#2935=CARTESIAN_POINT('',(56.0147747615377,-9.49549721655454,1.38028433818047));
#2936=CARTESIAN_POINT('',(56.0975412874088,-9.53777867561944,1.41188794652786));
#2937=CARTESIAN_POINT('',(56.1712237641771,-9.59431722858488,1.42184331960997));
#2938=CARTESIAN_POINT('',(56.1809783177514,-9.60180216079809,1.42316127503629));
#2939=CARTESIAN_POINT('',(56.1906003261635,-9.60954349403843,1.42408482211501));
#2940=CARTESIAN_POINT('',(56.2000463544658,-9.61751186109929,1.4245432836449));
#2941=CARTESIAN_POINT('',(56.7,-10.9289999008179,1.5));
#2942=CARTESIAN_POINT('',(53.1,-10.9289999008179,1.5));
#2943=CARTESIAN_POINT('',(56.4569552820014,-10.0219446647359,1.44781240271003));
#2944=CARTESIAN_POINT('',(56.537970188001,-10.3242964100965,1.46520826847335));
#2945=CARTESIAN_POINT('',(56.6189850940005,-10.6266481554572,1.48260413423668));
#2946=CARTESIAN_POINT('',(56.7,-10.9289999008179,1.5));
#2947=CARTESIAN_POINT('',(56.2000463544658,-9.61751186109929,1.4245432836449));
#2948=CARTESIAN_POINT('',(56.3250484385006,-9.72295961724497,1.43061024055552));
#2949=CARTESIAN_POINT('',(56.4146681705091,-9.86412701614126,1.43873233397498));
#2950=CARTESIAN_POINT('',(56.4569552820014,-10.0219446647359,1.44781240271003));
#2951=CARTESIAN_POINT('',(42.8842146209701,-9.42899990081786,1.22487349388334));
#2952=CARTESIAN_POINT('',(41.3157853790298,-9.42899990081786,1.22487349388334));
#2953=CARTESIAN_POINT('',(43.6569552820014,-10.0219446647358,1.44781240271003));
#2954=CARTESIAN_POINT('',(43.7379701880009,-10.3242964100965,1.46520826847335));
#2955=CARTESIAN_POINT('',(43.8189850940005,-10.6266481554572,1.48260413423668));
#2956=CARTESIAN_POINT('',(43.9,-10.9289999008179,1.5));
#2957=CARTESIAN_POINT('',(43.9,-10.9289999008179,1.5));
#2958=CARTESIAN_POINT('',(43.9,-10.9289999008179,-5.50308984352887E-17));
#2959=CARTESIAN_POINT('',(36.25,-12.1789999008179,1.56760859353464E-17));
#2960=CARTESIAN_POINT('',(35.,-12.1789999008179,1.17570644515098E-17));
#2961=CARTESIAN_POINT('',(36.25,-10.9289999008179,1.9595107419183E-17));
#2962=CARTESIAN_POINT('',(36.25,-10.9289999008179,1.9595107419183E-17));
#2963=CARTESIAN_POINT('',(36.25,-10.9289999008179,4.5));
#2964=CARTESIAN_POINT('',(36.25,-12.1789999008179,4.5));
#2965=CARTESIAN_POINT('',(35.,-12.1789999008179,4.5));
#2966=CARTESIAN_POINT('',(36.25,-10.9289999008179,4.5));
#2967=CARTESIAN_POINT('',(43.4000463544658,-9.61751186109929,1.4245432836449));
#2968=CARTESIAN_POINT('',(40.7999536455342,-9.61751186109929,1.4245432836449));
#2969=CARTESIAN_POINT('',(43.9,-10.9289999008179,1.5));
#2970=CARTESIAN_POINT('',(40.3,-10.9289999008179,1.5));
#2971=CARTESIAN_POINT('',(55.6842146209702,-9.42899990081787,0.275126506116661));
#2972=CARTESIAN_POINT('',(55.7674774873744,-9.42899990081787,0.233495072914557));
#2973=CARTESIAN_POINT('',(55.851860222635,-9.44204494755867,0.191148528821081));
#2974=CARTESIAN_POINT('',(56.0147747615377,-9.49549721655454,0.11971566181953));
#2975=CARTESIAN_POINT('',(56.0975412874088,-9.53777867561944,0.0881120534721438));
#2976=CARTESIAN_POINT('',(56.1712237641771,-9.59431722858488,0.0781566803900296));
#2977=CARTESIAN_POINT('',(56.1809783177514,-9.60180216079809,0.0768387249637154));
#2978=CARTESIAN_POINT('',(56.1906003261635,-9.60954349403843,0.0759151778849961));
#2979=CARTESIAN_POINT('',(56.2000463544658,-9.61751186109929,0.0754567163551034));
#2980=CARTESIAN_POINT('',(42.4970016479492,-33.5709991455117,-1.45163280170666E-15));
#2981=CARTESIAN_POINT('',(42.4970016479492,-33.5709991455117,7.99992673768079));
#2982=CARTESIAN_POINT('',(42.4970016479492,-34.5709991455117,3.23367004905576E-13));
#2983=CARTESIAN_POINT('',(42.4970016479492,-33.5709991455117,-1.45163280170666E-15));
#2984=CARTESIAN_POINT('',(41.4970016479492,-34.5709991455117,-2.27852536674689E-15));
#2985=CARTESIAN_POINT('',(42.4970016482084,-34.5709991457709,7.99994139014496));
#2986=CARTESIAN_POINT('',(42.4970016479492,-33.5709991455117,7.99992673768079));
#2987=CARTESIAN_POINT('',(41.4970016479492,-34.5709991455117,7.99995604260849));
#2988=CARTESIAN_POINT('',(54.502554151747,-33.5709991455117,-1.91114000151103E-15));
#2989=CARTESIAN_POINT('',(54.5025541517476,-33.5709991455117,7.99985347536155));
#2990=CARTESIAN_POINT('',(55.5025711242908,-34.5709991018993,5.92048209489606E-14));
#2991=CARTESIAN_POINT('',(55.5025626379648,-33.5709991237055,-7.49439178371503E-14));
#2992=CARTESIAN_POINT('',(54.502554151747,-33.5709991455117,-1.91114000151103E-15));
#2993=CARTESIAN_POINT('',(55.5026831907039,-34.5709991498345,8.00007090391516));
#2994=CARTESIAN_POINT('',(55.5026813707823,-34.5428083912388,8.00007281457012));
#2995=CARTESIAN_POINT('',(55.5002526169148,-34.4855005102293,7.99955479090322));
#2996=CARTESIAN_POINT('',(55.4890806859828,-34.3989166673292,7.99977780564055));
#2997=CARTESIAN_POINT('',(55.4697644766757,-34.3112406873416,7.99972457372824));
#2998=CARTESIAN_POINT('',(55.441903625284,-34.2235821770726,7.99974921805925));
#2999=CARTESIAN_POINT('',(55.4052934743513,-34.1371523016487,7.99975291074932));
#3000=CARTESIAN_POINT('',(55.3599573702669,-34.0532322978507,7.99976294800241));
#3001=CARTESIAN_POINT('',(55.3061670021438,-33.973116031263,7.99977167602101));
#3002=CARTESIAN_POINT('',(55.2444471335996,-33.8980506574098,7.99978104171997));
#3003=CARTESIAN_POINT('',(55.1755627179219,-33.8291751290998,7.99979035374873));
#3004=CARTESIAN_POINT('',(55.1004885197676,-33.7674640849921,7.99979963189198));
#3005=CARTESIAN_POINT('',(55.0203636138763,-33.7136823555859,7.99980870634627));
#3006=CARTESIAN_POINT('',(54.9364352733852,-33.6683545902687,7.99981746786693));
#3007=CARTESIAN_POINT('',(54.8499974528238,-33.6317523767967,7.9998258074681));
#3008=CARTESIAN_POINT('',(54.7623315168718,-33.6038989787126,7.99983363747559));
#3009=CARTESIAN_POINT('',(54.6746485378596,-33.5845896688784,7.99984088948118));
#3010=CARTESIAN_POINT('',(54.5880589205419,-33.5734240789163,7.99984751540863));
#3011=CARTESIAN_POINT('',(54.5307465412738,-33.5709991455726,7.99985156445544));
#3012=CARTESIAN_POINT('',(54.5025541517476,-33.5709991455117,7.99985347536155));
#3013=CARTESIAN_POINT('',(41.4970016479492,-35.0709991455104,-2.86166424780325E-16));
#3014=CARTESIAN_POINT('',(41.4970016479492,-34.5709991455117,-2.27852536675317E-15));
#3015=CARTESIAN_POINT('',(41.4970016479492,-38.,4.5));
#3016=CARTESIAN_POINT('',(41.4970016479492,-37.,4.5));
#3017=CARTESIAN_POINT('',(41.4970016479492,-35.0709991455117,4.5));
#3018=CARTESIAN_POINT('',(55.5025711242908,-34.5709991018993,5.92048209489606E-14));
#3019=CARTESIAN_POINT('',(55.5026070801773,-35.0709991455104,1.07085034030246E-14));
#3020=CARTESIAN_POINT('',(55.502554151747,-35.0709991455117,4.5));
#3021=CARTESIAN_POINT('',(55.5027296783804,-37.,4.5));
#3022=CARTESIAN_POINT('',(55.5028206719292,-38.,4.5));
#3023=CARTESIAN_POINT('',(55.5026070801773,-35.0709991455104,1.07085034030246E-14));
#3024=CARTESIAN_POINT('',(55.502554151747,-35.0709991455117,4.5));
#3025=CARTESIAN_POINT('',(60.75,-10.9289999008179,4.5));
#3026=CARTESIAN_POINT('',(59.9529991149902,-10.9289999008179,4.5));
#3027=CARTESIAN_POINT('',(57.3440017700195,-10.9289999008179,4.5));
#3028=CARTESIAN_POINT('',(49.1520004272461,-10.9289999008179,4.5));
#3029=CARTESIAN_POINT('',(37.0470008850098,-10.9289999008179,4.5));
#3030=CARTESIAN_POINT('',(36.25,-10.9289999008179,4.5));
#3031=CARTESIAN_POINT('',(61.9997778998481,-35.0709991455117,4.5));
#3032=CARTESIAN_POINT('',(55.502554151747,-35.0709991455117,4.5));
#3033=CARTESIAN_POINT('',(61.9997778998481,-35.0709991455117,4.5));
#3034=CARTESIAN_POINT('',(61.9998002437294,-32.7680015563964,4.5));
#3035=CARTESIAN_POINT('',(61.9999936548328,-12.8330001831055,4.5));
#3036=CARTESIAN_POINT('',(62.,-12.1789999008179,4.5));
#3037=CARTESIAN_POINT('',(56.4569552820014,-10.0219446647359,1.44781240271003));
#3038=CARTESIAN_POINT('',(56.4569552820014,-10.0219446647359,0.0521875972899753));
#3039=CARTESIAN_POINT('',(56.7,-10.9289999008179,1.5));
#3040=CARTESIAN_POINT('',(56.7,-10.9289999008179,-3.1576228924352E-17));
#3041=CARTESIAN_POINT('',(61.9997778998481,-35.0709991455117,4.5));
#3042=CARTESIAN_POINT('',(61.9998519332321,-35.0709991455117,-1.43093705967449E-16));
#3043=CARTESIAN_POINT('',(61.9998519332321,-35.0709991455117,-1.43093705967449E-16));
#3044=CARTESIAN_POINT('',(55.5026070801773,-35.0709991455104,1.07085034030246E-14));
#3045=CARTESIAN_POINT('',(62.,-12.1789999008179,-6.38115034989291E-17));
#3046=CARTESIAN_POINT('',(62.,-12.1789999008179,4.5));
#3047=CARTESIAN_POINT('',(62.,-12.1789999008179,-6.38115034989291E-17));
#3048=CARTESIAN_POINT('',(61.9999957698886,-12.8330001831055,-3.95384219004356E-17));
#3049=CARTESIAN_POINT('',(61.9998519332321,-35.0709991455117,-1.43093705967449E-16));
#3050=CARTESIAN_POINT('',(53.1,-10.9289999008179,5.33162181316421E-16));
#3051=CARTESIAN_POINT('',(52.8,-10.9289999008179,-3.54508352771828E-17));
#3052=CARTESIAN_POINT('',(44.2,-10.9289999008179,6.55660860646084E-16));
#3053=CARTESIAN_POINT('',(43.9,-10.9289999008179,-5.50308984352887E-17));
#3054=CARTESIAN_POINT('',(40.3,-10.9289999008179,-3.51644748873565E-17));
#3055=CARTESIAN_POINT('',(40.,-10.9289999008179,-6.39847103313063E-17));
#3056=CARTESIAN_POINT('',(37.0470008850098,-10.9289999008179,-2.89191328041218E-17));
#3057=CARTESIAN_POINT('',(36.25,-10.9289999008179,1.9595107419183E-17));
#3058=CARTESIAN_POINT('',(60.75,-10.9289999008179,-1.06352505831548E-16));
#3059=CARTESIAN_POINT('',(59.9529991149902,-10.9289999008179,-7.09016705543656E-17));
#3060=CARTESIAN_POINT('',(57.,-10.9289999008179,6.79115530157021E-16));
#3061=CARTESIAN_POINT('',(56.7,-10.9289999008179,-3.1576228924352E-17));
#3062=CARTESIAN_POINT('',(42.4970016479492,-33.5709991455117,-1.45163280170666E-15));
#3063=CARTESIAN_POINT('',(54.502554151747,-33.5709991455117,-1.91114000151103E-15));
#3064=CARTESIAN_POINT('',(60.75,-12.1789999008179,-8.50820046652385E-17));
#3065=CARTESIAN_POINT('',(62.,-12.1789999008179,-6.38115034989291E-17));
#3066=CARTESIAN_POINT('',(60.75,-10.9289999008179,-1.06352505831548E-16));
#3067=CARTESIAN_POINT('',(60.75,-10.9289999008179,-1.06352505831548E-16));
#3068=CARTESIAN_POINT('',(60.75,-10.9289999008179,4.5));
#3069=CARTESIAN_POINT('',(60.75,-12.1789999008179,4.5));
#3070=CARTESIAN_POINT('',(62.,-12.1789999008179,4.5));
#3071=CARTESIAN_POINT('',(60.75,-10.9289999008179,4.5));
#3072=CARTESIAN_POINT('',(41.4970016479492,-34.5709991455117,-2.27852536675317E-15));
#3073=CARTESIAN_POINT('',(41.4970016479492,-34.5709991455117,6.99702584849565));
#3074=CARTESIAN_POINT('',(41.4970016479492,-34.5709991455117,7.99995604260849));
#3075=CARTESIAN_POINT('',(55.5026831907039,-34.5709991498345,8.00007090391516));
#3076=CARTESIAN_POINT('',(55.5026430223879,-34.5709991512215,6.99720587094199));
#3077=CARTESIAN_POINT('',(55.5025711242908,-34.5709991018993,5.92048209489606E-14));
#3078=CARTESIAN_POINT('',(42.4970016479492,-33.5709991455117,7.99992673768079));
#3079=CARTESIAN_POINT('',(54.5025541517476,-33.5709991455117,7.99985347536155));
#3080=CARTESIAN_POINT('',(0.,0.,0.));
ENDSEC;
END-ISO-10303-21;
