ISO-10303-21;
HEADER;
/* Generated by software containing ST-Developer
 * from STEP Tools, Inc. (www.steptools.com) 
 */
/* OPTION: using custom schema-name function */

FILE_DESCRIPTION(
/* description */ (''),
/* implementation_level */ '2;1');

FILE_NAME(
/* name */ 'DE-5000_IR_RN4871_housing',
/* time_stamp */ '2026-07-04T08:46:45+02:00',
/* author */ (''),
/* organization */ (''),
/* preprocessor_version */ 'ST-DEVELOPER v19.2',
/* originating_system */ 'Rhino 8.33',
/* authorisation */ '');

FILE_SCHEMA (('CONFIG_CONTROL_DESIGN'));
ENDSEC;

DATA;
#10=SHAPE_REPRESENTATION_RELATIONSHIP('','',#1972,#12);
#11=MANIFOLD_SOLID_BREP('brep_1',#13);
#12=ADVANCED_BREP_SHAPE_REPRESENTATION('brep_rep_0',(#11,#2095),#1971);
#13=CLOSED_SHELL('',(#19,#20,#21,#22,#23,#24,#25,#26,#27,#28,#29,#30,#31,
#32,#33,#34,#35,#36,#37,#38,#39,#40,#41,#42,#43,#44,#45,#46,#47,#48,#49,
#50,#51,#52,#53,#54,#55,#56,#57,#58,#59,#60,#61,#62,#63,#64,#65,#66,#67,
#68,#69,#70,#71,#72,#73,#74,#75,#76,#77,#78,#79,#80,#81,#82,#83,#84,#85,
#86,#87,#88,#89,#90,#91,#92,#93,#94,#95,#96,#97,#98,#99,#100,#101,#102,
#103,#104,#105,#106,#107,#108,#109,#110,#111,#112,#113,#114,#115,#116,#117,
#118,#119,#120,#121,#122,#123));
#14=FACE_BOUND('',#231,.T.);
#15=FACE_BOUND('',#240,.T.);
#16=FACE_BOUND('',#254,.T.);
#17=FACE_BOUND('',#270,.T.);
#18=FACE_BOUND('',#323,.T.);
#19=ADVANCED_FACE('',(#124),#1864,.F.);
#20=ADVANCED_FACE('',(#125,#14),#1865,.T.);
#21=ADVANCED_FACE('',(#126),#1785,.T.);
#22=ADVANCED_FACE('',(#127),#1786,.T.);
#23=ADVANCED_FACE('',(#128),#1787,.T.);
#24=ADVANCED_FACE('',(#129),#1788,.T.);
#25=ADVANCED_FACE('',(#130),#1789,.T.);
#26=ADVANCED_FACE('',(#131),#1790,.T.);
#27=ADVANCED_FACE('',(#132),#1791,.T.);
#28=ADVANCED_FACE('',(#133,#15),#1792,.T.);
#29=ADVANCED_FACE('',(#134),#1793,.T.);
#30=ADVANCED_FACE('',(#135),#1794,.T.);
#31=ADVANCED_FACE('',(#136),#1795,.T.);
#32=ADVANCED_FACE('',(#137),#1796,.T.);
#33=ADVANCED_FACE('',(#138),#1797,.T.);
#34=ADVANCED_FACE('',(#139),#1798,.T.);
#35=ADVANCED_FACE('',(#140),#1799,.T.);
#36=ADVANCED_FACE('',(#141),#1800,.T.);
#37=ADVANCED_FACE('',(#142),#1801,.T.);
#38=ADVANCED_FACE('',(#143),#1802,.T.);
#39=ADVANCED_FACE('',(#144),#1803,.T.);
#40=ADVANCED_FACE('',(#145),#1804,.T.);
#41=ADVANCED_FACE('',(#146,#16),#1805,.T.);
#42=ADVANCED_FACE('',(#147),#1806,.T.);
#43=ADVANCED_FACE('',(#148),#1807,.T.);
#44=ADVANCED_FACE('',(#149),#1808,.T.);
#45=ADVANCED_FACE('',(#150),#1809,.T.);
#46=ADVANCED_FACE('',(#151),#1810,.T.);
#47=ADVANCED_FACE('',(#152),#1811,.T.);
#48=ADVANCED_FACE('',(#153),#1812,.T.);
#49=ADVANCED_FACE('',(#154),#1813,.T.);
#50=ADVANCED_FACE('',(#155),#1814,.T.);
#51=ADVANCED_FACE('',(#156),#1866,.T.);
#52=ADVANCED_FACE('',(#157),#1867,.T.);
#53=ADVANCED_FACE('',(#158),#1868,.F.);
#54=ADVANCED_FACE('',(#159),#1815,.T.);
#55=ADVANCED_FACE('',(#160),#1869,.F.);
#56=ADVANCED_FACE('',(#161,#17),#1816,.T.);
#57=ADVANCED_FACE('',(#162),#1870,.T.);
#58=ADVANCED_FACE('',(#163),#1871,.T.);
#59=ADVANCED_FACE('',(#164),#1781,.T.);
#60=ADVANCED_FACE('',(#165),#1782,.T.);
#61=ADVANCED_FACE('',(#166),#1817,.T.);
#62=ADVANCED_FACE('',(#167),#1818,.T.);
#63=ADVANCED_FACE('',(#168),#1819,.T.);
#64=ADVANCED_FACE('',(#169),#1872,.F.);
#65=ADVANCED_FACE('',(#170),#1820,.T.);
#66=ADVANCED_FACE('',(#171),#1821,.T.);
#67=ADVANCED_FACE('',(#172),#1822,.T.);
#68=ADVANCED_FACE('',(#173),#1873,.F.);
#69=ADVANCED_FACE('',(#174),#1823,.T.);
#70=ADVANCED_FACE('',(#175),#1824,.T.);
#71=ADVANCED_FACE('',(#176),#1825,.T.);
#72=ADVANCED_FACE('',(#177),#1826,.T.);
#73=ADVANCED_FACE('',(#178),#1827,.T.);
#74=ADVANCED_FACE('',(#179),#1828,.T.);
#75=ADVANCED_FACE('',(#180),#1829,.T.);
#76=ADVANCED_FACE('',(#181),#1830,.T.);
#77=ADVANCED_FACE('',(#182),#1831,.T.);
#78=ADVANCED_FACE('',(#183),#1874,.T.);
#79=ADVANCED_FACE('',(#184),#1832,.T.);
#80=ADVANCED_FACE('',(#185),#1833,.T.);
#81=ADVANCED_FACE('',(#186),#1834,.T.);
#82=ADVANCED_FACE('',(#187),#1835,.T.);
#83=ADVANCED_FACE('',(#188),#1836,.T.);
#84=ADVANCED_FACE('',(#189),#1837,.T.);
#85=ADVANCED_FACE('',(#190),#1875,.T.);
#86=ADVANCED_FACE('',(#191),#1838,.T.);
#87=ADVANCED_FACE('',(#192),#1876,.T.);
#88=ADVANCED_FACE('',(#193),#1839,.T.);
#89=ADVANCED_FACE('',(#194),#1877,.T.);
#90=ADVANCED_FACE('',(#195),#1840,.T.);
#91=ADVANCED_FACE('',(#196),#1878,.T.);
#92=ADVANCED_FACE('',(#197),#1879,.T.);
#93=ADVANCED_FACE('',(#198),#1880,.T.);
#94=ADVANCED_FACE('',(#199),#1841,.T.);
#95=ADVANCED_FACE('',(#200),#1881,.T.);
#96=ADVANCED_FACE('',(#201),#1882,.T.);
#97=ADVANCED_FACE('',(#202),#1842,.T.);
#98=ADVANCED_FACE('',(#203),#1843,.T.);
#99=ADVANCED_FACE('',(#204),#1844,.T.);
#100=ADVANCED_FACE('',(#205),#1883,.T.);
#101=ADVANCED_FACE('',(#206),#1884,.T.);
#102=ADVANCED_FACE('',(#207),#1845,.T.);
#103=ADVANCED_FACE('',(#208),#1846,.T.);
#104=ADVANCED_FACE('',(#209),#1847,.T.);
#105=ADVANCED_FACE('',(#210),#1848,.T.);
#106=ADVANCED_FACE('',(#211),#1849,.T.);
#107=ADVANCED_FACE('',(#212),#1850,.T.);
#108=ADVANCED_FACE('',(#213,#18),#1851,.T.);
#109=ADVANCED_FACE('',(#214),#1783,.T.);
#110=ADVANCED_FACE('',(#215),#1852,.T.);
#111=ADVANCED_FACE('',(#216),#1784,.T.);
#112=ADVANCED_FACE('',(#217),#1885,.F.);
#113=ADVANCED_FACE('',(#218),#1853,.T.);
#114=ADVANCED_FACE('',(#219),#1854,.T.);
#115=ADVANCED_FACE('',(#220),#1855,.T.);
#116=ADVANCED_FACE('',(#221),#1856,.T.);
#117=ADVANCED_FACE('',(#222),#1857,.T.);
#118=ADVANCED_FACE('',(#223),#1858,.T.);
#119=ADVANCED_FACE('',(#224),#1859,.T.);
#120=ADVANCED_FACE('',(#225),#1860,.T.);
#121=ADVANCED_FACE('',(#226),#1861,.T.);
#122=ADVANCED_FACE('',(#227),#1862,.T.);
#123=ADVANCED_FACE('',(#228),#1863,.T.);
#124=FACE_OUTER_BOUND('',#229,.T.);
#125=FACE_OUTER_BOUND('',#230,.T.);
#126=FACE_OUTER_BOUND('',#232,.T.);
#127=FACE_OUTER_BOUND('',#233,.T.);
#128=FACE_OUTER_BOUND('',#234,.T.);
#129=FACE_OUTER_BOUND('',#235,.T.);
#130=FACE_OUTER_BOUND('',#236,.T.);
#131=FACE_OUTER_BOUND('',#237,.T.);
#132=FACE_OUTER_BOUND('',#238,.T.);
#133=FACE_OUTER_BOUND('',#239,.T.);
#134=FACE_OUTER_BOUND('',#241,.T.);
#135=FACE_OUTER_BOUND('',#242,.T.);
#136=FACE_OUTER_BOUND('',#243,.T.);
#137=FACE_OUTER_BOUND('',#244,.T.);
#138=FACE_OUTER_BOUND('',#245,.T.);
#139=FACE_OUTER_BOUND('',#246,.T.);
#140=FACE_OUTER_BOUND('',#247,.T.);
#141=FACE_OUTER_BOUND('',#248,.T.);
#142=FACE_OUTER_BOUND('',#249,.T.);
#143=FACE_OUTER_BOUND('',#250,.T.);
#144=FACE_OUTER_BOUND('',#251,.T.);
#145=FACE_OUTER_BOUND('',#252,.T.);
#146=FACE_OUTER_BOUND('',#253,.T.);
#147=FACE_OUTER_BOUND('',#255,.T.);
#148=FACE_OUTER_BOUND('',#256,.T.);
#149=FACE_OUTER_BOUND('',#257,.T.);
#150=FACE_OUTER_BOUND('',#258,.T.);
#151=FACE_OUTER_BOUND('',#259,.T.);
#152=FACE_OUTER_BOUND('',#260,.T.);
#153=FACE_OUTER_BOUND('',#261,.T.);
#154=FACE_OUTER_BOUND('',#262,.T.);
#155=FACE_OUTER_BOUND('',#263,.T.);
#156=FACE_OUTER_BOUND('',#264,.T.);
#157=FACE_OUTER_BOUND('',#265,.T.);
#158=FACE_OUTER_BOUND('',#266,.T.);
#159=FACE_OUTER_BOUND('',#267,.T.);
#160=FACE_OUTER_BOUND('',#268,.T.);
#161=FACE_OUTER_BOUND('',#269,.T.);
#162=FACE_OUTER_BOUND('',#271,.T.);
#163=FACE_OUTER_BOUND('',#272,.T.);
#164=FACE_OUTER_BOUND('',#273,.T.);
#165=FACE_OUTER_BOUND('',#274,.T.);
#166=FACE_OUTER_BOUND('',#275,.T.);
#167=FACE_OUTER_BOUND('',#276,.T.);
#168=FACE_OUTER_BOUND('',#277,.T.);
#169=FACE_OUTER_BOUND('',#278,.T.);
#170=FACE_OUTER_BOUND('',#279,.T.);
#171=FACE_OUTER_BOUND('',#280,.T.);
#172=FACE_OUTER_BOUND('',#281,.T.);
#173=FACE_OUTER_BOUND('',#282,.T.);
#174=FACE_OUTER_BOUND('',#283,.T.);
#175=FACE_OUTER_BOUND('',#284,.T.);
#176=FACE_OUTER_BOUND('',#285,.T.);
#177=FACE_OUTER_BOUND('',#286,.T.);
#178=FACE_OUTER_BOUND('',#287,.T.);
#179=FACE_OUTER_BOUND('',#288,.T.);
#180=FACE_OUTER_BOUND('',#289,.T.);
#181=FACE_OUTER_BOUND('',#290,.T.);
#182=FACE_OUTER_BOUND('',#291,.T.);
#183=FACE_OUTER_BOUND('',#292,.T.);
#184=FACE_OUTER_BOUND('',#293,.T.);
#185=FACE_OUTER_BOUND('',#294,.T.);
#186=FACE_OUTER_BOUND('',#295,.T.);
#187=FACE_OUTER_BOUND('',#296,.T.);
#188=FACE_OUTER_BOUND('',#297,.T.);
#189=FACE_OUTER_BOUND('',#298,.T.);
#190=FACE_OUTER_BOUND('',#299,.T.);
#191=FACE_OUTER_BOUND('',#300,.T.);
#192=FACE_OUTER_BOUND('',#301,.T.);
#193=FACE_OUTER_BOUND('',#302,.T.);
#194=FACE_OUTER_BOUND('',#303,.T.);
#195=FACE_OUTER_BOUND('',#304,.T.);
#196=FACE_OUTER_BOUND('',#305,.T.);
#197=FACE_OUTER_BOUND('',#306,.T.);
#198=FACE_OUTER_BOUND('',#307,.T.);
#199=FACE_OUTER_BOUND('',#308,.T.);
#200=FACE_OUTER_BOUND('',#309,.T.);
#201=FACE_OUTER_BOUND('',#310,.T.);
#202=FACE_OUTER_BOUND('',#311,.T.);
#203=FACE_OUTER_BOUND('',#312,.T.);
#204=FACE_OUTER_BOUND('',#313,.T.);
#205=FACE_OUTER_BOUND('',#314,.T.);
#206=FACE_OUTER_BOUND('',#315,.T.);
#207=FACE_OUTER_BOUND('',#316,.T.);
#208=FACE_OUTER_BOUND('',#317,.T.);
#209=FACE_OUTER_BOUND('',#318,.T.);
#210=FACE_OUTER_BOUND('',#319,.T.);
#211=FACE_OUTER_BOUND('',#320,.T.);
#212=FACE_OUTER_BOUND('',#321,.T.);
#213=FACE_OUTER_BOUND('',#322,.T.);
#214=FACE_OUTER_BOUND('',#324,.T.);
#215=FACE_OUTER_BOUND('',#325,.T.);
#216=FACE_OUTER_BOUND('',#326,.T.);
#217=FACE_OUTER_BOUND('',#327,.T.);
#218=FACE_OUTER_BOUND('',#328,.T.);
#219=FACE_OUTER_BOUND('',#329,.T.);
#220=FACE_OUTER_BOUND('',#330,.T.);
#221=FACE_OUTER_BOUND('',#331,.T.);
#222=FACE_OUTER_BOUND('',#332,.T.);
#223=FACE_OUTER_BOUND('',#333,.T.);
#224=FACE_OUTER_BOUND('',#334,.T.);
#225=FACE_OUTER_BOUND('',#335,.T.);
#226=FACE_OUTER_BOUND('',#336,.T.);
#227=FACE_OUTER_BOUND('',#337,.T.);
#228=FACE_OUTER_BOUND('',#338,.T.);
#229=EDGE_LOOP('',(#339,#340,#341,#342,#343,#344,#345,#346));
#230=EDGE_LOOP('',(#347,#348,#349,#350));
#231=EDGE_LOOP('',(#351));
#232=EDGE_LOOP('',(#352,#353,#354,#355,#356,#357,#358,#359,#360,#361,#362,
#363));
#233=EDGE_LOOP('',(#364,#365,#366,#367));
#234=EDGE_LOOP('',(#368,#369,#370,#371));
#235=EDGE_LOOP('',(#372,#373,#374,#375,#376,#377));
#236=EDGE_LOOP('',(#378,#379,#380,#381));
#237=EDGE_LOOP('',(#382,#383,#384,#385));
#238=EDGE_LOOP('',(#386,#387,#388,#389,#390,#391,#392,#393));
#239=EDGE_LOOP('',(#394));
#240=EDGE_LOOP('',(#395));
#241=EDGE_LOOP('',(#396,#397,#398,#399));
#242=EDGE_LOOP('',(#400,#401,#402,#403));
#243=EDGE_LOOP('',(#404,#405,#406,#407));
#244=EDGE_LOOP('',(#408,#409,#410,#411));
#245=EDGE_LOOP('',(#412,#413,#414,#415));
#246=EDGE_LOOP('',(#416,#417,#418,#419));
#247=EDGE_LOOP('',(#420,#421,#422,#423));
#248=EDGE_LOOP('',(#424,#425,#426,#427));
#249=EDGE_LOOP('',(#428,#429,#430,#431));
#250=EDGE_LOOP('',(#432,#433,#434,#435));
#251=EDGE_LOOP('',(#436,#437,#438,#439));
#252=EDGE_LOOP('',(#440,#441,#442,#443));
#253=EDGE_LOOP('',(#444,#445,#446,#447,#448,#449,#450));
#254=EDGE_LOOP('',(#451));
#255=EDGE_LOOP('',(#452,#453,#454,#455));
#256=EDGE_LOOP('',(#456,#457,#458,#459,#460));
#257=EDGE_LOOP('',(#461,#462,#463,#464,#465,#466,#467,#468));
#258=EDGE_LOOP('',(#469,#470,#471,#472,#473,#474,#475,#476,#477,#478,#479,
#480,#481,#482,#483,#484,#485,#486,#487));
#259=EDGE_LOOP('',(#488,#489,#490,#491,#492,#493));
#260=EDGE_LOOP('',(#494,#495,#496,#497,#498,#499));
#261=EDGE_LOOP('',(#500,#501,#502,#503,#504));
#262=EDGE_LOOP('',(#505,#506,#507,#508,#509,#510,#511,#512));
#263=EDGE_LOOP('',(#513,#514,#515,#516));
#264=EDGE_LOOP('',(#517,#518,#519,#520,#521,#522,#523));
#265=EDGE_LOOP('',(#524,#525,#526,#527));
#266=EDGE_LOOP('',(#528,#529,#530,#531));
#267=EDGE_LOOP('',(#532,#533,#534,#535,#536,#537,#538,#539,#540,#541,#542,
#543,#544,#545,#546,#547,#548,#549,#550,#551,#552,#553,#554,#555));
#268=EDGE_LOOP('',(#556,#557,#558,#559));
#269=EDGE_LOOP('',(#560,#561,#562,#563,#564,#565,#566,#567));
#270=EDGE_LOOP('',(#568,#569,#570,#571));
#271=EDGE_LOOP('',(#572,#573,#574,#575));
#272=EDGE_LOOP('',(#576,#577,#578,#579));
#273=EDGE_LOOP('',(#580,#581,#582,#583));
#274=EDGE_LOOP('',(#584,#585,#586,#587));
#275=EDGE_LOOP('',(#588,#589,#590,#591,#592,#593,#594,#595,#596));
#276=EDGE_LOOP('',(#597,#598,#599,#600,#601,#602,#603,#604,#605));
#277=EDGE_LOOP('',(#606,#607,#608,#609,#610,#611,#612,#613,#614,#615,#616,
#617));
#278=EDGE_LOOP('',(#618,#619,#620,#621));
#279=EDGE_LOOP('',(#622,#623,#624,#625));
#280=EDGE_LOOP('',(#626,#627,#628,#629,#630,#631,#632,#633));
#281=EDGE_LOOP('',(#634,#635,#636,#637,#638,#639,#640,#641));
#282=EDGE_LOOP('',(#642,#643,#644,#645));
#283=EDGE_LOOP('',(#646,#647,#648,#649));
#284=EDGE_LOOP('',(#650,#651,#652,#653));
#285=EDGE_LOOP('',(#654,#655,#656,#657));
#286=EDGE_LOOP('',(#658,#659,#660,#661));
#287=EDGE_LOOP('',(#662,#663,#664,#665));
#288=EDGE_LOOP('',(#666,#667,#668,#669,#670,#671,#672,#673));
#289=EDGE_LOOP('',(#674,#675,#676,#677,#678,#679,#680,#681));
#290=EDGE_LOOP('',(#682,#683,#684,#685));
#291=EDGE_LOOP('',(#686,#687,#688,#689));
#292=EDGE_LOOP('',(#690,#691,#692,#693));
#293=EDGE_LOOP('',(#694,#695,#696,#697,#698,#699,#700,#701));
#294=EDGE_LOOP('',(#702,#703,#704,#705,#706,#707,#708,#709));
#295=EDGE_LOOP('',(#710,#711,#712,#713));
#296=EDGE_LOOP('',(#714,#715,#716,#717));
#297=EDGE_LOOP('',(#718,#719,#720,#721,#722,#723,#724,#725,#726,#727,#728,
#729,#730,#731,#732,#733));
#298=EDGE_LOOP('',(#734,#735,#736,#737,#738,#739));
#299=EDGE_LOOP('',(#740,#741,#742,#743));
#300=EDGE_LOOP('',(#744,#745,#746,#747,#748,#749));
#301=EDGE_LOOP('',(#750,#751,#752,#753));
#302=EDGE_LOOP('',(#754,#755,#756,#757,#758,#759));
#303=EDGE_LOOP('',(#760,#761,#762,#763));
#304=EDGE_LOOP('',(#764,#765,#766,#767,#768,#769));
#305=EDGE_LOOP('',(#770,#771,#772,#773));
#306=EDGE_LOOP('',(#774,#775,#776,#777));
#307=EDGE_LOOP('',(#778,#779,#780,#781));
#308=EDGE_LOOP('',(#782,#783,#784,#785));
#309=EDGE_LOOP('',(#786,#787,#788,#789,#790,#791));
#310=EDGE_LOOP('',(#792,#793,#794,#795,#796,#797));
#311=EDGE_LOOP('',(#798,#799,#800,#801));
#312=EDGE_LOOP('',(#802,#803,#804,#805));
#313=EDGE_LOOP('',(#806,#807,#808,#809));
#314=EDGE_LOOP('',(#810,#811,#812,#813,#814,#815));
#315=EDGE_LOOP('',(#816,#817,#818,#819,#820,#821));
#316=EDGE_LOOP('',(#822,#823,#824,#825));
#317=EDGE_LOOP('',(#826,#827,#828,#829));
#318=EDGE_LOOP('',(#830,#831,#832,#833,#834,#835,#836,#837,#838,#839,#840,
#841));
#319=EDGE_LOOP('',(#842,#843,#844,#845));
#320=EDGE_LOOP('',(#846,#847,#848,#849));
#321=EDGE_LOOP('',(#850,#851,#852,#853));
#322=EDGE_LOOP('',(#854,#855,#856,#857,#858,#859,#860,#861,#862,#863,#864,
#865,#866,#867,#868,#869));
#323=EDGE_LOOP('',(#870));
#324=EDGE_LOOP('',(#871,#872,#873,#874));
#325=EDGE_LOOP('',(#875,#876,#877,#878));
#326=EDGE_LOOP('',(#879,#880,#881,#882));
#327=EDGE_LOOP('',(#883,#884,#885,#886));
#328=EDGE_LOOP('',(#887,#888,#889,#890));
#329=EDGE_LOOP('',(#891,#892,#893,#894));
#330=EDGE_LOOP('',(#895,#896,#897,#898,#899));
#331=EDGE_LOOP('',(#900,#901,#902,#903,#904,#905));
#332=EDGE_LOOP('',(#906,#907,#908,#909,#910,#911,#912,#913));
#333=EDGE_LOOP('',(#914,#915,#916,#917));
#334=EDGE_LOOP('',(#918,#919,#920,#921,#922,#923,#924,#925));
#335=EDGE_LOOP('',(#926,#927,#928,#929));
#336=EDGE_LOOP('',(#930,#931,#932,#933));
#337=EDGE_LOOP('',(#934,#935,#936,#937,#938,#939,#940));
#338=EDGE_LOOP('',(#941,#942,#943,#944,#945,#946,#947,#948,#949,#950));
#339=ORIENTED_EDGE('',*,*,#953,.F.);
#340=ORIENTED_EDGE('',*,*,#952,.T.);
#341=ORIENTED_EDGE('',*,*,#1246,.F.);
#342=ORIENTED_EDGE('',*,*,#952,.F.);
#343=ORIENTED_EDGE('',*,*,#951,.F.);
#344=ORIENTED_EDGE('',*,*,#955,.T.);
#345=ORIENTED_EDGE('',*,*,#954,.F.);
#346=ORIENTED_EDGE('',*,*,#956,.F.);
#347=ORIENTED_EDGE('',*,*,#957,.T.);
#348=ORIENTED_EDGE('',*,*,#959,.F.);
#349=ORIENTED_EDGE('',*,*,#960,.T.);
#350=ORIENTED_EDGE('',*,*,#958,.F.);
#351=ORIENTED_EDGE('',*,*,#1246,.T.);
#352=ORIENTED_EDGE('',*,*,#965,.T.);
#353=ORIENTED_EDGE('',*,*,#961,.T.);
#354=ORIENTED_EDGE('',*,*,#963,.T.);
#355=ORIENTED_EDGE('',*,*,#962,.F.);
#356=ORIENTED_EDGE('',*,*,#1124,.T.);
#357=ORIENTED_EDGE('',*,*,#1115,.F.);
#358=ORIENTED_EDGE('',*,*,#1008,.T.);
#359=ORIENTED_EDGE('',*,*,#968,.T.);
#360=ORIENTED_EDGE('',*,*,#964,.F.);
#361=ORIENTED_EDGE('',*,*,#969,.T.);
#362=ORIENTED_EDGE('',*,*,#966,.T.);
#363=ORIENTED_EDGE('',*,*,#967,.F.);
#364=ORIENTED_EDGE('',*,*,#976,.T.);
#365=ORIENTED_EDGE('',*,*,#975,.T.);
#366=ORIENTED_EDGE('',*,*,#974,.F.);
#367=ORIENTED_EDGE('',*,*,#973,.F.);
#368=ORIENTED_EDGE('',*,*,#977,.T.);
#369=ORIENTED_EDGE('',*,*,#978,.T.);
#370=ORIENTED_EDGE('',*,*,#979,.T.);
#371=ORIENTED_EDGE('',*,*,#980,.T.);
#372=ORIENTED_EDGE('',*,*,#1238,.T.);
#373=ORIENTED_EDGE('',*,*,#969,.F.);
#374=ORIENTED_EDGE('',*,*,#1083,.T.);
#375=ORIENTED_EDGE('',*,*,#1239,.F.);
#376=ORIENTED_EDGE('',*,*,#978,.F.);
#377=ORIENTED_EDGE('',*,*,#981,.T.);
#378=ORIENTED_EDGE('',*,*,#990,.F.);
#379=ORIENTED_EDGE('',*,*,#987,.T.);
#380=ORIENTED_EDGE('',*,*,#988,.T.);
#381=ORIENTED_EDGE('',*,*,#989,.F.);
#382=ORIENTED_EDGE('',*,*,#993,.T.);
#383=ORIENTED_EDGE('',*,*,#992,.F.);
#384=ORIENTED_EDGE('',*,*,#991,.F.);
#385=ORIENTED_EDGE('',*,*,#994,.T.);
#386=ORIENTED_EDGE('',*,*,#956,.T.);
#387=ORIENTED_EDGE('',*,*,#996,.T.);
#388=ORIENTED_EDGE('',*,*,#997,.T.);
#389=ORIENTED_EDGE('',*,*,#1240,.F.);
#390=ORIENTED_EDGE('',*,*,#989,.T.);
#391=ORIENTED_EDGE('',*,*,#995,.F.);
#392=ORIENTED_EDGE('',*,*,#986,.F.);
#393=ORIENTED_EDGE('',*,*,#985,.T.);
#394=ORIENTED_EDGE('',*,*,#1069,.T.);
#395=ORIENTED_EDGE('',*,*,#1072,.F.);
#396=ORIENTED_EDGE('',*,*,#1026,.F.);
#397=ORIENTED_EDGE('',*,*,#1053,.F.);
#398=ORIENTED_EDGE('',*,*,#1028,.T.);
#399=ORIENTED_EDGE('',*,*,#1027,.F.);
#400=ORIENTED_EDGE('',*,*,#1024,.F.);
#401=ORIENTED_EDGE('',*,*,#1054,.F.);
#402=ORIENTED_EDGE('',*,*,#1026,.T.);
#403=ORIENTED_EDGE('',*,*,#1025,.F.);
#404=ORIENTED_EDGE('',*,*,#1022,.F.);
#405=ORIENTED_EDGE('',*,*,#1023,.T.);
#406=ORIENTED_EDGE('',*,*,#1024,.T.);
#407=ORIENTED_EDGE('',*,*,#999,.F.);
#408=ORIENTED_EDGE('',*,*,#1021,.T.);
#409=ORIENTED_EDGE('',*,*,#1001,.F.);
#410=ORIENTED_EDGE('',*,*,#994,.F.);
#411=ORIENTED_EDGE('',*,*,#1020,.F.);
#412=ORIENTED_EDGE('',*,*,#1017,.F.);
#413=ORIENTED_EDGE('',*,*,#1019,.T.);
#414=ORIENTED_EDGE('',*,*,#1000,.F.);
#415=ORIENTED_EDGE('',*,*,#1018,.F.);
#416=ORIENTED_EDGE('',*,*,#1028,.F.);
#417=ORIENTED_EDGE('',*,*,#1029,.T.);
#418=ORIENTED_EDGE('',*,*,#1030,.T.);
#419=ORIENTED_EDGE('',*,*,#1005,.F.);
#420=ORIENTED_EDGE('',*,*,#1040,.F.);
#421=ORIENTED_EDGE('',*,*,#1004,.F.);
#422=ORIENTED_EDGE('',*,*,#1030,.F.);
#423=ORIENTED_EDGE('',*,*,#1031,.F.);
#424=ORIENTED_EDGE('',*,*,#1002,.F.);
#425=ORIENTED_EDGE('',*,*,#1021,.F.);
#426=ORIENTED_EDGE('',*,*,#1033,.F.);
#427=ORIENTED_EDGE('',*,*,#1032,.F.);
#428=ORIENTED_EDGE('',*,*,#1035,.F.);
#429=ORIENTED_EDGE('',*,*,#1034,.T.);
#430=ORIENTED_EDGE('',*,*,#1022,.T.);
#431=ORIENTED_EDGE('',*,*,#1010,.F.);
#432=ORIENTED_EDGE('',*,*,#1036,.T.);
#433=ORIENTED_EDGE('',*,*,#1037,.T.);
#434=ORIENTED_EDGE('',*,*,#1035,.T.);
#435=ORIENTED_EDGE('',*,*,#1011,.F.);
#436=ORIENTED_EDGE('',*,*,#1012,.F.);
#437=ORIENTED_EDGE('',*,*,#1032,.T.);
#438=ORIENTED_EDGE('',*,*,#1038,.T.);
#439=ORIENTED_EDGE('',*,*,#1036,.F.);
#440=ORIENTED_EDGE('',*,*,#1018,.T.);
#441=ORIENTED_EDGE('',*,*,#1003,.F.);
#442=ORIENTED_EDGE('',*,*,#1040,.T.);
#443=ORIENTED_EDGE('',*,*,#1039,.T.);
#444=ORIENTED_EDGE('',*,*,#1062,.T.);
#445=ORIENTED_EDGE('',*,*,#1043,.T.);
#446=ORIENTED_EDGE('',*,*,#1237,.T.);
#447=ORIENTED_EDGE('',*,*,#1058,.F.);
#448=ORIENTED_EDGE('',*,*,#1236,.T.);
#449=ORIENTED_EDGE('',*,*,#1065,.T.);
#450=ORIENTED_EDGE('',*,*,#1060,.T.);
#451=ORIENTED_EDGE('',*,*,#1071,.F.);
#452=ORIENTED_EDGE('',*,*,#1046,.T.);
#453=ORIENTED_EDGE('',*,*,#980,.F.);
#454=ORIENTED_EDGE('',*,*,#1241,.F.);
#455=ORIENTED_EDGE('',*,*,#1044,.F.);
#456=ORIENTED_EDGE('',*,*,#1049,.T.);
#457=ORIENTED_EDGE('',*,*,#1050,.T.);
#458=ORIENTED_EDGE('',*,*,#1047,.T.);
#459=ORIENTED_EDGE('',*,*,#1048,.T.);
#460=ORIENTED_EDGE('',*,*,#1051,.F.);
#461=ORIENTED_EDGE('',*,*,#1059,.F.);
#462=ORIENTED_EDGE('',*,*,#990,.T.);
#463=ORIENTED_EDGE('',*,*,#1240,.T.);
#464=ORIENTED_EDGE('',*,*,#1041,.F.);
#465=ORIENTED_EDGE('',*,*,#1006,.F.);
#466=ORIENTED_EDGE('',*,*,#1019,.F.);
#467=ORIENTED_EDGE('',*,*,#1052,.F.);
#468=ORIENTED_EDGE('',*,*,#1049,.F.);
#469=ORIENTED_EDGE('',*,*,#1052,.T.);
#470=ORIENTED_EDGE('',*,*,#1017,.T.);
#471=ORIENTED_EDGE('',*,*,#1039,.F.);
#472=ORIENTED_EDGE('',*,*,#1031,.T.);
#473=ORIENTED_EDGE('',*,*,#1029,.F.);
#474=ORIENTED_EDGE('',*,*,#1053,.T.);
#475=ORIENTED_EDGE('',*,*,#1054,.T.);
#476=ORIENTED_EDGE('',*,*,#1023,.F.);
#477=ORIENTED_EDGE('',*,*,#1034,.F.);
#478=ORIENTED_EDGE('',*,*,#1037,.F.);
#479=ORIENTED_EDGE('',*,*,#1038,.F.);
#480=ORIENTED_EDGE('',*,*,#1033,.T.);
#481=ORIENTED_EDGE('',*,*,#1020,.T.);
#482=ORIENTED_EDGE('',*,*,#991,.T.);
#483=ORIENTED_EDGE('',*,*,#1055,.T.);
#484=ORIENTED_EDGE('',*,*,#1061,.T.);
#485=ORIENTED_EDGE('',*,*,#1064,.T.);
#486=ORIENTED_EDGE('',*,*,#1067,.T.);
#487=ORIENTED_EDGE('',*,*,#1050,.F.);
#488=ORIENTED_EDGE('',*,*,#1057,.T.);
#489=ORIENTED_EDGE('',*,*,#983,.F.);
#490=ORIENTED_EDGE('',*,*,#971,.F.);
#491=ORIENTED_EDGE('',*,*,#1242,.T.);
#492=ORIENTED_EDGE('',*,*,#1056,.T.);
#493=ORIENTED_EDGE('',*,*,#1058,.T.);
#494=ORIENTED_EDGE('',*,*,#987,.F.);
#495=ORIENTED_EDGE('',*,*,#1059,.T.);
#496=ORIENTED_EDGE('',*,*,#1051,.T.);
#497=ORIENTED_EDGE('',*,*,#1068,.T.);
#498=ORIENTED_EDGE('',*,*,#1242,.F.);
#499=ORIENTED_EDGE('',*,*,#998,.F.);
#500=ORIENTED_EDGE('',*,*,#1062,.F.);
#501=ORIENTED_EDGE('',*,*,#1060,.F.);
#502=ORIENTED_EDGE('',*,*,#1244,.F.);
#503=ORIENTED_EDGE('',*,*,#1061,.F.);
#504=ORIENTED_EDGE('',*,*,#1243,.F.);
#505=ORIENTED_EDGE('',*,*,#1243,.T.);
#506=ORIENTED_EDGE('',*,*,#1055,.F.);
#507=ORIENTED_EDGE('',*,*,#992,.T.);
#508=ORIENTED_EDGE('',*,*,#1009,.F.);
#509=ORIENTED_EDGE('',*,*,#981,.F.);
#510=ORIENTED_EDGE('',*,*,#977,.F.);
#511=ORIENTED_EDGE('',*,*,#1046,.F.);
#512=ORIENTED_EDGE('',*,*,#1063,.F.);
#513=ORIENTED_EDGE('',*,*,#974,.T.);
#514=ORIENTED_EDGE('',*,*,#982,.F.);
#515=ORIENTED_EDGE('',*,*,#1057,.F.);
#516=ORIENTED_EDGE('',*,*,#1237,.F.);
#517=ORIENTED_EDGE('',*,*,#1068,.F.);
#518=ORIENTED_EDGE('',*,*,#1048,.F.);
#519=ORIENTED_EDGE('',*,*,#1047,.F.);
#520=ORIENTED_EDGE('',*,*,#1067,.F.);
#521=ORIENTED_EDGE('',*,*,#1066,.F.);
#522=ORIENTED_EDGE('',*,*,#1236,.F.);
#523=ORIENTED_EDGE('',*,*,#1056,.F.);
#524=ORIENTED_EDGE('',*,*,#1065,.F.);
#525=ORIENTED_EDGE('',*,*,#1066,.T.);
#526=ORIENTED_EDGE('',*,*,#1064,.F.);
#527=ORIENTED_EDGE('',*,*,#1244,.T.);
#528=ORIENTED_EDGE('',*,*,#1070,.F.);
#529=ORIENTED_EDGE('',*,*,#1069,.F.);
#530=ORIENTED_EDGE('',*,*,#1070,.T.);
#531=ORIENTED_EDGE('',*,*,#1071,.T.);
#532=ORIENTED_EDGE('',*,*,#1008,.F.);
#533=ORIENTED_EDGE('',*,*,#1014,.F.);
#534=ORIENTED_EDGE('',*,*,#1013,.F.);
#535=ORIENTED_EDGE('',*,*,#1007,.F.);
#536=ORIENTED_EDGE('',*,*,#1016,.F.);
#537=ORIENTED_EDGE('',*,*,#1015,.T.);
#538=ORIENTED_EDGE('',*,*,#966,.F.);
#539=ORIENTED_EDGE('',*,*,#1238,.F.);
#540=ORIENTED_EDGE('',*,*,#1009,.T.);
#541=ORIENTED_EDGE('',*,*,#993,.F.);
#542=ORIENTED_EDGE('',*,*,#1001,.T.);
#543=ORIENTED_EDGE('',*,*,#1002,.T.);
#544=ORIENTED_EDGE('',*,*,#1012,.T.);
#545=ORIENTED_EDGE('',*,*,#1011,.T.);
#546=ORIENTED_EDGE('',*,*,#1010,.T.);
#547=ORIENTED_EDGE('',*,*,#999,.T.);
#548=ORIENTED_EDGE('',*,*,#1025,.T.);
#549=ORIENTED_EDGE('',*,*,#1027,.T.);
#550=ORIENTED_EDGE('',*,*,#1005,.T.);
#551=ORIENTED_EDGE('',*,*,#1004,.T.);
#552=ORIENTED_EDGE('',*,*,#1003,.T.);
#553=ORIENTED_EDGE('',*,*,#1000,.T.);
#554=ORIENTED_EDGE('',*,*,#1006,.T.);
#555=ORIENTED_EDGE('',*,*,#1245,.T.);
#556=ORIENTED_EDGE('',*,*,#1074,.T.);
#557=ORIENTED_EDGE('',*,*,#1073,.F.);
#558=ORIENTED_EDGE('',*,*,#1072,.T.);
#559=ORIENTED_EDGE('',*,*,#1073,.T.);
#560=ORIENTED_EDGE('',*,*,#1079,.T.);
#561=ORIENTED_EDGE('',*,*,#1078,.T.);
#562=ORIENTED_EDGE('',*,*,#1080,.F.);
#563=ORIENTED_EDGE('',*,*,#957,.F.);
#564=ORIENTED_EDGE('',*,*,#1077,.F.);
#565=ORIENTED_EDGE('',*,*,#1084,.F.);
#566=ORIENTED_EDGE('',*,*,#1081,.T.);
#567=ORIENTED_EDGE('',*,*,#1082,.F.);
#568=ORIENTED_EDGE('',*,*,#1076,.F.);
#569=ORIENTED_EDGE('',*,*,#1075,.F.);
#570=ORIENTED_EDGE('',*,*,#1083,.F.);
#571=ORIENTED_EDGE('',*,*,#964,.T.);
#572=ORIENTED_EDGE('',*,*,#1085,.F.);
#573=ORIENTED_EDGE('',*,*,#1087,.T.);
#574=ORIENTED_EDGE('',*,*,#1086,.T.);
#575=ORIENTED_EDGE('',*,*,#1079,.F.);
#576=ORIENTED_EDGE('',*,*,#1089,.F.);
#577=ORIENTED_EDGE('',*,*,#1090,.T.);
#578=ORIENTED_EDGE('',*,*,#1088,.F.);
#579=ORIENTED_EDGE('',*,*,#1081,.F.);
#580=ORIENTED_EDGE('',*,*,#1077,.T.);
#581=ORIENTED_EDGE('',*,*,#958,.T.);
#582=ORIENTED_EDGE('',*,*,#1222,.T.);
#583=ORIENTED_EDGE('',*,*,#1091,.F.);
#584=ORIENTED_EDGE('',*,*,#1080,.T.);
#585=ORIENTED_EDGE('',*,*,#1093,.T.);
#586=ORIENTED_EDGE('',*,*,#1092,.F.);
#587=ORIENTED_EDGE('',*,*,#959,.T.);
#588=ORIENTED_EDGE('',*,*,#1084,.T.);
#589=ORIENTED_EDGE('',*,*,#1091,.T.);
#590=ORIENTED_EDGE('',*,*,#1235,.T.);
#591=ORIENTED_EDGE('',*,*,#1233,.T.);
#592=ORIENTED_EDGE('',*,*,#1095,.T.);
#593=ORIENTED_EDGE('',*,*,#1230,.T.);
#594=ORIENTED_EDGE('',*,*,#1224,.T.);
#595=ORIENTED_EDGE('',*,*,#1094,.T.);
#596=ORIENTED_EDGE('',*,*,#1089,.T.);
#597=ORIENTED_EDGE('',*,*,#1086,.F.);
#598=ORIENTED_EDGE('',*,*,#1096,.F.);
#599=ORIENTED_EDGE('',*,*,#1228,.F.);
#600=ORIENTED_EDGE('',*,*,#984,.F.);
#601=ORIENTED_EDGE('',*,*,#1226,.F.);
#602=ORIENTED_EDGE('',*,*,#1232,.F.);
#603=ORIENTED_EDGE('',*,*,#1234,.F.);
#604=ORIENTED_EDGE('',*,*,#1093,.F.);
#605=ORIENTED_EDGE('',*,*,#1078,.F.);
#606=ORIENTED_EDGE('',*,*,#1082,.T.);
#607=ORIENTED_EDGE('',*,*,#1088,.T.);
#608=ORIENTED_EDGE('',*,*,#1105,.F.);
#609=ORIENTED_EDGE('',*,*,#1103,.F.);
#610=ORIENTED_EDGE('',*,*,#1101,.F.);
#611=ORIENTED_EDGE('',*,*,#1098,.F.);
#612=ORIENTED_EDGE('',*,*,#1097,.F.);
#613=ORIENTED_EDGE('',*,*,#1099,.F.);
#614=ORIENTED_EDGE('',*,*,#1100,.F.);
#615=ORIENTED_EDGE('',*,*,#1102,.F.);
#616=ORIENTED_EDGE('',*,*,#1104,.F.);
#617=ORIENTED_EDGE('',*,*,#1085,.T.);
#618=ORIENTED_EDGE('',*,*,#1106,.F.);
#619=ORIENTED_EDGE('',*,*,#1108,.T.);
#620=ORIENTED_EDGE('',*,*,#1013,.T.);
#621=ORIENTED_EDGE('',*,*,#1107,.F.);
#622=ORIENTED_EDGE('',*,*,#1109,.T.);
#623=ORIENTED_EDGE('',*,*,#1110,.T.);
#624=ORIENTED_EDGE('',*,*,#1007,.T.);
#625=ORIENTED_EDGE('',*,*,#1108,.F.);
#626=ORIENTED_EDGE('',*,*,#1107,.T.);
#627=ORIENTED_EDGE('',*,*,#1014,.T.);
#628=ORIENTED_EDGE('',*,*,#1115,.T.);
#629=ORIENTED_EDGE('',*,*,#1112,.F.);
#630=ORIENTED_EDGE('',*,*,#1103,.T.);
#631=ORIENTED_EDGE('',*,*,#1113,.F.);
#632=ORIENTED_EDGE('',*,*,#1111,.T.);
#633=ORIENTED_EDGE('',*,*,#1114,.F.);
#634=ORIENTED_EDGE('',*,*,#1118,.F.);
#635=ORIENTED_EDGE('',*,*,#1116,.T.);
#636=ORIENTED_EDGE('',*,*,#1119,.F.);
#637=ORIENTED_EDGE('',*,*,#1102,.T.);
#638=ORIENTED_EDGE('',*,*,#1117,.T.);
#639=ORIENTED_EDGE('',*,*,#967,.T.);
#640=ORIENTED_EDGE('',*,*,#1015,.F.);
#641=ORIENTED_EDGE('',*,*,#1120,.F.);
#642=ORIENTED_EDGE('',*,*,#1120,.T.);
#643=ORIENTED_EDGE('',*,*,#1016,.T.);
#644=ORIENTED_EDGE('',*,*,#1110,.F.);
#645=ORIENTED_EDGE('',*,*,#1121,.F.);
#646=ORIENTED_EDGE('',*,*,#965,.F.);
#647=ORIENTED_EDGE('',*,*,#1117,.F.);
#648=ORIENTED_EDGE('',*,*,#1100,.T.);
#649=ORIENTED_EDGE('',*,*,#1122,.T.);
#650=ORIENTED_EDGE('',*,*,#1124,.F.);
#651=ORIENTED_EDGE('',*,*,#1123,.F.);
#652=ORIENTED_EDGE('',*,*,#1101,.T.);
#653=ORIENTED_EDGE('',*,*,#1112,.T.);
#654=ORIENTED_EDGE('',*,*,#1126,.T.);
#655=ORIENTED_EDGE('',*,*,#1097,.T.);
#656=ORIENTED_EDGE('',*,*,#1125,.T.);
#657=ORIENTED_EDGE('',*,*,#1127,.T.);
#658=ORIENTED_EDGE('',*,*,#1130,.F.);
#659=ORIENTED_EDGE('',*,*,#1128,.T.);
#660=ORIENTED_EDGE('',*,*,#1131,.F.);
#661=ORIENTED_EDGE('',*,*,#1129,.T.);
#662=ORIENTED_EDGE('',*,*,#963,.F.);
#663=ORIENTED_EDGE('',*,*,#1133,.T.);
#664=ORIENTED_EDGE('',*,*,#1131,.T.);
#665=ORIENTED_EDGE('',*,*,#1132,.T.);
#666=ORIENTED_EDGE('',*,*,#1130,.T.);
#667=ORIENTED_EDGE('',*,*,#1135,.T.);
#668=ORIENTED_EDGE('',*,*,#1139,.T.);
#669=ORIENTED_EDGE('',*,*,#1138,.T.);
#670=ORIENTED_EDGE('',*,*,#1136,.T.);
#671=ORIENTED_EDGE('',*,*,#1137,.T.);
#672=ORIENTED_EDGE('',*,*,#1140,.T.);
#673=ORIENTED_EDGE('',*,*,#1134,.T.);
#674=ORIENTED_EDGE('',*,*,#1140,.F.);
#675=ORIENTED_EDGE('',*,*,#1144,.T.);
#676=ORIENTED_EDGE('',*,*,#1141,.T.);
#677=ORIENTED_EDGE('',*,*,#1145,.T.);
#678=ORIENTED_EDGE('',*,*,#1139,.F.);
#679=ORIENTED_EDGE('',*,*,#1143,.T.);
#680=ORIENTED_EDGE('',*,*,#1127,.F.);
#681=ORIENTED_EDGE('',*,*,#1142,.T.);
#682=ORIENTED_EDGE('',*,*,#1146,.T.);
#683=ORIENTED_EDGE('',*,*,#1150,.F.);
#684=ORIENTED_EDGE('',*,*,#1138,.F.);
#685=ORIENTED_EDGE('',*,*,#1145,.F.);
#686=ORIENTED_EDGE('',*,*,#1137,.F.);
#687=ORIENTED_EDGE('',*,*,#1149,.T.);
#688=ORIENTED_EDGE('',*,*,#1147,.F.);
#689=ORIENTED_EDGE('',*,*,#1144,.F.);
#690=ORIENTED_EDGE('',*,*,#1136,.F.);
#691=ORIENTED_EDGE('',*,*,#1150,.T.);
#692=ORIENTED_EDGE('',*,*,#1148,.F.);
#693=ORIENTED_EDGE('',*,*,#1149,.F.);
#694=ORIENTED_EDGE('',*,*,#1099,.T.);
#695=ORIENTED_EDGE('',*,*,#1126,.F.);
#696=ORIENTED_EDGE('',*,*,#1143,.F.);
#697=ORIENTED_EDGE('',*,*,#1135,.F.);
#698=ORIENTED_EDGE('',*,*,#1129,.F.);
#699=ORIENTED_EDGE('',*,*,#1133,.F.);
#700=ORIENTED_EDGE('',*,*,#961,.F.);
#701=ORIENTED_EDGE('',*,*,#1122,.F.);
#702=ORIENTED_EDGE('',*,*,#1123,.T.);
#703=ORIENTED_EDGE('',*,*,#962,.T.);
#704=ORIENTED_EDGE('',*,*,#1132,.F.);
#705=ORIENTED_EDGE('',*,*,#1128,.F.);
#706=ORIENTED_EDGE('',*,*,#1134,.F.);
#707=ORIENTED_EDGE('',*,*,#1142,.F.);
#708=ORIENTED_EDGE('',*,*,#1125,.F.);
#709=ORIENTED_EDGE('',*,*,#1098,.T.);
#710=ORIENTED_EDGE('',*,*,#1147,.T.);
#711=ORIENTED_EDGE('',*,*,#1148,.T.);
#712=ORIENTED_EDGE('',*,*,#1146,.F.);
#713=ORIENTED_EDGE('',*,*,#1141,.F.);
#714=ORIENTED_EDGE('',*,*,#1152,.T.);
#715=ORIENTED_EDGE('',*,*,#1154,.F.);
#716=ORIENTED_EDGE('',*,*,#1151,.T.);
#717=ORIENTED_EDGE('',*,*,#1153,.F.);
#718=ORIENTED_EDGE('',*,*,#1096,.T.);
#719=ORIENTED_EDGE('',*,*,#1087,.F.);
#720=ORIENTED_EDGE('',*,*,#1104,.T.);
#721=ORIENTED_EDGE('',*,*,#1119,.T.);
#722=ORIENTED_EDGE('',*,*,#1220,.F.);
#723=ORIENTED_EDGE('',*,*,#1153,.T.);
#724=ORIENTED_EDGE('',*,*,#1197,.T.);
#725=ORIENTED_EDGE('',*,*,#1210,.T.);
#726=ORIENTED_EDGE('',*,*,#1194,.F.);
#727=ORIENTED_EDGE('',*,*,#1214,.F.);
#728=ORIENTED_EDGE('',*,*,#1218,.F.);
#729=ORIENTED_EDGE('',*,*,#1113,.T.);
#730=ORIENTED_EDGE('',*,*,#1105,.T.);
#731=ORIENTED_EDGE('',*,*,#1090,.F.);
#732=ORIENTED_EDGE('',*,*,#1094,.F.);
#733=ORIENTED_EDGE('',*,*,#1221,.T.);
#734=ORIENTED_EDGE('',*,*,#1156,.T.);
#735=ORIENTED_EDGE('',*,*,#1155,.T.);
#736=ORIENTED_EDGE('',*,*,#1159,.T.);
#737=ORIENTED_EDGE('',*,*,#1158,.T.);
#738=ORIENTED_EDGE('',*,*,#1160,.F.);
#739=ORIENTED_EDGE('',*,*,#1157,.T.);
#740=ORIENTED_EDGE('',*,*,#1161,.T.);
#741=ORIENTED_EDGE('',*,*,#1160,.T.);
#742=ORIENTED_EDGE('',*,*,#1162,.T.);
#743=ORIENTED_EDGE('',*,*,#1163,.F.);
#744=ORIENTED_EDGE('',*,*,#1165,.T.);
#745=ORIENTED_EDGE('',*,*,#1164,.T.);
#746=ORIENTED_EDGE('',*,*,#1168,.T.);
#747=ORIENTED_EDGE('',*,*,#1167,.T.);
#748=ORIENTED_EDGE('',*,*,#1169,.F.);
#749=ORIENTED_EDGE('',*,*,#1166,.T.);
#750=ORIENTED_EDGE('',*,*,#1170,.T.);
#751=ORIENTED_EDGE('',*,*,#1169,.T.);
#752=ORIENTED_EDGE('',*,*,#1171,.T.);
#753=ORIENTED_EDGE('',*,*,#1172,.F.);
#754=ORIENTED_EDGE('',*,*,#1175,.F.);
#755=ORIENTED_EDGE('',*,*,#1178,.T.);
#756=ORIENTED_EDGE('',*,*,#1176,.F.);
#757=ORIENTED_EDGE('',*,*,#1177,.F.);
#758=ORIENTED_EDGE('',*,*,#1173,.F.);
#759=ORIENTED_EDGE('',*,*,#1174,.F.);
#760=ORIENTED_EDGE('',*,*,#1180,.T.);
#761=ORIENTED_EDGE('',*,*,#1179,.F.);
#762=ORIENTED_EDGE('',*,*,#1178,.F.);
#763=ORIENTED_EDGE('',*,*,#1181,.F.);
#764=ORIENTED_EDGE('',*,*,#1184,.F.);
#765=ORIENTED_EDGE('',*,*,#1187,.T.);
#766=ORIENTED_EDGE('',*,*,#1185,.F.);
#767=ORIENTED_EDGE('',*,*,#1186,.F.);
#768=ORIENTED_EDGE('',*,*,#1182,.F.);
#769=ORIENTED_EDGE('',*,*,#1183,.F.);
#770=ORIENTED_EDGE('',*,*,#1189,.T.);
#771=ORIENTED_EDGE('',*,*,#1188,.F.);
#772=ORIENTED_EDGE('',*,*,#1187,.F.);
#773=ORIENTED_EDGE('',*,*,#1190,.F.);
#774=ORIENTED_EDGE('',*,*,#1191,.T.);
#775=ORIENTED_EDGE('',*,*,#1194,.T.);
#776=ORIENTED_EDGE('',*,*,#1193,.F.);
#777=ORIENTED_EDGE('',*,*,#1192,.F.);
#778=ORIENTED_EDGE('',*,*,#1195,.T.);
#779=ORIENTED_EDGE('',*,*,#1196,.T.);
#780=ORIENTED_EDGE('',*,*,#1197,.F.);
#781=ORIENTED_EDGE('',*,*,#1151,.F.);
#782=ORIENTED_EDGE('',*,*,#1183,.T.);
#783=ORIENTED_EDGE('',*,*,#1199,.T.);
#784=ORIENTED_EDGE('',*,*,#1165,.F.);
#785=ORIENTED_EDGE('',*,*,#1198,.F.);
#786=ORIENTED_EDGE('',*,*,#1184,.T.);
#787=ORIENTED_EDGE('',*,*,#1198,.T.);
#788=ORIENTED_EDGE('',*,*,#1166,.F.);
#789=ORIENTED_EDGE('',*,*,#1170,.F.);
#790=ORIENTED_EDGE('',*,*,#1200,.F.);
#791=ORIENTED_EDGE('',*,*,#1190,.T.);
#792=ORIENTED_EDGE('',*,*,#1185,.T.);
#793=ORIENTED_EDGE('',*,*,#1188,.T.);
#794=ORIENTED_EDGE('',*,*,#1201,.T.);
#795=ORIENTED_EDGE('',*,*,#1171,.F.);
#796=ORIENTED_EDGE('',*,*,#1167,.F.);
#797=ORIENTED_EDGE('',*,*,#1202,.F.);
#798=ORIENTED_EDGE('',*,*,#1186,.T.);
#799=ORIENTED_EDGE('',*,*,#1202,.T.);
#800=ORIENTED_EDGE('',*,*,#1168,.F.);
#801=ORIENTED_EDGE('',*,*,#1203,.F.);
#802=ORIENTED_EDGE('',*,*,#1200,.T.);
#803=ORIENTED_EDGE('',*,*,#1172,.T.);
#804=ORIENTED_EDGE('',*,*,#1201,.F.);
#805=ORIENTED_EDGE('',*,*,#1189,.F.);
#806=ORIENTED_EDGE('',*,*,#1174,.T.);
#807=ORIENTED_EDGE('',*,*,#1204,.T.);
#808=ORIENTED_EDGE('',*,*,#1156,.F.);
#809=ORIENTED_EDGE('',*,*,#1205,.F.);
#810=ORIENTED_EDGE('',*,*,#1175,.T.);
#811=ORIENTED_EDGE('',*,*,#1205,.T.);
#812=ORIENTED_EDGE('',*,*,#1157,.F.);
#813=ORIENTED_EDGE('',*,*,#1161,.F.);
#814=ORIENTED_EDGE('',*,*,#1206,.F.);
#815=ORIENTED_EDGE('',*,*,#1181,.T.);
#816=ORIENTED_EDGE('',*,*,#1176,.T.);
#817=ORIENTED_EDGE('',*,*,#1179,.T.);
#818=ORIENTED_EDGE('',*,*,#1207,.T.);
#819=ORIENTED_EDGE('',*,*,#1162,.F.);
#820=ORIENTED_EDGE('',*,*,#1158,.F.);
#821=ORIENTED_EDGE('',*,*,#1208,.F.);
#822=ORIENTED_EDGE('',*,*,#1177,.T.);
#823=ORIENTED_EDGE('',*,*,#1208,.T.);
#824=ORIENTED_EDGE('',*,*,#1159,.F.);
#825=ORIENTED_EDGE('',*,*,#1209,.F.);
#826=ORIENTED_EDGE('',*,*,#1206,.T.);
#827=ORIENTED_EDGE('',*,*,#1163,.T.);
#828=ORIENTED_EDGE('',*,*,#1207,.F.);
#829=ORIENTED_EDGE('',*,*,#1180,.F.);
#830=ORIENTED_EDGE('',*,*,#1211,.T.);
#831=ORIENTED_EDGE('',*,*,#1204,.F.);
#832=ORIENTED_EDGE('',*,*,#1173,.T.);
#833=ORIENTED_EDGE('',*,*,#1209,.T.);
#834=ORIENTED_EDGE('',*,*,#1212,.T.);
#835=ORIENTED_EDGE('',*,*,#1193,.T.);
#836=ORIENTED_EDGE('',*,*,#1210,.F.);
#837=ORIENTED_EDGE('',*,*,#1196,.F.);
#838=ORIENTED_EDGE('',*,*,#1213,.T.);
#839=ORIENTED_EDGE('',*,*,#1199,.F.);
#840=ORIENTED_EDGE('',*,*,#1182,.T.);
#841=ORIENTED_EDGE('',*,*,#1203,.T.);
#842=ORIENTED_EDGE('',*,*,#1216,.T.);
#843=ORIENTED_EDGE('',*,*,#1214,.T.);
#844=ORIENTED_EDGE('',*,*,#1191,.F.);
#845=ORIENTED_EDGE('',*,*,#1215,.F.);
#846=ORIENTED_EDGE('',*,*,#1218,.T.);
#847=ORIENTED_EDGE('',*,*,#1216,.F.);
#848=ORIENTED_EDGE('',*,*,#1217,.F.);
#849=ORIENTED_EDGE('',*,*,#1111,.F.);
#850=ORIENTED_EDGE('',*,*,#1220,.T.);
#851=ORIENTED_EDGE('',*,*,#1116,.F.);
#852=ORIENTED_EDGE('',*,*,#1219,.F.);
#853=ORIENTED_EDGE('',*,*,#1152,.F.);
#854=ORIENTED_EDGE('',*,*,#1217,.T.);
#855=ORIENTED_EDGE('',*,*,#1215,.T.);
#856=ORIENTED_EDGE('',*,*,#1192,.T.);
#857=ORIENTED_EDGE('',*,*,#1212,.F.);
#858=ORIENTED_EDGE('',*,*,#1155,.F.);
#859=ORIENTED_EDGE('',*,*,#1211,.F.);
#860=ORIENTED_EDGE('',*,*,#1164,.F.);
#861=ORIENTED_EDGE('',*,*,#1213,.F.);
#862=ORIENTED_EDGE('',*,*,#1195,.F.);
#863=ORIENTED_EDGE('',*,*,#1154,.T.);
#864=ORIENTED_EDGE('',*,*,#1219,.T.);
#865=ORIENTED_EDGE('',*,*,#1118,.T.);
#866=ORIENTED_EDGE('',*,*,#1121,.T.);
#867=ORIENTED_EDGE('',*,*,#1109,.F.);
#868=ORIENTED_EDGE('',*,*,#1106,.T.);
#869=ORIENTED_EDGE('',*,*,#1114,.T.);
#870=ORIENTED_EDGE('',*,*,#1074,.F.);
#871=ORIENTED_EDGE('',*,*,#1229,.F.);
#872=ORIENTED_EDGE('',*,*,#1226,.T.);
#873=ORIENTED_EDGE('',*,*,#1225,.T.);
#874=ORIENTED_EDGE('',*,*,#1095,.F.);
#875=ORIENTED_EDGE('',*,*,#1092,.T.);
#876=ORIENTED_EDGE('',*,*,#1223,.F.);
#877=ORIENTED_EDGE('',*,*,#1222,.F.);
#878=ORIENTED_EDGE('',*,*,#960,.F.);
#879=ORIENTED_EDGE('',*,*,#1227,.F.);
#880=ORIENTED_EDGE('',*,*,#1228,.T.);
#881=ORIENTED_EDGE('',*,*,#1221,.F.);
#882=ORIENTED_EDGE('',*,*,#1224,.F.);
#883=ORIENTED_EDGE('',*,*,#1225,.F.);
#884=ORIENTED_EDGE('',*,*,#984,.T.);
#885=ORIENTED_EDGE('',*,*,#1227,.T.);
#886=ORIENTED_EDGE('',*,*,#1230,.F.);
#887=ORIENTED_EDGE('',*,*,#1231,.F.);
#888=ORIENTED_EDGE('',*,*,#1232,.T.);
#889=ORIENTED_EDGE('',*,*,#1229,.T.);
#890=ORIENTED_EDGE('',*,*,#1233,.F.);
#891=ORIENTED_EDGE('',*,*,#1223,.T.);
#892=ORIENTED_EDGE('',*,*,#1234,.T.);
#893=ORIENTED_EDGE('',*,*,#1231,.T.);
#894=ORIENTED_EDGE('',*,*,#1235,.F.);
#895=ORIENTED_EDGE('',*,*,#973,.T.);
#896=ORIENTED_EDGE('',*,*,#1043,.F.);
#897=ORIENTED_EDGE('',*,*,#1063,.T.);
#898=ORIENTED_EDGE('',*,*,#1044,.T.);
#899=ORIENTED_EDGE('',*,*,#1045,.T.);
#900=ORIENTED_EDGE('',*,*,#1041,.T.);
#901=ORIENTED_EDGE('',*,*,#997,.F.);
#902=ORIENTED_EDGE('',*,*,#1042,.T.);
#903=ORIENTED_EDGE('',*,*,#1076,.T.);
#904=ORIENTED_EDGE('',*,*,#968,.F.);
#905=ORIENTED_EDGE('',*,*,#1245,.F.);
#906=ORIENTED_EDGE('',*,*,#1253,.T.);
#907=ORIENTED_EDGE('',*,*,#970,.T.);
#908=ORIENTED_EDGE('',*,*,#972,.T.);
#909=ORIENTED_EDGE('',*,*,#983,.T.);
#910=ORIENTED_EDGE('',*,*,#982,.T.);
#911=ORIENTED_EDGE('',*,*,#975,.F.);
#912=ORIENTED_EDGE('',*,*,#1256,.T.);
#913=ORIENTED_EDGE('',*,*,#955,.F.);
#914=ORIENTED_EDGE('',*,*,#1247,.F.);
#915=ORIENTED_EDGE('',*,*,#1255,.T.);
#916=ORIENTED_EDGE('',*,*,#986,.T.);
#917=ORIENTED_EDGE('',*,*,#1248,.F.);
#918=ORIENTED_EDGE('',*,*,#971,.T.);
#919=ORIENTED_EDGE('',*,*,#972,.F.);
#920=ORIENTED_EDGE('',*,*,#1250,.F.);
#921=ORIENTED_EDGE('',*,*,#1249,.F.);
#922=ORIENTED_EDGE('',*,*,#1248,.T.);
#923=ORIENTED_EDGE('',*,*,#995,.T.);
#924=ORIENTED_EDGE('',*,*,#988,.F.);
#925=ORIENTED_EDGE('',*,*,#998,.T.);
#926=ORIENTED_EDGE('',*,*,#1250,.T.);
#927=ORIENTED_EDGE('',*,*,#970,.F.);
#928=ORIENTED_EDGE('',*,*,#1254,.F.);
#929=ORIENTED_EDGE('',*,*,#1251,.F.);
#930=ORIENTED_EDGE('',*,*,#1247,.T.);
#931=ORIENTED_EDGE('',*,*,#1249,.T.);
#932=ORIENTED_EDGE('',*,*,#1251,.T.);
#933=ORIENTED_EDGE('',*,*,#1252,.T.);
#934=ORIENTED_EDGE('',*,*,#1255,.F.);
#935=ORIENTED_EDGE('',*,*,#1252,.F.);
#936=ORIENTED_EDGE('',*,*,#1254,.T.);
#937=ORIENTED_EDGE('',*,*,#1253,.F.);
#938=ORIENTED_EDGE('',*,*,#951,.T.);
#939=ORIENTED_EDGE('',*,*,#953,.T.);
#940=ORIENTED_EDGE('',*,*,#985,.F.);
#941=ORIENTED_EDGE('',*,*,#1256,.F.);
#942=ORIENTED_EDGE('',*,*,#976,.F.);
#943=ORIENTED_EDGE('',*,*,#1045,.F.);
#944=ORIENTED_EDGE('',*,*,#1241,.T.);
#945=ORIENTED_EDGE('',*,*,#979,.F.);
#946=ORIENTED_EDGE('',*,*,#1239,.T.);
#947=ORIENTED_EDGE('',*,*,#1075,.T.);
#948=ORIENTED_EDGE('',*,*,#1042,.F.);
#949=ORIENTED_EDGE('',*,*,#996,.F.);
#950=ORIENTED_EDGE('',*,*,#954,.T.);
#951=EDGE_CURVE('',#1584,#1579,#1543,.T.);
#952=EDGE_CURVE('',#1579,#1580,#1510,.T.);
#953=EDGE_CURVE('',#1579,#1581,#1544,.T.);
#954=EDGE_CURVE('',#1582,#1583,#1545,.T.);
#955=EDGE_CURVE('',#1584,#1583,#1257,.T.);
#956=EDGE_CURVE('',#1581,#1582,#1511,.T.);
#957=EDGE_CURVE('',#1585,#1586,#1258,.T.);
#958=EDGE_CURVE('',#1585,#1587,#1512,.T.);
#959=EDGE_CURVE('',#1588,#1586,#1513,.T.);
#960=EDGE_CURVE('',#1588,#1587,#1546,.T.);
#961=EDGE_CURVE('',#1593,#1594,#1259,.T.);
#962=EDGE_CURVE('',#1595,#1596,#1260,.T.);
#963=EDGE_CURVE('',#1594,#1596,#1261,.T.);
#964=EDGE_CURVE('',#1598,#1597,#1262,.T.);
#965=EDGE_CURVE('',#1599,#1593,#1263,.T.);
#966=EDGE_CURVE('',#1590,#1589,#1264,.T.);
#967=EDGE_CURVE('',#1599,#1589,#1265,.T.);
#968=EDGE_CURVE('',#1591,#1597,#1266,.T.);
#969=EDGE_CURVE('',#1598,#1590,#1267,.T.);
#970=EDGE_CURVE('',#1602,#1601,#1268,.T.);
#971=EDGE_CURVE('',#1603,#1604,#1269,.T.);
#972=EDGE_CURVE('',#1601,#1604,#1270,.T.);
#973=EDGE_CURVE('',#1605,#1606,#1271,.T.);
#974=EDGE_CURVE('',#1606,#1607,#1272,.T.);
#975=EDGE_CURVE('',#1608,#1607,#1273,.T.);
#976=EDGE_CURVE('',#1605,#1608,#1274,.T.);
#977=EDGE_CURVE('',#1609,#1610,#1275,.T.);
#978=EDGE_CURVE('',#1610,#1611,#1276,.T.);
#979=EDGE_CURVE('',#1611,#1612,#1277,.T.);
#980=EDGE_CURVE('',#1612,#1609,#1278,.T.);
#981=EDGE_CURVE('',#1610,#1614,#1279,.T.);
#982=EDGE_CURVE('',#1615,#1607,#1280,.T.);
#983=EDGE_CURVE('',#1604,#1615,#1281,.T.);
#984=EDGE_CURVE('',#1772,#1694,#1282,.T.);
#985=EDGE_CURVE('',#1616,#1581,#1283,.T.);
#986=EDGE_CURVE('',#1616,#1617,#1284,.T.);
#987=EDGE_CURVE('',#1619,#1618,#1285,.T.);
#988=EDGE_CURVE('',#1618,#1621,#1286,.T.);
#989=EDGE_CURVE('',#1620,#1621,#1287,.T.);
#990=EDGE_CURVE('',#1619,#1620,#1288,.T.);
#991=EDGE_CURVE('',#1622,#1623,#1289,.T.);
#992=EDGE_CURVE('',#1623,#1625,#1290,.T.);
#993=EDGE_CURVE('',#1624,#1625,#1291,.T.);
#994=EDGE_CURVE('',#1622,#1624,#1292,.T.);
#995=EDGE_CURVE('',#1617,#1621,#1293,.T.);
#996=EDGE_CURVE('',#1582,#1626,#1294,.T.);
#997=EDGE_CURVE('',#1626,#1627,#1295,.T.);
#998=EDGE_CURVE('',#1618,#1603,#1296,.T.);
#999=EDGE_CURVE('',#1628,#1635,#1297,.T.);
#1000=EDGE_CURVE('',#1629,#1637,#1298,.T.);
#1001=EDGE_CURVE('',#1624,#1630,#1299,.T.);
#1002=EDGE_CURVE('',#1630,#1640,#1300,.T.);
#1003=EDGE_CURVE('',#1631,#1629,#1301,.T.);
#1004=EDGE_CURVE('',#1632,#1631,#1302,.T.);
#1005=EDGE_CURVE('',#1633,#1632,#1303,.T.);
#1006=EDGE_CURVE('',#1637,#1636,#1304,.T.);
#1007=EDGE_CURVE('',#1643,#1641,#1305,.T.);
#1008=EDGE_CURVE('',#1592,#1591,#1306,.T.);
#1009=EDGE_CURVE('',#1614,#1625,#1307,.T.);
#1010=EDGE_CURVE('',#1638,#1628,#1308,.T.);
#1011=EDGE_CURVE('',#1639,#1638,#1309,.T.);
#1012=EDGE_CURVE('',#1640,#1639,#1310,.T.);
#1013=EDGE_CURVE('',#1641,#1642,#1547,.T.);
#1014=EDGE_CURVE('',#1642,#1592,#1311,.T.);
#1015=EDGE_CURVE('',#1644,#1589,#1312,.T.);
#1016=EDGE_CURVE('',#1644,#1643,#1313,.T.);
#1017=EDGE_CURVE('',#1645,#1646,#1314,.T.);
#1018=EDGE_CURVE('',#1646,#1629,#1315,.T.);
#1019=EDGE_CURVE('',#1645,#1637,#1316,.T.);
#1020=EDGE_CURVE('',#1650,#1622,#1317,.T.);
#1021=EDGE_CURVE('',#1650,#1630,#1318,.T.);
#1022=EDGE_CURVE('',#1651,#1628,#1319,.T.);
#1023=EDGE_CURVE('',#1651,#1649,#1320,.T.);
#1024=EDGE_CURVE('',#1649,#1635,#1321,.T.);
#1025=EDGE_CURVE('',#1635,#1634,#1322,.T.);
#1026=EDGE_CURVE('',#1647,#1634,#1323,.T.);
#1027=EDGE_CURVE('',#1634,#1633,#1324,.T.);
#1028=EDGE_CURVE('',#1648,#1633,#1325,.T.);
#1029=EDGE_CURVE('',#1648,#1652,#1326,.T.);
#1030=EDGE_CURVE('',#1652,#1632,#1327,.T.);
#1031=EDGE_CURVE('',#1653,#1652,#1328,.T.);
#1032=EDGE_CURVE('',#1640,#1654,#1329,.T.);
#1033=EDGE_CURVE('',#1654,#1650,#1330,.T.);
#1034=EDGE_CURVE('',#1655,#1651,#1331,.T.);
#1035=EDGE_CURVE('',#1655,#1638,#1332,.T.);
#1036=EDGE_CURVE('',#1639,#1656,#1333,.T.);
#1037=EDGE_CURVE('',#1656,#1655,#1334,.T.);
#1038=EDGE_CURVE('',#1654,#1656,#1335,.T.);
#1039=EDGE_CURVE('',#1653,#1646,#1336,.T.);
#1040=EDGE_CURVE('',#1631,#1653,#1337,.T.);
#1041=EDGE_CURVE('',#1636,#1627,#1338,.T.);
#1042=EDGE_CURVE('',#1626,#1657,#1339,.T.);
#1043=EDGE_CURVE('',#1671,#1606,#1340,.T.);
#1044=EDGE_CURVE('',#1659,#1658,#1341,.T.);
#1045=EDGE_CURVE('',#1658,#1605,#1342,.T.);
#1046=EDGE_CURVE('',#1659,#1609,#1343,.T.);
#1047=EDGE_CURVE('',#1660,#1661,#1344,.T.);
#1048=EDGE_CURVE('',#1661,#1669,#1345,.T.);
#1049=EDGE_CURVE('',#1662,#1663,#1346,.T.);
#1050=EDGE_CURVE('',#1663,#1660,#1347,.T.);
#1051=EDGE_CURVE('',#1662,#1669,#1348,.T.);
#1052=EDGE_CURVE('',#1663,#1645,#1349,.T.);
#1053=EDGE_CURVE('',#1648,#1647,#1350,.T.);
#1054=EDGE_CURVE('',#1647,#1649,#1351,.T.);
#1055=EDGE_CURVE('',#1623,#1664,#1352,.T.);
#1056=EDGE_CURVE('',#1666,#1667,#1353,.T.);
#1057=EDGE_CURVE('',#1668,#1615,#1354,.T.);
#1058=EDGE_CURVE('',#1667,#1668,#1355,.T.);
#1059=EDGE_CURVE('',#1619,#1662,#1356,.T.);
#1060=EDGE_CURVE('',#1670,#1776,#1357,.T.);
#1061=EDGE_CURVE('',#1664,#1665,#1358,.T.);
#1062=EDGE_CURVE('',#1776,#1671,#1359,.T.);
#1063=EDGE_CURVE('',#1671,#1659,#1360,.T.);
#1064=EDGE_CURVE('',#1665,#1673,#1514,.T.);
#1065=EDGE_CURVE('',#1672,#1670,#1548,.T.);
#1066=EDGE_CURVE('',#1672,#1673,#1515,.T.);
#1067=EDGE_CURVE('',#1673,#1660,#1549,.T.);
#1068=EDGE_CURVE('',#1669,#1666,#1516,.T.);
#1069=EDGE_CURVE('',#1674,#1674,#1566,.T.);
#1070=EDGE_CURVE('',#1674,#1675,#1517,.T.);
#1071=EDGE_CURVE('',#1675,#1675,#1567,.T.);
#1072=EDGE_CURVE('',#1676,#1676,#1568,.T.);
#1073=EDGE_CURVE('',#1676,#1677,#1518,.T.);
#1074=EDGE_CURVE('',#1677,#1677,#1569,.T.);
#1075=EDGE_CURVE('',#1613,#1657,#1361,.T.);
#1076=EDGE_CURVE('',#1657,#1597,#1362,.T.);
#1077=EDGE_CURVE('',#1678,#1585,#1363,.T.);
#1078=EDGE_CURVE('',#1681,#1679,#1364,.T.);
#1079=EDGE_CURVE('',#1680,#1681,#1365,.T.);
#1080=EDGE_CURVE('',#1586,#1679,#1366,.T.);
#1081=EDGE_CURVE('',#1682,#1683,#1367,.T.);
#1082=EDGE_CURVE('',#1680,#1683,#1368,.T.);
#1083=EDGE_CURVE('',#1598,#1613,#1369,.T.);
#1084=EDGE_CURVE('',#1682,#1678,#1370,.T.);
#1085=EDGE_CURVE('',#1685,#1680,#1371,.T.);
#1086=EDGE_CURVE('',#1684,#1681,#1372,.T.);
#1087=EDGE_CURVE('',#1685,#1684,#1550,.T.);
#1088=EDGE_CURVE('',#1683,#1686,#1373,.T.);
#1089=EDGE_CURVE('',#1687,#1682,#1374,.T.);
#1090=EDGE_CURVE('',#1687,#1686,#1551,.T.);
#1091=EDGE_CURVE('',#1678,#1688,#1375,.T.);
#1092=EDGE_CURVE('',#1588,#1689,#1519,.T.);
#1093=EDGE_CURVE('',#1679,#1689,#1376,.T.);
#1094=EDGE_CURVE('',#1690,#1687,#1520,.T.);
#1095=EDGE_CURVE('',#1692,#1773,#1377,.T.);
#1096=EDGE_CURVE('',#1693,#1684,#1378,.T.);
#1097=EDGE_CURVE('',#1697,#1696,#1379,.T.);
#1098=EDGE_CURVE('',#1696,#1698,#1380,.T.);
#1099=EDGE_CURVE('',#1699,#1697,#1381,.T.);
#1100=EDGE_CURVE('',#1702,#1699,#1382,.T.);
#1101=EDGE_CURVE('',#1698,#1703,#1383,.T.);
#1102=EDGE_CURVE('',#1700,#1702,#1384,.T.);
#1103=EDGE_CURVE('',#1703,#1701,#1385,.T.);
#1104=EDGE_CURVE('',#1685,#1700,#1386,.T.);
#1105=EDGE_CURVE('',#1701,#1686,#1387,.T.);
#1106=EDGE_CURVE('',#1704,#1705,#1552,.T.);
#1107=EDGE_CURVE('',#1705,#1642,#1388,.T.);
#1108=EDGE_CURVE('',#1704,#1641,#1389,.T.);
#1109=EDGE_CURVE('',#1704,#1706,#1390,.T.);
#1110=EDGE_CURVE('',#1706,#1643,#1391,.T.);
#1111=EDGE_CURVE('',#1708,#1707,#1392,.T.);
#1112=EDGE_CURVE('',#1703,#1600,#1393,.T.);
#1113=EDGE_CURVE('',#1708,#1701,#1394,.T.);
#1114=EDGE_CURVE('',#1705,#1707,#1395,.T.);
#1115=EDGE_CURVE('',#1592,#1600,#1396,.T.);
#1116=EDGE_CURVE('',#1709,#1710,#1397,.T.);
#1117=EDGE_CURVE('',#1702,#1599,#1398,.T.);
#1118=EDGE_CURVE('',#1709,#1711,#1399,.T.);
#1119=EDGE_CURVE('',#1700,#1710,#1400,.T.);
#1120=EDGE_CURVE('',#1711,#1644,#1521,.T.);
#1121=EDGE_CURVE('',#1711,#1706,#1522,.T.);
#1122=EDGE_CURVE('',#1699,#1593,#1401,.T.);
#1123=EDGE_CURVE('',#1698,#1595,#1402,.T.);
#1124=EDGE_CURVE('',#1595,#1600,#1403,.T.);
#1125=EDGE_CURVE('',#1696,#1712,#1404,.T.);
#1126=EDGE_CURVE('',#1713,#1697,#1405,.T.);
#1127=EDGE_CURVE('',#1712,#1713,#1406,.T.);
#1128=EDGE_CURVE('',#1715,#1714,#1407,.T.);
#1129=EDGE_CURVE('',#1716,#1717,#1408,.T.);
#1130=EDGE_CURVE('',#1715,#1717,#1409,.T.);
#1131=EDGE_CURVE('',#1716,#1714,#1410,.T.);
#1132=EDGE_CURVE('',#1714,#1596,#1411,.T.);
#1133=EDGE_CURVE('',#1594,#1716,#1412,.T.);
#1134=EDGE_CURVE('',#1718,#1715,#1413,.T.);
#1135=EDGE_CURVE('',#1717,#1719,#1414,.T.);
#1136=EDGE_CURVE('',#1720,#1721,#1415,.T.);
#1137=EDGE_CURVE('',#1721,#1722,#1416,.T.);
#1138=EDGE_CURVE('',#1723,#1720,#1417,.T.);
#1139=EDGE_CURVE('',#1719,#1723,#1418,.T.);
#1140=EDGE_CURVE('',#1722,#1718,#1419,.T.);
#1141=EDGE_CURVE('',#1724,#1725,#1420,.T.);
#1142=EDGE_CURVE('',#1712,#1718,#1421,.T.);
#1143=EDGE_CURVE('',#1719,#1713,#1422,.T.);
#1144=EDGE_CURVE('',#1722,#1724,#1423,.T.);
#1145=EDGE_CURVE('',#1725,#1723,#1424,.T.);
#1146=EDGE_CURVE('',#1725,#1726,#1425,.T.);
#1147=EDGE_CURVE('',#1724,#1727,#1426,.T.);
#1148=EDGE_CURVE('',#1727,#1726,#1427,.T.);
#1149=EDGE_CURVE('',#1721,#1727,#1553,.T.);
#1150=EDGE_CURVE('',#1720,#1726,#1554,.T.);
#1151=EDGE_CURVE('',#1729,#1728,#1428,.T.);
#1152=EDGE_CURVE('',#1731,#1730,#1429,.T.);
#1153=EDGE_CURVE('',#1731,#1728,#1430,.T.);
#1154=EDGE_CURVE('',#1729,#1730,#1431,.T.);
#1155=EDGE_CURVE('',#1732,#1733,#1432,.T.);
#1156=EDGE_CURVE('',#1734,#1732,#1433,.T.);
#1157=EDGE_CURVE('',#1735,#1734,#1434,.T.);
#1158=EDGE_CURVE('',#1736,#1737,#1435,.T.);
#1159=EDGE_CURVE('',#1733,#1736,#1436,.T.);
#1160=EDGE_CURVE('',#1735,#1737,#1523,.T.);
#1161=EDGE_CURVE('',#1738,#1735,#1437,.T.);
#1162=EDGE_CURVE('',#1737,#1739,#1438,.T.);
#1163=EDGE_CURVE('',#1738,#1739,#1439,.T.);
#1164=EDGE_CURVE('',#1740,#1741,#1440,.T.);
#1165=EDGE_CURVE('',#1742,#1740,#1441,.T.);
#1166=EDGE_CURVE('',#1743,#1742,#1442,.T.);
#1167=EDGE_CURVE('',#1744,#1745,#1443,.T.);
#1168=EDGE_CURVE('',#1741,#1744,#1444,.T.);
#1169=EDGE_CURVE('',#1743,#1745,#1524,.T.);
#1170=EDGE_CURVE('',#1746,#1743,#1445,.T.);
#1171=EDGE_CURVE('',#1745,#1747,#1446,.T.);
#1172=EDGE_CURVE('',#1746,#1747,#1447,.T.);
#1173=EDGE_CURVE('',#1748,#1749,#1448,.T.);
#1174=EDGE_CURVE('',#1750,#1748,#1449,.T.);
#1175=EDGE_CURVE('',#1751,#1750,#1450,.T.);
#1176=EDGE_CURVE('',#1752,#1753,#1451,.T.);
#1177=EDGE_CURVE('',#1749,#1752,#1452,.T.);
#1178=EDGE_CURVE('',#1751,#1753,#1525,.T.);
#1179=EDGE_CURVE('',#1753,#1755,#1453,.T.);
#1180=EDGE_CURVE('',#1754,#1755,#1454,.T.);
#1181=EDGE_CURVE('',#1754,#1751,#1455,.T.);
#1182=EDGE_CURVE('',#1756,#1757,#1456,.T.);
#1183=EDGE_CURVE('',#1758,#1756,#1457,.T.);
#1184=EDGE_CURVE('',#1759,#1758,#1458,.T.);
#1185=EDGE_CURVE('',#1760,#1761,#1459,.T.);
#1186=EDGE_CURVE('',#1757,#1760,#1460,.T.);
#1187=EDGE_CURVE('',#1759,#1761,#1526,.T.);
#1188=EDGE_CURVE('',#1761,#1763,#1461,.T.);
#1189=EDGE_CURVE('',#1762,#1763,#1462,.T.);
#1190=EDGE_CURVE('',#1762,#1759,#1463,.T.);
#1191=EDGE_CURVE('',#1766,#1764,#1464,.T.);
#1192=EDGE_CURVE('',#1766,#1767,#1555,.T.);
#1193=EDGE_CURVE('',#1767,#1765,#1527,.T.);
#1194=EDGE_CURVE('',#1764,#1765,#1556,.T.);
#1195=EDGE_CURVE('',#1729,#1769,#1557,.T.);
#1196=EDGE_CURVE('',#1769,#1768,#1528,.T.);
#1197=EDGE_CURVE('',#1728,#1768,#1558,.T.);
#1198=EDGE_CURVE('',#1758,#1742,#1465,.T.);
#1199=EDGE_CURVE('',#1756,#1740,#1466,.T.);
#1200=EDGE_CURVE('',#1762,#1746,#1529,.T.);
#1201=EDGE_CURVE('',#1763,#1747,#1467,.T.);
#1202=EDGE_CURVE('',#1760,#1744,#1530,.T.);
#1203=EDGE_CURVE('',#1757,#1741,#1468,.T.);
#1204=EDGE_CURVE('',#1748,#1732,#1469,.T.);
#1205=EDGE_CURVE('',#1750,#1734,#1470,.T.);
#1206=EDGE_CURVE('',#1754,#1738,#1531,.T.);
#1207=EDGE_CURVE('',#1755,#1739,#1471,.T.);
#1208=EDGE_CURVE('',#1752,#1736,#1532,.T.);
#1209=EDGE_CURVE('',#1749,#1733,#1472,.T.);
#1210=EDGE_CURVE('',#1768,#1765,#1473,.T.);
#1211=EDGE_CURVE('',#1741,#1732,#1474,.T.);
#1212=EDGE_CURVE('',#1733,#1767,#1475,.T.);
#1213=EDGE_CURVE('',#1769,#1740,#1476,.T.);
#1214=EDGE_CURVE('',#1771,#1764,#1477,.T.);
#1215=EDGE_CURVE('',#1770,#1766,#1478,.T.);
#1216=EDGE_CURVE('',#1770,#1771,#1479,.T.);
#1217=EDGE_CURVE('',#1707,#1770,#1480,.T.);
#1218=EDGE_CURVE('',#1708,#1771,#1481,.T.);
#1219=EDGE_CURVE('',#1730,#1709,#1482,.T.);
#1220=EDGE_CURVE('',#1731,#1710,#1483,.T.);
#1221=EDGE_CURVE('',#1690,#1693,#1533,.T.);
#1222=EDGE_CURVE('',#1587,#1688,#1534,.T.);
#1223=EDGE_CURVE('',#1688,#1689,#1535,.T.);
#1224=EDGE_CURVE('',#1691,#1690,#1484,.T.);
#1225=EDGE_CURVE('',#1772,#1773,#1536,.T.);
#1226=EDGE_CURVE('',#1695,#1772,#1485,.T.);
#1227=EDGE_CURVE('',#1694,#1691,#1537,.T.);
#1228=EDGE_CURVE('',#1694,#1693,#1486,.T.);
#1229=EDGE_CURVE('',#1695,#1692,#1538,.T.);
#1230=EDGE_CURVE('',#1773,#1691,#1487,.T.);
#1231=EDGE_CURVE('',#1774,#1775,#1539,.T.);
#1232=EDGE_CURVE('',#1774,#1695,#1488,.T.);
#1233=EDGE_CURVE('',#1775,#1692,#1489,.T.);
#1234=EDGE_CURVE('',#1689,#1774,#1490,.T.);
#1235=EDGE_CURVE('',#1688,#1775,#1491,.T.);
#1236=EDGE_CURVE('',#1667,#1672,#1540,.T.);
#1237=EDGE_CURVE('',#1606,#1668,#1541,.T.);
#1238=EDGE_CURVE('',#1614,#1590,#1492,.T.);
#1239=EDGE_CURVE('',#1611,#1613,#1493,.T.);
#1240=EDGE_CURVE('',#1620,#1627,#1494,.T.);
#1241=EDGE_CURVE('',#1658,#1612,#1495,.T.);
#1242=EDGE_CURVE('',#1603,#1666,#1496,.T.);
#1243=EDGE_CURVE('',#1671,#1664,#1497,.T.);
#1244=EDGE_CURVE('',#1665,#1670,#1542,.T.);
#1245=EDGE_CURVE('',#1636,#1591,#1498,.T.);
#1246=EDGE_CURVE('',#1580,#1580,#1499,.T.);
#1247=EDGE_CURVE('',#1777,#1778,#1500,.T.);
#1248=EDGE_CURVE('',#1778,#1617,#1501,.T.);
#1249=EDGE_CURVE('',#1778,#1779,#1502,.T.);
#1250=EDGE_CURVE('',#1779,#1601,#1503,.T.);
#1251=EDGE_CURVE('',#1779,#1780,#1504,.T.);
#1252=EDGE_CURVE('',#1780,#1777,#1505,.T.);
#1253=EDGE_CURVE('',#1584,#1602,#1506,.T.);
#1254=EDGE_CURVE('',#1780,#1602,#1507,.T.);
#1255=EDGE_CURVE('',#1777,#1616,#1508,.T.);
#1256=EDGE_CURVE('',#1608,#1583,#1509,.T.);
#1257=B_SPLINE_CURVE_WITH_KNOTS('',1,(#2592,#2593),.UNSPECIFIED.,.F.,.F.,
(2,2),(0.078740148795899,6.23493619607095),.UNSPECIFIED.);
#1258=B_SPLINE_CURVE_WITH_KNOTS('',3,(#2596,#2597,#2598,#2599),
 .UNSPECIFIED.,.F.,.F.,(4,4),(0.,31.8674618462812),.UNSPECIFIED.);
#1259=B_SPLINE_CURVE_WITH_KNOTS('',1,(#2607,#2608),.UNSPECIFIED.,.F.,.F.,
(2,2),(-6.50285306622248,-2.99785295178156),.UNSPECIFIED.);
#1260=B_SPLINE_CURVE_WITH_KNOTS('',1,(#2609,#2610),.UNSPECIFIED.,.F.,.F.,
(2,2),(14.8760011343426,18.3810012487835),.UNSPECIFIED.);
#1261=B_SPLINE_CURVE_WITH_KNOTS('',1,(#2611,#2612),.UNSPECIFIED.,.F.,.F.,
(2,2),(-11.9960021972656,0.),.UNSPECIFIED.);
#1262=B_SPLINE_CURVE_WITH_KNOTS('',1,(#2613,#2614,#2615,#2616),
 .UNSPECIFIED.,.F.,.F.,(2,1,1,2),(106.45454676951,118.65454676951,133.803977936336,
137.45454676951),.UNSPECIFIED.);
#1263=B_SPLINE_CURVE_WITH_KNOTS('',1,(#2617,#2618),.UNSPECIFIED.,.F.,.F.,
(2,2),(6.50300025939941,7.50799751281738),.UNSPECIFIED.);
#1264=B_SPLINE_CURVE_WITH_KNOTS('',1,(#2619,#2620),.UNSPECIFIED.,.F.,.F.,
(2,2),(52.7763228036984,61.2733244516477),.UNSPECIFIED.);
#1265=B_SPLINE_CURVE_WITH_KNOTS('',1,(#2621,#2622,#2623),.UNSPECIFIED.,
 .F.,.F.,(2,1,2),(175.061178767754,177.064179027154,178.067178809716),
 .UNSPECIFIED.);
#1266=B_SPLINE_CURVE_WITH_KNOTS('',1,(#2624,#2625,#2626,#2627,#2628),
 .UNSPECIFIED.,.F.,.F.,(2,1,1,1,2),(9.80599813461302,9.8089979171753,10.8089979171753,
13.3982142758797,14.8996310750878),.UNSPECIFIED.);
#1267=B_SPLINE_CURVE_WITH_KNOTS('',1,(#2629,#2630,#2631,#2632),
 .UNSPECIFIED.,.F.,.F.,(2,1,1,2),(106.45454676951,107.955963568718,110.545179927422,
111.548179709985),.UNSPECIFIED.);
#1268=B_SPLINE_CURVE_WITH_KNOTS('',1,(#2633,#2634),.UNSPECIFIED.,.F.,.F.,
(2,2),(-26.1876079054499,-18.0876079054498),.UNSPECIFIED.);
#1269=B_SPLINE_CURVE_WITH_KNOTS('',1,(#2635,#2636),.UNSPECIFIED.,.F.,.F.,
(2,2),(0.,4.36929252922012),.UNSPECIFIED.);
#1270=B_SPLINE_CURVE_WITH_KNOTS('',1,(#2637,#2638),.UNSPECIFIED.,.F.,.F.,
(2,2),(-18.0876079054498,-17.0876079054498),.UNSPECIFIED.);
#1271=B_SPLINE_CURVE_WITH_KNOTS('',1,(#2639,#2640),.UNSPECIFIED.,.F.,.F.,
(2,2),(-62.1,-50.5),.UNSPECIFIED.);
#1272=B_SPLINE_CURVE_WITH_KNOTS('',1,(#2641,#2642),.UNSPECIFIED.,.F.,.F.,
(2,2),(0.,2.10000000000001),.UNSPECIFIED.);
#1273=B_SPLINE_CURVE_WITH_KNOTS('',1,(#2643,#2644),.UNSPECIFIED.,.F.,.F.,
(2,2),(-62.1,-50.5),.UNSPECIFIED.);
#1274=B_SPLINE_CURVE_WITH_KNOTS('',1,(#2645,#2646),.UNSPECIFIED.,.F.,.F.,
(2,2),(0.,2.10000000000001),.UNSPECIFIED.);
#1275=B_SPLINE_CURVE_WITH_KNOTS('',1,(#2647,#2648),.UNSPECIFIED.,.F.,.F.,
(2,2),(0.,6.26872610923331),.UNSPECIFIED.);
#1276=B_SPLINE_CURVE_WITH_KNOTS('',1,(#2649,#2650),.UNSPECIFIED.,.F.,.F.,
(2,2),(0.,15.2561960472753),.UNSPECIFIED.);
#1277=B_SPLINE_CURVE_WITH_KNOTS('',1,(#2651,#2652),.UNSPECIFIED.,.F.,.F.,
(2,2),(-6.26872610923331,0.),.UNSPECIFIED.);
#1278=B_SPLINE_CURVE_WITH_KNOTS('',1,(#2653,#2654),.UNSPECIFIED.,.F.,.F.,
(2,2),(-15.2561960472753,0.),.UNSPECIFIED.);
#1279=B_SPLINE_CURVE_WITH_KNOTS('',1,(#2655,#2656),.UNSPECIFIED.,.F.,.F.,
(2,2),(202.168894328155,205.271894110714),.UNSPECIFIED.);
#1280=B_SPLINE_CURVE_WITH_KNOTS('',1,(#2657,#2658),.UNSPECIFIED.,.F.,.F.,
(2,2),(12.0794833543574,14.9),.UNSPECIFIED.);
#1281=B_SPLINE_CURVE_WITH_KNOTS('',1,(#2659,#2660),.UNSPECIFIED.,.F.,.F.,
(2,2),(-59.3752158108998,-58.3752158108998),.UNSPECIFIED.);
#1282=B_SPLINE_CURVE_WITH_KNOTS('',3,(#2661,#2662,#2663,#2664),
 .UNSPECIFIED.,.F.,.F.,(4,4),(0.,0.000968462407524418),.UNSPECIFIED.);
#1283=B_SPLINE_CURVE_WITH_KNOTS('',1,(#2665,#2666),.UNSPECIFIED.,.F.,.F.,
(2,2),(-34.1876079054499,-33.146186504315),.UNSPECIFIED.);
#1284=B_SPLINE_CURVE_WITH_KNOTS('',1,(#2667,#2668),.UNSPECIFIED.,.F.,.F.,
(2,2),(34.1876079054499,42.28760790545),.UNSPECIFIED.);
#1285=B_SPLINE_CURVE_WITH_KNOTS('',1,(#2669,#2670),.UNSPECIFIED.,.F.,.F.,
(2,2),(31.9780410172803,32.9780410172806),.UNSPECIFIED.);
#1286=B_SPLINE_CURVE_WITH_KNOTS('',1,(#2671,#2672),.UNSPECIFIED.,.F.,.F.,
(2,2),(0.,2.26929252921965),.UNSPECIFIED.);
#1287=B_SPLINE_CURVE_WITH_KNOTS('',1,(#2673,#2674),.UNSPECIFIED.,.F.,.F.,
(2,2),(31.9780410172803,32.9780410172806),.UNSPECIFIED.);
#1288=B_SPLINE_CURVE_WITH_KNOTS('',1,(#2675,#2676),.UNSPECIFIED.,.F.,.F.,
(2,2),(4.73670703590504,7.00599956512468),.UNSPECIFIED.);
#1289=B_SPLINE_CURVE_WITH_KNOTS('',1,(#2677,#2678),.UNSPECIFIED.,.F.,.F.,
(2,2),(0.,20.014803098236),.UNSPECIFIED.);
#1290=B_SPLINE_CURVE_WITH_KNOTS('',1,(#2679,#2680),.UNSPECIFIED.,.F.,.F.,
(2,2),(0.,6.00299978256223),.UNSPECIFIED.);
#1291=B_SPLINE_CURVE_WITH_KNOTS('',1,(#2681,#2682),.UNSPECIFIED.,.F.,.F.,
(2,2),(0.,20.014803098236),.UNSPECIFIED.);
#1292=B_SPLINE_CURVE_WITH_KNOTS('',1,(#2683,#2684),.UNSPECIFIED.,.F.,.F.,
(2,2),(0.,6.00299978256223),.UNSPECIFIED.);
#1293=B_SPLINE_CURVE_WITH_KNOTS('',1,(#2685,#2686),.UNSPECIFIED.,.F.,.F.,
(2,2),(0.,0.999999999999993),.UNSPECIFIED.);
#1294=B_SPLINE_CURVE_WITH_KNOTS('',1,(#2687,#2688),.UNSPECIFIED.,.F.,.F.,
(2,2),(-5.56936541083688,0.),.UNSPECIFIED.);
#1295=B_SPLINE_CURVE_WITH_KNOTS('',1,(#2689,#2690),.UNSPECIFIED.,.F.,.F.,
(2,2),(-38.4999999999997,-23.2438039527243),.UNSPECIFIED.);
#1296=B_SPLINE_CURVE_WITH_KNOTS('',1,(#2691,#2692),.UNSPECIFIED.,.F.,.F.,
(2,2),(9.1000000000001,15.1000000000001),.UNSPECIFIED.);
#1297=B_SPLINE_CURVE_WITH_KNOTS('',1,(#2693,#2694),.UNSPECIFIED.,.F.,.F.,
(2,2),(-3.69999999999999,-2.91433543964104E-16),.UNSPECIFIED.);
#1298=B_SPLINE_CURVE_WITH_KNOTS('',1,(#2695,#2696),.UNSPECIFIED.,.F.,.F.,
(2,2),(2.20299835206089,17.2178014502868),.UNSPECIFIED.);
#1299=B_SPLINE_CURVE_WITH_KNOTS('',1,(#2697,#2698),.UNSPECIFIED.,.F.,.F.,
(2,2),(-28.2,-11.2970016479492),.UNSPECIFIED.);
#1300=B_SPLINE_CURVE_WITH_KNOTS('',1,(#2699,#2700),.UNSPECIFIED.,.F.,.F.,
(2,2),(42.4373740696975,47.4373740697076),.UNSPECIFIED.);
#1301=B_SPLINE_CURVE_WITH_KNOTS('',1,(#2701,#2702),.UNSPECIFIED.,.F.,.F.,
(2,2),(14.249999999998,15.7999999999979),.UNSPECIFIED.);
#1302=B_SPLINE_CURVE_WITH_KNOTS('',1,(#2703,#2704),.UNSPECIFIED.,.F.,.F.,
(2,2),(12.949999999998,14.249999999998),.UNSPECIFIED.);
#1303=B_SPLINE_CURVE_WITH_KNOTS('',1,(#2705,#2706),.UNSPECIFIED.,.F.,.F.,
(2,2),(11.3999999999995,12.949999999998),.UNSPECIFIED.);
#1304=B_SPLINE_CURVE_WITH_KNOTS('',1,(#2707,#2708),.UNSPECIFIED.,.F.,.F.,
(2,2),(17.2178014502868,20.014803098236),.UNSPECIFIED.);
#1305=B_SPLINE_CURVE_WITH_KNOTS('',1,(#2709,#2710),.UNSPECIFIED.,.F.,.F.,
(2,2),(-13.0055525037977,-1.),.UNSPECIFIED.);
#1306=B_SPLINE_CURVE_WITH_KNOTS('',1,(#2711,#2712),.UNSPECIFIED.,.F.,.F.,
(2,2),(-122.131646829199,-113.634423094257),.UNSPECIFIED.);
#1307=B_SPLINE_CURVE_WITH_KNOTS('',1,(#2713,#2714),.UNSPECIFIED.,.F.,.F.,
(2,2),(97.5024110036847,100.302411003685),.UNSPECIFIED.);
#1308=B_SPLINE_CURVE_WITH_KNOTS('',1,(#2715,#2716),.UNSPECIFIED.,.F.,.F.,
(2,2),(51.0873740697178,52.6373740697178),.UNSPECIFIED.);
#1309=B_SPLINE_CURVE_WITH_KNOTS('',1,(#2717,#2718),.UNSPECIFIED.,.F.,.F.,
(2,2),(49.7873740697077,51.0873740697178),.UNSPECIFIED.);
#1310=B_SPLINE_CURVE_WITH_KNOTS('',1,(#2719,#2720),.UNSPECIFIED.,.F.,.F.,
(2,2),(47.4373740697076,49.7873740697077),.UNSPECIFIED.);
#1311=B_SPLINE_CURVE_WITH_KNOTS('',1,(#2724,#2725),.UNSPECIFIED.,.F.,.F.,
(2,2),(-0.49999999999999,0.929000854488258),.UNSPECIFIED.);
#1312=B_SPLINE_CURVE_WITH_KNOTS('',1,(#2726,#2727),.UNSPECIFIED.,.F.,.F.,
(2,2),(23.8257826152411,25.254783355579),.UNSPECIFIED.);
#1313=B_SPLINE_CURVE_WITH_KNOTS('',3,(#2728,#2729,#2730,#2731,#2732,#2733,
#2734,#2735,#2736,#2737,#2738,#2739,#2740,#2741,#2742,#2743,#2744,#2745,
#2746,#2747),.UNSPECIFIED.,.F.,.F.,(4,1,1,1,1,1,1,1,1,1,1,1,1,1,1,1,1,4),
(3.81838433689488E-8,0.0845723137506001,0.171838901534954,0.261583771748959,
0.353538181681425,0.447382894083157,0.542752383338377,0.639241655294541,
0.736415493416817,0.833819681391836,0.930993519514096,1.02748279147026,
1.12285228072547,1.21669699312721,1.30865140305967,1.39839627327369,1.48566286105804,
1.57023457308723),.UNSPECIFIED.);
#1314=B_SPLINE_CURVE_WITH_KNOTS('',1,(#2748,#2749),.UNSPECIFIED.,.F.,.F.,
(2,2),(-20.014803098236,-5.00000000001011),.UNSPECIFIED.);
#1315=B_SPLINE_CURVE_WITH_KNOTS('',1,(#2750,#2751),.UNSPECIFIED.,.F.,.F.,
(2,2),(-6.00299978256228,0.),.UNSPECIFIED.);
#1316=B_SPLINE_CURVE_WITH_KNOTS('',1,(#2752,#2753),.UNSPECIFIED.,.F.,.F.,
(2,2),(0.,6.00299978256223),.UNSPECIFIED.);
#1317=B_SPLINE_CURVE_WITH_KNOTS('',1,(#2754,#2755),.UNSPECIFIED.,.F.,.F.,
(2,2),(8.34942722323596,24.9529983520507),.UNSPECIFIED.);
#1318=B_SPLINE_CURVE_WITH_KNOTS('',1,(#2756,#2757,#2758),.UNSPECIFIED.,
 .F.,.F.,(2,1,2),(-12.55,-6.54999999999999,-6.54700021743771),
 .UNSPECIFIED.);
#1319=B_SPLINE_CURVE_WITH_KNOTS('',1,(#2759,#2760,#2761),.UNSPECIFIED.,
 .F.,.F.,(2,1,2),(-8.85,-2.85,-2.84700021743772),.UNSPECIFIED.);
#1320=B_SPLINE_CURVE_WITH_KNOTS('',1,(#2762,#2763),.UNSPECIFIED.,.F.,.F.,
(2,2),(-16.25,-12.55),.UNSPECIFIED.);
#1321=B_SPLINE_CURVE_WITH_KNOTS('',1,(#2764,#2765,#2766),.UNSPECIFIED.,
 .F.,.F.,(2,1,2),(-12.55,-6.54999999999999,-6.54700021743771),
 .UNSPECIFIED.);
#1322=B_SPLINE_CURVE_WITH_KNOTS('',1,(#2767,#2768),.UNSPECIFIED.,.F.,.F.,
(2,2),(-7.7,-2.34534613952064E-15),.UNSPECIFIED.);
#1323=B_SPLINE_CURVE_WITH_KNOTS('',1,(#2769,#2770,#2771),.UNSPECIFIED.,
 .F.,.F.,(2,1,2),(-20.25,-14.25,-14.2470002174377),.UNSPECIFIED.);
#1324=B_SPLINE_CURVE_WITH_KNOTS('',1,(#2772,#2773),.UNSPECIFIED.,.F.,.F.,
(2,2),(-3.69999999999946,-2.84494650060196E-16),.UNSPECIFIED.);
#1325=B_SPLINE_CURVE_WITH_KNOTS('',1,(#2774,#2775,#2776),.UNSPECIFIED.,
 .F.,.F.,(2,1,2),(-23.9499999999994,-17.9499999999994,-17.9470002174372),
 .UNSPECIFIED.);
#1326=B_SPLINE_CURVE_WITH_KNOTS('',1,(#2777,#2778),.UNSPECIFIED.,.F.,.F.,
(2,2),(-27.0499999999965,-25.499999999998),.UNSPECIFIED.);
#1327=B_SPLINE_CURVE_WITH_KNOTS('',1,(#2779,#2780,#2781),.UNSPECIFIED.,
 .F.,.F.,(2,1,2),(-25.499999999998,-19.499999999998,-19.4970002174357),
 .UNSPECIFIED.);
#1328=B_SPLINE_CURVE_WITH_KNOTS('',1,(#2782,#2783),.UNSPECIFIED.,.F.,.F.,
(2,2),(9.0734140718371,10.3734140718473),.UNSPECIFIED.);
#1329=B_SPLINE_CURVE_WITH_KNOTS('',1,(#2784,#2785),.UNSPECIFIED.,.F.,.F.,
(2,2),(0.,6.00299978256228),.UNSPECIFIED.);
#1330=B_SPLINE_CURVE_WITH_KNOTS('',1,(#2786,#2787),.UNSPECIFIED.,.F.,.F.,
(2,2),(-16.1510184000892,-12.55),.UNSPECIFIED.);
#1331=B_SPLINE_CURVE_WITH_KNOTS('',1,(#2788,#2789),.UNSPECIFIED.,.F.,.F.,
(2,2),(-10.4,-8.85),.UNSPECIFIED.);
#1332=B_SPLINE_CURVE_WITH_KNOTS('',1,(#2790,#2791,#2792),.UNSPECIFIED.,
 .F.,.F.,(2,1,2),(22.2232605637737,28.2232605637737,28.226260346336),
 .UNSPECIFIED.);
#1333=B_SPLINE_CURVE_WITH_KNOTS('',1,(#2793,#2794),.UNSPECIFIED.,.F.,.F.,
(2,2),(0.,6.00299978256228),.UNSPECIFIED.);
#1334=B_SPLINE_CURVE_WITH_KNOTS('',1,(#2795,#2796),.UNSPECIFIED.,.F.,.F.,
(2,2),(9.07341407183721,10.3734140718473),.UNSPECIFIED.);
#1335=B_SPLINE_CURVE_WITH_KNOTS('',1,(#2797,#2798),.UNSPECIFIED.,.F.,.F.,
(2,2),(0.,0.904262404399598),.UNSPECIFIED.);
#1336=B_SPLINE_CURVE_WITH_KNOTS('',1,(#2799,#2800),.UNSPECIFIED.,.F.,.F.,
(2,2),(2.67430796194771,3.27073635633893),.UNSPECIFIED.);
#1337=B_SPLINE_CURVE_WITH_KNOTS('',1,(#2801,#2802,#2803),.UNSPECIFIED.,
 .F.,.F.,(2,1,2),(0.,5.4,6.00299978256228),.UNSPECIFIED.);
#1338=B_SPLINE_CURVE_WITH_KNOTS('',1,(#2804,#2805),.UNSPECIFIED.,.F.,.F.,
(2,2),(-1.04391549765758,-0.0409157150951785),.UNSPECIFIED.);
#1339=B_SPLINE_CURVE_WITH_KNOTS('',1,(#2806,#2807,#2808),.UNSPECIFIED.,
 .F.,.F.,(2,1,2),(-67.3639495998986,-63.3253214764885,-61.8239046772804),
 .UNSPECIFIED.);
#1340=B_SPLINE_CURVE_WITH_KNOTS('',1,(#2809,#2810),.UNSPECIFIED.,.F.,.F.,
(2,2),(-11.6841741310884,-10.708297542117),.UNSPECIFIED.);
#1341=B_SPLINE_CURVE_WITH_KNOTS('',1,(#2811,#2812),.UNSPECIFIED.,.F.,.F.,
(2,2),(23.2438039527243,38.4999999999997),.UNSPECIFIED.);
#1342=B_SPLINE_CURVE_WITH_KNOTS('',1,(#2813,#2814),.UNSPECIFIED.,.F.,.F.,
(2,2),(-22.5028009543164,-13.5573984462032),.UNSPECIFIED.);
#1343=B_SPLINE_CURVE_WITH_KNOTS('',1,(#2815,#2816),.UNSPECIFIED.,.F.,.F.,
(2,2),(0.,2.10000000000048),.UNSPECIFIED.);
#1344=B_SPLINE_CURVE_WITH_KNOTS('',1,(#2817,#2818),.UNSPECIFIED.,.F.,.F.,
(2,2),(0.,4.73670703590505),.UNSPECIFIED.);
#1345=B_SPLINE_CURVE_WITH_KNOTS('',1,(#2819,#2820),.UNSPECIFIED.,.F.,.F.,
(2,2),(0.,0.0888501171625575),.UNSPECIFIED.);
#1346=B_SPLINE_CURVE_WITH_KNOTS('',1,(#2821,#2822),.UNSPECIFIED.,.F.,.F.,
(2,2),(-7.70041808095812E-11,4.7367070358134),.UNSPECIFIED.);
#1347=B_SPLINE_CURVE_WITH_KNOTS('',1,(#2823,#2824),.UNSPECIFIED.,.F.,.F.,
(2,2),(-4.24380442956203,0.),.UNSPECIFIED.);
#1348=B_SPLINE_CURVE_WITH_KNOTS('',1,(#2825,#2826),.UNSPECIFIED.,.F.,.F.,
(2,2),(-4.2438044295618,-0.0888501171625575),.UNSPECIFIED.);
#1349=B_SPLINE_CURVE_WITH_KNOTS('',1,(#2827,#2828),.UNSPECIFIED.,.F.,.F.,
(2,2),(56.0310029493064,60.6317758817072),.UNSPECIFIED.);
#1350=B_SPLINE_CURVE_WITH_KNOTS('',1,(#2829,#2830),.UNSPECIFIED.,.F.,.F.,
(2,2),(-3.69999999999951,0.),.UNSPECIFIED.);
#1351=B_SPLINE_CURVE_WITH_KNOTS('',1,(#2831,#2832),.UNSPECIFIED.,.F.,.F.,
(2,2),(0.,7.5635987786961),.UNSPECIFIED.);
#1352=B_SPLINE_CURVE_WITH_KNOTS('',1,(#2833,#2834),.UNSPECIFIED.,.F.,.F.,
(2,2),(-24.9529983520507,-12.9720412999026),.UNSPECIFIED.);
#1353=B_SPLINE_CURVE_WITH_KNOTS('',1,(#2835,#2836),.UNSPECIFIED.,.F.,.F.,
(2,2),(0.,2.26929252921949),.UNSPECIFIED.);
#1354=B_SPLINE_CURVE_WITH_KNOTS('',1,(#2837,#2838),.UNSPECIFIED.,.F.,.F.,
(2,2),(-14.8183153762303,-12.7183153762297),.UNSPECIFIED.);
#1355=B_SPLINE_CURVE_WITH_KNOTS('',1,(#2839,#2840),.UNSPECIFIED.,.F.,.F.,
(2,2),(58.3750830859088,58.569592805341),.UNSPECIFIED.);
#1356=B_SPLINE_CURVE_WITH_KNOTS('',1,(#2841,#2842),.UNSPECIFIED.,.F.,.F.,
(2,2),(-66.1780410172809,-64.2605227236892),.UNSPECIFIED.);
#1357=B_SPLINE_CURVE_WITH_KNOTS('',1,(#2843,#2844),.UNSPECIFIED.,.F.,.F.,
(2,2),(0.,0.0888446468972939),.UNSPECIFIED.);
#1358=B_SPLINE_CURVE_WITH_KNOTS('',1,(#2845,#2846),.UNSPECIFIED.,.F.,.F.,
(2,2),(-4.24380442956193,0.),.UNSPECIFIED.);
#1359=B_SPLINE_CURVE_WITH_KNOTS('',1,(#2847,#2848),.UNSPECIFIED.,.F.,.F.,
(2,2),(0.0888446468972939,4.2438044295618),.UNSPECIFIED.);
#1360=B_SPLINE_CURVE_WITH_KNOTS('',1,(#2849,#2850),.UNSPECIFIED.,.F.,.F.,
(2,2),(11.2039537435672,18.9264346176076),.UNSPECIFIED.);
#1361=B_SPLINE_CURVE_WITH_KNOTS('',1,(#2875,#2876,#2877,#2878),
 .UNSPECIFIED.,.F.,.F.,(2,1,1,2),(-31.,-27.3494311668265,-12.2,0.),
 .UNSPECIFIED.);
#1362=B_SPLINE_CURVE_WITH_KNOTS('',1,(#2879,#2880),.UNSPECIFIED.,.F.,.F.,
(2,2),(67.9272733847549,106.45454676951),.UNSPECIFIED.);
#1363=B_SPLINE_CURVE_WITH_KNOTS('',3,(#2881,#2882,#2883,#2884,#2885,#2886),
 .UNSPECIFIED.,.F.,.F.,(4,2,4),(0.,0.964078841676097,1.92666211542814),
 .UNSPECIFIED.);
#1364=B_SPLINE_CURVE_WITH_KNOTS('',1,(#2887,#2888),.UNSPECIFIED.,.F.,.F.,
(2,2),(-0.750531299702658,38.8690981807698),.UNSPECIFIED.);
#1365=B_SPLINE_CURVE_WITH_KNOTS('',3,(#2889,#2890,#2891,#2892,#2893,#2894),
 .UNSPECIFIED.,.F.,.F.,(4,2,4),(0.,1.00760044786805,2.01507276803456),
 .UNSPECIFIED.);
#1366=B_SPLINE_CURVE_WITH_KNOTS('',3,(#2895,#2896,#2897,#2898,#2899,#2900),
 .UNSPECIFIED.,.F.,.F.,(4,2,4),(0.,0.962602608360004,1.92669697588552),
 .UNSPECIFIED.);
#1367=B_SPLINE_CURVE_WITH_KNOTS('',3,(#2901,#2902,#2903,#2904,#2905,#2906),
 .UNSPECIFIED.,.F.,.F.,(4,2,4),(0.,1.00747232016666,2.01507276803456),
 .UNSPECIFIED.);
#1368=B_SPLINE_CURVE_WITH_KNOTS('',1,(#2907,#2908),.UNSPECIFIED.,.F.,.F.,
(2,2),(-1.11022302462516E-16,31.7),.UNSPECIFIED.);
#1369=B_SPLINE_CURVE_WITH_KNOTS('',1,(#2909,#2910),.UNSPECIFIED.,.F.,.F.,
(2,2),(-1.59999999999999,36.9272733847549),.UNSPECIFIED.);
#1370=B_SPLINE_CURVE_WITH_KNOTS('',1,(#2911,#2912),.UNSPECIFIED.,.F.,.F.,
(2,2),(-0.750531299703025,38.8691507493493),.UNSPECIFIED.);
#1371=B_SPLINE_CURVE_WITH_KNOTS('',1,(#2913,#2914),.UNSPECIFIED.,.F.,.F.,
(2,2),(3.5527136788005E-15,7.51533904026544),.UNSPECIFIED.);
#1372=B_SPLINE_CURVE_WITH_KNOTS('',1,(#2915,#2916),.UNSPECIFIED.,.F.,.F.,
(2,2),(-10.0000000000015,-2.43760213620597),.UNSPECIFIED.);
#1373=B_SPLINE_CURVE_WITH_KNOTS('',1,(#2920,#2921),.UNSPECIFIED.,.F.,.F.,
(2,2),(2.48466095973456,10.),.UNSPECIFIED.);
#1374=B_SPLINE_CURVE_WITH_KNOTS('',1,(#2922,#2923),.UNSPECIFIED.,.F.,.F.,
(2,2),(-9.99999999999984,-2.43760213620507),.UNSPECIFIED.);
#1375=B_SPLINE_CURVE_WITH_KNOTS('',1,(#2927,#2928),.UNSPECIFIED.,.F.,.F.,
(2,2),(0.947093511254635,14.5),.UNSPECIFIED.);
#1376=B_SPLINE_CURVE_WITH_KNOTS('',1,(#2932,#2933),.UNSPECIFIED.,.F.,.F.,
(2,2),(0.947095488906071,14.5),.UNSPECIFIED.);
#1377=B_SPLINE_CURVE_WITH_KNOTS('',3,(#2937,#2938,#2939,#2940,#2941,#2942),
 .UNSPECIFIED.,.F.,.F.,(4,2,4),(0.,0.709930588417638,1.41985339772511),
 .UNSPECIFIED.);
#1378=B_SPLINE_CURVE_WITH_KNOTS('',1,(#2943,#2944),.UNSPECIFIED.,.F.,.F.,
(2,2),(-50.7869762920198,-21.9659761928377),.UNSPECIFIED.);
#1379=B_SPLINE_CURVE_WITH_KNOTS('',1,(#2945,#2946),.UNSPECIFIED.,.F.,.F.,
(2,2),(-3.,-2.),.UNSPECIFIED.);
#1380=B_SPLINE_CURVE_WITH_KNOTS('',1,(#2947,#2948),.UNSPECIFIED.,.F.,.F.,
(2,2),(-2.,-1.15377517455187),.UNSPECIFIED.);
#1381=B_SPLINE_CURVE_WITH_KNOTS('',1,(#2949,#2950),.UNSPECIFIED.,.F.,.F.,
(2,2),(-3.84622482544813,-3.),.UNSPECIFIED.);
#1382=B_SPLINE_CURVE_WITH_KNOTS('',1,(#2951,#2952),.UNSPECIFIED.,.F.,.F.,
(2,2),(-5.,-4.),.UNSPECIFIED.);
#1383=B_SPLINE_CURVE_WITH_KNOTS('',1,(#2953,#2954),.UNSPECIFIED.,.F.,.F.,
(2,2),(-1.,0.),.UNSPECIFIED.);
#1384=B_SPLINE_CURVE_WITH_KNOTS('',1,(#2955,#2956),.UNSPECIFIED.,.F.,.F.,
(2,2),(-6.,-5.15377517455187),.UNSPECIFIED.);
#1385=B_SPLINE_CURVE_WITH_KNOTS('',1,(#2957,#2958),.UNSPECIFIED.,.F.,.F.,
(2,2),(0.153775174551869,1.),.UNSPECIFIED.);
#1386=B_SPLINE_CURVE_WITH_KNOTS('',1,(#2959,#2960),.UNSPECIFIED.,.F.,.F.,
(2,2),(21.2684426542287,22.2),.UNSPECIFIED.);
#1387=B_SPLINE_CURVE_WITH_KNOTS('',1,(#2961,#2962),.UNSPECIFIED.,.F.,.F.,
(2,2),(-12.,-11.0684426542287),.UNSPECIFIED.);
#1388=B_SPLINE_CURVE_WITH_KNOTS('',1,(#2966,#2967),.UNSPECIFIED.,.F.,.F.,
(2,2),(0.,6.99700021743774),.UNSPECIFIED.);
#1389=B_SPLINE_CURVE_WITH_KNOTS('',1,(#2968,#2969),.UNSPECIFIED.,.F.,.F.,
(2,2),(0.,6.99700021743775),.UNSPECIFIED.);
#1390=B_SPLINE_CURVE_WITH_KNOTS('',1,(#2970,#2971),.UNSPECIFIED.,.F.,.F.,
(2,2),(0.999999999999985,13.0055525037977),.UNSPECIFIED.);
#1391=B_SPLINE_CURVE_WITH_KNOTS('',1,(#2972,#2973),.UNSPECIFIED.,.F.,.F.,
(2,2),(0.,6.99700021743775),.UNSPECIFIED.);
#1392=B_SPLINE_CURVE_WITH_KNOTS('',1,(#2974,#2975),.UNSPECIFIED.,.F.,.F.,
(2,2),(3.50000000000004,8.00000000000004),.UNSPECIFIED.);
#1393=B_SPLINE_CURVE_WITH_KNOTS('',1,(#2976,#2977),.UNSPECIFIED.,.F.,.F.,
(2,2),(11.0954224543467,13.0954224543467),.UNSPECIFIED.);
#1394=B_SPLINE_CURVE_WITH_KNOTS('',1,(#2978,#2979,#2980),.UNSPECIFIED.,
 .F.,.F.,(2,1,2),(-8.42600250243749,-6.49700164794923,-5.49700164794923),
 .UNSPECIFIED.);
#1395=B_SPLINE_CURVE_WITH_KNOTS('',1,(#2981,#2982),.UNSPECIFIED.,.F.,.F.,
(2,2),(-0.539547930532858,-0.0739974975625231),.UNSPECIFIED.);
#1396=B_SPLINE_CURVE_WITH_KNOTS('',1,(#2983,#2984,#2985),.UNSPECIFIED.,
 .F.,.F.,(2,1,2),(-178.067178809716,-177.064179027154,-175.061178767754),
 .UNSPECIFIED.);
#1397=B_SPLINE_CURVE_WITH_KNOTS('',1,(#2986,#2987),.UNSPECIFIED.,.F.,.F.,
(2,2),(-8.00000000000004,-3.50000000000004),.UNSPECIFIED.);
#1398=B_SPLINE_CURVE_WITH_KNOTS('',1,(#2988,#2989),.UNSPECIFIED.,.F.,.F.,
(2,2),(0.,2.),.UNSPECIFIED.);
#1399=B_SPLINE_CURVE_WITH_KNOTS('',1,(#2990,#2991),.UNSPECIFIED.,.F.,.F.,
(2,2),(0.,0.50000007268663),.UNSPECIFIED.);
#1400=B_SPLINE_CURVE_WITH_KNOTS('',1,(#2992,#2993,#2994),.UNSPECIFIED.,
 .F.,.F.,(2,1,2),(-2.92900088817106,-1.9290008766713,0.),.UNSPECIFIED.);
#1401=B_SPLINE_CURVE_WITH_KNOTS('',1,(#3000,#3001),.UNSPECIFIED.,.F.,.F.,
(2,2),(0.,2.),.UNSPECIFIED.);
#1402=B_SPLINE_CURVE_WITH_KNOTS('',1,(#3002,#3003),.UNSPECIFIED.,.F.,.F.,
(2,2),(0.,2.),.UNSPECIFIED.);
#1403=B_SPLINE_CURVE_WITH_KNOTS('',1,(#3004,#3005),.UNSPECIFIED.,.F.,.F.,
(2,2),(-7.50799751281738,-6.50300025939941),.UNSPECIFIED.);
#1404=B_SPLINE_CURVE_WITH_KNOTS('',1,(#3006,#3007),.UNSPECIFIED.,.F.,.F.,
(2,2),(1.,2.),.UNSPECIFIED.);
#1405=B_SPLINE_CURVE_WITH_KNOTS('',1,(#3008,#3009),.UNSPECIFIED.,.F.,.F.,
(2,2),(0.,1.),.UNSPECIFIED.);
#1406=B_SPLINE_CURVE_WITH_KNOTS('',1,(#3010,#3011),.UNSPECIFIED.,.F.,.F.,
(2,2),(-1.,0.),.UNSPECIFIED.);
#1407=B_SPLINE_CURVE_WITH_KNOTS('',1,(#3012,#3013,#3014),.UNSPECIFIED.,
 .F.,.F.,(2,1,2),(1.,2.,3.),.UNSPECIFIED.);
#1408=B_SPLINE_CURVE_WITH_KNOTS('',1,(#3015,#3016,#3017),.UNSPECIFIED.,
 .F.,.F.,(2,1,2),(2.,3.,4.),.UNSPECIFIED.);
#1409=B_SPLINE_CURVE_WITH_KNOTS('',1,(#3018,#3019),.UNSPECIFIED.,.F.,.F.,
(2,2),(2.,3.),.UNSPECIFIED.);
#1410=B_SPLINE_CURVE_WITH_KNOTS('',1,(#3020,#3021),.UNSPECIFIED.,.F.,.F.,
(2,2),(2.,3.),.UNSPECIFIED.);
#1411=B_SPLINE_CURVE_WITH_KNOTS('',1,(#3022,#3023),.UNSPECIFIED.,.F.,.F.,
(2,2),(2.,2.99785295178156),.UNSPECIFIED.);
#1412=B_SPLINE_CURVE_WITH_KNOTS('',1,(#3024,#3025),.UNSPECIFIED.,.F.,.F.,
(2,2),(17.6004225687876,18.5982755205692),.UNSPECIFIED.);
#1413=B_SPLINE_CURVE_WITH_KNOTS('',1,(#3026,#3027),.UNSPECIFIED.,.F.,.F.,
(2,2),(-1.,-0.0340514458397485),.UNSPECIFIED.);
#1414=B_SPLINE_CURVE_WITH_KNOTS('',1,(#3028,#3029),.UNSPECIFIED.,.F.,.F.,
(2,2),(1.06800079345704,2.03394934761729),.UNSPECIFIED.);
#1415=B_SPLINE_CURVE_WITH_KNOTS('',1,(#3030,#3031),.UNSPECIFIED.,.F.,.F.,
(2,2),(0.,1.),.UNSPECIFIED.);
#1416=B_SPLINE_CURVE_WITH_KNOTS('',1,(#3032,#3033),.UNSPECIFIED.,.F.,.F.,
(2,2),(4.09939564875535,4.19879129751071),.UNSPECIFIED.);
#1417=B_SPLINE_CURVE_WITH_KNOTS('',1,(#3034,#3035),.UNSPECIFIED.,.F.,.F.,
(2,2),(2.,2.09939564875535),.UNSPECIFIED.);
#1418=B_SPLINE_CURVE_WITH_KNOTS('',1,(#3036,#3037),.UNSPECIFIED.,.F.,.F.,
(2,2),(0.,1.),.UNSPECIFIED.);
#1419=B_SPLINE_CURVE_WITH_KNOTS('',1,(#3038,#3039),.UNSPECIFIED.,.F.,.F.,
(2,2),(1.,2.),.UNSPECIFIED.);
#1420=B_SPLINE_CURVE_WITH_KNOTS('',1,(#3040,#3041),.UNSPECIFIED.,.F.,.F.,
(2,2),(-1.,0.),.UNSPECIFIED.);
#1421=B_SPLINE_CURVE_WITH_KNOTS('',1,(#3042,#3043),.UNSPECIFIED.,.F.,.F.,
(2,2),(1.,2.),.UNSPECIFIED.);
#1422=B_SPLINE_CURVE_WITH_KNOTS('',1,(#3044,#3045),.UNSPECIFIED.,.F.,.F.,
(2,2),(-1.,0.),.UNSPECIFIED.);
#1423=B_SPLINE_CURVE_WITH_KNOTS('',1,(#3046,#3047),.UNSPECIFIED.,.F.,.F.,
(2,2),(2.,3.),.UNSPECIFIED.);
#1424=B_SPLINE_CURVE_WITH_KNOTS('',1,(#3048,#3049),.UNSPECIFIED.,.F.,.F.,
(2,2),(1.,2.),.UNSPECIFIED.);
#1425=B_SPLINE_CURVE_WITH_KNOTS('',1,(#3050,#3051),.UNSPECIFIED.,.F.,.F.,
(2,2),(0.,0.0993956487553547),.UNSPECIFIED.);
#1426=B_SPLINE_CURVE_WITH_KNOTS('',1,(#3052,#3053),.UNSPECIFIED.,.F.,.F.,
(2,2),(0.,0.0993956487553547),.UNSPECIFIED.);
#1427=B_SPLINE_CURVE_WITH_KNOTS('',1,(#3054,#3055),.UNSPECIFIED.,.F.,.F.,
(2,2),(-1.,0.),.UNSPECIFIED.);
#1428=B_SPLINE_CURVE_WITH_KNOTS('',1,(#3062,#3063),.UNSPECIFIED.,.F.,.F.,
(2,2),(0.,4.5),.UNSPECIFIED.);
#1429=B_SPLINE_CURVE_WITH_KNOTS('',1,(#3064,#3065),.UNSPECIFIED.,.F.,.F.,
(2,2),(3.50000000000004,8.00000000000004),.UNSPECIFIED.);
#1430=B_SPLINE_CURVE_WITH_KNOTS('',1,(#3066,#3067,#3068,#3069),
 .UNSPECIFIED.,.F.,.F.,(2,1,1,2),(-1.45700329059904,-0.91281651458636,0.,
0.654000282287598),.UNSPECIFIED.);
#1431=B_SPLINE_CURVE_WITH_KNOTS('',1,(#3070,#3071,#3072),.UNSPECIFIED.,
 .F.,.F.,(2,1,2),(-0.654000282287598,5.55111512312578E-17,0.998876992079835),
 .UNSPECIFIED.);
#1432=B_SPLINE_CURVE_WITH_KNOTS('',1,(#3073,#3074),.UNSPECIFIED.,.F.,.F.,
(2,2),(0.299999999999997,3.9),.UNSPECIFIED.);
#1433=B_SPLINE_CURVE_WITH_KNOTS('',3,(#3075,#3076,#3077,#3078),
 .UNSPECIFIED.,.F.,.F.,(4,4),(0.,0.940501718000408),.UNSPECIFIED.);
#1434=B_SPLINE_CURVE_WITH_KNOTS('',3,(#3079,#3080,#3081,#3082),
 .UNSPECIFIED.,.F.,.F.,(4,4),(0.602834661573001,1.09753172728402),
 .UNSPECIFIED.);
#1435=B_SPLINE_CURVE_WITH_KNOTS('',3,(#3083,#3084,#3085,#3086),
 .UNSPECIFIED.,.F.,.F.,(4,4),(0.,0.494697065711009),.UNSPECIFIED.);
#1436=B_SPLINE_CURVE_WITH_KNOTS('',3,(#3087,#3088,#3089,#3090),
 .UNSPECIFIED.,.F.,.F.,(4,4),(0.,0.940501718000411),.UNSPECIFIED.);
#1437=B_SPLINE_CURVE_WITH_KNOTS('',3,(#3093,#3094,#3095,#3096,#3097,#3098,
#3099,#3100,#3101),.UNSPECIFIED.,.F.,.F.,(4,2,3,4),(0.,0.28388818060674,
0.565718261307432,0.602834661573001),.UNSPECIFIED.);
#1438=B_SPLINE_CURVE_WITH_KNOTS('',3,(#3102,#3103,#3104,#3105,#3106,#3107,
#3108,#3109,#3110),.UNSPECIFIED.,.F.,.F.,(4,3,2,4),(0.494697065711009,0.531813465976588,
0.813643546677261,1.09753172728403),.UNSPECIFIED.);
#1439=B_SPLINE_CURVE_WITH_KNOTS('',1,(#3111,#3112),.UNSPECIFIED.,.F.,.F.,
(2,2),(1.31578537902983,2.88421462097015),.UNSPECIFIED.);
#1440=B_SPLINE_CURVE_WITH_KNOTS('',1,(#3113,#3114),.UNSPECIFIED.,.F.,.F.,
(2,2),(0.299999999999997,3.9),.UNSPECIFIED.);
#1441=B_SPLINE_CURVE_WITH_KNOTS('',3,(#3115,#3116,#3117,#3118),
 .UNSPECIFIED.,.F.,.F.,(4,4),(0.,0.940501718000408),.UNSPECIFIED.);
#1442=B_SPLINE_CURVE_WITH_KNOTS('',3,(#3119,#3120,#3121,#3122),
 .UNSPECIFIED.,.F.,.F.,(4,4),(0.602834661573001,1.09753172728402),
 .UNSPECIFIED.);
#1443=B_SPLINE_CURVE_WITH_KNOTS('',3,(#3123,#3124,#3125,#3126),
 .UNSPECIFIED.,.F.,.F.,(4,4),(0.,0.494697065711009),.UNSPECIFIED.);
#1444=B_SPLINE_CURVE_WITH_KNOTS('',3,(#3127,#3128,#3129,#3130),
 .UNSPECIFIED.,.F.,.F.,(4,4),(0.,0.940501718000411),.UNSPECIFIED.);
#1445=B_SPLINE_CURVE_WITH_KNOTS('',3,(#3133,#3134,#3135,#3136,#3137,#3138,
#3139,#3140,#3141),.UNSPECIFIED.,.F.,.F.,(4,2,3,4),(0.,0.28388818060674,
0.565718261307432,0.602834661573001),.UNSPECIFIED.);
#1446=B_SPLINE_CURVE_WITH_KNOTS('',3,(#3142,#3143,#3144,#3145,#3146,#3147,
#3148,#3149,#3150),.UNSPECIFIED.,.F.,.F.,(4,3,2,4),(0.494697065711009,0.531813465976588,
0.813643546677261,1.09753172728403),.UNSPECIFIED.);
#1447=B_SPLINE_CURVE_WITH_KNOTS('',1,(#3151,#3152),.UNSPECIFIED.,.F.,.F.,
(2,2),(1.31578537902983,2.88421462097015),.UNSPECIFIED.);
#1448=B_SPLINE_CURVE_WITH_KNOTS('',1,(#3153,#3154),.UNSPECIFIED.,.F.,.F.,
(2,2),(0.299999999999997,3.9),.UNSPECIFIED.);
#1449=B_SPLINE_CURVE_WITH_KNOTS('',3,(#3155,#3156,#3157,#3158),
 .UNSPECIFIED.,.F.,.F.,(4,4),(0.,0.940501718000408),.UNSPECIFIED.);
#1450=B_SPLINE_CURVE_WITH_KNOTS('',3,(#3159,#3160,#3161,#3162),
 .UNSPECIFIED.,.F.,.F.,(4,4),(0.602834661573001,1.09753172728402),
 .UNSPECIFIED.);
#1451=B_SPLINE_CURVE_WITH_KNOTS('',3,(#3163,#3164,#3165,#3166),
 .UNSPECIFIED.,.F.,.F.,(4,4),(0.,0.494697065711009),.UNSPECIFIED.);
#1452=B_SPLINE_CURVE_WITH_KNOTS('',3,(#3167,#3168,#3169,#3170),
 .UNSPECIFIED.,.F.,.F.,(4,4),(0.,0.940501718000411),.UNSPECIFIED.);
#1453=B_SPLINE_CURVE_WITH_KNOTS('',3,(#3173,#3174,#3175,#3176,#3177,#3178,
#3179,#3180,#3181),.UNSPECIFIED.,.F.,.F.,(4,3,2,4),(0.494697065711009,0.531813465976588,
0.813643546677261,1.09753172728403),.UNSPECIFIED.);
#1454=B_SPLINE_CURVE_WITH_KNOTS('',1,(#3182,#3183),.UNSPECIFIED.,.F.,.F.,
(2,2),(1.31578537902983,2.88421462097015),.UNSPECIFIED.);
#1455=B_SPLINE_CURVE_WITH_KNOTS('',3,(#3184,#3185,#3186,#3187,#3188,#3189,
#3190,#3191,#3192),.UNSPECIFIED.,.F.,.F.,(4,2,3,4),(0.,0.28388818060674,
0.565718261307432,0.602834661573001),.UNSPECIFIED.);
#1456=B_SPLINE_CURVE_WITH_KNOTS('',1,(#3193,#3194),.UNSPECIFIED.,.F.,.F.,
(2,2),(0.299999999999997,3.9),.UNSPECIFIED.);
#1457=B_SPLINE_CURVE_WITH_KNOTS('',3,(#3195,#3196,#3197,#3198),
 .UNSPECIFIED.,.F.,.F.,(4,4),(0.,0.940501718000408),.UNSPECIFIED.);
#1458=B_SPLINE_CURVE_WITH_KNOTS('',3,(#3199,#3200,#3201,#3202),
 .UNSPECIFIED.,.F.,.F.,(4,4),(0.602834661573001,1.09753172728402),
 .UNSPECIFIED.);
#1459=B_SPLINE_CURVE_WITH_KNOTS('',3,(#3203,#3204,#3205,#3206),
 .UNSPECIFIED.,.F.,.F.,(4,4),(0.,0.494697065711009),.UNSPECIFIED.);
#1460=B_SPLINE_CURVE_WITH_KNOTS('',3,(#3207,#3208,#3209,#3210),
 .UNSPECIFIED.,.F.,.F.,(4,4),(0.,0.940501718000411),.UNSPECIFIED.);
#1461=B_SPLINE_CURVE_WITH_KNOTS('',3,(#3213,#3214,#3215,#3216,#3217,#3218,
#3219,#3220,#3221),.UNSPECIFIED.,.F.,.F.,(4,3,2,4),(0.494697065711009,0.531813465976588,
0.813643546677261,1.09753172728403),.UNSPECIFIED.);
#1462=B_SPLINE_CURVE_WITH_KNOTS('',1,(#3222,#3223),.UNSPECIFIED.,.F.,.F.,
(2,2),(1.31578537902983,2.88421462097015),.UNSPECIFIED.);
#1463=B_SPLINE_CURVE_WITH_KNOTS('',3,(#3224,#3225,#3226,#3227,#3228,#3229,
#3230,#3231,#3232),.UNSPECIFIED.,.F.,.F.,(4,2,3,4),(0.,0.28388818060674,
0.565718261307432,0.602834661573001),.UNSPECIFIED.);
#1464=B_SPLINE_CURVE_WITH_KNOTS('',1,(#3233,#3234),.UNSPECIFIED.,.F.,.F.,
(2,2),(0.,4.5),.UNSPECIFIED.);
#1465=B_SPLINE_CURVE_WITH_KNOTS('',1,(#3251,#3252),.UNSPECIFIED.,.F.,.F.,
(2,2),(0.0521875972899737,1.44781240271002),.UNSPECIFIED.);
#1466=B_SPLINE_CURVE_WITH_KNOTS('',1,(#3253,#3254),.UNSPECIFIED.,.F.,.F.,
(2,2),(0.,1.5),.UNSPECIFIED.);
#1467=B_SPLINE_CURVE_WITH_KNOTS('',1,(#3257,#3258),.UNSPECIFIED.,.F.,.F.,
(2,2),(0.27512650611666,1.22487349388334),.UNSPECIFIED.);
#1468=B_SPLINE_CURVE_WITH_KNOTS('',1,(#3261,#3262),.UNSPECIFIED.,.F.,.F.,
(2,2),(0.,1.5),.UNSPECIFIED.);
#1469=B_SPLINE_CURVE_WITH_KNOTS('',1,(#3263,#3264),.UNSPECIFIED.,.F.,.F.,
(2,2),(0.,1.5),.UNSPECIFIED.);
#1470=B_SPLINE_CURVE_WITH_KNOTS('',1,(#3265,#3266),.UNSPECIFIED.,.F.,.F.,
(2,2),(0.0521875972899737,1.44781240271002),.UNSPECIFIED.);
#1471=B_SPLINE_CURVE_WITH_KNOTS('',1,(#3269,#3270),.UNSPECIFIED.,.F.,.F.,
(2,2),(0.27512650611666,1.22487349388334),.UNSPECIFIED.);
#1472=B_SPLINE_CURVE_WITH_KNOTS('',1,(#3273,#3274),.UNSPECIFIED.,.F.,.F.,
(2,2),(0.,1.5),.UNSPECIFIED.);
#1473=B_SPLINE_CURVE_WITH_KNOTS('',1,(#3275,#3276,#3277,#3278,#3279,#3280),
 .UNSPECIFIED.,.F.,.F.,(2,1,1,1,1,2),(2.61749569078122,3.41449657579098,
3.97484845225243,4.97484845225243,5.83020452749188,6.62720541250165),
 .UNSPECIFIED.);
#1474=B_SPLINE_CURVE_WITH_KNOTS('',1,(#3281,#3282,#3283,#3284),
 .UNSPECIFIED.,.F.,.F.,(2,1,1,2),(1.5,1.8,2.32150992873776,2.62150992873776),
 .UNSPECIFIED.);
#1475=B_SPLINE_CURVE_WITH_KNOTS('',1,(#3285,#3286,#3287,#3288),
 .UNSPECIFIED.,.F.,.F.,(2,1,1,2),(1.5,1.8,2.26029704524535,3.05729793025512),
 .UNSPECIFIED.);
#1476=B_SPLINE_CURVE_WITH_KNOTS('',1,(#3289,#3290,#3291,#3292),
 .UNSPECIFIED.,.F.,.F.,(2,1,1,2),(2.61749569078122,3.41449657579098,3.59356847788647,
3.89356847788648),.UNSPECIFIED.);
#1477=B_SPLINE_CURVE_WITH_KNOTS('',1,(#3293,#3294,#3295,#3296),
 .UNSPECIFIED.,.F.,.F.,(2,1,1,2),(3.4167077972288,4.32313964980433,4.97410207399335,
5.62810235628095),.UNSPECIFIED.);
#1478=B_SPLINE_CURVE_WITH_KNOTS('',1,(#3297,#3298,#3299),.UNSPECIFIED.,
 .F.,.F.,(2,1,2),(3.41661808072043,4.41549507280026,5.06949535508786),
 .UNSPECIFIED.);
#1479=B_SPLINE_CURVE_WITH_KNOTS('',1,(#3300,#3301),.UNSPECIFIED.,.F.,.F.,
(2,2),(-8.00000000000004,-3.50000000000004),.UNSPECIFIED.);
#1480=B_SPLINE_CURVE_WITH_KNOTS('',1,(#3302,#3303),.UNSPECIFIED.,.F.,.F.,
(2,2),(0.,6.49700164794923),.UNSPECIFIED.);
#1481=B_SPLINE_CURVE_WITH_KNOTS('',1,(#3304,#3305),.UNSPECIFIED.,.F.,.F.,
(2,2),(-6.49700164794923,0.),.UNSPECIFIED.);
#1482=B_SPLINE_CURVE_WITH_KNOTS('',1,(#3306,#3307),.UNSPECIFIED.,.F.,.F.,
(2,2),(0.,6.49700164794923),.UNSPECIFIED.);
#1483=B_SPLINE_CURVE_WITH_KNOTS('',1,(#3308,#3309),.UNSPECIFIED.,.F.,.F.,
(2,2),(-6.49700164794923,0.),.UNSPECIFIED.);
#1484=B_SPLINE_CURVE_WITH_KNOTS('',3,(#3319,#3320,#3321,#3322,#3323,#3324,
#3325,#3326,#3327,#3328,#3329,#3330),.UNSPECIFIED.,.F.,.F.,(4,2,3,3,4),
(0.,5.48753488357364,8.84914283735579,8.98403117770079,8.9938768199549),
 .UNSPECIFIED.);
#1485=B_SPLINE_CURVE_WITH_KNOTS('',3,(#3334,#3335,#3336,#3337,#3338,#3339),
 .UNSPECIFIED.,.F.,.F.,(4,2,4),(0.,0.709851782238316,1.4197207412626),
 .UNSPECIFIED.);
#1486=B_SPLINE_CURVE_WITH_KNOTS('',3,(#3343,#3344,#3345,#3346,#3347,#3348,
#3349,#3350,#3351),.UNSPECIFIED.,.F.,.F.,(4,2,3,4),(0.,5.4880391062455,
8.84980302100848,8.99455529871511),.UNSPECIFIED.);
#1487=B_SPLINE_CURVE_WITH_KNOTS('',3,(#3355,#3356,#3357,#3358),
 .UNSPECIFIED.,.F.,.F.,(4,4),(0.,0.00098061992925545),.UNSPECIFIED.);
#1488=B_SPLINE_CURVE_WITH_KNOTS('',1,(#3362,#3363),.UNSPECIFIED.,.F.,.F.,
(2,2),(1.87347042243902,1.87463722829121),.UNSPECIFIED.);
#1489=B_SPLINE_CURVE_WITH_KNOTS('',1,(#3364,#3365),.UNSPECIFIED.,.F.,.F.,
(2,2),(1.87369507487416,1.87481995366209),.UNSPECIFIED.);
#1490=B_SPLINE_CURVE_WITH_KNOTS('',1,(#3366,#3367),.UNSPECIFIED.,.F.,.F.,
(2,2),(0.,1.87347042243902),.UNSPECIFIED.);
#1491=B_SPLINE_CURVE_WITH_KNOTS('',1,(#3368,#3369),.UNSPECIFIED.,.F.,.F.,
(2,2),(0.,1.87369507487416),.UNSPECIFIED.);
#1492=B_SPLINE_CURVE_WITH_KNOTS('',1,(#3380,#3381,#3382),.UNSPECIFIED.,
 .F.,.F.,(2,1,2),(205.271894110714,213.360914619354,228.515698063439),
 .UNSPECIFIED.);
#1493=B_SPLINE_CURVE_WITH_KNOTS('',1,(#3383,#3384,#3385,#3386),
 .UNSPECIFIED.,.F.,.F.,(2,1,1,2),(-6.6627265441141,-6.46572632667371,-4.72409842070114,
-3.22268162149307),.UNSPECIFIED.);
#1494=B_SPLINE_CURVE_WITH_KNOTS('',1,(#3387,#3388,#3389),.UNSPECIFIED.,
 .F.,.F.,(2,1,2),(-2.90422172806614,0.,2.79700164794921),.UNSPECIFIED.);
#1495=B_SPLINE_CURVE_WITH_KNOTS('',1,(#3390,#3391,#3392),.UNSPECIFIED.,
 .F.,.F.,(2,1,2),(0.,0.194450402259623,2.10000000000048),.UNSPECIFIED.);
#1496=B_SPLINE_CURVE_WITH_KNOTS('',1,(#3393,#3394,#3395),.UNSPECIFIED.,
 .F.,.F.,(2,1,2),(59.1780410172807,60.1780410172809,60.3724180117222),
 .UNSPECIFIED.);
#1497=B_SPLINE_CURVE_WITH_KNOTS('',1,(#3396,#3397,#3398),.UNSPECIFIED.,
 .F.,.F.,(2,1,2),(-9.16564601993741E-11,1.53425272000513,6.27095975591018),
 .UNSPECIFIED.);
#1498=B_SPLINE_CURVE_WITH_KNOTS('',1,(#3402,#3403,#3404,#3405,#3406,#3407),
 .UNSPECIFIED.,.F.,.F.,(2,1,1,1,1,2),(0.0434655302732212,0.084273611788819,
9.03248851975522,15.0582711093411,20.6324885197552,23.2872719638395),
 .UNSPECIFIED.);
#1499=B_SPLINE_CURVE_WITH_KNOTS('',3,(#3408,#3409,#3410,#3411,#3412,#3413,
#3414,#3415,#3416,#3417,#3418,#3419,#3420,#3421,#3422,#3423,#3424,#3425,
#3426,#3427,#3428,#3429,#3430,#3431,#3432,#3433,#3434,#3435,#3436,#3437,
#3438,#3439,#3440),.UNSPECIFIED.,.T.,.F.,(4,2,2,2,3,2,2,3,2,2,2,3,2,2,4),
(0.,1.22545974383598,2.45091614706412,3.67639587982134,4.90188425841697,
6.13293348780452,7.36398021270208,9.85020238268473,11.0756585703673,12.3011121445901,
13.52653208365,14.7519439619585,15.9830370168277,17.2141505644538,19.7006685188832),
 .UNSPECIFIED.);
#1500=B_SPLINE_CURVE_WITH_KNOTS('',1,(#3441,#3442),.UNSPECIFIED.,.F.,.F.,
(2,2),(0.,8.1000000000001),.UNSPECIFIED.);
#1501=B_SPLINE_CURVE_WITH_KNOTS('',1,(#3443,#3444,#3445),.UNSPECIFIED.,
 .F.,.F.,(2,1,2),(0.,0.700000000000005,2.96929252921963),.UNSPECIFIED.);
#1502=B_SPLINE_CURVE_WITH_KNOTS('',1,(#3446,#3447),.UNSPECIFIED.,.F.,.F.,
(2,2),(8.1000000000001,16.1000000000001),.UNSPECIFIED.);
#1503=B_SPLINE_CURVE_WITH_KNOTS('',1,(#3448,#3449,#3450),.UNSPECIFIED.,
 .F.,.F.,(2,1,2),(0.,0.699999999999985,5.06929252922011),.UNSPECIFIED.);
#1504=B_SPLINE_CURVE_WITH_KNOTS('',1,(#3451,#3452),.UNSPECIFIED.,.F.,.F.,
(2,2),(16.1000000000001,24.2000000000002),.UNSPECIFIED.);
#1505=B_SPLINE_CURVE_WITH_KNOTS('',1,(#3453,#3454),.UNSPECIFIED.,.F.,.F.,
(2,2),(24.2000000000002,32.2000000000002),.UNSPECIFIED.);
#1506=B_SPLINE_CURVE_WITH_KNOTS('',1,(#3455,#3456),.UNSPECIFIED.,.F.,.F.,
(2,2),(-27.3136357080457,-26.1876079054499),.UNSPECIFIED.);
#1507=B_SPLINE_CURVE_WITH_KNOTS('',1,(#3457,#3458,#3459),.UNSPECIFIED.,
 .F.,.F.,(2,1,2),(0.,0.699999999999981,5.06929252922011),.UNSPECIFIED.);
#1508=B_SPLINE_CURVE_WITH_KNOTS('',1,(#3460,#3461,#3462),.UNSPECIFIED.,
 .F.,.F.,(2,1,2),(0.,0.7,2.96929252921963),.UNSPECIFIED.);
#1509=B_SPLINE_CURVE_WITH_KNOTS('',1,(#3463,#3464,#3465),.UNSPECIFIED.,
 .F.,.F.,(2,1,2),(-14.9,-12.0041085733585,-11.9534555517616),
 .UNSPECIFIED.);
#1510=(
BOUNDED_CURVE()
B_SPLINE_CURVE(1,(#2584,#2585),.UNSPECIFIED.,.F.,.F.)
B_SPLINE_CURVE_WITH_KNOTS((2,2),(0.,8.01898176883168),.UNSPECIFIED.)
CURVE()
GEOMETRIC_REPRESENTATION_ITEM()
RATIONAL_B_SPLINE_CURVE((1.,1.))
REPRESENTATION_ITEM('')
);
#1511=(
BOUNDED_CURVE()
B_SPLINE_CURVE(1,(#2594,#2595),.UNSPECIFIED.,.F.,.F.)
B_SPLINE_CURVE_WITH_KNOTS((2,2),(0.,6.15619604727505),.UNSPECIFIED.)
CURVE()
GEOMETRIC_REPRESENTATION_ITEM()
RATIONAL_B_SPLINE_CURVE((1.,1.))
REPRESENTATION_ITEM('')
);
#1512=(
BOUNDED_CURVE()
B_SPLINE_CURVE(1,(#2600,#2601),.UNSPECIFIED.,.F.,.F.)
B_SPLINE_CURVE_WITH_KNOTS((2,2),(0.900970270657458,14.5),.UNSPECIFIED.)
CURVE()
GEOMETRIC_REPRESENTATION_ITEM()
RATIONAL_B_SPLINE_CURVE((1.,1.))
REPRESENTATION_ITEM('')
);
#1513=(
BOUNDED_CURVE()
B_SPLINE_CURVE(1,(#2602,#2603),.UNSPECIFIED.,.F.,.F.)
B_SPLINE_CURVE_WITH_KNOTS((2,2),(1.94289029309402E-15,13.5990297293425),
 .UNSPECIFIED.)
CURVE()
GEOMETRIC_REPRESENTATION_ITEM()
RATIONAL_B_SPLINE_CURVE((1.,1.))
REPRESENTATION_ITEM('')
);
#1514=(
BOUNDED_CURVE()
B_SPLINE_CURVE(2,(#2851,#2852,#2853),.UNSPECIFIED.,.F.,.F.)
B_SPLINE_CURVE_WITH_KNOTS((3,3),(14.1512519595359,18.8683359460479),
 .UNSPECIFIED.)
CURVE()
GEOMETRIC_REPRESENTATION_ITEM()
RATIONAL_B_SPLINE_CURVE((1.,0.707106781186548,1.))
REPRESENTATION_ITEM('')
);
#1515=(
BOUNDED_CURVE()
B_SPLINE_CURVE(1,(#2857,#2858),.UNSPECIFIED.,.F.,.F.)
B_SPLINE_CURVE_WITH_KNOTS((2,2),(0.,7.00599956512452),.UNSPECIFIED.)
CURVE()
GEOMETRIC_REPRESENTATION_ITEM()
RATIONAL_B_SPLINE_CURVE((1.,1.))
REPRESENTATION_ITEM('')
);
#1516=(
BOUNDED_CURVE()
B_SPLINE_CURVE(2,(#2862,#2863,#2864,#2865,#2866),.UNSPECIFIED.,.F.,.F.)
B_SPLINE_CURVE_WITH_KNOTS((3,2,3),(4.7907793875345,9.43416797302392,9.50013492728791),
 .UNSPECIFIED.)
CURVE()
GEOMETRIC_REPRESENTATION_ITEM()
RATIONAL_B_SPLINE_CURVE((1.,0.714910207883455,1.,0.99995070775374,1.))
REPRESENTATION_ITEM('')
);
#1517=(
BOUNDED_CURVE()
B_SPLINE_CURVE(1,(#2868,#2869),.UNSPECIFIED.,.F.,.F.)
B_SPLINE_CURVE_WITH_KNOTS((2,2),(0.,1.00299978256226),.UNSPECIFIED.)
CURVE()
GEOMETRIC_REPRESENTATION_ITEM()
RATIONAL_B_SPLINE_CURVE((1.,1.))
REPRESENTATION_ITEM('')
);
#1518=(
BOUNDED_CURVE()
B_SPLINE_CURVE(1,(#2872,#2873),.UNSPECIFIED.,.F.,.F.)
B_SPLINE_CURVE_WITH_KNOTS((2,2),(0.,6.99700021743775),.UNSPECIFIED.)
CURVE()
GEOMETRIC_REPRESENTATION_ITEM()
RATIONAL_B_SPLINE_CURVE((1.,1.))
REPRESENTATION_ITEM('')
);
#1519=(
BOUNDED_CURVE()
B_SPLINE_CURVE(2,(#2929,#2930,#2931),.UNSPECIFIED.,.F.,.F.)
B_SPLINE_CURVE_WITH_KNOTS((3,3),(67.9937954341811,69.8892688751994),
 .UNSPECIFIED.)
CURVE()
GEOMETRIC_REPRESENTATION_ITEM()
RATIONAL_B_SPLINE_CURVE((1.,0.72608219953987,1.))
REPRESENTATION_ITEM('')
);
#1520=(
BOUNDED_CURVE()
B_SPLINE_CURVE(2,(#2934,#2935,#2936),.UNSPECIFIED.,.F.,.F.)
B_SPLINE_CURVE_WITH_KNOTS((3,3),(84.9869762920198,113.807976391202),
 .UNSPECIFIED.)
CURVE()
GEOMETRIC_REPRESENTATION_ITEM()
RATIONAL_B_SPLINE_CURVE((1.,1.,1.))
REPRESENTATION_ITEM('')
);
#1521=(
BOUNDED_CURVE()
B_SPLINE_CURVE(1,(#2995,#2996),.UNSPECIFIED.,.F.,.F.)
B_SPLINE_CURVE_WITH_KNOTS((2,2),(0.,6.99730896399055),.UNSPECIFIED.)
CURVE()
GEOMETRIC_REPRESENTATION_ITEM()
RATIONAL_B_SPLINE_CURVE((1.,1.))
REPRESENTATION_ITEM('')
);
#1522=(
BOUNDED_CURVE()
B_SPLINE_CURVE(2,(#2997,#2998,#2999),.UNSPECIFIED.,.F.,.F.)
B_SPLINE_CURVE_WITH_KNOTS((3,3),(0.,1.57079632679498),.UNSPECIFIED.)
CURVE()
GEOMETRIC_REPRESENTATION_ITEM()
RATIONAL_B_SPLINE_CURVE((1.,0.707106781186554,1.))
REPRESENTATION_ITEM('')
);
#1523=(
BOUNDED_CURVE()
B_SPLINE_CURVE(1,(#3091,#3092),.UNSPECIFIED.,.F.,.F.)
B_SPLINE_CURVE_WITH_KNOTS((2,2),(0.799953645534196,3.40004635446581),
 .UNSPECIFIED.)
CURVE()
GEOMETRIC_REPRESENTATION_ITEM()
RATIONAL_B_SPLINE_CURVE((1.,1.))
REPRESENTATION_ITEM('')
);
#1524=(
BOUNDED_CURVE()
B_SPLINE_CURVE(1,(#3131,#3132),.UNSPECIFIED.,.F.,.F.)
B_SPLINE_CURVE_WITH_KNOTS((2,2),(0.799953645534196,3.40004635446581),
 .UNSPECIFIED.)
CURVE()
GEOMETRIC_REPRESENTATION_ITEM()
RATIONAL_B_SPLINE_CURVE((1.,1.))
REPRESENTATION_ITEM('')
);
#1525=(
BOUNDED_CURVE()
B_SPLINE_CURVE(1,(#3171,#3172),.UNSPECIFIED.,.F.,.F.)
B_SPLINE_CURVE_WITH_KNOTS((2,2),(0.799953645534196,3.40004635446581),
 .UNSPECIFIED.)
CURVE()
GEOMETRIC_REPRESENTATION_ITEM()
RATIONAL_B_SPLINE_CURVE((1.,1.))
REPRESENTATION_ITEM('')
);
#1526=(
BOUNDED_CURVE()
B_SPLINE_CURVE(1,(#3211,#3212),.UNSPECIFIED.,.F.,.F.)
B_SPLINE_CURVE_WITH_KNOTS((2,2),(0.799953645534196,3.40004635446581),
 .UNSPECIFIED.)
CURVE()
GEOMETRIC_REPRESENTATION_ITEM()
RATIONAL_B_SPLINE_CURVE((1.,1.))
REPRESENTATION_ITEM('')
);
#1527=(
BOUNDED_CURVE()
B_SPLINE_CURVE(1,(#3238,#3239),.UNSPECIFIED.,.F.,.F.)
B_SPLINE_CURVE_WITH_KNOTS((2,2),(0.,4.5),.UNSPECIFIED.)
CURVE()
GEOMETRIC_REPRESENTATION_ITEM()
RATIONAL_B_SPLINE_CURVE((1.,1.))
REPRESENTATION_ITEM('')
);
#1528=(
BOUNDED_CURVE()
B_SPLINE_CURVE(1,(#3246,#3247),.UNSPECIFIED.,.F.,.F.)
B_SPLINE_CURVE_WITH_KNOTS((2,2),(0.,4.5),.UNSPECIFIED.)
CURVE()
GEOMETRIC_REPRESENTATION_ITEM()
RATIONAL_B_SPLINE_CURVE((1.,1.))
REPRESENTATION_ITEM('')
);
#1529=(
BOUNDED_CURVE()
B_SPLINE_CURVE(1,(#3255,#3256),.UNSPECIFIED.,.F.,.F.)
B_SPLINE_CURVE_WITH_KNOTS((2,2),(0.27512650611666,1.22487349388334),
 .UNSPECIFIED.)
CURVE()
GEOMETRIC_REPRESENTATION_ITEM()
RATIONAL_B_SPLINE_CURVE((1.,1.))
REPRESENTATION_ITEM('')
);
#1530=(
BOUNDED_CURVE()
B_SPLINE_CURVE(1,(#3259,#3260),.UNSPECIFIED.,.F.,.F.)
B_SPLINE_CURVE_WITH_KNOTS((2,2),(0.052187597289974,1.44781240271002),
 .UNSPECIFIED.)
CURVE()
GEOMETRIC_REPRESENTATION_ITEM()
RATIONAL_B_SPLINE_CURVE((1.,1.))
REPRESENTATION_ITEM('')
);
#1531=(
BOUNDED_CURVE()
B_SPLINE_CURVE(1,(#3267,#3268),.UNSPECIFIED.,.F.,.F.)
B_SPLINE_CURVE_WITH_KNOTS((2,2),(0.275126506116659,1.22487349388334),
 .UNSPECIFIED.)
CURVE()
GEOMETRIC_REPRESENTATION_ITEM()
RATIONAL_B_SPLINE_CURVE((1.,1.))
REPRESENTATION_ITEM('')
);
#1532=(
BOUNDED_CURVE()
B_SPLINE_CURVE(1,(#3271,#3272),.UNSPECIFIED.,.F.,.F.)
B_SPLINE_CURVE_WITH_KNOTS((2,2),(0.0521875972899737,1.44781240271002),
 .UNSPECIFIED.)
CURVE()
GEOMETRIC_REPRESENTATION_ITEM()
RATIONAL_B_SPLINE_CURVE((1.,1.))
REPRESENTATION_ITEM('')
);
#1533=(
BOUNDED_CURVE()
B_SPLINE_CURVE(2,(#3310,#3311,#3312),.UNSPECIFIED.,.F.,.F.)
B_SPLINE_CURVE_WITH_KNOTS((3,3),(-84.9869762920198,-50.7869762920198),
 .UNSPECIFIED.)
CURVE()
GEOMETRIC_REPRESENTATION_ITEM()
RATIONAL_B_SPLINE_CURVE((1.,1.,1.))
REPRESENTATION_ITEM('')
);
#1534=(
BOUNDED_CURVE()
B_SPLINE_CURVE(2,(#3313,#3314,#3315),.UNSPECIFIED.,.F.,.F.)
B_SPLINE_CURVE_WITH_KNOTS((3,3),(-36.1423711581088,-34.2468977170906),
 .UNSPECIFIED.)
CURVE()
GEOMETRIC_REPRESENTATION_ITEM()
RATIONAL_B_SPLINE_CURVE((1.,0.726082199539873,1.))
REPRESENTATION_ITEM('')
);
#1535=(
BOUNDED_CURVE()
B_SPLINE_CURVE(2,(#3316,#3317,#3318),.UNSPECIFIED.,.F.,.F.)
B_SPLINE_CURVE_WITH_KNOTS((3,3),(-33.2060764677582,1.38197410509711),
 .UNSPECIFIED.)
CURVE()
GEOMETRIC_REPRESENTATION_ITEM()
RATIONAL_B_SPLINE_CURVE((1.,0.99825454173491,1.))
REPRESENTATION_ITEM('')
);
#1536=(
BOUNDED_CURVE()
B_SPLINE_CURVE(2,(#3331,#3332,#3333),.UNSPECIFIED.,.F.,.F.)
B_SPLINE_CURVE_WITH_KNOTS((3,3),(-1.37452437182829,33.2134884406118),
 .UNSPECIFIED.)
CURVE()
GEOMETRIC_REPRESENTATION_ITEM()
RATIONAL_B_SPLINE_CURVE((1.,0.998722544515866,1.))
REPRESENTATION_ITEM('')
);
#1537=(
BOUNDED_CURVE()
B_SPLINE_CURVE(2,(#3340,#3341,#3342),.UNSPECIFIED.,.F.,.F.)
B_SPLINE_CURVE_WITH_KNOTS((3,3),(-1.37451762884166,33.213493833071),
 .UNSPECIFIED.)
CURVE()
GEOMETRIC_REPRESENTATION_ITEM()
RATIONAL_B_SPLINE_CURVE((1.,0.998722769653183,1.))
REPRESENTATION_ITEM('')
);
#1538=(
BOUNDED_CURVE()
B_SPLINE_CURVE(2,(#3352,#3353,#3354),.UNSPECIFIED.,.F.,.F.)
B_SPLINE_CURVE_WITH_KNOTS((3,3),(-1.37771910631469,33.2103084751373),
 .UNSPECIFIED.)
CURVE()
GEOMETRIC_REPRESENTATION_ITEM()
RATIONAL_B_SPLINE_CURVE((1.,0.998521517783341,1.))
REPRESENTATION_ITEM('')
);
#1539=(
BOUNDED_CURVE()
B_SPLINE_CURVE(2,(#3359,#3360,#3361),.UNSPECIFIED.,.F.,.F.)
B_SPLINE_CURVE_WITH_KNOTS((3,3),(-1.37772252140464,33.210305840384),
 .UNSPECIFIED.)
CURVE()
GEOMETRIC_REPRESENTATION_ITEM()
RATIONAL_B_SPLINE_CURVE((1.,0.998521479377875,1.))
REPRESENTATION_ITEM('')
);
#1540=(
BOUNDED_CURVE()
B_SPLINE_CURVE(2,(#3370,#3371,#3372,#3373,#3374,#3375,#3376),
 .UNSPECIFIED.,.F.,.F.)
B_SPLINE_CURVE_WITH_KNOTS((3,2,2,3),(-17.9367093228969,-14.1512519595359,
-9.43416797302393,-8.44260203259012),.UNSPECIFIED.)
CURVE()
GEOMETRIC_REPRESENTATION_ITEM()
RATIONAL_B_SPLINE_CURVE((1.,0.80314486164885,1.,0.707106781186548,1.,0.987687348814538,
1.))
REPRESENTATION_ITEM('')
);
#1541=(
BOUNDED_CURVE()
B_SPLINE_CURVE(2,(#3377,#3378,#3379),.UNSPECIFIED.,.F.,.F.)
B_SPLINE_CURVE_WITH_KNOTS((3,3),(19.3354813420486,22.1559979876913),
 .UNSPECIFIED.)
CURVE()
GEOMETRIC_REPRESENTATION_ITEM()
RATIONAL_B_SPLINE_CURVE((1.,1.,1.))
REPRESENTATION_ITEM('')
);
#1542=(
BOUNDED_CURVE()
B_SPLINE_CURVE(1,(#3399,#3400,#3401),.UNSPECIFIED.,.F.,.F.)
B_SPLINE_CURVE_WITH_KNOTS((2,1,2),(0.,4.73670703590505,6.27095975598634),
 .UNSPECIFIED.)
CURVE()
GEOMETRIC_REPRESENTATION_ITEM()
RATIONAL_B_SPLINE_CURVE((1.,1.,1.))
REPRESENTATION_ITEM('')
);
#1543=TRIMMED_CURVE($,#1559,(#2582),(#2583),.T.,.CARTESIAN.);
#1544=TRIMMED_CURVE($,#1560,(#2587),(#2588),.T.,.CARTESIAN.);
#1545=TRIMMED_CURVE($,#1561,(#2590),(#2591),.T.,.CARTESIAN.);
#1546=TRIMMED_CURVE($,#1562,(#2605),(#2606),.T.,.CARTESIAN.);
#1547=TRIMMED_CURVE($,#1563,(#2722),(#2723),.T.,.CARTESIAN.);
#1548=TRIMMED_CURVE($,#1564,(#2855),(#2856),.T.,.CARTESIAN.);
#1549=TRIMMED_CURVE($,#1565,(#2860),(#2861),.T.,.CARTESIAN.);
#1550=TRIMMED_CURVE($,#1570,(#2918),(#2919),.T.,.CARTESIAN.);
#1551=TRIMMED_CURVE($,#1571,(#2925),(#2926),.T.,.CARTESIAN.);
#1552=TRIMMED_CURVE($,#1572,(#2964),(#2965),.T.,.CARTESIAN.);
#1553=TRIMMED_CURVE($,#1573,(#3057),(#3058),.T.,.CARTESIAN.);
#1554=TRIMMED_CURVE($,#1574,(#3060),(#3061),.T.,.CARTESIAN.);
#1555=TRIMMED_CURVE($,#1575,(#3236),(#3237),.T.,.CARTESIAN.);
#1556=TRIMMED_CURVE($,#1576,(#3241),(#3242),.T.,.CARTESIAN.);
#1557=TRIMMED_CURVE($,#1577,(#3244),(#3245),.T.,.CARTESIAN.);
#1558=TRIMMED_CURVE($,#1578,(#3249),(#3250),.T.,.CARTESIAN.);
#1559=CIRCLE('',#2075,3.10000000000431);
#1560=CIRCLE('',#2076,3.10000000002313);
#1561=CIRCLE('',#2077,3.10000000000432);
#1562=CIRCLE('',#2078,292.66);
#1563=CIRCLE('',#2079,0.999999999999986);
#1564=CIRCLE('',#2080,4.00298892972678);
#1565=CIRCLE('',#2081,4.00298892972681);
#1566=CIRCLE('',#2082,3.00298892972653);
#1567=CIRCLE('',#2083,3.0029889297268);
#1568=CIRCLE('',#2084,2.5024508207446);
#1569=CIRCLE('',#2085,2.5024508207446);
#1570=CIRCLE('',#2086,1.2500000000009);
#1571=CIRCLE('',#2087,1.2499999999992);
#1572=CIRCLE('',#2088,0.999999999999993);
#1573=CIRCLE('',#2089,1.00000031839993);
#1574=CIRCLE('',#2090,1.00000031839993);
#1575=CIRCLE('',#2091,1.24999999999999);
#1576=CIRCLE('',#2092,1.24999999999999);
#1577=CIRCLE('',#2093,1.24999999999999);
#1578=CIRCLE('',#2094,1.24999999999999);
#1579=VERTEX_POINT('',#2379);
#1580=VERTEX_POINT('',#2380);
#1581=VERTEX_POINT('',#2381);
#1582=VERTEX_POINT('',#2382);
#1583=VERTEX_POINT('',#2383);
#1584=VERTEX_POINT('',#2384);
#1585=VERTEX_POINT('',#2385);
#1586=VERTEX_POINT('',#2386);
#1587=VERTEX_POINT('',#2387);
#1588=VERTEX_POINT('',#2388);
#1589=VERTEX_POINT('',#2389);
#1590=VERTEX_POINT('',#2390);
#1591=VERTEX_POINT('',#2391);
#1592=VERTEX_POINT('',#2392);
#1593=VERTEX_POINT('',#2393);
#1594=VERTEX_POINT('',#2394);
#1595=VERTEX_POINT('',#2395);
#1596=VERTEX_POINT('',#2396);
#1597=VERTEX_POINT('',#2397);
#1598=VERTEX_POINT('',#2398);
#1599=VERTEX_POINT('',#2399);
#1600=VERTEX_POINT('',#2400);
#1601=VERTEX_POINT('',#2401);
#1602=VERTEX_POINT('',#2402);
#1603=VERTEX_POINT('',#2403);
#1604=VERTEX_POINT('',#2404);
#1605=VERTEX_POINT('',#2405);
#1606=VERTEX_POINT('',#2406);
#1607=VERTEX_POINT('',#2407);
#1608=VERTEX_POINT('',#2408);
#1609=VERTEX_POINT('',#2409);
#1610=VERTEX_POINT('',#2410);
#1611=VERTEX_POINT('',#2411);
#1612=VERTEX_POINT('',#2412);
#1613=VERTEX_POINT('',#2413);
#1614=VERTEX_POINT('',#2414);
#1615=VERTEX_POINT('',#2415);
#1616=VERTEX_POINT('',#2416);
#1617=VERTEX_POINT('',#2417);
#1618=VERTEX_POINT('',#2418);
#1619=VERTEX_POINT('',#2419);
#1620=VERTEX_POINT('',#2420);
#1621=VERTEX_POINT('',#2421);
#1622=VERTEX_POINT('',#2422);
#1623=VERTEX_POINT('',#2423);
#1624=VERTEX_POINT('',#2424);
#1625=VERTEX_POINT('',#2425);
#1626=VERTEX_POINT('',#2426);
#1627=VERTEX_POINT('',#2427);
#1628=VERTEX_POINT('',#2428);
#1629=VERTEX_POINT('',#2429);
#1630=VERTEX_POINT('',#2430);
#1631=VERTEX_POINT('',#2431);
#1632=VERTEX_POINT('',#2432);
#1633=VERTEX_POINT('',#2433);
#1634=VERTEX_POINT('',#2434);
#1635=VERTEX_POINT('',#2435);
#1636=VERTEX_POINT('',#2436);
#1637=VERTEX_POINT('',#2437);
#1638=VERTEX_POINT('',#2438);
#1639=VERTEX_POINT('',#2439);
#1640=VERTEX_POINT('',#2440);
#1641=VERTEX_POINT('',#2441);
#1642=VERTEX_POINT('',#2442);
#1643=VERTEX_POINT('',#2443);
#1644=VERTEX_POINT('',#2444);
#1645=VERTEX_POINT('',#2445);
#1646=VERTEX_POINT('',#2446);
#1647=VERTEX_POINT('',#2447);
#1648=VERTEX_POINT('',#2448);
#1649=VERTEX_POINT('',#2449);
#1650=VERTEX_POINT('',#2450);
#1651=VERTEX_POINT('',#2451);
#1652=VERTEX_POINT('',#2452);
#1653=VERTEX_POINT('',#2453);
#1654=VERTEX_POINT('',#2454);
#1655=VERTEX_POINT('',#2455);
#1656=VERTEX_POINT('',#2456);
#1657=VERTEX_POINT('',#2457);
#1658=VERTEX_POINT('',#2458);
#1659=VERTEX_POINT('',#2459);
#1660=VERTEX_POINT('',#2460);
#1661=VERTEX_POINT('',#2461);
#1662=VERTEX_POINT('',#2462);
#1663=VERTEX_POINT('',#2463);
#1664=VERTEX_POINT('',#2464);
#1665=VERTEX_POINT('',#2465);
#1666=VERTEX_POINT('',#2466);
#1667=VERTEX_POINT('',#2467);
#1668=VERTEX_POINT('',#2468);
#1669=VERTEX_POINT('',#2469);
#1670=VERTEX_POINT('',#2470);
#1671=VERTEX_POINT('',#2471);
#1672=VERTEX_POINT('',#2472);
#1673=VERTEX_POINT('',#2473);
#1674=VERTEX_POINT('',#2474);
#1675=VERTEX_POINT('',#2475);
#1676=VERTEX_POINT('',#2476);
#1677=VERTEX_POINT('',#2477);
#1678=VERTEX_POINT('',#2478);
#1679=VERTEX_POINT('',#2479);
#1680=VERTEX_POINT('',#2480);
#1681=VERTEX_POINT('',#2481);
#1682=VERTEX_POINT('',#2482);
#1683=VERTEX_POINT('',#2483);
#1684=VERTEX_POINT('',#2484);
#1685=VERTEX_POINT('',#2485);
#1686=VERTEX_POINT('',#2486);
#1687=VERTEX_POINT('',#2487);
#1688=VERTEX_POINT('',#2488);
#1689=VERTEX_POINT('',#2489);
#1690=VERTEX_POINT('',#2490);
#1691=VERTEX_POINT('',#2491);
#1692=VERTEX_POINT('',#2492);
#1693=VERTEX_POINT('',#2493);
#1694=VERTEX_POINT('',#2494);
#1695=VERTEX_POINT('',#2495);
#1696=VERTEX_POINT('',#2496);
#1697=VERTEX_POINT('',#2497);
#1698=VERTEX_POINT('',#2498);
#1699=VERTEX_POINT('',#2499);
#1700=VERTEX_POINT('',#2500);
#1701=VERTEX_POINT('',#2501);
#1702=VERTEX_POINT('',#2502);
#1703=VERTEX_POINT('',#2503);
#1704=VERTEX_POINT('',#2504);
#1705=VERTEX_POINT('',#2505);
#1706=VERTEX_POINT('',#2506);
#1707=VERTEX_POINT('',#2507);
#1708=VERTEX_POINT('',#2508);
#1709=VERTEX_POINT('',#2509);
#1710=VERTEX_POINT('',#2510);
#1711=VERTEX_POINT('',#2511);
#1712=VERTEX_POINT('',#2512);
#1713=VERTEX_POINT('',#2513);
#1714=VERTEX_POINT('',#2514);
#1715=VERTEX_POINT('',#2515);
#1716=VERTEX_POINT('',#2516);
#1717=VERTEX_POINT('',#2517);
#1718=VERTEX_POINT('',#2518);
#1719=VERTEX_POINT('',#2519);
#1720=VERTEX_POINT('',#2520);
#1721=VERTEX_POINT('',#2521);
#1722=VERTEX_POINT('',#2522);
#1723=VERTEX_POINT('',#2523);
#1724=VERTEX_POINT('',#2524);
#1725=VERTEX_POINT('',#2525);
#1726=VERTEX_POINT('',#2526);
#1727=VERTEX_POINT('',#2527);
#1728=VERTEX_POINT('',#2528);
#1729=VERTEX_POINT('',#2529);
#1730=VERTEX_POINT('',#2530);
#1731=VERTEX_POINT('',#2531);
#1732=VERTEX_POINT('',#2532);
#1733=VERTEX_POINT('',#2533);
#1734=VERTEX_POINT('',#2534);
#1735=VERTEX_POINT('',#2535);
#1736=VERTEX_POINT('',#2536);
#1737=VERTEX_POINT('',#2537);
#1738=VERTEX_POINT('',#2538);
#1739=VERTEX_POINT('',#2539);
#1740=VERTEX_POINT('',#2540);
#1741=VERTEX_POINT('',#2541);
#1742=VERTEX_POINT('',#2542);
#1743=VERTEX_POINT('',#2543);
#1744=VERTEX_POINT('',#2544);
#1745=VERTEX_POINT('',#2545);
#1746=VERTEX_POINT('',#2546);
#1747=VERTEX_POINT('',#2547);
#1748=VERTEX_POINT('',#2548);
#1749=VERTEX_POINT('',#2549);
#1750=VERTEX_POINT('',#2550);
#1751=VERTEX_POINT('',#2551);
#1752=VERTEX_POINT('',#2552);
#1753=VERTEX_POINT('',#2553);
#1754=VERTEX_POINT('',#2554);
#1755=VERTEX_POINT('',#2555);
#1756=VERTEX_POINT('',#2556);
#1757=VERTEX_POINT('',#2557);
#1758=VERTEX_POINT('',#2558);
#1759=VERTEX_POINT('',#2559);
#1760=VERTEX_POINT('',#2560);
#1761=VERTEX_POINT('',#2561);
#1762=VERTEX_POINT('',#2562);
#1763=VERTEX_POINT('',#2563);
#1764=VERTEX_POINT('',#2564);
#1765=VERTEX_POINT('',#2565);
#1766=VERTEX_POINT('',#2566);
#1767=VERTEX_POINT('',#2567);
#1768=VERTEX_POINT('',#2568);
#1769=VERTEX_POINT('',#2569);
#1770=VERTEX_POINT('',#2570);
#1771=VERTEX_POINT('',#2571);
#1772=VERTEX_POINT('',#2572);
#1773=VERTEX_POINT('',#2573);
#1774=VERTEX_POINT('',#2574);
#1775=VERTEX_POINT('',#2575);
#1776=VERTEX_POINT('',#2576);
#1777=VERTEX_POINT('',#2577);
#1778=VERTEX_POINT('',#2578);
#1779=VERTEX_POINT('',#2579);
#1780=VERTEX_POINT('',#2580);
#1781=(
BOUNDED_SURFACE()
B_SPLINE_SURFACE(1,2,((#2282,#2283,#2284),(#2285,#2286,#2287)),
 .UNSPECIFIED.,.F.,.F.,.F.)
B_SPLINE_SURFACE_WITH_KNOTS((2,2),(3,3),(0.,14.5),(0.,1.89547344101828),
 .UNSPECIFIED.)
GEOMETRIC_REPRESENTATION_ITEM()
RATIONAL_B_SPLINE_SURFACE(((1.,0.726082199539874,1.),(1.,0.726042239057101,
1.)))
REPRESENTATION_ITEM('')
SURFACE()
);
#1782=(
BOUNDED_SURFACE()
B_SPLINE_SURFACE(1,2,((#2288,#2289,#2290),(#2291,#2292,#2293)),
 .UNSPECIFIED.,.F.,.F.,.F.)
B_SPLINE_SURFACE_WITH_KNOTS((2,2),(3,3),(-4.32986979603811E-15,14.5),(0.,
1.89547344101829),.UNSPECIFIED.)
GEOMETRIC_REPRESENTATION_ITEM()
RATIONAL_B_SPLINE_SURFACE(((1.,0.726042239057099,0.999944964243998),(1.,
0.726082199539871,1.)))
REPRESENTATION_ITEM('')
SURFACE()
);
#1783=(
BOUNDED_SURFACE()
B_SPLINE_SURFACE(2,2,((#2342,#2343,#2344),(#2345,#2346,#2347),(#2348,#2349,
#2350)),.UNSPECIFIED.,.F.,.F.,.F.)
B_SPLINE_SURFACE_WITH_KNOTS((3,3),(3,3),(1.89020104178297,3.30689662153648),
(-1.38197410509711,33.2134884406118),.UNSPECIFIED.)
GEOMETRIC_REPRESENTATION_ITEM()
RATIONAL_B_SPLINE_SURFACE(((0.997726495081896,0.996160720690064,0.997546197046701),
(0.889164293391155,0.887795454283089,0.889175068694454),(0.995870548011636,
0.994673764402612,0.99602263708398)))
REPRESENTATION_ITEM('')
SURFACE()
);
#1784=(
BOUNDED_SURFACE()
B_SPLINE_SURFACE(2,2,((#2352,#2353,#2354),(#2355,#2356,#2357),(#2358,#2359,
#2360),(#2361,#2362,#2363),(#2364,#2365,#2366)),.UNSPECIFIED.,.F.,.F.,.F.)
B_SPLINE_SURFACE_WITH_KNOTS((3,2,3),(3,3),(3.30790789500691,12.0548835622133,
12.1985861955738),(-1.37451762884169,33.2336688376272),.UNSPECIFIED.)
GEOMETRIC_REPRESENTATION_ITEM()
RATIONAL_B_SPLINE_SURFACE(((0.996022443346082,0.994737868678142,0.996000533450296),
(0.893597740224271,0.892957207994382,0.893610881372533),(1.00017421923286,
1.00015363778018,1.00017422810349),(1.00008710582233,1.00007681509599,1.00008711025765),
(1.,1.,1.)))
REPRESENTATION_ITEM('')
SURFACE()
);
#1785=PLANE('',#1976);
#1786=PLANE('',#1977);
#1787=PLANE('',#1978);
#1788=PLANE('',#1979);
#1789=PLANE('',#1980);
#1790=PLANE('',#1981);
#1791=PLANE('',#1982);
#1792=PLANE('',#1983);
#1793=PLANE('',#1984);
#1794=PLANE('',#1985);
#1795=PLANE('',#1986);
#1796=PLANE('',#1987);
#1797=PLANE('',#1988);
#1798=PLANE('',#1989);
#1799=PLANE('',#1990);
#1800=PLANE('',#1991);
#1801=PLANE('',#1992);
#1802=PLANE('',#1993);
#1803=PLANE('',#1994);
#1804=PLANE('',#1995);
#1805=PLANE('',#1996);
#1806=PLANE('',#1997);
#1807=PLANE('',#1998);
#1808=PLANE('',#1999);
#1809=PLANE('',#2000);
#1810=PLANE('',#2001);
#1811=PLANE('',#2002);
#1812=PLANE('',#2003);
#1813=PLANE('',#2004);
#1814=PLANE('',#2005);
#1815=PLANE('',#2009);
#1816=PLANE('',#2011);
#1817=PLANE('',#2014);
#1818=PLANE('',#2015);
#1819=PLANE('',#2016);
#1820=PLANE('',#2018);
#1821=PLANE('',#2019);
#1822=PLANE('',#2020);
#1823=PLANE('',#2022);
#1824=PLANE('',#2023);
#1825=PLANE('',#2024);
#1826=PLANE('',#2025);
#1827=PLANE('',#2026);
#1828=PLANE('',#2027);
#1829=PLANE('',#2028);
#1830=PLANE('',#2029);
#1831=PLANE('',#2030);
#1832=PLANE('',#2032);
#1833=PLANE('',#2033);
#1834=PLANE('',#2034);
#1835=PLANE('',#2035);
#1836=PLANE('',#2036);
#1837=PLANE('',#2037);
#1838=PLANE('',#2039);
#1839=PLANE('',#2041);
#1840=PLANE('',#2043);
#1841=PLANE('',#2047);
#1842=PLANE('',#2050);
#1843=PLANE('',#2051);
#1844=PLANE('',#2052);
#1845=PLANE('',#2055);
#1846=PLANE('',#2056);
#1847=PLANE('',#2057);
#1848=PLANE('',#2058);
#1849=PLANE('',#2059);
#1850=PLANE('',#2060);
#1851=PLANE('',#2061);
#1852=PLANE('',#2062);
#1853=PLANE('',#2064);
#1854=PLANE('',#2065);
#1855=PLANE('',#2066);
#1856=PLANE('',#2067);
#1857=PLANE('',#2068);
#1858=PLANE('',#2069);
#1859=PLANE('',#2070);
#1860=PLANE('',#2071);
#1861=PLANE('',#2072);
#1862=PLANE('',#2073);
#1863=PLANE('',#2074);
#1864=CYLINDRICAL_SURFACE('',#1974,3.10000000000433);
#1865=CYLINDRICAL_SURFACE('',#1975,292.660000000005);
#1866=CYLINDRICAL_SURFACE('',#2006,4.0029889297268);
#1867=CYLINDRICAL_SURFACE('',#2007,4.0029889297268);
#1868=CYLINDRICAL_SURFACE('',#2008,3.00298892972653);
#1869=CYLINDRICAL_SURFACE('',#2010,2.5024508207446);
#1870=CYLINDRICAL_SURFACE('',#2012,1.24999999999999);
#1871=CYLINDRICAL_SURFACE('',#2013,1.25);
#1872=CYLINDRICAL_SURFACE('',#2017,0.999999999999993);
#1873=CYLINDRICAL_SURFACE('',#2021,1.00000000000001);
#1874=CYLINDRICAL_SURFACE('',#2031,1.00000031839992);
#1875=CYLINDRICAL_SURFACE('',#2038,0.199999999999999);
#1876=CYLINDRICAL_SURFACE('',#2040,0.199999999999999);
#1877=CYLINDRICAL_SURFACE('',#2042,0.199999999999996);
#1878=CYLINDRICAL_SURFACE('',#2044,0.200000000000001);
#1879=CYLINDRICAL_SURFACE('',#2045,1.24999999999999);
#1880=CYLINDRICAL_SURFACE('',#2046,1.24999999999999);
#1881=CYLINDRICAL_SURFACE('',#2048,0.800000000000023);
#1882=CYLINDRICAL_SURFACE('',#2049,0.799999999999985);
#1883=CYLINDRICAL_SURFACE('',#2053,0.800000000000022);
#1884=CYLINDRICAL_SURFACE('',#2054,0.800000000000031);
#1885=CYLINDRICAL_SURFACE('',#2063,398.026614743954);
#1886=SHAPE_DEFINITION_REPRESENTATION(#1887,#1972);
#1887=PRODUCT_DEFINITION_SHAPE($,$,#1889);
#1888=PRODUCT_DEFINITION_CONTEXT('3D Mechanical Parts',#1961,'design');
#1889=PRODUCT_DEFINITION('A','First version',#1931,#1888);
#1890=DATE_TIME_ROLE('classification_date');
#1891=DATE_TIME_ROLE('creation_date');
#1892=APPLIED_DATE_AND_TIME_ASSIGNMENT(#1916,#1890,(#1895));
#1893=APPLIED_DATE_AND_TIME_ASSIGNMENT(#1918,#1891,(#1889));
#1894=SECURITY_CLASSIFICATION_LEVEL('unclassified');
#1895=SECURITY_CLASSIFICATION('A','Security for version',#1894);
#1896=APPLIED_SECURITY_CLASSIFICATION_ASSIGNMENT(#1895,(#1931));
#1897=APPROVAL_ROLE('Version approval');
#1898=APPROVAL_ROLE('Version Security approval');
#1899=APPROVAL_ROLE('Definition approval');
#1900=APPROVAL_PERSON_ORGANIZATION(#1949,#1925,#1897);
#1901=APPROVAL_PERSON_ORGANIZATION(#1950,#1926,#1898);
#1902=APPROVAL_PERSON_ORGANIZATION(#1953,#1927,#1899);
#1903=COORDINATED_UNIVERSAL_TIME_OFFSET(5,0,.BEHIND.);
#1904=LOCAL_TIME(0,0,0.,#1903);
#1905=LOCAL_TIME(0,0,0.,#1903);
#1906=LOCAL_TIME(0,0,0.,#1903);
#1907=LOCAL_TIME(0,0,0.,#1903);
#1908=LOCAL_TIME(0,0,0.,#1903);
#1909=CALENDAR_DATE(1999,1,1);
#1910=CALENDAR_DATE(1999,1,1);
#1911=CALENDAR_DATE(1999,1,1);
#1912=CALENDAR_DATE(1999,1,1);
#1913=CALENDAR_DATE(1999,1,1);
#1914=DATE_AND_TIME(#1909,#1904);
#1915=DATE_AND_TIME(#1910,#1905);
#1916=DATE_AND_TIME(#1911,#1906);
#1917=DATE_AND_TIME(#1912,#1907);
#1918=DATE_AND_TIME(#1913,#1908);
#1919=APPROVAL_DATE_TIME(#1914,#1925);
#1920=APPROVAL_DATE_TIME(#1915,#1926);
#1921=APPROVAL_DATE_TIME(#1917,#1927);
#1922=APPROVAL_STATUS('not_yet_approved');
#1923=APPROVAL_STATUS('not_yet_approved');
#1924=APPROVAL_STATUS('approved');
#1925=APPROVAL(#1922,'Version approval');
#1926=APPROVAL(#1923,'Version Security approval');
#1927=APPROVAL(#1924,'Definition approval');
#1928=APPLIED_APPROVAL_ASSIGNMENT(#1925,(#1931));
#1929=APPLIED_APPROVAL_ASSIGNMENT(#1926,(#1895));
#1930=APPLIED_APPROVAL_ASSIGNMENT(#1927,(#1889));
#1931=PRODUCT_DEFINITION_FORMATION_WITH_SPECIFIED_SOURCE('A',
'First version',#1963,.MADE.);
#1932=PERSON_AND_ORGANIZATION_ROLE('design_owner');
#1933=PERSON_AND_ORGANIZATION_ROLE('creator');
#1934=PERSON_AND_ORGANIZATION_ROLE('design_supplier');
#1935=PERSON_AND_ORGANIZATION_ROLE('classification_officer');
#1936=PERSON_AND_ORGANIZATION_ROLE('creator');
#1937=ORGANIZATION('STI','lab','lab');
#1938=ORGANIZATION('STI','unknown','unknown');
#1939=ORGANIZATION('STI','unknown','unknown');
#1940=ORGANIZATION('STI','unknown','unknown');
#1941=ORGANIZATION('STI','unknown','unknown');
#1942=ORGANIZATION('STI','unknown','unknown');
#1943=ORGANIZATION('STI','unknown','unknown');
#1944=PERSON('1','Box','vc60',$,$,$);
#1945=PERSON('2','last','first',$,$,$);
#1946=PERSON('3','President','Mr.',$,$,$);
#1947=PERSON_AND_ORGANIZATION(#1944,#1937);
#1948=PERSON_AND_ORGANIZATION(#1945,#1938);
#1949=PERSON_AND_ORGANIZATION(#1946,#1939);
#1950=PERSON_AND_ORGANIZATION(#1946,#1940);
#1951=PERSON_AND_ORGANIZATION(#1946,#1941);
#1952=PERSON_AND_ORGANIZATION(#1945,#1942);
#1953=PERSON_AND_ORGANIZATION(#1946,#1943);
#1954=APPLIED_PERSON_AND_ORGANIZATION_ASSIGNMENT(#1947,#1932,(#1963));
#1955=APPLIED_PERSON_AND_ORGANIZATION_ASSIGNMENT(#1948,#1933,(#1931));
#1956=APPLIED_PERSON_AND_ORGANIZATION_ASSIGNMENT(#1948,#1934,(#1931));
#1957=APPLIED_PERSON_AND_ORGANIZATION_ASSIGNMENT(#1951,#1935,(#1895));
#1958=APPLIED_PERSON_AND_ORGANIZATION_ASSIGNMENT(#1952,#1936,(#1889));
#1959=PRODUCT_RELATED_PRODUCT_CATEGORY('detail','detail',(#1963));
#1960=APPLICATION_PROTOCOL_DEFINITION('International Standard',
'config_control_design',1994,#1961);
#1961=APPLICATION_CONTEXT(
'configuration controlled 3d designs of mechanical parts and assemblie
s');
#1962=PRODUCT_CONTEXT('3D Mechanical Parts',#1961,'mechanical');
#1963=PRODUCT('Document','Document','',(#1962));
#1964=(
LENGTH_UNIT()
NAMED_UNIT(*)
SI_UNIT(.MILLI.,.METRE.)
);
#1965=(
NAMED_UNIT(*)
PLANE_ANGLE_UNIT()
SI_UNIT($,.RADIAN.)
);
#1966=DIMENSIONAL_EXPONENTS(0.,0.,0.,0.,0.,0.,0.);
#1967=PLANE_ANGLE_MEASURE_WITH_UNIT(PLANE_ANGLE_MEASURE(0.01745329252),
#1965);
#1968=(
CONVERSION_BASED_UNIT('DEGREES',#1967)
NAMED_UNIT(#1966)
PLANE_ANGLE_UNIT()
);
#1969=(
NAMED_UNIT(*)
SI_UNIT($,.STERADIAN.)
SOLID_ANGLE_UNIT()
);
#1970=UNCERTAINTY_MEASURE_WITH_UNIT(LENGTH_MEASURE(0.001),#1964,
'DISTANCE_ACCURACY_VALUE',
'Maximum model space distance between geometric entities at asserted c
onnectivities');
#1971=(
GEOMETRIC_REPRESENTATION_CONTEXT(3)
GLOBAL_UNCERTAINTY_ASSIGNED_CONTEXT((#1970))
GLOBAL_UNIT_ASSIGNED_CONTEXT((#1969,#1968,#1964))
REPRESENTATION_CONTEXT('ID1','3D')
);
#1972=SHAPE_REPRESENTATION('Document',(#1973,#2095),#1971);
#1973=AXIS2_PLACEMENT_3D($,#2241,#2096,#2097);
#1974=AXIS2_PLACEMENT_3D('',#2242,#2098,$);
#1975=AXIS2_PLACEMENT_3D('',#2243,#2099,$);
#1976=AXIS2_PLACEMENT_3D('',#2244,#2100,$);
#1977=AXIS2_PLACEMENT_3D('',#2245,#2101,$);
#1978=AXIS2_PLACEMENT_3D('',#2246,#2102,$);
#1979=AXIS2_PLACEMENT_3D('',#2247,#2103,$);
#1980=AXIS2_PLACEMENT_3D('',#2248,#2104,$);
#1981=AXIS2_PLACEMENT_3D('',#2249,#2105,$);
#1982=AXIS2_PLACEMENT_3D('',#2250,#2106,$);
#1983=AXIS2_PLACEMENT_3D('',#2251,#2107,$);
#1984=AXIS2_PLACEMENT_3D('',#2252,#2108,$);
#1985=AXIS2_PLACEMENT_3D('',#2253,#2109,$);
#1986=AXIS2_PLACEMENT_3D('',#2254,#2110,$);
#1987=AXIS2_PLACEMENT_3D('',#2255,#2111,$);
#1988=AXIS2_PLACEMENT_3D('',#2256,#2112,$);
#1989=AXIS2_PLACEMENT_3D('',#2257,#2113,$);
#1990=AXIS2_PLACEMENT_3D('',#2258,#2114,$);
#1991=AXIS2_PLACEMENT_3D('',#2259,#2115,$);
#1992=AXIS2_PLACEMENT_3D('',#2260,#2116,$);
#1993=AXIS2_PLACEMENT_3D('',#2261,#2117,$);
#1994=AXIS2_PLACEMENT_3D('',#2262,#2118,$);
#1995=AXIS2_PLACEMENT_3D('',#2263,#2119,$);
#1996=AXIS2_PLACEMENT_3D('',#2264,#2120,$);
#1997=AXIS2_PLACEMENT_3D('',#2265,#2121,$);
#1998=AXIS2_PLACEMENT_3D('',#2266,#2122,$);
#1999=AXIS2_PLACEMENT_3D('',#2267,#2123,$);
#2000=AXIS2_PLACEMENT_3D('',#2268,#2124,$);
#2001=AXIS2_PLACEMENT_3D('',#2269,#2125,$);
#2002=AXIS2_PLACEMENT_3D('',#2270,#2126,$);
#2003=AXIS2_PLACEMENT_3D('',#2271,#2127,$);
#2004=AXIS2_PLACEMENT_3D('',#2272,#2128,$);
#2005=AXIS2_PLACEMENT_3D('',#2273,#2129,$);
#2006=AXIS2_PLACEMENT_3D('',#2274,#2130,$);
#2007=AXIS2_PLACEMENT_3D('',#2275,#2131,$);
#2008=AXIS2_PLACEMENT_3D('',#2276,#2132,$);
#2009=AXIS2_PLACEMENT_3D('',#2277,#2133,$);
#2010=AXIS2_PLACEMENT_3D('',#2278,#2134,$);
#2011=AXIS2_PLACEMENT_3D('',#2279,#2135,$);
#2012=AXIS2_PLACEMENT_3D('',#2280,#2136,$);
#2013=AXIS2_PLACEMENT_3D('',#2281,#2137,$);
#2014=AXIS2_PLACEMENT_3D('',#2294,#2138,$);
#2015=AXIS2_PLACEMENT_3D('',#2295,#2139,$);
#2016=AXIS2_PLACEMENT_3D('',#2296,#2140,$);
#2017=AXIS2_PLACEMENT_3D('',#2297,#2141,$);
#2018=AXIS2_PLACEMENT_3D('',#2298,#2142,$);
#2019=AXIS2_PLACEMENT_3D('',#2299,#2143,$);
#2020=AXIS2_PLACEMENT_3D('',#2300,#2144,$);
#2021=AXIS2_PLACEMENT_3D('',#2301,#2145,$);
#2022=AXIS2_PLACEMENT_3D('',#2302,#2146,$);
#2023=AXIS2_PLACEMENT_3D('',#2303,#2147,$);
#2024=AXIS2_PLACEMENT_3D('',#2304,#2148,$);
#2025=AXIS2_PLACEMENT_3D('',#2305,#2149,$);
#2026=AXIS2_PLACEMENT_3D('',#2306,#2150,$);
#2027=AXIS2_PLACEMENT_3D('',#2307,#2151,$);
#2028=AXIS2_PLACEMENT_3D('',#2308,#2152,$);
#2029=AXIS2_PLACEMENT_3D('',#2309,#2153,$);
#2030=AXIS2_PLACEMENT_3D('',#2310,#2154,$);
#2031=AXIS2_PLACEMENT_3D('',#2311,#2155,$);
#2032=AXIS2_PLACEMENT_3D('',#2312,#2156,$);
#2033=AXIS2_PLACEMENT_3D('',#2313,#2157,$);
#2034=AXIS2_PLACEMENT_3D('',#2314,#2158,$);
#2035=AXIS2_PLACEMENT_3D('',#2315,#2159,$);
#2036=AXIS2_PLACEMENT_3D('',#2316,#2160,$);
#2037=AXIS2_PLACEMENT_3D('',#2317,#2161,$);
#2038=AXIS2_PLACEMENT_3D('',#2318,#2162,$);
#2039=AXIS2_PLACEMENT_3D('',#2319,#2163,$);
#2040=AXIS2_PLACEMENT_3D('',#2320,#2164,$);
#2041=AXIS2_PLACEMENT_3D('',#2321,#2165,$);
#2042=AXIS2_PLACEMENT_3D('',#2322,#2166,$);
#2043=AXIS2_PLACEMENT_3D('',#2323,#2167,$);
#2044=AXIS2_PLACEMENT_3D('',#2324,#2168,$);
#2045=AXIS2_PLACEMENT_3D('',#2325,#2169,$);
#2046=AXIS2_PLACEMENT_3D('',#2326,#2170,$);
#2047=AXIS2_PLACEMENT_3D('',#2327,#2171,$);
#2048=AXIS2_PLACEMENT_3D('',#2328,#2172,$);
#2049=AXIS2_PLACEMENT_3D('',#2329,#2173,$);
#2050=AXIS2_PLACEMENT_3D('',#2330,#2174,$);
#2051=AXIS2_PLACEMENT_3D('',#2331,#2175,$);
#2052=AXIS2_PLACEMENT_3D('',#2332,#2176,$);
#2053=AXIS2_PLACEMENT_3D('',#2333,#2177,$);
#2054=AXIS2_PLACEMENT_3D('',#2334,#2178,$);
#2055=AXIS2_PLACEMENT_3D('',#2335,#2179,$);
#2056=AXIS2_PLACEMENT_3D('',#2336,#2180,$);
#2057=AXIS2_PLACEMENT_3D('',#2337,#2181,$);
#2058=AXIS2_PLACEMENT_3D('',#2338,#2182,$);
#2059=AXIS2_PLACEMENT_3D('',#2339,#2183,$);
#2060=AXIS2_PLACEMENT_3D('',#2340,#2184,$);
#2061=AXIS2_PLACEMENT_3D('',#2341,#2185,$);
#2062=AXIS2_PLACEMENT_3D('',#2351,#2186,$);
#2063=AXIS2_PLACEMENT_3D('',#2367,#2187,$);
#2064=AXIS2_PLACEMENT_3D('',#2368,#2188,$);
#2065=AXIS2_PLACEMENT_3D('',#2369,#2189,$);
#2066=AXIS2_PLACEMENT_3D('',#2370,#2190,$);
#2067=AXIS2_PLACEMENT_3D('',#2371,#2191,$);
#2068=AXIS2_PLACEMENT_3D('',#2372,#2192,$);
#2069=AXIS2_PLACEMENT_3D('',#2373,#2193,$);
#2070=AXIS2_PLACEMENT_3D('',#2374,#2194,$);
#2071=AXIS2_PLACEMENT_3D('',#2375,#2195,$);
#2072=AXIS2_PLACEMENT_3D('',#2376,#2196,$);
#2073=AXIS2_PLACEMENT_3D('',#2377,#2197,$);
#2074=AXIS2_PLACEMENT_3D('',#2378,#2198,$);
#2075=AXIS2_PLACEMENT_3D($,#2581,#2199,#2200);
#2076=AXIS2_PLACEMENT_3D($,#2586,#2201,#2202);
#2077=AXIS2_PLACEMENT_3D($,#2589,#2203,#2204);
#2078=AXIS2_PLACEMENT_3D($,#2604,#2205,#2206);
#2079=AXIS2_PLACEMENT_3D($,#2721,#2207,#2208);
#2080=AXIS2_PLACEMENT_3D($,#2854,#2209,#2210);
#2081=AXIS2_PLACEMENT_3D($,#2859,#2211,#2212);
#2082=AXIS2_PLACEMENT_3D($,#2867,#2213,#2214);
#2083=AXIS2_PLACEMENT_3D($,#2870,#2215,#2216);
#2084=AXIS2_PLACEMENT_3D($,#2871,#2217,#2218);
#2085=AXIS2_PLACEMENT_3D($,#2874,#2219,#2220);
#2086=AXIS2_PLACEMENT_3D($,#2917,#2221,#2222);
#2087=AXIS2_PLACEMENT_3D($,#2924,#2223,#2224);
#2088=AXIS2_PLACEMENT_3D($,#2963,#2225,#2226);
#2089=AXIS2_PLACEMENT_3D($,#3056,#2227,#2228);
#2090=AXIS2_PLACEMENT_3D($,#3059,#2229,#2230);
#2091=AXIS2_PLACEMENT_3D($,#3235,#2231,#2232);
#2092=AXIS2_PLACEMENT_3D($,#3240,#2233,#2234);
#2093=AXIS2_PLACEMENT_3D($,#3243,#2235,#2236);
#2094=AXIS2_PLACEMENT_3D($,#3248,#2237,#2238);
#2095=AXIS2_PLACEMENT_3D($,#3466,#2239,#2240);
#2096=DIRECTION('',(0.,0.,1.));
#2097=DIRECTION('',(1.,0.,0.));
#2098=DIRECTION('',(0.,1.,0.));
#2099=DIRECTION('',(0.,0.,-1.));
#2100=DIRECTION('',(0.,1.,0.));
#2101=DIRECTION('',(1.,0.,0.));
#2102=DIRECTION('',(0.,0.,1.));
#2103=DIRECTION('',(-1.,0.,0.));
#2104=DIRECTION('',(1.,0.,0.));
#2105=DIRECTION('',(-1.,0.,0.));
#2106=DIRECTION('',(0.,0.,1.));
#2107=DIRECTION('',(0.,0.,1.));
#2108=DIRECTION('',(1.,0.,0.));
#2109=DIRECTION('',(0.,1.,0.));
#2110=DIRECTION('',(-1.,0.,0.));
#2111=DIRECTION('',(0.,1.,0.));
#2112=DIRECTION('',(1.,0.,0.));
#2113=DIRECTION('',(0.,-1.,0.));
#2114=DIRECTION('',(1.,0.,0.));
#2115=DIRECTION('',(1.,0.,0.));
#2116=DIRECTION('',(0.,-1.,0.));
#2117=DIRECTION('',(-1.,0.,0.));
#2118=DIRECTION('',(0.,1.,0.));
#2119=DIRECTION('',(0.,1.,0.));
#2120=DIRECTION('',(0.,0.,1.));
#2121=DIRECTION('',(-1.,0.,0.));
#2122=DIRECTION('',(-1.,0.,0.));
#2123=DIRECTION('',(0.,-1.,0.));
#2124=DIRECTION('',(0.,0.,1.));
#2125=DIRECTION('',(-1.,0.,0.));
#2126=DIRECTION('',(0.,0.,1.));
#2127=DIRECTION('',(1.,0.,0.));
#2128=DIRECTION('',(0.,-1.,0.));
#2129=DIRECTION('',(0.,-1.,0.));
#2130=DIRECTION('',(0.,0.,-1.));
#2131=DIRECTION('',(0.,0.,-1.));
#2132=DIRECTION('',(0.,0.,1.));
#2133=DIRECTION('',(0.,0.,1.));
#2134=DIRECTION('',(0.,0.,-1.));
#2135=DIRECTION('',(0.,-0.0376204085410159,0.999292101870723));
#2136=DIRECTION('',(0.,0.,1.));
#2137=DIRECTION('',(-6.86160763727086E-15,-6.86160763727086E-15,-1.));
#2138=DIRECTION('',(-1.,0.,0.));
#2139=DIRECTION('',(1.,0.,0.));
#2140=DIRECTION('',(0.,-1.,0.));
#2141=DIRECTION('',(2.91434376810385E-13,-2.89658019970985E-13,-1.));
#2142=DIRECTION('',(0.,-1.,0.));
#2143=DIRECTION('',(1.,0.,0.));
#2144=DIRECTION('',(-1.,0.,0.));
#2145=DIRECTION('',(1.71984280141623E-13,1.71096101721923E-13,1.));
#2146=DIRECTION('',(0.,0.,-1.));
#2147=DIRECTION('',(0.,0.,-1.));
#2148=DIRECTION('',(0.,0.,-1.));
#2149=DIRECTION('',(0.,1.,0.));
#2150=DIRECTION('',(0.,0.,1.));
#2151=DIRECTION('',(0.,0.,-1.));
#2152=DIRECTION('',(0.,-1.,0.));
#2153=DIRECTION('',(1.,0.,0.));
#2154=DIRECTION('',(-1.,0.,0.));
#2155=DIRECTION('',(-1.,0.,0.));
#2156=DIRECTION('',(1.,0.,0.));
#2157=DIRECTION('',(-1.,0.,0.));
#2158=DIRECTION('',(0.,0.,1.));
#2159=DIRECTION('',(1.,0.,0.));
#2160=DIRECTION('',(0.,0.,-1.));
#2161=DIRECTION('',(0.,0.0574401985928669,-0.998348948807786));
#2162=DIRECTION('',(-1.,-9.46715711406414E-14,8.93811902138878E-14));
#2163=DIRECTION('',(0.,0.0574401985928669,-0.998348948807786));
#2164=DIRECTION('',(-1.,-1.89343142281283E-13,1.78762380427776E-13));
#2165=DIRECTION('',(5.54194994788363E-17,0.0574401985928669,0.998348948807786));
#2166=DIRECTION('',(1.,9.46715711406413E-14,8.93811902138876E-14));
#2167=DIRECTION('',(2.77097497394182E-17,0.0574401985928669,0.998348948807786));
#2168=DIRECTION('',(1.,1.89343142281283E-13,1.78762380427776E-13));
#2169=DIRECTION('',(-8.57700954658861E-16,8.57700954658861E-16,-1.));
#2170=DIRECTION('',(-8.57700954658849E-16,-8.57700954658849E-16,1.));
#2171=DIRECTION('',(0.965925826289069,0.25881904510252,-3.43165789576385E-15));
#2172=DIRECTION('',(4.08826445550679E-16,5.32792996930126E-16,1.));
#2173=DIRECTION('',(4.08826445550642E-16,-5.32792996930081E-16,1.));
#2174=DIRECTION('',(-0.965925826289067,0.258819045102527,1.14938745233729E-16));
#2175=DIRECTION('',(0.,1.,0.));
#2176=DIRECTION('',(0.965925826289067,0.258819045102527,-1.71582894788192E-15));
#2177=DIRECTION('',(4.08826445550675E-16,5.32792996930119E-16,1.));
#2178=DIRECTION('',(4.08826445550663E-16,-5.32792996930109E-16,1.));
#2179=DIRECTION('',(-0.965925826289069,0.25881904510252,-1.71582894788193E-15));
#2180=DIRECTION('',(0.,1.,0.));
#2181=DIRECTION('',(0.,1.,0.));
#2182=DIRECTION('',(-1.,0.,0.));
#2183=DIRECTION('',(0.,-1.,0.));
#2184=DIRECTION('',(0.,-1.,0.));
#2185=DIRECTION('',(0.,0.,-1.));
#2186=DIRECTION('',(0.,0.,-1.));
#2187=DIRECTION('',(2.29886669683656E-5,-0.00106720881596687,0.99999943026827));
#2188=DIRECTION('',(-2.20114281867982E-9,-0.000182299845426643,-0.999999983383383));
#2189=DIRECTION('',(0.,0.,-1.));
#2190=DIRECTION('',(0.,0.,1.));
#2191=DIRECTION('',(1.,0.,0.));
#2192=DIRECTION('',(0.,0.,1.));
#2193=DIRECTION('',(1.,0.,0.));
#2194=DIRECTION('',(0.,1.,0.));
#2195=DIRECTION('',(-1.,0.,0.));
#2196=DIRECTION('',(0.,0.,1.));
#2197=DIRECTION('',(0.,-1.,0.));
#2198=DIRECTION('',(0.,-1.,0.));
#2199=DIRECTION('',(-2.13813319465833E-16,1.,5.60042271913531E-16));
#2200=DIRECTION('',(0.946555314513595,1.43254583822402E-16,0.32254152688618));
#2201=DIRECTION('',(3.16457299176834E-14,1.,1.80028458650798E-14));
#2202=DIRECTION('',(-0.799969681742321,3.61001551230261E-14,-0.600040422215946));
#2203=DIRECTION('',(1.90836151470896E-16,1.,-5.30029308199183E-16));
#2204=DIRECTION('',(-0.934912684280332,0.,-0.354877827951739));
#2205=DIRECTION('',(8.73815953361837E-17,2.54449020291257E-15,1.));
#2206=DIRECTION('',(0.0543907209773161,0.998519729134867,-2.54547641616907E-15));
#2207=DIRECTION('',(-2.84189634893339E-13,2.79748742794835E-13,1.));
#2208=DIRECTION('',(7.1054273576011E-15,1.,-2.78888023785843E-13));
#2209=DIRECTION('',(-6.27568044277726E-16,1.51508328380724E-15,1.));
#2210=DIRECTION('',(1.77503047905905E-15,-1.,1.55315166917667E-15));
#2211=DIRECTION('',(6.69578540026556E-17,6.69578540026558E-17,-1.));
#2212=DIRECTION('',(0.,-1.,-8.32045537058923E-17));
#2213=DIRECTION('',(0.,0.,1.));
#2214=DIRECTION('',(0.309029053336332,0.951052598016561,0.));
#2215=DIRECTION('',(2.55255700543949E-14,1.34749573948148E-14,1.));
#2216=DIRECTION('',(0.309029053336238,0.951052598016591,-2.07035359882812E-14));
#2217=DIRECTION('',(0.,0.,1.));
#2218=DIRECTION('',(0.999999996255628,8.65375310976645E-5,0.));
#2219=DIRECTION('',(0.,0.,-1.));
#2220=DIRECTION('',(0.999999996255628,8.65375311005039E-5,0.));
#2221=DIRECTION('',(-1.62919862050079E-15,-3.34460052981846E-15,1.));
#2222=DIRECTION('',(-5.68434188607673E-14,-1.,-3.55271367879796E-15));
#2223=DIRECTION('',(-5.02429586779012E-16,-1.21297232253871E-15,1.));
#2224=DIRECTION('',(-1.,6.59383658785797E-13,0.));
#2225=DIRECTION('',(-2.84841915283209E-13,2.84070325315407E-13,1.));
#2226=DIRECTION('',(7.10542735760105E-15,1.,-2.84070325315409E-13));
#2227=DIRECTION('',(-1.,0.,0.));
#2228=DIRECTION('',(0.,-0.000797997213006607,-0.999999681600173));
#2229=DIRECTION('',(-1.,0.,0.));
#2230=DIRECTION('',(0.,-0.000797997213006607,-0.999999681600173));
#2231=DIRECTION('',(3.13521718706928E-18,3.13521718706929E-18,-1.));
#2232=DIRECTION('',(-1.,-1.42108547152021E-15,-3.13521718706927E-18));
#2233=DIRECTION('',(-1.71540190931772E-15,1.71540190931772E-15,-1.));
#2234=DIRECTION('',(-1.,-1.42108547152021E-15,2.13162820728031E-15));
#2235=DIRECTION('',(-1.70164009330475E-17,1.70164009330479E-17,1.));
#2236=DIRECTION('',(1.,-1.42108547152022E-14,1.70164009330478E-17));
#2237=DIRECTION('',(-1.71540190931769E-15,-1.71540190931769E-15,1.));
#2238=DIRECTION('',(1.,-1.42108547152022E-14,1.42108547152022E-15));
#2239=DIRECTION('',(0.,0.,1.));
#2240=DIRECTION('',(1.,0.,0.));
#2241=CARTESIAN_POINT('',(0.,0.,0.));
#2242=CARTESIAN_POINT('',(42.0191340767654,1.53714162472021,9.10012126665209));
#2243=CARTESIAN_POINT('',(48.4999999999998,-288.160000000005,7.25));
#2244=CARTESIAN_POINT('',(64.31,-36.,12.146559488042));
#2245=CARTESIAN_POINT('',(47.9,2.49999999999966,8.00000000000063));
#2246=CARTESIAN_POINT('',(57.7312738907667,-12.7561960472757,10.0999999999973));
#2247=CARTESIAN_POINT('',(64.,-36.385,13.6054753696702));
#2248=CARTESIAN_POINT('',(39.0794833543574,-20.3182264414497,5.73070747078053));
#2249=CARTESIAN_POINT('',(61.2,-32.7709991455117,0.994000434875479));
#2250=CARTESIAN_POINT('',(33.,-36.,8.00000000000016));
#2251=CARTESIAN_POINT('',(41.9369418693547,-20.0630491851582,6.99700021743774));
#2252=CARTESIAN_POINT('',(35.7970016479507,-32.8079991455117,0.932384132056611));
#2253=CARTESIAN_POINT('',(35.7200016479492,-32.7709991455117,7.21724701958119));
#2254=CARTESIAN_POINT('',(43.4970016479492,-32.8079991455117,7.21724701958119));
#2255=CARTESIAN_POINT('',(35.7970016479492,-32.7709991455117,0.994000434875479));
#2256=CARTESIAN_POINT('',(35.7970016479492,-12.7561960472757,0.994000434875479));
#2257=CARTESIAN_POINT('',(35.7815016479507,-29.0709991455123,0.93238413205662));
#2258=CARTESIAN_POINT('',(37.3470016479492,-29.1449991455121,7.05703021526338));
#2259=CARTESIAN_POINT('',(44.2970016479492,-32.8223735011651,7.21724701958119));
#2260=CARTESIAN_POINT('',(41.9315016479492,-29.0709991455117,0.932384132056622));
#2261=CARTESIAN_POINT('',(41.9470016479491,-29.1449991455119,7.05703021526338));
#2262=CARTESIAN_POINT('',(44.2970016479492,-27.7709991455016,6.99700021743777));
#2263=CARTESIAN_POINT('',(44.2970016479492,-27.7709991455016,6.99700021743777));
#2264=CARTESIAN_POINT('',(39.8652858801007,-22.1369723510596,8.00000000000003));
#2265=CARTESIAN_POINT('',(57.7312738907672,-12.7561960472757,8.00000000000016));
#2266=CARTESIAN_POINT('',(40.9970016479491,-17.0000004768375,0.994000434875479));
#2267=CARTESIAN_POINT('',(32.69,-12.7561960472755,10.1910599956519));
#2268=CARTESIAN_POINT('',(35.7970016479492,-32.7709991455117,0.994000434875479));
#2269=CARTESIAN_POINT('',(45.0794833543574,-11.7561960472755,5.73070747078051));
#2270=CARTESIAN_POINT('',(37.9702483928269,-17.0436999027989,5.73070747078053));
#2271=CARTESIAN_POINT('',(49.0029795074027,-17.0000004768375,0.994000434875478));
#2272=CARTESIAN_POINT('',(32.69,-12.7561960472755,10.1910599956519));
#2273=CARTESIAN_POINT('',(32.69,-12.7561960472755,10.1910599956519));
#2274=CARTESIAN_POINT('',(44.9999905776759,-17.0000004768375,4.));
#2275=CARTESIAN_POINT('',(44.9999905776759,-17.0000004768375,4.));
#2276=CARTESIAN_POINT('',(44.9999905776757,-17.0000004768372,7.49850010871899));
#2277=CARTESIAN_POINT('',(32.4893773116471,-36.5799267289056,6.99700021743777));
#2278=CARTESIAN_POINT('',(44.9995480899927,-17.0002165559157,3.49850010871887));
#2279=CARTESIAN_POINT('',(31.0579999999999,5.07084941070125,13.6368298416095));
#2280=CARTESIAN_POINT('',(64.35,-36.75,9.50000000000001));
#2281=CARTESIAN_POINT('',(32.65,-36.75,9.49999999999999));
#2282=CARTESIAN_POINT('',(32.5820115987783,4.06678392861007,14.5));
#2283=CARTESIAN_POINT('',(31.4,4.00239815716736,14.5));
#2284=CARTESIAN_POINT('',(31.4,2.81863426719149,14.5));
#2285=CARTESIAN_POINT('',(32.5820115987783,4.06678392861007,4.44089209850063E-16));
#2286=CARTESIAN_POINT('',(31.4000000000786,4.17847142783475,1.99473651104656E-15));
#2287=CARTESIAN_POINT('',(31.4000000001573,3.17078080852625,3.22672610321651E-15));
#2288=CARTESIAN_POINT('',(64.4179884012216,4.06678392861006,-4.21884749357559E-15));
#2289=CARTESIAN_POINT('',(65.5999999999998,4.1780689334445,-5.92869653948442E-15));
#2290=CARTESIAN_POINT('',(65.6,3.16997581974571,-9.83826155576161E-15));
#2291=CARTESIAN_POINT('',(64.4179884012216,4.06678392861006,14.5));
#2292=CARTESIAN_POINT('',(65.6,4.00239815716736,14.5));
#2293=CARTESIAN_POINT('',(65.6,2.81863426719204,14.5));
#2294=CARTESIAN_POINT('',(31.4,3.17078080852619,14.5000000000001));
#2295=CARTESIAN_POINT('',(65.6,3.16997581974627,14.5));
#2296=CARTESIAN_POINT('',(32.333,-38.,4.41984660959734));
#2297=CARTESIAN_POINT('',(42.4970016479492,-34.5709991455117,3.49850010871916));
#2298=CARTESIAN_POINT('',(41.4970016479492,-33.5709991455117,0.));
#2299=CARTESIAN_POINT('',(41.4970016479492,-38.0442900085449,-0.100030002593995));
#2300=CARTESIAN_POINT('',(55.502554151747,-38.0442900085449,-0.100030002593994));
#2301=CARTESIAN_POINT('',(54.5025541517469,-34.5709991455118,3.49880885527184));
#2302=CARTESIAN_POINT('',(54.4980010986328,-38.,10.0030002593994));
#2303=CARTESIAN_POINT('',(41.4970016479492,-38.,10.0030002593994));
#2304=CARTESIAN_POINT('',(42.5019989013672,-37.,4.5));
#2305=CARTESIAN_POINT('',(42.3820388793945,-35.0709991455078,6.56298014640808));
#2306=CARTESIAN_POINT('',(42.5019989013672,-36.,6.4980001449585));
#2307=CARTESIAN_POINT('',(42.3820388793945,-37.1203596217224,6.11979716204456E-17));
#2308=CARTESIAN_POINT('',(42.5019989013672,-37.,0.));
#2309=CARTESIAN_POINT('',(54.,-38.1095839493851,2.02));
#2310=CARTESIAN_POINT('',(43.,-38.1095839493851,-0.0199999999999999));
#2311=CARTESIAN_POINT('',(48.5,-37.0985976512883,0.999999999999993));
#2312=CARTESIAN_POINT('',(54.4980010986328,-38.,11.0030002593994));
#2313=CARTESIAN_POINT('',(42.5019989013672,-38.,-8.93504562872865E-16));
#2314=CARTESIAN_POINT('',(43.,-37.,2.));
#2315=CARTESIAN_POINT('',(62.,-35.75,0.));
#2316=CARTESIAN_POINT('',(31.0580000000005,-7.272621887844,4.5));
#2317=CARTESIAN_POINT('',(43.9,-9.61751186109929,0.0754567163551034));
#2318=CARTESIAN_POINT('',(42.1,-9.62899990081786,0.275126506116659));
#2319=CARTESIAN_POINT('',(56.7,-9.61751186109929,0.0754567163551034));
#2320=CARTESIAN_POINT('',(54.9,-9.62899990081787,0.275126506116659));
#2321=CARTESIAN_POINT('',(43.9,-9.61751186109929,1.4245432836449));
#2322=CARTESIAN_POINT('',(42.1,-9.62899990081786,1.22487349388335));
#2323=CARTESIAN_POINT('',(56.7,-9.61751186109929,1.4245432836449));
#2324=CARTESIAN_POINT('',(54.9,-9.62899990081787,1.22487349388334));
#2325=CARTESIAN_POINT('',(36.25,-12.1789999008179,2.25));
#2326=CARTESIAN_POINT('',(60.75,-12.1789999008179,2.25));
#2327=CARTESIAN_POINT('',(56.7,-10.9289999008179,1.5));
#2328=CARTESIAN_POINT('',(55.6842146209701,-10.2289999008179,0.776093798644988));
#2329=CARTESIAN_POINT('',(54.1157853790298,-10.2289999008179,0.776093798644987));
#2330=CARTESIAN_POINT('',(53.3430447179986,-10.0219446647359,1.5));
#2331=CARTESIAN_POINT('',(55.6842146209702,-9.42899990081787,1.3));
#2332=CARTESIAN_POINT('',(43.9,-10.9289999008179,1.5));
#2333=CARTESIAN_POINT('',(42.8842146209701,-10.2289999008179,0.776093798644988));
#2334=CARTESIAN_POINT('',(41.3157853790299,-10.2289999008179,0.776093798644987));
#2335=CARTESIAN_POINT('',(40.5430447179986,-10.0219446647358,1.5));
#2336=CARTESIAN_POINT('',(42.8842146209702,-9.42899990081787,1.3));
#2337=CARTESIAN_POINT('',(36.25,-10.9289999008179,4.5));
#2338=CARTESIAN_POINT('',(35.,-35.75,4.5));
#2339=CARTESIAN_POINT('',(41.4970016479492,-35.0709991455117,8.00000000000004));
#2340=CARTESIAN_POINT('',(61.9995557996962,-35.0709991455117,8.00000000000004));
#2341=CARTESIAN_POINT('',(35.,-10.9289999008179,0.));
#2342=CARTESIAN_POINT('',(65.604200267007,1.29593398318345,6.55884035777924E-15));
#2343=CARTESIAN_POINT('',(48.5021393200583,2.14946824538956,2.10997079901846E-7));
#2344=CARTESIAN_POINT('',(31.3968597805241,1.29580415720855,4.21408052691808E-7));
#2345=CARTESIAN_POINT('',(65.6031543757391,0.535808768262587,6.98583724759154E-15));
#2346=CARTESIAN_POINT('',(48.4994462444255,1.4266133212194,0.000285400192836487));
#2347=CARTESIAN_POINT('',(31.3958204535973,0.535820518527697,0.000569914750805678));
#2348=CARTESIAN_POINT('',(65.6073578508935,0.0865527871324442,0.612898480811287));
#2349=CARTESIAN_POINT('',(48.5024284543915,0.822536608310185,0.614074219751079));
#2350=CARTESIAN_POINT('',(31.4000000000002,0.0868379323237598,0.613680314930667));
#2351=CARTESIAN_POINT('',(65.6648090593026,3.98967306886654,-7.03859712287733E-15));
#2352=CARTESIAN_POINT('',(65.6000000000001,0.0862971481329486,0.613680363996134));
#2353=CARTESIAN_POINT('',(48.4902662893491,0.822099402993139,0.614861843258886));
#2354=CARTESIAN_POINT('',(31.3800763147551,0.0854009960707102,0.614470859055333));
#2355=CARTESIAN_POINT('',(65.6087059837918,-2.70640128742965,4.42720672030206));
#2356=CARTESIAN_POINT('',(48.498619222455,-2.29210704752488,4.43041900421832));
#2357=CARTESIAN_POINT('',(31.3887267396616,-2.70719121428366,4.42721471974463));
#2358=CARTESIAN_POINT('',(65.6197519189073,-7.43211498790193,4.49972433757014));
#2359=CARTESIAN_POINT('',(48.5097273274249,-7.42043645449106,4.49981693420731));
#2360=CARTESIAN_POINT('',(31.3997008007519,-7.43212002125896,4.49972429766171));
#2361=CARTESIAN_POINT('',(65.6199134721883,-7.50448417202911,4.50000001995718));
#2362=CARTESIAN_POINT('',(48.5098878749875,-7.49864520144425,4.50004632466901));
#2363=CARTESIAN_POINT('',(31.3998613068024,-7.50448668860589,4.5));
#2364=CARTESIAN_POINT('',(65.6200750536163,-7.57685335430099,4.5));
#2365=CARTESIAN_POINT('',(48.5100484472176,-7.57685335430099,4.5));
#2366=CARTESIAN_POINT('',(31.4000218408188,-7.57685335430099,4.5));
#2367=CARTESIAN_POINT('',(48.500397328147,-397.572328305311,0.189297403421996));
#2368=CARTESIAN_POINT('',(65.6,1.29731039126928,6.55798686857112E-15));
#2369=CARTESIAN_POINT('',(65.6,3.16917082578307,-5.17790680877459E-15));
#2370=CARTESIAN_POINT('',(33.,-36.,8.00000000000016));
#2371=CARTESIAN_POINT('',(33.,-36.385,6.93156977038582));
#2372=CARTESIAN_POINT('',(44.6146720271554,-12.9087580077483,10.1000000000006));
#2373=CARTESIAN_POINT('',(38.0794833543574,-3.65619604727538,5.03070747078053));
#2374=CARTESIAN_POINT('',(38.0794833543574,-11.7561960472755,5.03070747078053));
#2375=CARTESIAN_POINT('',(46.0794833543574,-11.7561960472755,5.03070747078053));
#2376=CARTESIAN_POINT('',(38.0794833543574,-3.65619604727538,5.03070747078053));
#2377=CARTESIAN_POINT('',(46.0794833543574,-3.65619604727538,5.03070747078053));
#2378=CARTESIAN_POINT('',(32.69,2.49999999999966,7.94459955077398));
#2379=CARTESIAN_POINT('',(39.5392280633619,-3.65619604727538,7.23999595777851));
#2380=CARTESIAN_POINT('',(39.5392280633619,4.3627857215563,7.23999595777851));
#2381=CARTESIAN_POINT('',(39.1209047554911,-3.65619604727538,8.00000000000275));
#2382=CARTESIAN_POINT('',(39.1209047554923,2.49999999999967,8.00000000000016));
#2383=CARTESIAN_POINT('',(44.9534555517616,2.49999999999967,10.1000000000006));
#2384=CARTESIAN_POINT('',(44.9534555517616,-3.65619604727538,10.1000000000006));
#2385=CARTESIAN_POINT('',(32.5820115987783,4.06678392861007,13.5990297293425));
#2386=CARTESIAN_POINT('',(64.4179884012215,4.06678392861009,13.5990297293425));
#2387=CARTESIAN_POINT('',(32.5820115987783,4.06678392861008,7.62746918876598E-16));
#2388=CARTESIAN_POINT('',(64.4179884012214,4.0667839286101,-2.01913152320667E-15));
#2389=CARTESIAN_POINT('',(55.5028502852794,-36.,6.99716687202454));
#2390=CARTESIAN_POINT('',(64.,-36.,6.99700021743773));
#2391=CARTESIAN_POINT('',(33.,-36.,6.99700021743778));
#2392=CARTESIAN_POINT('',(41.4970756813332,-36.,6.99708354473115));
#2393=CARTESIAN_POINT('',(54.4980010986328,-36.,10.0030002593994));
#2394=CARTESIAN_POINT('',(54.4980010986328,-36.,6.49800014495849));
#2395=CARTESIAN_POINT('',(42.5019989013672,-36.,10.0030002593994));
#2396=CARTESIAN_POINT('',(42.5019989013672,-36.,6.49800014495851));
#2397=CARTESIAN_POINT('',(33.,-36.,12.0906331579125));
#2398=CARTESIAN_POINT('',(64.,-36.,12.0906331579125));
#2399=CARTESIAN_POINT('',(55.50290951199,-36.,10.0030002593994));
#2400=CARTESIAN_POINT('',(41.4970608746564,-36.,10.0030002593994));
#2401=CARTESIAN_POINT('',(46.0794833543574,-11.7561960472755,10.1000000000006));
#2402=CARTESIAN_POINT('',(46.0794833543574,-3.65619604727538,10.1000000000006));
#2403=CARTESIAN_POINT('',(45.0794833543573,-11.7561960472755,5.73070747078051));
#2404=CARTESIAN_POINT('',(45.0794833543574,-11.7561960472755,10.1000000000006));
#2405=CARTESIAN_POINT('',(47.9,2.49999999999966,8.0000000000004));
#2406=CARTESIAN_POINT('',(47.9,-12.7561960472756,8.00000000000032));
#2407=CARTESIAN_POINT('',(47.9000000000075,-12.7561960472756,10.0999999999823));
#2408=CARTESIAN_POINT('',(47.9,2.49999999999966,10.1000000000006));
#2409=CARTESIAN_POINT('',(57.7312738907663,-12.7561960472757,10.0999999999995));
#2410=CARTESIAN_POINT('',(64.,-12.7561960472757,10.0999999999984));
#2411=CARTESIAN_POINT('',(64.,2.49999999999966,10.0999999999973));
#2412=CARTESIAN_POINT('',(57.7312738907669,2.49999999999966,10.0999999999984));
#2413=CARTESIAN_POINT('',(64.,2.49999999999967,13.5400449226184));
#2414=CARTESIAN_POINT('',(64.,-12.7561960472757,6.99700021743774));
#2415=CARTESIAN_POINT('',(45.0794833543574,-12.7561960472756,10.0999999999823));
#2416=CARTESIAN_POINT('',(38.0794833543574,-3.65619604727538,8.00000000000016));
#2417=CARTESIAN_POINT('',(38.0794833543574,-11.7561960472755,8.00000000000016));
#2418=CARTESIAN_POINT('',(39.0794833543574,-11.7561960472754,5.73070747078053));
#2419=CARTESIAN_POINT('',(39.0794833543574,-12.7561960472756,5.73070747078052));
#2420=CARTESIAN_POINT('',(39.0794833543574,-12.7561960472756,8.00000000000016));
#2421=CARTESIAN_POINT('',(39.0794833543574,-11.7561960472754,8.00000000000016));
#2422=CARTESIAN_POINT('',(61.2,-32.7709991455117,0.994000434875479));
#2423=CARTESIAN_POINT('',(61.2,-12.7561960472757,0.994000434875479));
#2424=CARTESIAN_POINT('',(61.2,-32.7709991455117,6.99700021743773));
#2425=CARTESIAN_POINT('',(61.2,-12.7561960472756,6.99700021743774));
#2426=CARTESIAN_POINT('',(33.,2.49999999999967,8.00000000000016));
#2427=CARTESIAN_POINT('',(33.,-12.7561960472756,8.00000000000014));
#2428=CARTESIAN_POINT('',(43.4970016479492,-29.0709991455117,6.99700021743776));
#2429=CARTESIAN_POINT('',(35.7970016479492,-27.7709991455016,6.99700021743773));
#2430=CARTESIAN_POINT('',(44.2970016479492,-32.7709991455117,6.99700021743774));
#2431=CARTESIAN_POINT('',(37.3470016479492,-27.7709991455016,6.99700021743777));
#2432=CARTESIAN_POINT('',(37.3470016479492,-29.0709991455118,6.99700021743776));
#2433=CARTESIAN_POINT('',(35.7970016479501,-29.0709991455122,6.99700021743775));
#2434=CARTESIAN_POINT('',(35.7970016479493,-32.7709991455117,6.99700021743773));
#2435=CARTESIAN_POINT('',(43.4970016479492,-32.7709991455117,6.99700021743774));
#2436=CARTESIAN_POINT('',(33.,-12.7561960472756,6.99700021743775));
#2437=CARTESIAN_POINT('',(35.7970016479492,-12.7561960472756,6.99700021743773));
#2438=CARTESIAN_POINT('',(41.9470016479492,-29.0709991455117,6.99700021743776));
#2439=CARTESIAN_POINT('',(41.9470016479492,-27.7709991455016,6.99700021743777));
#2440=CARTESIAN_POINT('',(44.2970016479492,-27.7709991455016,6.99700021743777));
#2441=CARTESIAN_POINT('',(42.4970016479492,-33.5709991455117,6.99700021743775));
#2442=CARTESIAN_POINT('',(41.4970016479492,-34.5709991455117,6.99700021743774));
#2443=CARTESIAN_POINT('',(54.502554151747,-33.5709991455117,6.99700021743774));
#2444=CARTESIAN_POINT('',(55.5026090138498,-34.5709991608988,6.99724721468315));
#2445=CARTESIAN_POINT('',(35.7970016479492,-12.7561960472756,0.994000434875479));
#2446=CARTESIAN_POINT('',(35.7970016479492,-27.7709991455016,0.994000434875479));
#2447=CARTESIAN_POINT('',(35.7970016479492,-32.7709991455117,0.994000434875479));
#2448=CARTESIAN_POINT('',(35.7970016479498,-29.0709991455122,0.994000434875483));
#2449=CARTESIAN_POINT('',(43.4970016479492,-32.7709991455117,0.994000434875479));
#2450=CARTESIAN_POINT('',(44.2970016479492,-32.7709991455117,0.994000434875479));
#2451=CARTESIAN_POINT('',(43.4970016479492,-29.0709991455117,0.994000434875488));
#2452=CARTESIAN_POINT('',(37.3470016479493,-29.0709991455118,0.994000434875487));
#2453=CARTESIAN_POINT('',(37.3470016479492,-27.7709991455016,0.994000434875487));
#2454=CARTESIAN_POINT('',(44.2970016479492,-27.7709991455016,0.994000434875489));
#2455=CARTESIAN_POINT('',(41.9470016479492,-29.0709991455117,0.994000434875487));
#2456=CARTESIAN_POINT('',(41.9470016479492,-27.7709991455016,0.994000434875487));
#2457=CARTESIAN_POINT('',(33.,2.49999999999967,13.5400449226184));
#2458=CARTESIAN_POINT('',(57.7312738907672,2.49999999999967,8.00000000000032));
#2459=CARTESIAN_POINT('',(57.7312738907668,-12.7561960472757,7.99999999999969));
#2460=CARTESIAN_POINT('',(40.9970016479491,-17.0000004768375,0.994000434875479));
#2461=CARTESIAN_POINT('',(40.9970016479491,-17.0000004768375,5.73070747078053));
#2462=CARTESIAN_POINT('',(40.9970016479491,-12.7561960472756,5.73070747077076));
#2463=CARTESIAN_POINT('',(40.9970016479491,-12.7561960472755,0.994000434875479));
#2464=CARTESIAN_POINT('',(49.0029795074027,-12.7561960472756,0.994000434875479));
#2465=CARTESIAN_POINT('',(49.0029795053096,-16.9999257392654,0.994000434875479));
#2466=CARTESIAN_POINT('',(45.0794789933988,-12.9976910027388,5.73070747078052));
#2467=CARTESIAN_POINT('',(45.0794789933923,-12.9976910030678,8.00000000000001));
#2468=CARTESIAN_POINT('',(45.0794833543574,-12.7561960472756,8.00000000000001));
#2469=CARTESIAN_POINT('',(40.9974947367388,-16.9111503596749,5.73070747078052));
#2470=CARTESIAN_POINT('',(49.0029795074027,-17.0000004768375,8.));
#2471=CARTESIAN_POINT('',(49.0029795074027,-12.7561960472756,8.00000000000001));
#2472=CARTESIAN_POINT('',(44.9999905776759,-21.0029894065643,8.));
#2473=CARTESIAN_POINT('',(44.9999905776759,-21.0029894065643,0.994000434875479));
#2474=CARTESIAN_POINT('',(45.9280014038086,-14.1440000534058,6.99700021743774));
#2475=CARTESIAN_POINT('',(45.9280014038086,-14.1440000534058,8.00000000000001));
#2476=CARTESIAN_POINT('',(47.5019989013672,-17.,6.99700021743774));
#2477=CARTESIAN_POINT('',(47.5019989013672,-17.,-8.5265128291212E-16));
#2478=CARTESIAN_POINT('',(31.4000000000026,2.84163535024725,13.5529064887454));
#2479=CARTESIAN_POINT('',(65.6,2.84158281888093,13.5529045110939));
#2480=CARTESIAN_POINT('',(64.35,-38.,12.0153390402654));
#2481=CARTESIAN_POINT('',(65.6000000000011,-36.7499999999995,12.0623978637949));
#2482=CARTESIAN_POINT('',(31.4000000000011,-36.75,12.0623978637948));
#2483=CARTESIAN_POINT('',(32.65,-38.,12.0153390402654));
#2484=CARTESIAN_POINT('',(65.600000000001,-36.7499999999999,4.5));
#2485=CARTESIAN_POINT('',(64.35,-38.,4.49999999999999));
#2486=CARTESIAN_POINT('',(32.65,-38.,4.5));
#2487=CARTESIAN_POINT('',(31.400000000001,-36.75,4.5));
#2488=CARTESIAN_POINT('',(31.4000000001573,3.17078080852625,3.22672610321651E-15));
#2489=CARTESIAN_POINT('',(65.6,3.16997581974571,-9.83826155576161E-15));
#2490=CARTESIAN_POINT('',(31.400007280273,-7.57685335430099,4.50000000000001));
#2491=CARTESIAN_POINT('',(31.4000000000001,0.0862583322558844,0.614471313796204));
#2492=CARTESIAN_POINT('',(31.4,1.29596086004633,-3.91186222039129E-15));
#2493=CARTESIAN_POINT('',(65.6000000000002,-7.57685335430099,4.49999999999987));
#2494=CARTESIAN_POINT('',(65.6000000000001,0.0862971481329492,0.613680363996135));
#2495=CARTESIAN_POINT('',(65.6,1.29614358541714,6.07686304670174E-14));
#2496=CARTESIAN_POINT('',(42.5019989013672,-38.,4.5));
#2497=CARTESIAN_POINT('',(54.4980010986328,-38.,4.5));
#2498=CARTESIAN_POINT('',(42.5019989013672,-38.,10.0030002593994));
#2499=CARTESIAN_POINT('',(54.4980010986328,-38.,10.0030002593994));
#2500=CARTESIAN_POINT('',(55.5028502852828,-38.,4.5));
#2501=CARTESIAN_POINT('',(41.4970016479492,-38.,4.5));
#2502=CARTESIAN_POINT('',(55.5028502852828,-38.,10.0030002593994));
#2503=CARTESIAN_POINT('',(41.4970016479492,-38.,10.0030002593994));
#2504=CARTESIAN_POINT('',(42.4970016479492,-33.5709991455117,-1.50693539895405E-15));
#2505=CARTESIAN_POINT('',(41.4970016479492,-34.5709991455117,-2.27852536675317E-15));
#2506=CARTESIAN_POINT('',(54.502554151747,-33.5709991455117,-2.21747813471415E-15));
#2507=CARTESIAN_POINT('',(41.4970016479492,-35.0709991455104,-2.86166424780325E-16));
#2508=CARTESIAN_POINT('',(41.4970016479492,-35.0709991455117,4.5));
#2509=CARTESIAN_POINT('',(55.5026335443925,-35.0709991455104,1.07085034030246E-14));
#2510=CARTESIAN_POINT('',(55.502554151747,-35.0709991455117,4.5));
#2511=CARTESIAN_POINT('',(55.5025796105628,-34.5709991018993,1.89111632876239E-15));
#2512=CARTESIAN_POINT('',(42.5019989013672,-37.,4.5));
#2513=CARTESIAN_POINT('',(54.4980010986328,-37.,4.5));
#2514=CARTESIAN_POINT('',(42.5019989013672,-35.0709991455078,6.4980001449585));
#2515=CARTESIAN_POINT('',(42.5019989013672,-35.0709991455078,3.82222954742679E-16));
#2516=CARTESIAN_POINT('',(54.4980010986328,-35.0709991455078,6.4980001449585));
#2517=CARTESIAN_POINT('',(54.4980010986328,-35.0709991455078,3.74928862816212E-16));
#2518=CARTESIAN_POINT('',(42.5019989013672,-37.,-1.53918917563643E-16));
#2519=CARTESIAN_POINT('',(54.4980010986328,-37.,-1.5854993790387E-16));
#2520=CARTESIAN_POINT('',(54.,-37.0993956487554,2.96511824120238E-17));
#2521=CARTESIAN_POINT('',(43.,-37.0993956487554,6.29804906951232E-17));
#2522=CARTESIAN_POINT('',(43.,-37.,6.11979716204456E-17));
#2523=CARTESIAN_POINT('',(54.,-37.,2.96511824120238E-17));
#2524=CARTESIAN_POINT('',(43.,-37.,2.));
#2525=CARTESIAN_POINT('',(54.,-37.,2.));
#2526=CARTESIAN_POINT('',(54.,-37.0993956487554,2.));
#2527=CARTESIAN_POINT('',(43.,-37.0993956487554,2.));
#2528=CARTESIAN_POINT('',(62.,-12.1789999008179,4.5));
#2529=CARTESIAN_POINT('',(62.,-12.1789999008179,-6.38115034989291E-17));
#2530=CARTESIAN_POINT('',(61.9998519332321,-35.0709991455117,-1.43093705967449E-16));
#2531=CARTESIAN_POINT('',(61.9997778998481,-35.0709991455117,4.5));
#2532=CARTESIAN_POINT('',(43.9,-10.9289999008179,-5.50308984352887E-17));
#2533=CARTESIAN_POINT('',(40.3,-10.9289999008179,-3.51644748873565E-17));
#2534=CARTESIAN_POINT('',(43.6569552820014,-10.0219446647358,0.0521875972899753));
#2535=CARTESIAN_POINT('',(43.4000463544658,-9.61751186109929,0.0754567163551034));
#2536=CARTESIAN_POINT('',(40.5430447179986,-10.0219446647358,0.0521875972899753));
#2537=CARTESIAN_POINT('',(40.7999536455342,-9.61751186109929,0.0754567163551034));
#2538=CARTESIAN_POINT('',(42.8842146209701,-9.42899990081786,0.275126506116661));
#2539=CARTESIAN_POINT('',(41.3157853790298,-9.42899990081786,0.275126506116661));
#2540=CARTESIAN_POINT('',(56.7,-10.9289999008179,-3.1576228924352E-17));
#2541=CARTESIAN_POINT('',(53.1,-10.9289999008179,5.33162181316421E-16));
#2542=CARTESIAN_POINT('',(56.4569552820014,-10.0219446647359,0.0521875972899753));
#2543=CARTESIAN_POINT('',(56.2000463544658,-9.61751186109929,0.0754567163551034));
#2544=CARTESIAN_POINT('',(53.3430447179986,-10.0219446647359,0.0521875972899753));
#2545=CARTESIAN_POINT('',(53.5999536455342,-9.61751186109929,0.0754567163551034));
#2546=CARTESIAN_POINT('',(55.6842146209702,-9.42899990081787,0.275126506116661));
#2547=CARTESIAN_POINT('',(54.1157853790299,-9.42899990081787,0.275126506116661));
#2548=CARTESIAN_POINT('',(43.9,-10.9289999008179,1.5));
#2549=CARTESIAN_POINT('',(40.3,-10.9289999008179,1.5));
#2550=CARTESIAN_POINT('',(43.6569552820014,-10.0219446647358,1.44781240271003));
#2551=CARTESIAN_POINT('',(43.4000463544658,-9.61751186109929,1.4245432836449));
#2552=CARTESIAN_POINT('',(40.5430447179986,-10.0219446647358,1.44781240271003));
#2553=CARTESIAN_POINT('',(40.7999536455342,-9.61751186109929,1.4245432836449));
#2554=CARTESIAN_POINT('',(42.8842146209701,-9.42899990081786,1.22487349388334));
#2555=CARTESIAN_POINT('',(41.3157853790298,-9.42899990081786,1.22487349388334));
#2556=CARTESIAN_POINT('',(56.7,-10.9289999008179,1.5));
#2557=CARTESIAN_POINT('',(53.1,-10.9289999008179,1.5));
#2558=CARTESIAN_POINT('',(56.4569552820014,-10.0219446647359,1.44781240271003));
#2559=CARTESIAN_POINT('',(56.2000463544658,-9.61751186109929,1.4245432836449));
#2560=CARTESIAN_POINT('',(53.3430447179986,-10.0219446647359,1.44781240271003));
#2561=CARTESIAN_POINT('',(53.5999536455342,-9.61751186109929,1.4245432836449));
#2562=CARTESIAN_POINT('',(55.6842146209702,-9.42899990081787,1.22487349388334));
#2563=CARTESIAN_POINT('',(54.1157853790299,-9.42899990081787,1.22487349388334));
#2564=CARTESIAN_POINT('',(35.,-12.1789999008179,4.5));
#2565=CARTESIAN_POINT('',(36.25,-10.9289999008179,4.5));
#2566=CARTESIAN_POINT('',(35.,-12.1789999008179,1.17570644515098E-17));
#2567=CARTESIAN_POINT('',(36.25,-10.9289999008179,1.9595107419183E-17));
#2568=CARTESIAN_POINT('',(60.75,-10.9289999008179,4.5));
#2569=CARTESIAN_POINT('',(60.75,-10.9289999008179,-1.06352505831548E-16));
#2570=CARTESIAN_POINT('',(35.,-35.0709991455117,4.89010240627428E-21));
#2571=CARTESIAN_POINT('',(35.,-35.0709991455117,4.5));
#2572=CARTESIAN_POINT('',(65.6000000000001,0.0868693094464359,0.61289898649398));
#2573=CARTESIAN_POINT('',(31.4000000000001,0.0868379323237555,0.613680314930666));
#2574=CARTESIAN_POINT('',(65.6,1.29731039126933,6.07230676043683E-14));
#2575=CARTESIAN_POINT('',(31.4,1.29708573883427,-3.90738352734477E-15));
#2576=CARTESIAN_POINT('',(49.0022399956583,-16.9111558299402,8.00000000000003));
#2577=CARTESIAN_POINT('',(38.0794833543574,-3.65619604727538,5.03070747078053));
#2578=CARTESIAN_POINT('',(38.0794833543574,-11.7561960472755,5.03070747078053));
#2579=CARTESIAN_POINT('',(46.0794833543574,-11.7561960472755,5.03070747078053));
#2580=CARTESIAN_POINT('',(46.0794833543574,-3.65619604727538,5.03070747078053));
#2581=CARTESIAN_POINT('',(42.0191340767654,-3.65619604727538,9.10012126665209));
#2582=CARTESIAN_POINT('',(44.9534555517616,-3.65619604727538,10.1000000000006));
#2583=CARTESIAN_POINT('',(39.5392280633619,-3.65619604727538,7.23999595777851));
#2584=CARTESIAN_POINT('',(39.5392280633619,-3.65619604727538,7.23999595777851));
#2585=CARTESIAN_POINT('',(39.5392280633619,4.3627857215563,7.23999595777851));
#2586=CARTESIAN_POINT('',(42.0191340767816,-3.65619604727549,9.10012126666182));
#2587=CARTESIAN_POINT('',(39.5392280633619,-3.65619604727538,7.23999595777851));
#2588=CARTESIAN_POINT('',(39.1209047554911,-3.65619604727538,8.00000000000275));
#2589=CARTESIAN_POINT('',(42.0191340767654,2.49999999999967,9.10012126665208));
#2590=CARTESIAN_POINT('',(39.1209047554923,2.49999999999967,8.00000000000016));
#2591=CARTESIAN_POINT('',(44.9534555517616,2.49999999999967,10.1000000000006));
#2592=CARTESIAN_POINT('',(44.9534555517616,-3.65619604727538,10.1000000000006));
#2593=CARTESIAN_POINT('',(44.9534555517616,2.49999999999967,10.1000000000006));
#2594=CARTESIAN_POINT('',(39.1209047554911,-3.65619604727538,8.00000000000275));
#2595=CARTESIAN_POINT('',(39.1209047554923,2.49999999999967,8.00000000000016));
#2596=CARTESIAN_POINT('',(32.5820115987783,4.06678392861007,13.5990297293425));
#2597=CARTESIAN_POINT('',(43.1861437372126,4.64440535712993,13.6207754772398));
#2598=CARTESIAN_POINT('',(53.8138562627884,4.64440535712991,13.6207754772398));
#2599=CARTESIAN_POINT('',(64.4179884012215,4.06678392861009,13.5990297293425));
#2600=CARTESIAN_POINT('',(32.5820115987783,4.06678392861007,13.5990297293425));
#2601=CARTESIAN_POINT('',(32.5820115987783,4.06678392861008,7.62746918876598E-16));
#2602=CARTESIAN_POINT('',(64.4179884012214,4.0667839286101,-2.01913152320667E-15));
#2603=CARTESIAN_POINT('',(64.4179884012215,4.06678392861009,13.5990297293425));
#2604=CARTESIAN_POINT('',(48.5,-288.16,7.42939996432833E-13));
#2605=CARTESIAN_POINT('',(64.4179884012214,4.06678392861011,-2.01913152320672E-15));
#2606=CARTESIAN_POINT('',(32.5820115987783,4.06678392861008,7.62746918876491E-16));
#2607=CARTESIAN_POINT('',(54.4980010986328,-36.,10.0030002593994));
#2608=CARTESIAN_POINT('',(54.4980010986328,-36.,6.49800014495849));
#2609=CARTESIAN_POINT('',(42.5019989013672,-36.,10.0030002593994));
#2610=CARTESIAN_POINT('',(42.5019989013672,-36.,6.49800014495851));
#2611=CARTESIAN_POINT('',(54.4980010986328,-36.,6.49800014495849));
#2612=CARTESIAN_POINT('',(42.5019989013672,-36.,6.49800014495851));
#2613=CARTESIAN_POINT('',(64.,-36.,12.0906331579125));
#2614=CARTESIAN_POINT('',(51.8,-36.,12.0906331579125));
#2615=CARTESIAN_POINT('',(36.6505688331735,-36.,12.0906331579125));
#2616=CARTESIAN_POINT('',(33.,-36.,12.0906331579125));
#2617=CARTESIAN_POINT('',(55.50290951199,-36.,10.0030002593994));
#2618=CARTESIAN_POINT('',(54.4980010986328,-36.,10.0030002593994));
#2619=CARTESIAN_POINT('',(64.,-36.,6.99700021743773));
#2620=CARTESIAN_POINT('',(55.5028502852794,-36.,6.99716687202454));
#2621=CARTESIAN_POINT('',(55.50290951199,-36.,10.0030002593994));
#2622=CARTESIAN_POINT('',(55.5028700472145,-36.,8.00011104763008));
#2623=CARTESIAN_POINT('',(55.5028502852794,-36.,6.99716687202454));
#2624=CARTESIAN_POINT('',(33.,-36.,6.99700021743778));
#2625=CARTESIAN_POINT('',(33.,-36.,7.00000000000007));
#2626=CARTESIAN_POINT('',(33.,-36.,8.00000000000007));
#2627=CARTESIAN_POINT('',(33.,-36.,10.5892163587045));
#2628=CARTESIAN_POINT('',(33.,-36.,12.0906331579125));
#2629=CARTESIAN_POINT('',(64.,-36.,12.0906331579125));
#2630=CARTESIAN_POINT('',(64.,-36.,10.5892163587044));
#2631=CARTESIAN_POINT('',(64.,-36.,8.00000000000001));
#2632=CARTESIAN_POINT('',(64.,-36.,6.99700021743773));
#2633=CARTESIAN_POINT('',(46.0794833543574,-3.65619604727538,10.1000000000006));
#2634=CARTESIAN_POINT('',(46.0794833543574,-11.7561960472755,10.1000000000006));
#2635=CARTESIAN_POINT('',(45.0794833543573,-11.7561960472755,5.73070747078051));
#2636=CARTESIAN_POINT('',(45.0794833543574,-11.7561960472755,10.1000000000006));
#2637=CARTESIAN_POINT('',(46.0794833543574,-11.7561960472755,10.1000000000006));
#2638=CARTESIAN_POINT('',(45.0794833543574,-11.7561960472755,10.1000000000006));
#2639=CARTESIAN_POINT('',(47.9,2.49999999999966,8.0000000000004));
#2640=CARTESIAN_POINT('',(47.9,-12.7561960472756,8.00000000000032));
#2641=CARTESIAN_POINT('',(47.9,-12.7561960472756,8.00000000000032));
#2642=CARTESIAN_POINT('',(47.9000000000075,-12.7561960472756,10.0999999999823));
#2643=CARTESIAN_POINT('',(47.9,2.49999999999966,10.1000000000006));
#2644=CARTESIAN_POINT('',(47.9000000000075,-12.7561960472756,10.0999999999823));
#2645=CARTESIAN_POINT('',(47.9,2.49999999999966,8.0000000000004));
#2646=CARTESIAN_POINT('',(47.9,2.49999999999966,10.1000000000006));
#2647=CARTESIAN_POINT('',(57.7312738907663,-12.7561960472757,10.0999999999995));
#2648=CARTESIAN_POINT('',(64.,-12.7561960472757,10.0999999999984));
#2649=CARTESIAN_POINT('',(64.,-12.7561960472757,10.0999999999984));
#2650=CARTESIAN_POINT('',(64.,2.49999999999966,10.0999999999973));
#2651=CARTESIAN_POINT('',(64.,2.49999999999966,10.0999999999973));
#2652=CARTESIAN_POINT('',(57.7312738907669,2.49999999999966,10.0999999999984));
#2653=CARTESIAN_POINT('',(57.7312738907669,2.49999999999966,10.0999999999984));
#2654=CARTESIAN_POINT('',(57.7312738907663,-12.7561960472757,10.0999999999995));
#2655=CARTESIAN_POINT('',(64.,-12.7561960472757,10.0999999999984));
#2656=CARTESIAN_POINT('',(64.,-12.7561960472757,6.99700021743774));
#2657=CARTESIAN_POINT('',(45.0794833543574,-12.7561960472756,10.0999999999823));
#2658=CARTESIAN_POINT('',(47.9000000000075,-12.7561960472756,10.0999999999823));
#2659=CARTESIAN_POINT('',(45.0794833543574,-11.7561960472755,10.1000000000006));
#2660=CARTESIAN_POINT('',(45.0794833543574,-12.7561960472756,10.0999999999823));
#2661=CARTESIAN_POINT('',(65.6000000000001,0.0868693094464359,0.61289898649398));
#2662=CARTESIAN_POINT('',(65.6000000000001,0.0866785048735766,0.613159384027642));
#2663=CARTESIAN_POINT('',(65.6000000000001,0.0864877843959705,0.613419843249425));
#2664=CARTESIAN_POINT('',(65.6000000000001,0.0862971481329492,0.613680363996135));
#2665=CARTESIAN_POINT('',(38.0794833543574,-3.65619604727538,8.00000000000016));
#2666=CARTESIAN_POINT('',(39.1209047554911,-3.65619604727538,8.00000000000275));
#2667=CARTESIAN_POINT('',(38.0794833543574,-3.65619604727538,8.00000000000016));
#2668=CARTESIAN_POINT('',(38.0794833543574,-11.7561960472755,8.00000000000016));
#2669=CARTESIAN_POINT('',(39.0794833543574,-12.7561960472756,5.73070747078052));
#2670=CARTESIAN_POINT('',(39.0794833543574,-11.7561960472754,5.73070747078053));
#2671=CARTESIAN_POINT('',(39.0794833543574,-11.7561960472754,5.73070747078053));
#2672=CARTESIAN_POINT('',(39.0794833543574,-11.7561960472754,8.00000000000016));
#2673=CARTESIAN_POINT('',(39.0794833543574,-12.7561960472756,8.00000000000016));
#2674=CARTESIAN_POINT('',(39.0794833543574,-11.7561960472754,8.00000000000016));
#2675=CARTESIAN_POINT('',(39.0794833543574,-12.7561960472756,5.73070747078052));
#2676=CARTESIAN_POINT('',(39.0794833543574,-12.7561960472756,8.00000000000016));
#2677=CARTESIAN_POINT('',(61.2,-32.7709991455117,0.994000434875479));
#2678=CARTESIAN_POINT('',(61.2,-12.7561960472757,0.994000434875479));
#2679=CARTESIAN_POINT('',(61.2,-12.7561960472757,0.994000434875479));
#2680=CARTESIAN_POINT('',(61.2,-12.7561960472756,6.99700021743774));
#2681=CARTESIAN_POINT('',(61.2,-32.7709991455117,6.99700021743773));
#2682=CARTESIAN_POINT('',(61.2,-12.7561960472756,6.99700021743774));
#2683=CARTESIAN_POINT('',(61.2,-32.7709991455117,0.994000434875479));
#2684=CARTESIAN_POINT('',(61.2,-32.7709991455117,6.99700021743773));
#2685=CARTESIAN_POINT('',(38.0794833543574,-11.7561960472755,8.00000000000016));
#2686=CARTESIAN_POINT('',(39.0794833543574,-11.7561960472754,8.00000000000016));
#2687=CARTESIAN_POINT('',(39.1209047554923,2.49999999999967,8.00000000000016));
#2688=CARTESIAN_POINT('',(33.,2.49999999999967,8.00000000000016));
#2689=CARTESIAN_POINT('',(33.,2.49999999999967,8.00000000000016));
#2690=CARTESIAN_POINT('',(33.,-12.7561960472756,8.00000000000014));
#2691=CARTESIAN_POINT('',(39.0794833543574,-11.7561960472754,5.73070747078053));
#2692=CARTESIAN_POINT('',(45.0794833543573,-11.7561960472755,5.73070747078051));
#2693=CARTESIAN_POINT('',(43.4970016479492,-29.0709991455117,6.99700021743776));
#2694=CARTESIAN_POINT('',(43.4970016479492,-32.7709991455117,6.99700021743774));
#2695=CARTESIAN_POINT('',(35.7970016479492,-27.7709991455016,6.99700021743773));
#2696=CARTESIAN_POINT('',(35.7970016479492,-12.7561960472756,6.99700021743773));
#2697=CARTESIAN_POINT('',(61.2,-32.7709991455117,6.99700021743773));
#2698=CARTESIAN_POINT('',(44.2970016479492,-32.7709991455117,6.99700021743774));
#2699=CARTESIAN_POINT('',(44.2970016479492,-32.7709991455117,6.99700021743774));
#2700=CARTESIAN_POINT('',(44.2970016479492,-27.7709991455016,6.99700021743777));
#2701=CARTESIAN_POINT('',(37.3470016479492,-27.7709991455016,6.99700021743777));
#2702=CARTESIAN_POINT('',(35.7970016479492,-27.7709991455016,6.99700021743773));
#2703=CARTESIAN_POINT('',(37.3470016479492,-29.0709991455118,6.99700021743776));
#2704=CARTESIAN_POINT('',(37.3470016479492,-27.7709991455016,6.99700021743777));
#2705=CARTESIAN_POINT('',(35.7970016479501,-29.0709991455122,6.99700021743775));
#2706=CARTESIAN_POINT('',(37.3470016479492,-29.0709991455118,6.99700021743776));
#2707=CARTESIAN_POINT('',(35.7970016479492,-12.7561960472756,6.99700021743773));
#2708=CARTESIAN_POINT('',(33.,-12.7561960472756,6.99700021743775));
#2709=CARTESIAN_POINT('',(54.502554151747,-33.5709991455117,6.99700021743774));
#2710=CARTESIAN_POINT('',(42.4970016479492,-33.5709991455117,6.99700021743775));
#2711=CARTESIAN_POINT('',(41.4970756813332,-36.,6.99708354473115));
#2712=CARTESIAN_POINT('',(33.,-36.,6.99700021743778));
#2713=CARTESIAN_POINT('',(64.,-12.7561960472757,6.99700021743774));
#2714=CARTESIAN_POINT('',(61.2,-12.7561960472756,6.99700021743774));
#2715=CARTESIAN_POINT('',(41.9470016479492,-29.0709991455117,6.99700021743776));
#2716=CARTESIAN_POINT('',(43.4970016479492,-29.0709991455117,6.99700021743776));
#2717=CARTESIAN_POINT('',(41.9470016479492,-27.7709991455016,6.99700021743777));
#2718=CARTESIAN_POINT('',(41.9470016479492,-29.0709991455117,6.99700021743776));
#2719=CARTESIAN_POINT('',(44.2970016479492,-27.7709991455016,6.99700021743777));
#2720=CARTESIAN_POINT('',(41.9470016479492,-27.7709991455016,6.99700021743777));
#2721=CARTESIAN_POINT('',(42.4970016479492,-34.5709991455117,6.99700021743803));
#2722=CARTESIAN_POINT('',(42.4970016479492,-33.5709991455117,6.99700021743775));
#2723=CARTESIAN_POINT('',(41.4970016479492,-34.5709991455117,6.99700021743774));
#2724=CARTESIAN_POINT('',(41.4970016479492,-34.5709991455117,6.99700021743774));
#2725=CARTESIAN_POINT('',(41.4970756813332,-36.,6.99708354473115));
#2726=CARTESIAN_POINT('',(55.5026090138498,-34.5709991608988,6.99724721468315));
#2727=CARTESIAN_POINT('',(55.5028502852794,-36.,6.99716687202454));
#2728=CARTESIAN_POINT('',(55.5026090138498,-34.5709991608988,6.99724721468315));
#2729=CARTESIAN_POINT('',(55.50260823947,-34.5428084021471,6.99724808486012));
#2730=CARTESIAN_POINT('',(55.5001817009847,-34.4855005208072,6.99679330295432));
#2731=CARTESIAN_POINT('',(55.4890133954002,-34.3989166773663,6.99698558351501));
#2732=CARTESIAN_POINT('',(55.4697011539876,-34.3112406967868,6.99693598499716));
#2733=CARTESIAN_POINT('',(55.4418445867314,-34.2235821858788,6.99695425797067));
#2734=CARTESIAN_POINT('',(55.4052389988492,-34.1371523097743,6.99695399210568));
#2735=CARTESIAN_POINT('',(55.3599076883485,-34.0532323052613,6.99695909884642));
#2736=CARTESIAN_POINT('',(55.3061222862828,-33.9731160379329,6.99696292834558));
#2737=CARTESIAN_POINT('',(55.2444074905562,-33.8980506633229,6.99696723379613));
#2738=CARTESIAN_POINT('',(55.1755281838483,-33.8291751342509,6.99697146460582));
#2739=CARTESIAN_POINT('',(55.1004590585201,-33.7674640893866,6.99697569346331));
#2740=CARTESIAN_POINT('',(55.020339118703,-33.7136823592396,6.99697982594324));
#2741=CARTESIAN_POINT('',(54.9364155718204,-33.6683545932074,6.99698381683784));
#2742=CARTESIAN_POINT('',(54.8499823143416,-33.6317523790548,6.99698761530246));
#2743=CARTESIAN_POINT('',(54.7623206625626,-33.6038989803317,6.99699118171984));
#2744=CARTESIAN_POINT('',(54.6746416514917,-33.5845896699055,6.99699448484912));
#2745=CARTESIAN_POINT('',(54.5880556595509,-33.5734240794028,6.99699750281434));
#2746=CARTESIAN_POINT('',(54.5307454957203,-33.5709991457286,6.99699934706368));
#2747=CARTESIAN_POINT('',(54.502554151747,-33.5709991455117,6.99700021743774));
#2748=CARTESIAN_POINT('',(35.7970016479492,-12.7561960472756,0.994000434875479));
#2749=CARTESIAN_POINT('',(35.7970016479492,-27.7709991455016,0.994000434875479));
#2750=CARTESIAN_POINT('',(35.7970016479492,-27.7709991455016,0.994000434875479));
#2751=CARTESIAN_POINT('',(35.7970016479492,-27.7709991455016,6.99700021743773));
#2752=CARTESIAN_POINT('',(35.7970016479492,-12.7561960472756,0.994000434875479));
#2753=CARTESIAN_POINT('',(35.7970016479492,-12.7561960472756,6.99700021743773));
#2754=CARTESIAN_POINT('',(44.2970016479492,-32.7709991455117,0.994000434875479));
#2755=CARTESIAN_POINT('',(61.2,-32.7709991455117,0.994000434875479));
#2756=CARTESIAN_POINT('',(44.2970016479492,-32.7709991455117,0.994000434875479));
#2757=CARTESIAN_POINT('',(44.2970016479492,-32.7709991455117,6.99400043487547));
#2758=CARTESIAN_POINT('',(44.2970016479492,-32.7709991455117,6.99700021743774));
#2759=CARTESIAN_POINT('',(43.4970016479492,-29.0709991455117,0.994000434875488));
#2760=CARTESIAN_POINT('',(43.4970016479492,-29.0709991455117,6.99400043487549));
#2761=CARTESIAN_POINT('',(43.4970016479492,-29.0709991455117,6.99700021743776));
#2762=CARTESIAN_POINT('',(43.4970016479492,-29.0709991455117,0.994000434875488));
#2763=CARTESIAN_POINT('',(43.4970016479492,-32.7709991455117,0.994000434875479));
#2764=CARTESIAN_POINT('',(43.4970016479492,-32.7709991455117,0.994000434875479));
#2765=CARTESIAN_POINT('',(43.4970016479492,-32.7709991455117,6.99400043487547));
#2766=CARTESIAN_POINT('',(43.4970016479492,-32.7709991455117,6.99700021743774));
#2767=CARTESIAN_POINT('',(43.4970016479492,-32.7709991455117,6.99700021743774));
#2768=CARTESIAN_POINT('',(35.7970016479493,-32.7709991455117,6.99700021743773));
#2769=CARTESIAN_POINT('',(35.7970016479492,-32.7709991455117,0.994000434875479));
#2770=CARTESIAN_POINT('',(35.7970016479493,-32.7709991455117,6.99400043487546));
#2771=CARTESIAN_POINT('',(35.7970016479493,-32.7709991455117,6.99700021743773));
#2772=CARTESIAN_POINT('',(35.7970016479493,-32.7709991455117,6.99700021743773));
#2773=CARTESIAN_POINT('',(35.7970016479501,-29.0709991455122,6.99700021743775));
#2774=CARTESIAN_POINT('',(35.7970016479498,-29.0709991455122,0.994000434875483));
#2775=CARTESIAN_POINT('',(35.7970016479501,-29.0709991455122,6.99400043487548));
#2776=CARTESIAN_POINT('',(35.7970016479501,-29.0709991455122,6.99700021743775));
#2777=CARTESIAN_POINT('',(35.7970016479498,-29.0709991455122,0.994000434875483));
#2778=CARTESIAN_POINT('',(37.3470016479493,-29.0709991455118,0.994000434875487));
#2779=CARTESIAN_POINT('',(37.3470016479493,-29.0709991455118,0.994000434875487));
#2780=CARTESIAN_POINT('',(37.3470016479492,-29.0709991455118,6.99400043487549));
#2781=CARTESIAN_POINT('',(37.3470016479492,-29.0709991455118,6.99700021743776));
#2782=CARTESIAN_POINT('',(37.3470016479492,-27.7709991455016,0.994000434875487));
#2783=CARTESIAN_POINT('',(37.3470016479493,-29.0709991455118,0.994000434875487));
#2784=CARTESIAN_POINT('',(44.2970016479492,-27.7709991455016,6.99700021743777));
#2785=CARTESIAN_POINT('',(44.2970016479492,-27.7709991455016,0.994000434875489));
#2786=CARTESIAN_POINT('',(44.2970016479492,-27.7709991455016,0.994000434875489));
#2787=CARTESIAN_POINT('',(44.2970016479492,-32.7709991455117,0.994000434875479));
#2788=CARTESIAN_POINT('',(41.9470016479492,-29.0709991455117,0.994000434875487));
#2789=CARTESIAN_POINT('',(43.4970016479492,-29.0709991455117,0.994000434875488));
#2790=CARTESIAN_POINT('',(41.9470016479492,-29.0709991455117,0.994000434875487));
#2791=CARTESIAN_POINT('',(41.9470016479492,-29.0709991455117,6.99400043487549));
#2792=CARTESIAN_POINT('',(41.9470016479492,-29.0709991455117,6.99700021743776));
#2793=CARTESIAN_POINT('',(41.9470016479492,-27.7709991455016,6.99700021743777));
#2794=CARTESIAN_POINT('',(41.9470016479492,-27.7709991455016,0.994000434875487));
#2795=CARTESIAN_POINT('',(41.9470016479492,-27.7709991455016,0.994000434875487));
#2796=CARTESIAN_POINT('',(41.9470016479492,-29.0709991455117,0.994000434875487));
#2797=CARTESIAN_POINT('',(44.2970016479492,-27.7709991455016,0.994000434875489));
#2798=CARTESIAN_POINT('',(41.9470016479492,-27.7709991455016,0.994000434875487));
#2799=CARTESIAN_POINT('',(37.3470016479492,-27.7709991455016,0.994000434875487));
#2800=CARTESIAN_POINT('',(35.7970016479492,-27.7709991455016,0.994000434875479));
#2801=CARTESIAN_POINT('',(37.3470016479492,-27.7709991455016,6.99700021743777));
#2802=CARTESIAN_POINT('',(37.3470016479493,-27.7709991454946,1.59700021743777));
#2803=CARTESIAN_POINT('',(37.3470016479492,-27.7709991455016,0.994000434875487));
#2804=CARTESIAN_POINT('',(33.,-12.7561960472756,6.99700021743775));
#2805=CARTESIAN_POINT('',(33.,-12.7561960472756,8.00000000000014));
#2806=CARTESIAN_POINT('',(33.,2.49999999999967,8.00000000000016));
#2807=CARTESIAN_POINT('',(33.,2.49999999999967,12.0386281234103));
#2808=CARTESIAN_POINT('',(33.,2.49999999999967,13.5400449226184));
#2809=CARTESIAN_POINT('',(49.0029795074027,-12.7561960472756,8.00000000000001));
#2810=CARTESIAN_POINT('',(47.9,-12.7561960472756,8.00000000000032));
#2811=CARTESIAN_POINT('',(57.7312738907668,-12.7561960472757,7.99999999999969));
#2812=CARTESIAN_POINT('',(57.7312738907672,2.49999999999967,8.00000000000032));
#2813=CARTESIAN_POINT('',(57.7312738907672,2.49999999999967,8.00000000000032));
#2814=CARTESIAN_POINT('',(47.9,2.49999999999966,8.0000000000004));
#2815=CARTESIAN_POINT('',(57.7312738907668,-12.7561960472757,7.99999999999969));
#2816=CARTESIAN_POINT('',(57.7312738907663,-12.7561960472757,10.0999999999995));
#2817=CARTESIAN_POINT('',(40.9970016479491,-17.0000004768375,0.994000434875479));
#2818=CARTESIAN_POINT('',(40.9970016479491,-17.0000004768375,5.73070747078053));
#2819=CARTESIAN_POINT('',(40.9970016479491,-17.0000004768375,5.73070747078053));
#2820=CARTESIAN_POINT('',(40.9974947367388,-16.9111503596749,5.73070747078052));
#2821=CARTESIAN_POINT('',(40.9970016479491,-12.7561960472756,5.73070747077076));
#2822=CARTESIAN_POINT('',(40.9970016479491,-12.7561960472755,0.994000434875479));
#2823=CARTESIAN_POINT('',(40.9970016479491,-12.7561960472755,0.994000434875479));
#2824=CARTESIAN_POINT('',(40.9970016479491,-17.0000004768375,0.994000434875479));
#2825=CARTESIAN_POINT('',(40.9970016479491,-12.7561960472756,5.73070747077076));
#2826=CARTESIAN_POINT('',(40.9974947367388,-16.9111503596749,5.73070747078052));
#2827=CARTESIAN_POINT('',(40.9970016479491,-12.7561960472755,0.994000434875479));
#2828=CARTESIAN_POINT('',(35.7970016479492,-12.7561960472756,0.994000434875479));
#2829=CARTESIAN_POINT('',(35.7970016479498,-29.0709991455122,0.994000434875483));
#2830=CARTESIAN_POINT('',(35.7970016479492,-32.7709991455117,0.994000434875479));
#2831=CARTESIAN_POINT('',(35.7970016479492,-32.7709991455117,0.994000434875479));
#2832=CARTESIAN_POINT('',(43.4970016479492,-32.7709991455117,0.994000434875479));
#2833=CARTESIAN_POINT('',(61.2,-12.7561960472757,0.994000434875479));
#2834=CARTESIAN_POINT('',(49.0029795074027,-12.7561960472756,0.994000434875479));
#2835=CARTESIAN_POINT('',(45.0794789933988,-12.9976910027388,5.73070747078052));
#2836=CARTESIAN_POINT('',(45.0794789933923,-12.9976910030678,8.00000000000001));
#2837=CARTESIAN_POINT('',(45.0794833543574,-12.7561960472756,8.00000000000001));
#2838=CARTESIAN_POINT('',(45.0794833543574,-12.7561960472756,10.0999999999823));
#2839=CARTESIAN_POINT('',(45.0794789933923,-12.9976910030678,8.00000000000001));
#2840=CARTESIAN_POINT('',(45.0794833543574,-12.7561960472756,8.00000000000001));
#2841=CARTESIAN_POINT('',(39.0794833543574,-12.7561960472756,5.73070747078052));
#2842=CARTESIAN_POINT('',(40.9970016479491,-12.7561960472756,5.73070747077076));
#2843=CARTESIAN_POINT('',(49.0029795074027,-17.0000004768375,8.));
#2844=CARTESIAN_POINT('',(49.0022399956583,-16.9111558299402,8.00000000000003));
#2845=CARTESIAN_POINT('',(49.0029795074027,-12.7561960472756,0.994000434875479));
#2846=CARTESIAN_POINT('',(49.0029795053096,-16.9999257392654,0.994000434875479));
#2847=CARTESIAN_POINT('',(49.0022399956583,-16.9111558299402,8.00000000000003));
#2848=CARTESIAN_POINT('',(49.0029795074027,-12.7561960472756,8.00000000000001));
#2849=CARTESIAN_POINT('',(49.0029795074027,-12.7561960472756,8.00000000000001));
#2850=CARTESIAN_POINT('',(57.7312738907668,-12.7561960472757,7.99999999999969));
#2851=CARTESIAN_POINT('',(49.0029795053096,-16.9999257392654,0.994000434875479));
#2852=CARTESIAN_POINT('',(49.0029795063562,-21.0029520377783,0.994000434875479));
#2853=CARTESIAN_POINT('',(44.9999905776759,-21.0029894065643,0.994000434875479));
#2854=CARTESIAN_POINT('',(44.9999905776759,-17.0000004768375,8.));
#2855=CARTESIAN_POINT('',(44.9999905776759,-21.0029894065643,8.));
#2856=CARTESIAN_POINT('',(49.0029795074027,-17.0000004768375,8.));
#2857=CARTESIAN_POINT('',(44.9999905776759,-21.0029894065643,8.));
#2858=CARTESIAN_POINT('',(44.9999905776759,-21.0029894065643,0.994000434875479));
#2859=CARTESIAN_POINT('',(44.9999905776759,-17.0000004768375,0.99400043487548));
#2860=CARTESIAN_POINT('',(44.9999905776759,-21.0029894065643,0.994000434875479));
#2861=CARTESIAN_POINT('',(40.9970016479491,-17.0000004768375,0.99400043487548));
#2862=CARTESIAN_POINT('',(40.9974947367388,-16.9111503596749,5.73070747078052));
#2863=CARTESIAN_POINT('',(41.0846263336529,-12.9969521536417,5.73070747078054));
#2864=CARTESIAN_POINT('',(44.9999877830863,-12.9969027503828,5.73070747078053));
#2865=CARTESIAN_POINT('',(45.0397373307449,-12.9969022488309,5.73070747078052));
#2866=CARTESIAN_POINT('',(45.0794789933988,-12.9976910027388,5.73070747078052));
#2867=CARTESIAN_POINT('',(44.9999905776757,-17.0000004768372,6.99700021743774));
#2868=CARTESIAN_POINT('',(45.9280014038086,-14.1440000534058,6.99700021743774));
#2869=CARTESIAN_POINT('',(45.9280014038086,-14.1440000534058,8.00000000000001));
#2870=CARTESIAN_POINT('',(44.9999905776759,-17.0000004768375,8.00000000000006));
#2871=CARTESIAN_POINT('',(44.9995480899927,-17.0002165559157,6.99700021743774));
#2872=CARTESIAN_POINT('',(47.5019989013672,-17.,6.99700021743774));
#2873=CARTESIAN_POINT('',(47.5019989013672,-17.,-8.5265128291212E-16));
#2874=CARTESIAN_POINT('',(44.9995480899927,-17.0002165559157,-8.88178419700125E-16));
#2875=CARTESIAN_POINT('',(64.,2.49999999999967,13.5400449226184));
#2876=CARTESIAN_POINT('',(60.3494311668265,2.49999999999967,13.5400449226184));
#2877=CARTESIAN_POINT('',(45.2,2.49999999999965,13.5400449226184));
#2878=CARTESIAN_POINT('',(33.,2.49999999999967,13.5400449226184));
#2879=CARTESIAN_POINT('',(33.,2.49999999999967,13.5400449226184));
#2880=CARTESIAN_POINT('',(33.,-36.,12.0906331579125));
#2881=CARTESIAN_POINT('',(31.4000000000026,2.84163535024725,13.5529064887454));
#2882=CARTESIAN_POINT('',(31.4000000000021,3.15923084948976,13.5648630251874));
#2883=CARTESIAN_POINT('',(31.5234928056314,3.46351676842499,13.5763184950768));
#2884=CARTESIAN_POINT('',(31.9654335898733,3.91926881086774,13.5934762190275));
#2885=CARTESIAN_POINT('',(32.2654625841546,4.0524708398081,13.5984908836465));
#2886=CARTESIAN_POINT('',(32.5820115987783,4.06678392861007,13.5990297293425));
#2887=CARTESIAN_POINT('',(65.6000000000011,-36.7499999999995,12.0623978637949));
#2888=CARTESIAN_POINT('',(65.6,2.84158281888093,13.5529045110939));
#2889=CARTESIAN_POINT('',(64.35,-38.,12.0153390402654));
#2890=CARTESIAN_POINT('',(64.6816792999471,-38.,12.0153390402654));
#2891=CARTESIAN_POINT('',(64.9996801000278,-37.8681840642782,12.0203015225514));
#2892=CARTESIAN_POINT('',(65.4684236659794,-37.3992460119648,12.0379556609915));
#2893=CARTESIAN_POINT('',(65.6,-37.081362095171,12.0499230555061));
#2894=CARTESIAN_POINT('',(65.6000000000011,-36.7499999999995,12.0623978637949));
#2895=CARTESIAN_POINT('',(64.4179884012215,4.06678392861009,13.5990297293425));
#2896=CARTESIAN_POINT('',(64.7345440764864,4.05246384120951,13.5984906201698));
#2897=CARTESIAN_POINT('',(65.0345742909261,3.91924838684946,13.5934754501233));
#2898=CARTESIAN_POINT('',(65.4765099387034,3.46347628648073,13.5763169710506));
#2899=CARTESIAN_POINT('',(65.6,3.15918290833374,13.5648612203439));
#2900=CARTESIAN_POINT('',(65.6,2.84158281888093,13.5529045110939));
#2901=CARTESIAN_POINT('',(31.4000000000011,-36.75,12.0623978637948));
#2902=CARTESIAN_POINT('',(31.4,-37.0813620951711,12.0499230555061));
#2903=CARTESIAN_POINT('',(31.5315763340205,-37.3992460119647,12.0379556609915));
#2904=CARTESIAN_POINT('',(32.0003198999721,-37.8681840642782,12.0203015225514));
#2905=CARTESIAN_POINT('',(32.3183207000529,-38.,12.0153390402654));
#2906=CARTESIAN_POINT('',(32.65,-38.,12.0153390402654));
#2907=CARTESIAN_POINT('',(64.35,-38.,12.0153390402654));
#2908=CARTESIAN_POINT('',(32.65,-38.,12.0153390402654));
#2909=CARTESIAN_POINT('',(64.,-36.,12.0906331579125));
#2910=CARTESIAN_POINT('',(64.,2.49999999999967,13.5400449226184));
#2911=CARTESIAN_POINT('',(31.4000000000011,-36.75,12.0623978637948));
#2912=CARTESIAN_POINT('',(31.4000000000026,2.84163535024725,13.5529064887454));
#2913=CARTESIAN_POINT('',(64.35,-38.,4.49999999999999));
#2914=CARTESIAN_POINT('',(64.35,-38.,12.0153390402654));
#2915=CARTESIAN_POINT('',(65.600000000001,-36.7499999999999,4.5));
#2916=CARTESIAN_POINT('',(65.6000000000011,-36.7499999999995,12.0623978637949));
#2917=CARTESIAN_POINT('',(64.3500000000001,-36.7499999999991,4.5));
#2918=CARTESIAN_POINT('',(64.35,-38.,4.49999999999999));
#2919=CARTESIAN_POINT('',(65.600000000001,-36.7499999999999,4.5));
#2920=CARTESIAN_POINT('',(32.65,-38.,12.0153390402654));
#2921=CARTESIAN_POINT('',(32.65,-38.,4.5));
#2922=CARTESIAN_POINT('',(31.400000000001,-36.75,4.5));
#2923=CARTESIAN_POINT('',(31.4000000000011,-36.75,12.0623978637948));
#2924=CARTESIAN_POINT('',(32.6500000000002,-36.7500000000008,4.5));
#2925=CARTESIAN_POINT('',(31.400000000001,-36.75,4.5));
#2926=CARTESIAN_POINT('',(32.65,-38.,4.5));
#2927=CARTESIAN_POINT('',(31.4000000000026,2.84163535024725,13.5529064887454));
#2928=CARTESIAN_POINT('',(31.4000000001573,3.17078080852625,3.22672610321651E-15));
#2929=CARTESIAN_POINT('',(64.4179884012214,4.0667839286101,-2.01913152320667E-15));
#2930=CARTESIAN_POINT('',(65.5999999999998,4.1780689334445,-5.92869653948442E-15));
#2931=CARTESIAN_POINT('',(65.6,3.16997581974571,-9.83826155576161E-15));
#2932=CARTESIAN_POINT('',(65.6,2.84158281888093,13.5529045110939));
#2933=CARTESIAN_POINT('',(65.6,3.16997581974571,-9.83826155576161E-15));
#2934=CARTESIAN_POINT('',(31.400007280273,-7.57685335430099,4.50000000000001));
#2935=CARTESIAN_POINT('',(31.400003640137,-22.1634266771505,4.5));
#2936=CARTESIAN_POINT('',(31.400000000001,-36.75,4.5));
#2937=CARTESIAN_POINT('',(31.4,1.29596086004633,-3.91186222039129E-15));
#2938=CARTESIAN_POINT('',(31.4,1.06039249533948,0.000176763819555961));
#2939=CARTESIAN_POINT('',(31.4,0.828176614573169,0.055838935163952));
#2940=CARTESIAN_POINT('',(31.4000000000001,0.408062431617587,0.269071742757675));
#2941=CARTESIAN_POINT('',(31.4000000000001,0.226051243199081,0.423652979448798));
#2942=CARTESIAN_POINT('',(31.4000000000001,0.0868379323237555,0.613680314930666));
#2943=CARTESIAN_POINT('',(65.6000000000002,-7.57685335430099,4.49999999999987));
#2944=CARTESIAN_POINT('',(65.600000000001,-36.7499999999999,4.5));
#2945=CARTESIAN_POINT('',(54.4980010986328,-38.,4.5));
#2946=CARTESIAN_POINT('',(42.5019989013672,-38.,4.5));
#2947=CARTESIAN_POINT('',(42.5019989013672,-38.,4.5));
#2948=CARTESIAN_POINT('',(42.5019989013672,-38.,10.0030002593994));
#2949=CARTESIAN_POINT('',(54.4980010986328,-38.,10.0030002593994));
#2950=CARTESIAN_POINT('',(54.4980010986328,-38.,4.5));
#2951=CARTESIAN_POINT('',(55.5028502852828,-38.,10.0030002593994));
#2952=CARTESIAN_POINT('',(54.4980010986328,-38.,10.0030002593994));
#2953=CARTESIAN_POINT('',(42.5019989013672,-38.,10.0030002593994));
#2954=CARTESIAN_POINT('',(41.4970016479492,-38.,10.0030002593994));
#2955=CARTESIAN_POINT('',(55.5028502852828,-38.,4.5));
#2956=CARTESIAN_POINT('',(55.5028502852828,-38.,10.0030002593994));
#2957=CARTESIAN_POINT('',(41.4970016479492,-38.,10.0030002593994));
#2958=CARTESIAN_POINT('',(41.4970016479492,-38.,4.5));
#2959=CARTESIAN_POINT('',(64.35,-38.,4.49999999999999));
#2960=CARTESIAN_POINT('',(55.5028502852828,-38.,4.5));
#2961=CARTESIAN_POINT('',(41.4970016479492,-38.,4.5));
#2962=CARTESIAN_POINT('',(32.65,-38.,4.5));
#2963=CARTESIAN_POINT('',(42.4970016479492,-34.5709991455117,2.82563389916453E-13));
#2964=CARTESIAN_POINT('',(42.4970016479492,-33.5709991455117,-1.50693539895403E-15));
#2965=CARTESIAN_POINT('',(41.4970016479492,-34.5709991455117,-2.27852536674951E-15));
#2966=CARTESIAN_POINT('',(41.4970016479492,-34.5709991455117,-2.27852536675317E-15));
#2967=CARTESIAN_POINT('',(41.4970016479492,-34.5709991455117,6.99700021743774));
#2968=CARTESIAN_POINT('',(42.4970016479492,-33.5709991455117,-1.50693539895405E-15));
#2969=CARTESIAN_POINT('',(42.4970016479492,-33.5709991455117,6.99700021743775));
#2970=CARTESIAN_POINT('',(42.4970016479492,-33.5709991455117,-1.50693539895405E-15));
#2971=CARTESIAN_POINT('',(54.502554151747,-33.5709991455117,-2.21747813471415E-15));
#2972=CARTESIAN_POINT('',(54.502554151747,-33.5709991455117,-2.21747813471415E-15));
#2973=CARTESIAN_POINT('',(54.502554151747,-33.5709991455117,6.99700021743774));
#2974=CARTESIAN_POINT('',(41.4970016479492,-35.0709991455117,4.5));
#2975=CARTESIAN_POINT('',(41.4970016479492,-35.0709991455104,-2.86166424780325E-16));
#2976=CARTESIAN_POINT('',(41.4970016479492,-38.,10.0030002593994));
#2977=CARTESIAN_POINT('',(41.4970608746564,-36.,10.0030002593994));
#2978=CARTESIAN_POINT('',(41.4970016479492,-35.0709991455117,4.5));
#2979=CARTESIAN_POINT('',(41.4970016479492,-37.,4.5));
#2980=CARTESIAN_POINT('',(41.4970016479492,-38.,4.5));
#2981=CARTESIAN_POINT('',(41.4970016479492,-34.5709991455117,-2.27852536675317E-15));
#2982=CARTESIAN_POINT('',(41.4970016479492,-35.0709991455104,-2.86166424780325E-16));
#2983=CARTESIAN_POINT('',(41.4970756813332,-36.,6.99708354473115));
#2984=CARTESIAN_POINT('',(41.4970707408497,-36.,8.00005552381506));
#2985=CARTESIAN_POINT('',(41.4970608746564,-36.,10.0030002593994));
#2986=CARTESIAN_POINT('',(55.5026335443925,-35.0709991455104,1.07085034030246E-14));
#2987=CARTESIAN_POINT('',(55.502554151747,-35.0709991455117,4.5));
#2988=CARTESIAN_POINT('',(55.5028502852828,-38.,10.0030002593994));
#2989=CARTESIAN_POINT('',(55.50290951199,-36.,10.0030002593994));
#2990=CARTESIAN_POINT('',(55.5026335443925,-35.0709991455104,1.07085034030246E-14));
#2991=CARTESIAN_POINT('',(55.5025796105628,-34.5709991018993,1.89111632876239E-15));
#2992=CARTESIAN_POINT('',(55.5028502852828,-38.,4.5));
#2993=CARTESIAN_POINT('',(55.5027762518989,-37.,4.5));
#2994=CARTESIAN_POINT('',(55.502554151747,-35.0709991455117,4.5));
#2995=CARTESIAN_POINT('',(55.5025796105628,-34.5709991018993,1.89111632876239E-15));
#2996=CARTESIAN_POINT('',(55.5026090138498,-34.5709991608988,6.99724721468315));
#2997=CARTESIAN_POINT('',(55.5025796105628,-34.5709991018993,1.89111632876239E-15));
#2998=CARTESIAN_POINT('',(55.5025668811549,-33.5709991237055,-1.65812557214775E-13));
#2999=CARTESIAN_POINT('',(54.502554151747,-33.5709991455117,-2.21747813471415E-15));
#3000=CARTESIAN_POINT('',(54.4980010986328,-38.,10.0030002593994));
#3001=CARTESIAN_POINT('',(54.4980010986328,-36.,10.0030002593994));
#3002=CARTESIAN_POINT('',(42.5019989013672,-38.,10.0030002593994));
#3003=CARTESIAN_POINT('',(42.5019989013672,-36.,10.0030002593994));
#3004=CARTESIAN_POINT('',(42.5019989013672,-36.,10.0030002593994));
#3005=CARTESIAN_POINT('',(41.4970608746564,-36.,10.0030002593994));
#3006=CARTESIAN_POINT('',(42.5019989013672,-38.,4.5));
#3007=CARTESIAN_POINT('',(42.5019989013672,-37.,4.5));
#3008=CARTESIAN_POINT('',(54.4980010986328,-37.,4.5));
#3009=CARTESIAN_POINT('',(54.4980010986328,-38.,4.5));
#3010=CARTESIAN_POINT('',(42.5019989013672,-37.,4.5));
#3011=CARTESIAN_POINT('',(54.4980010986328,-37.,4.5));
#3012=CARTESIAN_POINT('',(42.5019989013672,-35.0709991455078,3.82222954742679E-16));
#3013=CARTESIAN_POINT('',(42.5019989013672,-35.0709991455078,1.99800002574921));
#3014=CARTESIAN_POINT('',(42.5019989013672,-35.0709991455078,6.4980001449585));
#3015=CARTESIAN_POINT('',(54.4980010986328,-35.0709991455078,6.4980001449585));
#3016=CARTESIAN_POINT('',(54.4980010986328,-35.0709991455078,1.99800002574921));
#3017=CARTESIAN_POINT('',(54.4980010986328,-35.0709991455078,3.74928862816212E-16));
#3018=CARTESIAN_POINT('',(42.5019989013672,-35.0709991455078,3.82222954742679E-16));
#3019=CARTESIAN_POINT('',(54.4980010986328,-35.0709991455078,3.74928862816212E-16));
#3020=CARTESIAN_POINT('',(54.4980010986328,-35.0709991455078,6.4980001449585));
#3021=CARTESIAN_POINT('',(42.5019989013672,-35.0709991455078,6.4980001449585));
#3022=CARTESIAN_POINT('',(42.5019989013672,-35.0709991455078,6.4980001449585));
#3023=CARTESIAN_POINT('',(42.5019989013672,-36.,6.49800014495851));
#3024=CARTESIAN_POINT('',(54.4980010986328,-36.,6.49800014495849));
#3025=CARTESIAN_POINT('',(54.4980010986328,-35.0709991455078,6.4980001449585));
#3026=CARTESIAN_POINT('',(42.5019989013672,-37.,-1.53918917563643E-16));
#3027=CARTESIAN_POINT('',(42.5019989013672,-35.0709991455078,3.82222954742679E-16));
#3028=CARTESIAN_POINT('',(54.4980010986328,-35.0709991455078,3.74928862816212E-16));
#3029=CARTESIAN_POINT('',(54.4980010986328,-37.,-1.5854993790387E-16));
#3030=CARTESIAN_POINT('',(54.,-37.0993956487554,2.96511824120238E-17));
#3031=CARTESIAN_POINT('',(43.,-37.0993956487554,6.29804906951232E-17));
#3032=CARTESIAN_POINT('',(43.,-37.0993956487554,6.29804906951232E-17));
#3033=CARTESIAN_POINT('',(43.,-37.,6.11979716204456E-17));
#3034=CARTESIAN_POINT('',(54.,-37.,2.96511824120238E-17));
#3035=CARTESIAN_POINT('',(54.,-37.0993956487554,2.96511824120238E-17));
#3036=CARTESIAN_POINT('',(54.4980010986328,-37.,-1.5854993790387E-16));
#3037=CARTESIAN_POINT('',(54.,-37.,2.96511824120238E-17));
#3038=CARTESIAN_POINT('',(43.,-37.,6.11979716204456E-17));
#3039=CARTESIAN_POINT('',(42.5019989013672,-37.,-1.53918917563643E-16));
#3040=CARTESIAN_POINT('',(43.,-37.,2.));
#3041=CARTESIAN_POINT('',(54.,-37.,2.));
#3042=CARTESIAN_POINT('',(42.5019989013672,-37.,4.5));
#3043=CARTESIAN_POINT('',(42.5019989013672,-37.,-1.53918917563643E-16));
#3044=CARTESIAN_POINT('',(54.4980010986328,-37.,-1.5854993790387E-16));
#3045=CARTESIAN_POINT('',(54.4980010986328,-37.,4.5));
#3046=CARTESIAN_POINT('',(43.,-37.,6.11979716204456E-17));
#3047=CARTESIAN_POINT('',(43.,-37.,2.));
#3048=CARTESIAN_POINT('',(54.,-37.,2.));
#3049=CARTESIAN_POINT('',(54.,-37.,2.96511824120238E-17));
#3050=CARTESIAN_POINT('',(54.,-37.,2.));
#3051=CARTESIAN_POINT('',(54.,-37.0993956487554,2.));
#3052=CARTESIAN_POINT('',(43.,-37.,2.));
#3053=CARTESIAN_POINT('',(43.,-37.0993956487554,2.));
#3054=CARTESIAN_POINT('',(43.,-37.0993956487554,2.));
#3055=CARTESIAN_POINT('',(54.,-37.0993956487554,2.));
#3056=CARTESIAN_POINT('',(43.,-37.0985976512883,1.));
#3057=CARTESIAN_POINT('',(43.,-37.0993956487554,1.11022302462516E-16));
#3058=CARTESIAN_POINT('',(43.,-37.0993956487554,2.));
#3059=CARTESIAN_POINT('',(54.,-37.0985976512883,1.));
#3060=CARTESIAN_POINT('',(54.,-37.0993956487554,0.));
#3061=CARTESIAN_POINT('',(54.,-37.0993956487554,2.));
#3062=CARTESIAN_POINT('',(62.,-12.1789999008179,-6.38115034989291E-17));
#3063=CARTESIAN_POINT('',(62.,-12.1789999008179,4.5));
#3064=CARTESIAN_POINT('',(61.9997778998481,-35.0709991455117,4.5));
#3065=CARTESIAN_POINT('',(61.9998519332321,-35.0709991455117,-1.43093705967449E-16));
#3066=CARTESIAN_POINT('',(61.9997778998481,-35.0709991455117,4.5));
#3067=CARTESIAN_POINT('',(61.9998002437294,-32.7680015563964,4.5));
#3068=CARTESIAN_POINT('',(61.9999936548328,-12.8330001831055,4.5));
#3069=CARTESIAN_POINT('',(62.,-12.1789999008179,4.5));
#3070=CARTESIAN_POINT('',(62.,-12.1789999008179,-6.38115034989291E-17));
#3071=CARTESIAN_POINT('',(61.9999957698886,-12.8330001831055,-3.95384219004356E-17));
#3072=CARTESIAN_POINT('',(61.9998519332321,-35.0709991455117,-1.43093705967449E-16));
#3073=CARTESIAN_POINT('',(43.9,-10.9289999008179,-5.50308984352887E-17));
#3074=CARTESIAN_POINT('',(40.3,-10.9289999008179,-3.51644748873565E-17));
#3075=CARTESIAN_POINT('',(43.6569552820014,-10.0219446647358,0.0521875972899753));
#3076=CARTESIAN_POINT('',(43.7379701880009,-10.3242964100965,0.03479173152665));
#3077=CARTESIAN_POINT('',(43.8189850940005,-10.6266481554572,0.0173958657633248));
#3078=CARTESIAN_POINT('',(43.9,-10.9289999008179,-5.50308984352887E-17));
#3079=CARTESIAN_POINT('',(43.4000463544658,-9.61751186109929,0.0754567163551034));
#3080=CARTESIAN_POINT('',(43.5250484385006,-9.72295961724497,0.069389759444483));
#3081=CARTESIAN_POINT('',(43.6146681705091,-9.86412701614125,0.0612676660250187));
#3082=CARTESIAN_POINT('',(43.6569552820014,-10.0219446647358,0.0521875972899753));
#3083=CARTESIAN_POINT('',(40.5430447179986,-10.0219446647358,0.0521875972899753));
#3084=CARTESIAN_POINT('',(40.5853318294909,-9.8641270161413,0.061267666025016));
#3085=CARTESIAN_POINT('',(40.6749515614994,-9.72295961724495,0.0693897594444842));
#3086=CARTESIAN_POINT('',(40.7999536455342,-9.61751186109929,0.0754567163551034));
#3087=CARTESIAN_POINT('',(40.3,-10.9289999008179,-3.51644748873565E-17));
#3088=CARTESIAN_POINT('',(40.3810149059995,-10.6266481554572,0.0173958657633251));
#3089=CARTESIAN_POINT('',(40.4620298119991,-10.3242964100965,0.0347917315266502));
#3090=CARTESIAN_POINT('',(40.5430447179986,-10.0219446647358,0.0521875972899753));
#3091=CARTESIAN_POINT('',(43.4000463544658,-9.61751186109929,0.0754567163551034));
#3092=CARTESIAN_POINT('',(40.7999536455342,-9.61751186109929,0.0754567163551034));
#3093=CARTESIAN_POINT('',(42.8842146209701,-9.42899990081786,0.275126506116661));
#3094=CARTESIAN_POINT('',(42.9674774873744,-9.42899990081786,0.233495072914557));
#3095=CARTESIAN_POINT('',(43.051860222635,-9.44204494755867,0.191148528821081));
#3096=CARTESIAN_POINT('',(43.2147747615377,-9.49549721655454,0.11971566181953));
#3097=CARTESIAN_POINT('',(43.2975412874088,-9.53777867561944,0.0881120534721438));
#3098=CARTESIAN_POINT('',(43.3712237641771,-9.59431722858488,0.0781566803900296));
#3099=CARTESIAN_POINT('',(43.3809783177514,-9.60180216079808,0.0768387249637153));
#3100=CARTESIAN_POINT('',(43.3906003261636,-9.60954349403842,0.075915177884996));
#3101=CARTESIAN_POINT('',(43.4000463544658,-9.61751186109929,0.0754567163551034));
#3102=CARTESIAN_POINT('',(40.7999536455342,-9.61751186109929,0.0754567163551034));
#3103=CARTESIAN_POINT('',(40.8093996738364,-9.60954349403845,0.0759151778849944));
#3104=CARTESIAN_POINT('',(40.8190216822487,-9.60180216079803,0.0768387249637247));
#3105=CARTESIAN_POINT('',(40.8287762358229,-9.59431722858487,0.0781566803900306));
#3106=CARTESIAN_POINT('',(40.9024587125912,-9.53777867561942,0.0881120534721478));
#3107=CARTESIAN_POINT('',(40.9852252384623,-9.49549721655453,0.11971566181954));
#3108=CARTESIAN_POINT('',(41.148139777365,-9.44204494755866,0.191148528821098));
#3109=CARTESIAN_POINT('',(41.2325225126257,-9.42899990081786,0.233495072914573));
#3110=CARTESIAN_POINT('',(41.3157853790298,-9.42899990081786,0.275126506116661));
#3111=CARTESIAN_POINT('',(42.8842146209701,-9.42899990081786,0.275126506116661));
#3112=CARTESIAN_POINT('',(41.3157853790298,-9.42899990081786,0.275126506116661));
#3113=CARTESIAN_POINT('',(56.7,-10.9289999008179,-3.1576228924352E-17));
#3114=CARTESIAN_POINT('',(53.1,-10.9289999008179,5.33162181316421E-16));
#3115=CARTESIAN_POINT('',(56.4569552820014,-10.0219446647359,0.0521875972899753));
#3116=CARTESIAN_POINT('',(56.537970188001,-10.3242964100965,0.03479173152665));
#3117=CARTESIAN_POINT('',(56.6189850940005,-10.6266481554572,0.0173958657633248));
#3118=CARTESIAN_POINT('',(56.7,-10.9289999008179,-3.1576228924352E-17));
#3119=CARTESIAN_POINT('',(56.2000463544658,-9.61751186109929,0.0754567163551034));
#3120=CARTESIAN_POINT('',(56.3250484385006,-9.72295961724497,0.069389759444483));
#3121=CARTESIAN_POINT('',(56.4146681705091,-9.86412701614126,0.0612676660250187));
#3122=CARTESIAN_POINT('',(56.4569552820014,-10.0219446647359,0.0521875972899753));
#3123=CARTESIAN_POINT('',(53.3430447179986,-10.0219446647359,0.0521875972899753));
#3124=CARTESIAN_POINT('',(53.3853318294909,-9.8641270161413,0.061267666025016));
#3125=CARTESIAN_POINT('',(53.4749515614994,-9.72295961724495,0.0693897594444843));
#3126=CARTESIAN_POINT('',(53.5999536455342,-9.61751186109929,0.0754567163551034));
#3127=CARTESIAN_POINT('',(53.1,-10.9289999008179,5.33162181316421E-16));
#3128=CARTESIAN_POINT('',(53.1810149059995,-10.6266481554572,0.0173958657633255));
#3129=CARTESIAN_POINT('',(53.262029811999,-10.3242964100965,0.0347917315266504));
#3130=CARTESIAN_POINT('',(53.3430447179986,-10.0219446647359,0.0521875972899753));
#3131=CARTESIAN_POINT('',(56.2000463544658,-9.61751186109929,0.0754567163551034));
#3132=CARTESIAN_POINT('',(53.5999536455342,-9.61751186109929,0.0754567163551034));
#3133=CARTESIAN_POINT('',(55.6842146209702,-9.42899990081787,0.275126506116661));
#3134=CARTESIAN_POINT('',(55.7674774873744,-9.42899990081787,0.233495072914557));
#3135=CARTESIAN_POINT('',(55.851860222635,-9.44204494755867,0.191148528821081));
#3136=CARTESIAN_POINT('',(56.0147747615377,-9.49549721655454,0.11971566181953));
#3137=CARTESIAN_POINT('',(56.0975412874088,-9.53777867561944,0.0881120534721438));
#3138=CARTESIAN_POINT('',(56.1712237641771,-9.59431722858488,0.0781566803900296));
#3139=CARTESIAN_POINT('',(56.1809783177514,-9.60180216079809,0.0768387249637154));
#3140=CARTESIAN_POINT('',(56.1906003261635,-9.60954349403843,0.0759151778849961));
#3141=CARTESIAN_POINT('',(56.2000463544658,-9.61751186109929,0.0754567163551034));
#3142=CARTESIAN_POINT('',(53.5999536455342,-9.61751186109929,0.0754567163551034));
#3143=CARTESIAN_POINT('',(53.6093996738364,-9.60954349403846,0.0759151778849944));
#3144=CARTESIAN_POINT('',(53.6190216822487,-9.60180216079803,0.0768387249637247));
#3145=CARTESIAN_POINT('',(53.6287762358229,-9.59431722858488,0.0781566803900306));
#3146=CARTESIAN_POINT('',(53.7024587125912,-9.53777867561943,0.0881120534721479));
#3147=CARTESIAN_POINT('',(53.7852252384623,-9.49549721655453,0.11971566181954));
#3148=CARTESIAN_POINT('',(53.948139777365,-9.44204494755866,0.191148528821098));
#3149=CARTESIAN_POINT('',(54.0325225126257,-9.42899990081787,0.233495072914573));
#3150=CARTESIAN_POINT('',(54.1157853790299,-9.42899990081787,0.275126506116661));
#3151=CARTESIAN_POINT('',(55.6842146209702,-9.42899990081787,0.275126506116661));
#3152=CARTESIAN_POINT('',(54.1157853790299,-9.42899990081787,0.275126506116661));
#3153=CARTESIAN_POINT('',(43.9,-10.9289999008179,1.5));
#3154=CARTESIAN_POINT('',(40.3,-10.9289999008179,1.5));
#3155=CARTESIAN_POINT('',(43.6569552820014,-10.0219446647358,1.44781240271003));
#3156=CARTESIAN_POINT('',(43.7379701880009,-10.3242964100965,1.46520826847335));
#3157=CARTESIAN_POINT('',(43.8189850940005,-10.6266481554572,1.48260413423668));
#3158=CARTESIAN_POINT('',(43.9,-10.9289999008179,1.5));
#3159=CARTESIAN_POINT('',(43.4000463544658,-9.61751186109929,1.4245432836449));
#3160=CARTESIAN_POINT('',(43.5250484385006,-9.72295961724497,1.43061024055552));
#3161=CARTESIAN_POINT('',(43.6146681705091,-9.86412701614125,1.43873233397498));
#3162=CARTESIAN_POINT('',(43.6569552820014,-10.0219446647358,1.44781240271003));
#3163=CARTESIAN_POINT('',(40.5430447179986,-10.0219446647358,1.44781240271003));
#3164=CARTESIAN_POINT('',(40.5853318294909,-9.8641270161413,1.43873233397499));
#3165=CARTESIAN_POINT('',(40.6749515614994,-9.72295961724495,1.43061024055552));
#3166=CARTESIAN_POINT('',(40.7999536455342,-9.61751186109929,1.4245432836449));
#3167=CARTESIAN_POINT('',(40.3,-10.9289999008179,1.5));
#3168=CARTESIAN_POINT('',(40.3810149059995,-10.6266481554572,1.48260413423668));
#3169=CARTESIAN_POINT('',(40.4620298119991,-10.3242964100965,1.46520826847335));
#3170=CARTESIAN_POINT('',(40.5430447179986,-10.0219446647358,1.44781240271003));
#3171=CARTESIAN_POINT('',(43.4000463544658,-9.61751186109929,1.4245432836449));
#3172=CARTESIAN_POINT('',(40.7999536455342,-9.61751186109929,1.4245432836449));
#3173=CARTESIAN_POINT('',(40.7999536455342,-9.61751186109929,1.4245432836449));
#3174=CARTESIAN_POINT('',(40.8093996738364,-9.60954349403845,1.42408482211501));
#3175=CARTESIAN_POINT('',(40.8190216822487,-9.60180216079803,1.42316127503628));
#3176=CARTESIAN_POINT('',(40.8287762358229,-9.59431722858487,1.42184331960997));
#3177=CARTESIAN_POINT('',(40.9024587125912,-9.53777867561942,1.41188794652785));
#3178=CARTESIAN_POINT('',(40.9852252384623,-9.49549721655453,1.38028433818046));
#3179=CARTESIAN_POINT('',(41.148139777365,-9.44204494755866,1.3088514711789));
#3180=CARTESIAN_POINT('',(41.2325225126257,-9.42899990081786,1.26650492708543));
#3181=CARTESIAN_POINT('',(41.3157853790298,-9.42899990081786,1.22487349388334));
#3182=CARTESIAN_POINT('',(42.8842146209701,-9.42899990081786,1.22487349388334));
#3183=CARTESIAN_POINT('',(41.3157853790298,-9.42899990081786,1.22487349388334));
#3184=CARTESIAN_POINT('',(42.8842146209701,-9.42899990081786,1.22487349388334));
#3185=CARTESIAN_POINT('',(42.9674774873744,-9.42899990081786,1.26650492708544));
#3186=CARTESIAN_POINT('',(43.051860222635,-9.44204494755867,1.30885147117892));
#3187=CARTESIAN_POINT('',(43.2147747615377,-9.49549721655454,1.38028433818047));
#3188=CARTESIAN_POINT('',(43.2975412874088,-9.53777867561944,1.41188794652786));
#3189=CARTESIAN_POINT('',(43.3712237641771,-9.59431722858488,1.42184331960997));
#3190=CARTESIAN_POINT('',(43.3809783177514,-9.60180216079808,1.42316127503629));
#3191=CARTESIAN_POINT('',(43.3906003261636,-9.60954349403842,1.42408482211501));
#3192=CARTESIAN_POINT('',(43.4000463544658,-9.61751186109929,1.4245432836449));
#3193=CARTESIAN_POINT('',(56.7,-10.9289999008179,1.5));
#3194=CARTESIAN_POINT('',(53.1,-10.9289999008179,1.5));
#3195=CARTESIAN_POINT('',(56.4569552820014,-10.0219446647359,1.44781240271003));
#3196=CARTESIAN_POINT('',(56.537970188001,-10.3242964100965,1.46520826847335));
#3197=CARTESIAN_POINT('',(56.6189850940005,-10.6266481554572,1.48260413423668));
#3198=CARTESIAN_POINT('',(56.7,-10.9289999008179,1.5));
#3199=CARTESIAN_POINT('',(56.2000463544658,-9.61751186109929,1.4245432836449));
#3200=CARTESIAN_POINT('',(56.3250484385006,-9.72295961724497,1.43061024055552));
#3201=CARTESIAN_POINT('',(56.4146681705091,-9.86412701614126,1.43873233397498));
#3202=CARTESIAN_POINT('',(56.4569552820014,-10.0219446647359,1.44781240271003));
#3203=CARTESIAN_POINT('',(53.3430447179986,-10.0219446647359,1.44781240271003));
#3204=CARTESIAN_POINT('',(53.3853318294909,-9.8641270161413,1.43873233397499));
#3205=CARTESIAN_POINT('',(53.4749515614994,-9.72295961724495,1.43061024055552));
#3206=CARTESIAN_POINT('',(53.5999536455342,-9.61751186109929,1.4245432836449));
#3207=CARTESIAN_POINT('',(53.1,-10.9289999008179,1.5));
#3208=CARTESIAN_POINT('',(53.1810149059995,-10.6266481554572,1.48260413423668));
#3209=CARTESIAN_POINT('',(53.262029811999,-10.3242964100965,1.46520826847335));
#3210=CARTESIAN_POINT('',(53.3430447179986,-10.0219446647359,1.44781240271003));
#3211=CARTESIAN_POINT('',(56.2000463544658,-9.61751186109929,1.4245432836449));
#3212=CARTESIAN_POINT('',(53.5999536455342,-9.61751186109929,1.4245432836449));
#3213=CARTESIAN_POINT('',(53.5999536455342,-9.61751186109929,1.4245432836449));
#3214=CARTESIAN_POINT('',(53.6093996738364,-9.60954349403846,1.42408482211501));
#3215=CARTESIAN_POINT('',(53.6190216822487,-9.60180216079803,1.42316127503628));
#3216=CARTESIAN_POINT('',(53.6287762358229,-9.59431722858488,1.42184331960997));
#3217=CARTESIAN_POINT('',(53.7024587125912,-9.53777867561943,1.41188794652785));
#3218=CARTESIAN_POINT('',(53.7852252384623,-9.49549721655453,1.38028433818046));
#3219=CARTESIAN_POINT('',(53.948139777365,-9.44204494755866,1.3088514711789));
#3220=CARTESIAN_POINT('',(54.0325225126257,-9.42899990081787,1.26650492708543));
#3221=CARTESIAN_POINT('',(54.1157853790299,-9.42899990081787,1.22487349388334));
#3222=CARTESIAN_POINT('',(55.6842146209702,-9.42899990081787,1.22487349388334));
#3223=CARTESIAN_POINT('',(54.1157853790299,-9.42899990081787,1.22487349388334));
#3224=CARTESIAN_POINT('',(55.6842146209702,-9.42899990081787,1.22487349388334));
#3225=CARTESIAN_POINT('',(55.7674774873744,-9.42899990081787,1.26650492708544));
#3226=CARTESIAN_POINT('',(55.851860222635,-9.44204494755867,1.30885147117892));
#3227=CARTESIAN_POINT('',(56.0147747615377,-9.49549721655454,1.38028433818047));
#3228=CARTESIAN_POINT('',(56.0975412874088,-9.53777867561944,1.41188794652786));
#3229=CARTESIAN_POINT('',(56.1712237641771,-9.59431722858488,1.42184331960997));
#3230=CARTESIAN_POINT('',(56.1809783177514,-9.60180216079809,1.42316127503629));
#3231=CARTESIAN_POINT('',(56.1906003261635,-9.60954349403843,1.42408482211501));
#3232=CARTESIAN_POINT('',(56.2000463544658,-9.61751186109929,1.4245432836449));
#3233=CARTESIAN_POINT('',(35.,-12.1789999008179,1.17570644515098E-17));
#3234=CARTESIAN_POINT('',(35.,-12.1789999008179,4.5));
#3235=CARTESIAN_POINT('',(36.25,-12.1789999008179,1.56760859353464E-17));
#3236=CARTESIAN_POINT('',(35.,-12.1789999008179,1.17570644515098E-17));
#3237=CARTESIAN_POINT('',(36.25,-10.9289999008179,1.9595107419183E-17));
#3238=CARTESIAN_POINT('',(36.25,-10.9289999008179,1.9595107419183E-17));
#3239=CARTESIAN_POINT('',(36.25,-10.9289999008179,4.5));
#3240=CARTESIAN_POINT('',(36.25,-12.1789999008179,4.5));
#3241=CARTESIAN_POINT('',(35.,-12.1789999008179,4.5));
#3242=CARTESIAN_POINT('',(36.25,-10.9289999008179,4.5));
#3243=CARTESIAN_POINT('',(60.75,-12.1789999008179,-8.50820046652385E-17));
#3244=CARTESIAN_POINT('',(62.,-12.1789999008179,-6.38115034989291E-17));
#3245=CARTESIAN_POINT('',(60.75,-10.9289999008179,-1.06352505831548E-16));
#3246=CARTESIAN_POINT('',(60.75,-10.9289999008179,-1.06352505831548E-16));
#3247=CARTESIAN_POINT('',(60.75,-10.9289999008179,4.5));
#3248=CARTESIAN_POINT('',(60.75,-12.1789999008179,4.5));
#3249=CARTESIAN_POINT('',(62.,-12.1789999008179,4.5));
#3250=CARTESIAN_POINT('',(60.75,-10.9289999008179,4.5));
#3251=CARTESIAN_POINT('',(56.4569552820014,-10.0219446647359,1.44781240271003));
#3252=CARTESIAN_POINT('',(56.4569552820014,-10.0219446647359,0.0521875972899753));
#3253=CARTESIAN_POINT('',(56.7,-10.9289999008179,1.5));
#3254=CARTESIAN_POINT('',(56.7,-10.9289999008179,-3.1576228924352E-17));
#3255=CARTESIAN_POINT('',(55.6842146209702,-9.42899990081787,1.22487349388334));
#3256=CARTESIAN_POINT('',(55.6842146209702,-9.42899990081787,0.275126506116661));
#3257=CARTESIAN_POINT('',(54.1157853790299,-9.42899990081787,1.22487349388334));
#3258=CARTESIAN_POINT('',(54.1157853790299,-9.42899990081787,0.275126506116661));
#3259=CARTESIAN_POINT('',(53.3430447179986,-10.0219446647359,1.44781240271003));
#3260=CARTESIAN_POINT('',(53.3430447179986,-10.0219446647359,0.0521875972899753));
#3261=CARTESIAN_POINT('',(53.1,-10.9289999008179,1.5));
#3262=CARTESIAN_POINT('',(53.1,-10.9289999008179,5.33162181316421E-16));
#3263=CARTESIAN_POINT('',(43.9,-10.9289999008179,1.5));
#3264=CARTESIAN_POINT('',(43.9,-10.9289999008179,-5.50308984352887E-17));
#3265=CARTESIAN_POINT('',(43.6569552820014,-10.0219446647358,1.44781240271003));
#3266=CARTESIAN_POINT('',(43.6569552820014,-10.0219446647358,0.0521875972899753));
#3267=CARTESIAN_POINT('',(42.8842146209701,-9.42899990081786,1.22487349388334));
#3268=CARTESIAN_POINT('',(42.8842146209701,-9.42899990081786,0.275126506116661));
#3269=CARTESIAN_POINT('',(41.3157853790298,-9.42899990081786,1.22487349388334));
#3270=CARTESIAN_POINT('',(41.3157853790298,-9.42899990081786,0.275126506116661));
#3271=CARTESIAN_POINT('',(40.5430447179986,-10.0219446647358,1.44781240271003));
#3272=CARTESIAN_POINT('',(40.5430447179986,-10.0219446647358,0.0521875972899753));
#3273=CARTESIAN_POINT('',(40.3,-10.9289999008179,1.5));
#3274=CARTESIAN_POINT('',(40.3,-10.9289999008179,-3.51644748873565E-17));
#3275=CARTESIAN_POINT('',(60.75,-10.9289999008179,4.5));
#3276=CARTESIAN_POINT('',(59.9529991149902,-10.9289999008179,4.5));
#3277=CARTESIAN_POINT('',(57.3440017700195,-10.9289999008179,4.5));
#3278=CARTESIAN_POINT('',(49.1520004272461,-10.9289999008179,4.5));
#3279=CARTESIAN_POINT('',(37.0470008850098,-10.9289999008179,4.5));
#3280=CARTESIAN_POINT('',(36.25,-10.9289999008179,4.5));
#3281=CARTESIAN_POINT('',(53.1,-10.9289999008179,5.33162181316421E-16));
#3282=CARTESIAN_POINT('',(52.8,-10.9289999008179,-3.54508352771828E-17));
#3283=CARTESIAN_POINT('',(44.2,-10.9289999008179,6.55660860646084E-16));
#3284=CARTESIAN_POINT('',(43.9,-10.9289999008179,-5.50308984352887E-17));
#3285=CARTESIAN_POINT('',(40.3,-10.9289999008179,-3.51644748873565E-17));
#3286=CARTESIAN_POINT('',(40.,-10.9289999008179,-6.39847103313063E-17));
#3287=CARTESIAN_POINT('',(37.0470008850098,-10.9289999008179,-2.89191328041218E-17));
#3288=CARTESIAN_POINT('',(36.25,-10.9289999008179,1.9595107419183E-17));
#3289=CARTESIAN_POINT('',(60.75,-10.9289999008179,-1.06352505831548E-16));
#3290=CARTESIAN_POINT('',(59.9529991149902,-10.9289999008179,-7.09016705543656E-17));
#3291=CARTESIAN_POINT('',(57.,-10.9289999008179,6.79115530157021E-16));
#3292=CARTESIAN_POINT('',(56.7,-10.9289999008179,-3.1576228924352E-17));
#3293=CARTESIAN_POINT('',(35.,-35.0709991455117,4.5));
#3294=CARTESIAN_POINT('',(35.,-16.3840007781982,4.5));
#3295=CARTESIAN_POINT('',(35.,-12.8330001831055,4.5));
#3296=CARTESIAN_POINT('',(35.,-12.1789999008179,4.5));
#3297=CARTESIAN_POINT('',(35.,-35.0709991455117,4.89010240627428E-21));
#3298=CARTESIAN_POINT('',(35.,-12.8330001831055,6.53163262052607E-18));
#3299=CARTESIAN_POINT('',(35.,-12.1789999008179,1.17570644515098E-17));
#3300=CARTESIAN_POINT('',(35.,-35.0709991455117,4.89010240627428E-21));
#3301=CARTESIAN_POINT('',(35.,-35.0709991455117,4.5));
#3302=CARTESIAN_POINT('',(41.4970016479492,-35.0709991455104,-2.86166424780325E-16));
#3303=CARTESIAN_POINT('',(35.,-35.0709991455117,4.89010240627428E-21));
#3304=CARTESIAN_POINT('',(41.4970016479492,-35.0709991455117,4.5));
#3305=CARTESIAN_POINT('',(35.,-35.0709991455117,4.5));
#3306=CARTESIAN_POINT('',(61.9998519332321,-35.0709991455117,-1.43093705967449E-16));
#3307=CARTESIAN_POINT('',(55.5026335443925,-35.0709991455104,1.07085034030246E-14));
#3308=CARTESIAN_POINT('',(61.9997778998481,-35.0709991455117,4.5));
#3309=CARTESIAN_POINT('',(55.502554151747,-35.0709991455117,4.5));
#3310=CARTESIAN_POINT('',(31.400007280273,-7.57685335430099,4.50000000000001));
#3311=CARTESIAN_POINT('',(48.5000036401366,-7.57685335430099,4.49999999999994));
#3312=CARTESIAN_POINT('',(65.6000000000002,-7.57685335430099,4.49999999999987));
#3313=CARTESIAN_POINT('',(32.5820115987783,4.06678392861008,7.62746918876598E-16));
#3314=CARTESIAN_POINT('',(31.4000000000786,4.17847142783475,1.99473651104656E-15));
#3315=CARTESIAN_POINT('',(31.4000000001573,3.17078080852625,3.22672610321651E-15));
#3316=CARTESIAN_POINT('',(31.4000000001573,3.17078080852625,3.22672610321651E-15));
#3317=CARTESIAN_POINT('',(48.5000954889075,4.18122573989515,-3.3124364408173E-15));
#3318=CARTESIAN_POINT('',(65.6,3.16997581974571,-9.83826155576161E-15));
#3319=CARTESIAN_POINT('',(31.4000000000001,0.0862583322558844,0.614471313796204));
#3320=CARTESIAN_POINT('',(31.4000008722502,-0.595834907911787,1.54548942439989));
#3321=CARTESIAN_POINT('',(31.4000020940797,-1.65969652119258,2.63585163975044));
#3322=CARTESIAN_POINT('',(31.4000044884883,-4.17013760078165,3.93324700199558));
#3323=CARTESIAN_POINT('',(31.4000057871825,-5.61547435111453,4.47184587207199));
#3324=CARTESIAN_POINT('',(31.4000071707858,-7.4321198169528,4.49972429928159));
#3325=CARTESIAN_POINT('',(31.4000072048301,-7.47708039184079,4.49989558841688));
#3326=CARTESIAN_POINT('',(31.4000072388471,-7.52204514189995,4.49998707148874));
#3327=CARTESIAN_POINT('',(31.4000072728318,-7.56700773643723,4.49999872418034));
#3328=CARTESIAN_POINT('',(31.4000072753124,-7.5702896088533,4.49999957472394));
#3329=CARTESIAN_POINT('',(31.4000072777928,-7.57357148106418,4.49999999999998));
#3330=CARTESIAN_POINT('',(31.400007280273,-7.57685335430099,4.50000000000001));
#3331=CARTESIAN_POINT('',(65.6000000000001,0.0868693094464359,0.61289898649398));
#3332=CARTESIAN_POINT('',(48.4987406507972,0.822377969305858,0.614074134813223));
#3333=CARTESIAN_POINT('',(31.4000000000001,0.0868379323237555,0.613680314930666));
#3334=CARTESIAN_POINT('',(65.6,1.29614358541714,6.07686304670174E-14));
#3335=CARTESIAN_POINT('',(65.6,1.0606010529416,2.1703785012249E-8));
#3336=CARTESIAN_POINT('',(65.6,0.828367762242798,0.0554552488293019));
#3337=CARTESIAN_POINT('',(65.6,0.408147036135861,0.268409726765756));
#3338=CARTESIAN_POINT('',(65.6000000000001,0.226102813846257,0.422900858506836));
#3339=CARTESIAN_POINT('',(65.6000000000001,0.0868693094464359,0.61289898649398));
#3340=CARTESIAN_POINT('',(65.6000000000001,0.0862971481329492,0.613680363996135));
#3341=CARTESIAN_POINT('',(48.5002533616962,0.821669910022839,0.61486115362109));
#3342=CARTESIAN_POINT('',(31.4000000000001,0.0862583322558844,0.614471313796204));
#3343=CARTESIAN_POINT('',(65.6000000000001,0.0862971481329492,0.613680363996135));
#3344=CARTESIAN_POINT('',(65.6000000000001,-0.595556682135273,1.54490035479053));
#3345=CARTESIAN_POINT('',(65.6000000000001,-1.65924364610156,2.63558514466314));
#3346=CARTESIAN_POINT('',(65.6000000000001,-4.16991103634307,3.93326616951248));
#3347=CARTESIAN_POINT('',(65.6000000000001,-5.61524702209165,4.47184827358369));
#3348=CARTESIAN_POINT('',(65.6000000000002,-7.43210151391397,4.49972444440271));
#3349=CARTESIAN_POINT('',(65.6000000000002,-7.48034979866742,4.49990818904445));
#3350=CARTESIAN_POINT('',(65.6000000000002,-7.52860301878574,4.50000004950225));
#3351=CARTESIAN_POINT('',(65.6000000000002,-7.57685335430099,4.49999999999987));
#3352=CARTESIAN_POINT('',(65.6,1.29614358541714,6.07686304670174E-14));
#3353=CARTESIAN_POINT('',(48.5016070328953,2.14928454509792,3.12825646927328E-10));
#3354=CARTESIAN_POINT('',(31.4,1.29596086004633,-3.9118622203913E-15));
#3355=CARTESIAN_POINT('',(31.4000000000001,0.0868379323237555,0.613680314930666));
#3356=CARTESIAN_POINT('',(31.4000000000001,0.0866447458551538,0.613943991150145));
#3357=CARTESIAN_POINT('',(31.4000000000001,0.0864515458315145,0.614207657440055));
#3358=CARTESIAN_POINT('',(31.4000000000001,0.0862583322558844,0.614471313796204));
#3359=CARTESIAN_POINT('',(65.6,1.29731039126933,6.07230676043683E-14));
#3360=CARTESIAN_POINT('',(48.5000746553777,2.1504519199444,2.83570934183887E-14));
#3361=CARTESIAN_POINT('',(31.4,1.29708573883427,-3.90738352734477E-15));
#3362=CARTESIAN_POINT('',(65.6,1.29731039126933,6.07230676043683E-14));
#3363=CARTESIAN_POINT('',(65.6,1.29614358541714,6.07686304670174E-14));
#3364=CARTESIAN_POINT('',(31.4,1.29708573883427,-3.90738352734477E-15));
#3365=CARTESIAN_POINT('',(31.4,1.29596086004633,-3.91186222039129E-15));
#3366=CARTESIAN_POINT('',(65.6,3.16997581974571,-9.83826155576161E-15));
#3367=CARTESIAN_POINT('',(65.6,1.29731039126933,6.07230676043683E-14));
#3368=CARTESIAN_POINT('',(31.4000000001573,3.17078080852625,3.22672610321651E-15));
#3369=CARTESIAN_POINT('',(31.4,1.29708573883427,-3.90738352734477E-15));
#3370=CARTESIAN_POINT('',(45.0794789933923,-12.9976910030678,8.00000000000001));
#3371=CARTESIAN_POINT('',(42.1105927734598,-12.9387266279667,8.00000000000001));
#3372=CARTESIAN_POINT('',(41.1929389730752,-15.7628892573451,8.00000000000001));
#3373=CARTESIAN_POINT('',(39.9558980533946,-19.5699946547288,8.));
#3374=CARTESIAN_POINT('',(43.7629507482255,-20.8070509797869,8.));
#3375=CARTESIAN_POINT('',(44.3659533999638,-21.0029894928977,8.));
#3376=CARTESIAN_POINT('',(44.9999905776759,-21.0029894065643,8.));
#3377=CARTESIAN_POINT('',(47.9,-12.7561960472756,8.00000000000032));
#3378=CARTESIAN_POINT('',(46.4897416771787,-12.7561960472756,8.00000000000017));
#3379=CARTESIAN_POINT('',(45.0794833543574,-12.7561960472756,8.00000000000001));
#3380=CARTESIAN_POINT('',(64.,-12.7561960472757,6.99700021743774));
#3381=CARTESIAN_POINT('',(64.,-20.8452165559157,6.99700021743771));
#3382=CARTESIAN_POINT('',(64.,-36.,6.99700021743773));
#3383=CARTESIAN_POINT('',(64.,2.49999999999966,10.0999999999973));
#3384=CARTESIAN_POINT('',(64.,2.49999999999967,10.2970002174377));
#3385=CARTESIAN_POINT('',(64.,2.49999999999967,12.0386281234103));
#3386=CARTESIAN_POINT('',(64.,2.49999999999967,13.5400449226184));
#3387=CARTESIAN_POINT('',(39.0794833543574,-12.7561960472756,8.00000000000016));
#3388=CARTESIAN_POINT('',(35.7970016479492,-12.7561960472757,8.00000000000017));
#3389=CARTESIAN_POINT('',(33.,-12.7561960472756,8.00000000000014));
#3390=CARTESIAN_POINT('',(57.7312738907672,2.49999999999967,8.00000000000032));
#3391=CARTESIAN_POINT('',(57.7312738907672,2.49999999999967,8.19445040225979));
#3392=CARTESIAN_POINT('',(57.7312738907669,2.49999999999966,10.0999999999984));
#3393=CARTESIAN_POINT('',(45.0794833543573,-11.7561960472755,5.73070747078051));
#3394=CARTESIAN_POINT('',(45.0794833543574,-12.7561960472757,5.73070747078051));
#3395=CARTESIAN_POINT('',(45.0794789933988,-12.9976910027388,5.73070747078052));
#3396=CARTESIAN_POINT('',(49.0029795074027,-12.7561960472756,8.00000000000001));
#3397=CARTESIAN_POINT('',(49.0029795074027,-12.7561960472755,5.73070747075762));
#3398=CARTESIAN_POINT('',(49.0029795074027,-12.7561960472756,0.994000434875479));
#3399=CARTESIAN_POINT('',(49.0029795053096,-16.9999257392654,0.994000434875479));
#3400=CARTESIAN_POINT('',(49.0029795074027,-17.0000004768375,5.73070747078053));
#3401=CARTESIAN_POINT('',(49.0029795074027,-17.0000004768375,8.));
#3402=CARTESIAN_POINT('',(33.,-12.7561960472756,6.99700021743775));
#3403=CARTESIAN_POINT('',(33.,-12.7970016479492,6.99745018482213));
#3404=CARTESIAN_POINT('',(33.,-21.7452165559157,6.99700021743779));
#3405=CARTESIAN_POINT('',(33.,-27.7709991455016,6.99700021743777));
#3406=CARTESIAN_POINT('',(33.,-33.3452165559157,6.99700021743778));
#3407=CARTESIAN_POINT('',(33.,-36.,6.99700021743778));
#3408=CARTESIAN_POINT('',(39.5392280633619,4.3627857215563,7.23999595777851));
#3409=CARTESIAN_POINT('',(39.7835129220016,4.37026883402716,6.91431709784678));
#3410=CARTESIAN_POINT('',(40.089540229304,4.37933505587931,6.63996468245045));
#3411=CARTESIAN_POINT('',(40.7900972061256,4.39863649314829,6.22520034562702));
#3412=CARTESIAN_POINT('',(41.1777907475083,4.40866430525268,6.08883487156673));
#3413=CARTESIAN_POINT('',(41.983753441302,4.42772465479424,5.97370816682465));
#3414=CARTESIAN_POINT('',(42.394149951729,4.43656489483231,5.99607446697924));
#3415=CARTESIAN_POINT('',(43.1829082299873,4.45196101727026,6.19816063632022));
#3416=CARTESIAN_POINT('',(43.5535434567345,4.45837653330213,6.37590258995257));
#3417=CARTESIAN_POINT('',(43.8792593856389,4.4635198273966,6.62021525324862));
#3418=CARTESIAN_POINT('',(44.2049059971048,4.46866202691774,6.86447592299283));
#3419=CARTESIAN_POINT('',(44.4792664717027,4.4724526158149,7.17048993618898));
#3420=CARTESIAN_POINT('',(44.8940659944463,4.47785787526751,7.87109959617715));
#3421=CARTESIAN_POINT('',(45.0304398424806,4.47943867067636,8.2588292290304));
#3422=CARTESIAN_POINT('',(45.2042367721121,4.48146503609719,9.47577673328369));
#3423=CARTESIAN_POINT('',(44.9923706580897,4.47939508709946,10.3025417229835));
#3424=CARTESIAN_POINT('',(44.4990400901688,4.47265012605805,10.9602465755257));
#3425=CARTESIAN_POINT('',(44.2547221469759,4.46930973907271,11.2859695435516));
#3426=CARTESIAN_POINT('',(43.9486397296836,4.46481696354461,11.5603592362268));
#3427=CARTESIAN_POINT('',(43.2479299385829,4.45307924083719,11.9751556933216));
#3428=CARTESIAN_POINT('',(42.8601740132118,4.44593030483948,12.1114960530341));
#3429=CARTESIAN_POINT('',(42.0541641135634,4.42928428349439,12.2265393573728));
#3430=CARTESIAN_POINT('',(41.6437998940054,4.41994410523648,12.2041209690259));
#3431=CARTESIAN_POINT('',(40.8551909735078,4.40040071311516,12.0020041336319));
#3432=CARTESIAN_POINT('',(40.4846440240047,4.39039872319687,11.8242794323885));
#3433=CARTESIAN_POINT('',(40.1590087678918,4.38111414511615,11.5800272800556));
#3434=CARTESIAN_POINT('',(39.8334049305085,4.37183046285257,11.3357986942505));
#3435=CARTESIAN_POINT('',(39.5590599052011,4.36346614910124,11.0298225039864));
#3436=CARTESIAN_POINT('',(39.1442524523519,4.35049322532231,10.3292563111021));
#3437=CARTESIAN_POINT('',(39.0078570791513,4.34603094783771,9.94153003653201));
#3438=CARTESIAN_POINT('',(38.8340046875442,4.34035499145714,8.72444993999276));
#3439=CARTESIAN_POINT('',(39.0459110055361,4.34767407260653,7.89768279875675));
#3440=CARTESIAN_POINT('',(39.5392280633619,4.3627857215563,7.23999595777851));
#3441=CARTESIAN_POINT('',(38.0794833543574,-3.65619604727538,5.03070747078053));
#3442=CARTESIAN_POINT('',(38.0794833543574,-11.7561960472755,5.03070747078053));
#3443=CARTESIAN_POINT('',(38.0794833543574,-11.7561960472755,5.03070747078053));
#3444=CARTESIAN_POINT('',(38.0794833543574,-11.7561960472755,5.73070747078053));
#3445=CARTESIAN_POINT('',(38.0794833543574,-11.7561960472755,8.00000000000016));
#3446=CARTESIAN_POINT('',(38.0794833543574,-11.7561960472755,5.03070747078053));
#3447=CARTESIAN_POINT('',(46.0794833543574,-11.7561960472755,5.03070747078053));
#3448=CARTESIAN_POINT('',(46.0794833543574,-11.7561960472755,5.03070747078053));
#3449=CARTESIAN_POINT('',(46.0794833543574,-11.7561960472755,5.73070747078051));
#3450=CARTESIAN_POINT('',(46.0794833543574,-11.7561960472755,10.1000000000006));
#3451=CARTESIAN_POINT('',(46.0794833543574,-11.7561960472755,5.03070747078053));
#3452=CARTESIAN_POINT('',(46.0794833543574,-3.65619604727538,5.03070747078053));
#3453=CARTESIAN_POINT('',(46.0794833543574,-3.65619604727538,5.03070747078053));
#3454=CARTESIAN_POINT('',(38.0794833543574,-3.65619604727538,5.03070747078053));
#3455=CARTESIAN_POINT('',(44.9534555517616,-3.65619604727538,10.1000000000006));
#3456=CARTESIAN_POINT('',(46.0794833543574,-3.65619604727538,10.1000000000006));
#3457=CARTESIAN_POINT('',(46.0794833543574,-3.65619604727538,5.03070747078053));
#3458=CARTESIAN_POINT('',(46.0794833543574,-3.65619604727538,5.73070747078051));
#3459=CARTESIAN_POINT('',(46.0794833543574,-3.65619604727538,10.1000000000006));
#3460=CARTESIAN_POINT('',(38.0794833543574,-3.65619604727538,5.03070747078053));
#3461=CARTESIAN_POINT('',(38.0794833543574,-3.65619604727538,5.73070747078053));
#3462=CARTESIAN_POINT('',(38.0794833543574,-3.65619604727538,8.00000000000016));
#3463=CARTESIAN_POINT('',(47.9,2.49999999999966,10.1000000000006));
#3464=CARTESIAN_POINT('',(45.0041085733585,2.49999999999967,10.1000000000006));
#3465=CARTESIAN_POINT('',(44.9534555517616,2.49999999999967,10.1000000000006));
#3466=CARTESIAN_POINT('',(0.,0.,0.));
ENDSEC;
END-ISO-10303-21;
