ISO-10303-21;
HEADER;
/* Generated by software containing ST-Developer
 * from STEP Tools, Inc. (www.steptools.com) 
 */
/* OPTION: using custom schema-name function */

FILE_DESCRIPTION(
/* description */ (''),
/* implementation_level */ '2;1');

FILE_NAME(
/* name */ 'Geh\X\E4use',
/* time_stamp */ '2026-05-20T20:18:53+02:00',
/* author */ (''),
/* organization */ (''),
/* preprocessor_version */ 'ST-DEVELOPER v19.2',
/* originating_system */ 'Rhino 8.31',
/* authorisation */ '');

FILE_SCHEMA (('CONFIG_CONTROL_DESIGN'));
ENDSEC;

DATA;
#10=SHAPE_REPRESENTATION_RELATIONSHIP('','',#2308,#12);
#11=MANIFOLD_SOLID_BREP('brep_1',#13);
#12=ADVANCED_BREP_SHAPE_REPRESENTATION('brep_rep_0',(#11,#2458),#2307);
#13=CLOSED_SHELL('',(#18,#19,#20,#21,#22,#23,#24,#25,#26,#27,#28,#29,#30,
#31,#32,#33,#34,#35,#36,#37,#38,#39,#40,#41,#42,#43,#44,#45,#46,#47,#48,
#49,#50,#51,#52,#53,#54,#55,#56,#57,#58,#59,#60,#61,#62,#63,#64,#65,#66,
#67,#68,#69,#70,#71,#72,#73,#74,#75,#76,#77,#78,#79,#80,#81,#82,#83,#84,
#85,#86,#87,#88,#89,#90,#91,#92,#93,#94,#95,#96,#97,#98,#99,#100,#101,#102,
#103,#104,#105,#106,#107,#108,#109,#110,#111,#112,#113,#114,#115,#116,#117,
#118,#119,#120,#121,#122,#123,#124,#125,#126,#127,#128,#129,#130,#131,#132,
#133,#134,#135,#136,#137,#138,#139,#140,#141,#142,#143));
#14=FACE_BOUND('',#308,.T.);
#15=FACE_BOUND('',#333,.T.);
#16=FACE_BOUND('',#335,.T.);
#17=FACE_BOUND('',#374,.T.);
#18=ADVANCED_FACE('',(#144),#2128,.T.);
#19=ADVANCED_FACE('',(#145),#2129,.T.);
#20=ADVANCED_FACE('',(#146),#2130,.T.);
#21=ADVANCED_FACE('',(#147),#2131,.T.);
#22=ADVANCED_FACE('',(#148),#2132,.T.);
#23=ADVANCED_FACE('',(#149),#2102,.T.);
#24=ADVANCED_FACE('',(#150),#2133,.T.);
#25=ADVANCED_FACE('',(#151),#2103,.T.);
#26=ADVANCED_FACE('',(#152),#2134,.T.);
#27=ADVANCED_FACE('',(#153),#2104,.T.);
#28=ADVANCED_FACE('',(#154),#2135,.T.);
#29=ADVANCED_FACE('',(#155),#2105,.T.);
#30=ADVANCED_FACE('',(#156),#2106,.T.);
#31=ADVANCED_FACE('',(#157),#2136,.T.);
#32=ADVANCED_FACE('',(#158),#2137,.T.);
#33=ADVANCED_FACE('',(#159),#2138,.T.);
#34=ADVANCED_FACE('',(#160),#2139,.T.);
#35=ADVANCED_FACE('',(#161),#2107,.T.);
#36=ADVANCED_FACE('',(#162),#2108,.T.);
#37=ADVANCED_FACE('',(#163),#2140,.T.);
#38=ADVANCED_FACE('',(#164),#2141,.T.);
#39=ADVANCED_FACE('',(#165),#2109,.T.);
#40=ADVANCED_FACE('',(#166),#2110,.T.);
#41=ADVANCED_FACE('',(#167),#2142,.T.);
#42=ADVANCED_FACE('',(#168),#2143,.T.);
#43=ADVANCED_FACE('',(#169),#2144,.T.);
#44=ADVANCED_FACE('',(#170),#2111,.T.);
#45=ADVANCED_FACE('',(#171),#2112,.T.);
#46=ADVANCED_FACE('',(#172),#2145,.T.);
#47=ADVANCED_FACE('',(#173),#2146,.T.);
#48=ADVANCED_FACE('',(#174),#2147,.T.);
#49=ADVANCED_FACE('',(#175),#2148,.T.);
#50=ADVANCED_FACE('',(#176),#2149,.T.);
#51=ADVANCED_FACE('',(#177),#2150,.T.);
#52=ADVANCED_FACE('',(#178),#2151,.T.);
#53=ADVANCED_FACE('',(#179),#2152,.T.);
#54=ADVANCED_FACE('',(#180),#2153,.T.);
#55=ADVANCED_FACE('',(#181,#14),#2154,.T.);
#56=ADVANCED_FACE('',(#182),#2113,.F.);
#57=ADVANCED_FACE('',(#183),#2114,.F.);
#58=ADVANCED_FACE('',(#184),#2155,.T.);
#59=ADVANCED_FACE('',(#185),#2156,.T.);
#60=ADVANCED_FACE('',(#186),#2115,.F.);
#61=ADVANCED_FACE('',(#187),#2157,.T.);
#62=ADVANCED_FACE('',(#188),#2096,.T.);
#63=ADVANCED_FACE('',(#189),#2116,.F.);
#64=ADVANCED_FACE('',(#190),#2117,.F.);
#65=ADVANCED_FACE('',(#191),#2158,.T.);
#66=ADVANCED_FACE('',(#192),#2159,.T.);
#67=ADVANCED_FACE('',(#193),#2160,.T.);
#68=ADVANCED_FACE('',(#194),#2161,.T.);
#69=ADVANCED_FACE('',(#195),#2162,.T.);
#70=ADVANCED_FACE('',(#196),#2163,.T.);
#71=ADVANCED_FACE('',(#197),#2164,.T.);
#72=ADVANCED_FACE('',(#198),#2165,.T.);
#73=ADVANCED_FACE('',(#199),#2166,.T.);
#74=ADVANCED_FACE('',(#200),#2167,.T.);
#75=ADVANCED_FACE('',(#201),#2168,.T.);
#76=ADVANCED_FACE('',(#202),#2169,.T.);
#77=ADVANCED_FACE('',(#203),#2170,.T.);
#78=ADVANCED_FACE('',(#204),#2171,.T.);
#79=ADVANCED_FACE('',(#205,#15),#2118,.T.);
#80=ADVANCED_FACE('',(#206,#16),#2172,.T.);
#81=ADVANCED_FACE('',(#207),#2173,.T.);
#82=ADVANCED_FACE('',(#208),#2174,.T.);
#83=ADVANCED_FACE('',(#209),#2097,.T.);
#84=ADVANCED_FACE('',(#210),#2098,.T.);
#85=ADVANCED_FACE('',(#211),#2119,.F.);
#86=ADVANCED_FACE('',(#212),#2175,.T.);
#87=ADVANCED_FACE('',(#213),#2176,.T.);
#88=ADVANCED_FACE('',(#214),#2177,.T.);
#89=ADVANCED_FACE('',(#215),#2178,.T.);
#90=ADVANCED_FACE('',(#216),#2099,.T.);
#91=ADVANCED_FACE('',(#217),#2100,.T.);
#92=ADVANCED_FACE('',(#218),#2120,.T.);
#93=ADVANCED_FACE('',(#219),#2121,.T.);
#94=ADVANCED_FACE('',(#220),#2179,.T.);
#95=ADVANCED_FACE('',(#221),#2180,.T.);
#96=ADVANCED_FACE('',(#222),#2181,.T.);
#97=ADVANCED_FACE('',(#223),#2182,.T.);
#98=ADVANCED_FACE('',(#224),#2183,.T.);
#99=ADVANCED_FACE('',(#225),#2122,.F.);
#100=ADVANCED_FACE('',(#226),#2184,.T.);
#101=ADVANCED_FACE('',(#227),#2185,.T.);
#102=ADVANCED_FACE('',(#228),#2186,.T.);
#103=ADVANCED_FACE('',(#229),#2187,.T.);
#104=ADVANCED_FACE('',(#230),#2188,.T.);
#105=ADVANCED_FACE('',(#231),#2189,.T.);
#106=ADVANCED_FACE('',(#232),#2190,.T.);
#107=ADVANCED_FACE('',(#233),#2123,.F.);
#108=ADVANCED_FACE('',(#234),#2124,.F.);
#109=ADVANCED_FACE('',(#235),#2191,.T.);
#110=ADVANCED_FACE('',(#236),#2192,.T.);
#111=ADVANCED_FACE('',(#237),#2193,.T.);
#112=ADVANCED_FACE('',(#238),#2194,.T.);
#113=ADVANCED_FACE('',(#239),#2195,.T.);
#114=ADVANCED_FACE('',(#240),#2196,.T.);
#115=ADVANCED_FACE('',(#241),#2197,.T.);
#116=ADVANCED_FACE('',(#242),#2198,.T.);
#117=ADVANCED_FACE('',(#243),#2199,.T.);
#118=ADVANCED_FACE('',(#244,#17),#2200,.T.);
#119=ADVANCED_FACE('',(#245),#2201,.T.);
#120=ADVANCED_FACE('',(#246),#2202,.T.);
#121=ADVANCED_FACE('',(#247),#2203,.T.);
#122=ADVANCED_FACE('',(#248),#2125,.F.);
#123=ADVANCED_FACE('',(#249),#2204,.T.);
#124=ADVANCED_FACE('',(#250),#2205,.T.);
#125=ADVANCED_FACE('',(#251),#2206,.T.);
#126=ADVANCED_FACE('',(#252),#2207,.T.);
#127=ADVANCED_FACE('',(#253),#2208,.T.);
#128=ADVANCED_FACE('',(#254),#2209,.T.);
#129=ADVANCED_FACE('',(#255),#2210,.T.);
#130=ADVANCED_FACE('',(#256),#2211,.T.);
#131=ADVANCED_FACE('',(#257),#2212,.T.);
#132=ADVANCED_FACE('',(#258),#2213,.T.);
#133=ADVANCED_FACE('',(#259),#2214,.T.);
#134=ADVANCED_FACE('',(#260),#2215,.T.);
#135=ADVANCED_FACE('',(#261),#2216,.T.);
#136=ADVANCED_FACE('',(#262),#2217,.T.);
#137=ADVANCED_FACE('',(#263),#2218,.T.);
#138=ADVANCED_FACE('',(#264),#2219,.T.);
#139=ADVANCED_FACE('',(#265),#2220,.T.);
#140=ADVANCED_FACE('',(#266),#2221,.T.);
#141=ADVANCED_FACE('',(#267),#2101,.T.);
#142=ADVANCED_FACE('',(#268),#2126,.F.);
#143=ADVANCED_FACE('',(#269),#2127,.F.);
#144=FACE_OUTER_BOUND('',#270,.T.);
#145=FACE_OUTER_BOUND('',#271,.T.);
#146=FACE_OUTER_BOUND('',#272,.T.);
#147=FACE_OUTER_BOUND('',#273,.T.);
#148=FACE_OUTER_BOUND('',#274,.T.);
#149=FACE_OUTER_BOUND('',#275,.T.);
#150=FACE_OUTER_BOUND('',#276,.T.);
#151=FACE_OUTER_BOUND('',#277,.T.);
#152=FACE_OUTER_BOUND('',#278,.T.);
#153=FACE_OUTER_BOUND('',#279,.T.);
#154=FACE_OUTER_BOUND('',#280,.T.);
#155=FACE_OUTER_BOUND('',#281,.T.);
#156=FACE_OUTER_BOUND('',#282,.T.);
#157=FACE_OUTER_BOUND('',#283,.T.);
#158=FACE_OUTER_BOUND('',#284,.T.);
#159=FACE_OUTER_BOUND('',#285,.T.);
#160=FACE_OUTER_BOUND('',#286,.T.);
#161=FACE_OUTER_BOUND('',#287,.T.);
#162=FACE_OUTER_BOUND('',#288,.T.);
#163=FACE_OUTER_BOUND('',#289,.T.);
#164=FACE_OUTER_BOUND('',#290,.T.);
#165=FACE_OUTER_BOUND('',#291,.T.);
#166=FACE_OUTER_BOUND('',#292,.T.);
#167=FACE_OUTER_BOUND('',#293,.T.);
#168=FACE_OUTER_BOUND('',#294,.T.);
#169=FACE_OUTER_BOUND('',#295,.T.);
#170=FACE_OUTER_BOUND('',#296,.T.);
#171=FACE_OUTER_BOUND('',#297,.T.);
#172=FACE_OUTER_BOUND('',#298,.T.);
#173=FACE_OUTER_BOUND('',#299,.T.);
#174=FACE_OUTER_BOUND('',#300,.T.);
#175=FACE_OUTER_BOUND('',#301,.T.);
#176=FACE_OUTER_BOUND('',#302,.T.);
#177=FACE_OUTER_BOUND('',#303,.T.);
#178=FACE_OUTER_BOUND('',#304,.T.);
#179=FACE_OUTER_BOUND('',#305,.T.);
#180=FACE_OUTER_BOUND('',#306,.T.);
#181=FACE_OUTER_BOUND('',#307,.T.);
#182=FACE_OUTER_BOUND('',#309,.T.);
#183=FACE_OUTER_BOUND('',#310,.T.);
#184=FACE_OUTER_BOUND('',#311,.T.);
#185=FACE_OUTER_BOUND('',#312,.T.);
#186=FACE_OUTER_BOUND('',#313,.T.);
#187=FACE_OUTER_BOUND('',#314,.T.);
#188=FACE_OUTER_BOUND('',#315,.T.);
#189=FACE_OUTER_BOUND('',#316,.T.);
#190=FACE_OUTER_BOUND('',#317,.T.);
#191=FACE_OUTER_BOUND('',#318,.T.);
#192=FACE_OUTER_BOUND('',#319,.T.);
#193=FACE_OUTER_BOUND('',#320,.T.);
#194=FACE_OUTER_BOUND('',#321,.T.);
#195=FACE_OUTER_BOUND('',#322,.T.);
#196=FACE_OUTER_BOUND('',#323,.T.);
#197=FACE_OUTER_BOUND('',#324,.T.);
#198=FACE_OUTER_BOUND('',#325,.T.);
#199=FACE_OUTER_BOUND('',#326,.T.);
#200=FACE_OUTER_BOUND('',#327,.T.);
#201=FACE_OUTER_BOUND('',#328,.T.);
#202=FACE_OUTER_BOUND('',#329,.T.);
#203=FACE_OUTER_BOUND('',#330,.T.);
#204=FACE_OUTER_BOUND('',#331,.T.);
#205=FACE_OUTER_BOUND('',#332,.T.);
#206=FACE_OUTER_BOUND('',#334,.T.);
#207=FACE_OUTER_BOUND('',#336,.T.);
#208=FACE_OUTER_BOUND('',#337,.T.);
#209=FACE_OUTER_BOUND('',#338,.T.);
#210=FACE_OUTER_BOUND('',#339,.T.);
#211=FACE_OUTER_BOUND('',#340,.T.);
#212=FACE_OUTER_BOUND('',#341,.T.);
#213=FACE_OUTER_BOUND('',#342,.T.);
#214=FACE_OUTER_BOUND('',#343,.T.);
#215=FACE_OUTER_BOUND('',#344,.T.);
#216=FACE_OUTER_BOUND('',#345,.T.);
#217=FACE_OUTER_BOUND('',#346,.T.);
#218=FACE_OUTER_BOUND('',#347,.T.);
#219=FACE_OUTER_BOUND('',#348,.T.);
#220=FACE_OUTER_BOUND('',#349,.T.);
#221=FACE_OUTER_BOUND('',#350,.T.);
#222=FACE_OUTER_BOUND('',#351,.T.);
#223=FACE_OUTER_BOUND('',#352,.T.);
#224=FACE_OUTER_BOUND('',#353,.T.);
#225=FACE_OUTER_BOUND('',#354,.T.);
#226=FACE_OUTER_BOUND('',#355,.T.);
#227=FACE_OUTER_BOUND('',#356,.T.);
#228=FACE_OUTER_BOUND('',#357,.T.);
#229=FACE_OUTER_BOUND('',#358,.T.);
#230=FACE_OUTER_BOUND('',#359,.T.);
#231=FACE_OUTER_BOUND('',#360,.T.);
#232=FACE_OUTER_BOUND('',#361,.T.);
#233=FACE_OUTER_BOUND('',#362,.T.);
#234=FACE_OUTER_BOUND('',#363,.T.);
#235=FACE_OUTER_BOUND('',#364,.T.);
#236=FACE_OUTER_BOUND('',#365,.T.);
#237=FACE_OUTER_BOUND('',#366,.T.);
#238=FACE_OUTER_BOUND('',#367,.T.);
#239=FACE_OUTER_BOUND('',#368,.T.);
#240=FACE_OUTER_BOUND('',#369,.T.);
#241=FACE_OUTER_BOUND('',#370,.T.);
#242=FACE_OUTER_BOUND('',#371,.T.);
#243=FACE_OUTER_BOUND('',#372,.T.);
#244=FACE_OUTER_BOUND('',#373,.T.);
#245=FACE_OUTER_BOUND('',#375,.T.);
#246=FACE_OUTER_BOUND('',#376,.T.);
#247=FACE_OUTER_BOUND('',#377,.T.);
#248=FACE_OUTER_BOUND('',#378,.T.);
#249=FACE_OUTER_BOUND('',#379,.T.);
#250=FACE_OUTER_BOUND('',#380,.T.);
#251=FACE_OUTER_BOUND('',#381,.T.);
#252=FACE_OUTER_BOUND('',#382,.T.);
#253=FACE_OUTER_BOUND('',#383,.T.);
#254=FACE_OUTER_BOUND('',#384,.T.);
#255=FACE_OUTER_BOUND('',#385,.T.);
#256=FACE_OUTER_BOUND('',#386,.T.);
#257=FACE_OUTER_BOUND('',#387,.T.);
#258=FACE_OUTER_BOUND('',#388,.T.);
#259=FACE_OUTER_BOUND('',#389,.T.);
#260=FACE_OUTER_BOUND('',#390,.T.);
#261=FACE_OUTER_BOUND('',#391,.T.);
#262=FACE_OUTER_BOUND('',#392,.T.);
#263=FACE_OUTER_BOUND('',#393,.T.);
#264=FACE_OUTER_BOUND('',#394,.T.);
#265=FACE_OUTER_BOUND('',#395,.T.);
#266=FACE_OUTER_BOUND('',#396,.T.);
#267=FACE_OUTER_BOUND('',#397,.T.);
#268=FACE_OUTER_BOUND('',#398,.T.);
#269=FACE_OUTER_BOUND('',#399,.T.);
#270=EDGE_LOOP('',(#400,#401,#402,#403));
#271=EDGE_LOOP('',(#404,#405,#406,#407,#408,#409,#410,#411,#412,#413,#414,
#415,#416,#417,#418,#419));
#272=EDGE_LOOP('',(#420,#421,#422,#423,#424,#425,#426,#427));
#273=EDGE_LOOP('',(#428,#429,#430,#431,#432,#433,#434,#435));
#274=EDGE_LOOP('',(#436,#437,#438,#439,#440,#441));
#275=EDGE_LOOP('',(#442,#443,#444,#445));
#276=EDGE_LOOP('',(#446,#447,#448,#449,#450,#451));
#277=EDGE_LOOP('',(#452,#453,#454,#455));
#278=EDGE_LOOP('',(#456,#457,#458,#459,#460,#461));
#279=EDGE_LOOP('',(#462,#463,#464,#465));
#280=EDGE_LOOP('',(#466,#467,#468,#469,#470,#471));
#281=EDGE_LOOP('',(#472,#473,#474,#475));
#282=EDGE_LOOP('',(#476,#477,#478,#479));
#283=EDGE_LOOP('',(#480,#481,#482,#483));
#284=EDGE_LOOP('',(#484,#485,#486,#487));
#285=EDGE_LOOP('',(#488,#489,#490,#491,#492,#493,#494,#495));
#286=EDGE_LOOP('',(#496,#497,#498,#499,#500,#501,#502,#503));
#287=EDGE_LOOP('',(#504,#505,#506,#507));
#288=EDGE_LOOP('',(#508,#509,#510,#511));
#289=EDGE_LOOP('',(#512,#513,#514,#515));
#290=EDGE_LOOP('',(#516,#517,#518,#519));
#291=EDGE_LOOP('',(#520,#521,#522,#523,#524,#525));
#292=EDGE_LOOP('',(#526,#527,#528,#529,#530,#531));
#293=EDGE_LOOP('',(#532,#533,#534,#535));
#294=EDGE_LOOP('',(#536,#537,#538,#539));
#295=EDGE_LOOP('',(#540,#541,#542,#543));
#296=EDGE_LOOP('',(#544,#545,#546,#547,#548,#549));
#297=EDGE_LOOP('',(#550,#551,#552,#553,#554,#555));
#298=EDGE_LOOP('',(#556,#557,#558,#559));
#299=EDGE_LOOP('',(#560,#561,#562,#563));
#300=EDGE_LOOP('',(#564,#565,#566,#567,#568,#569,#570,#571,#572,#573,#574,
#575));
#301=EDGE_LOOP('',(#576,#577,#578,#579));
#302=EDGE_LOOP('',(#580,#581,#582,#583));
#303=EDGE_LOOP('',(#584,#585,#586,#587));
#304=EDGE_LOOP('',(#588,#589,#590,#591));
#305=EDGE_LOOP('',(#592,#593,#594,#595));
#306=EDGE_LOOP('',(#596,#597,#598,#599));
#307=EDGE_LOOP('',(#600,#601,#602,#603,#604,#605,#606,#607,#608,#609,#610,
#611,#612,#613,#614,#615));
#308=EDGE_LOOP('',(#616));
#309=EDGE_LOOP('',(#617,#618,#619,#620));
#310=EDGE_LOOP('',(#621,#622,#623,#624));
#311=EDGE_LOOP('',(#625,#626,#627,#628));
#312=EDGE_LOOP('',(#629,#630,#631,#632));
#313=EDGE_LOOP('',(#633,#634,#635,#636,#637,#638,#639,#640,#641));
#314=EDGE_LOOP('',(#642,#643,#644,#645));
#315=EDGE_LOOP('',(#646,#647));
#316=EDGE_LOOP('',(#648,#649,#650,#651));
#317=EDGE_LOOP('',(#652,#653,#654,#655));
#318=EDGE_LOOP('',(#656,#657,#658,#659,#660,#661,#662,#663,#664,#665,#666));
#319=EDGE_LOOP('',(#667,#668,#669,#670,#671));
#320=EDGE_LOOP('',(#672,#673,#674,#675));
#321=EDGE_LOOP('',(#676,#677,#678,#679,#680));
#322=EDGE_LOOP('',(#681,#682,#683,#684));
#323=EDGE_LOOP('',(#685,#686,#687,#688));
#324=EDGE_LOOP('',(#689,#690,#691,#692));
#325=EDGE_LOOP('',(#693,#694,#695,#696));
#326=EDGE_LOOP('',(#697,#698,#699,#700,#701,#702,#703));
#327=EDGE_LOOP('',(#704,#705,#706,#707,#708,#709));
#328=EDGE_LOOP('',(#710,#711,#712,#713));
#329=EDGE_LOOP('',(#714,#715,#716,#717));
#330=EDGE_LOOP('',(#718,#719,#720,#721,#722,#723,#724,#725));
#331=EDGE_LOOP('',(#726,#727,#728,#729));
#332=EDGE_LOOP('',(#730,#731,#732,#733));
#333=EDGE_LOOP('',(#734));
#334=EDGE_LOOP('',(#735,#736,#737,#738,#739,#740,#741,#742));
#335=EDGE_LOOP('',(#743,#744,#745,#746));
#336=EDGE_LOOP('',(#747,#748,#749,#750,#751,#752,#753,#754,#755,#756,#757,
#758));
#337=EDGE_LOOP('',(#759,#760,#761,#762));
#338=EDGE_LOOP('',(#763,#764,#765,#766));
#339=EDGE_LOOP('',(#767,#768,#769,#770));
#340=EDGE_LOOP('',(#771,#772,#773,#774));
#341=EDGE_LOOP('',(#775,#776,#777,#778));
#342=EDGE_LOOP('',(#779,#780,#781,#782));
#343=EDGE_LOOP('',(#783,#784,#785,#786,#787,#788,#789,#790,#791));
#344=EDGE_LOOP('',(#792,#793,#794,#795,#796,#797,#798,#799,#800));
#345=EDGE_LOOP('',(#801,#802,#803,#804));
#346=EDGE_LOOP('',(#805,#806,#807,#808));
#347=EDGE_LOOP('',(#809,#810,#811,#812));
#348=EDGE_LOOP('',(#813,#814,#815,#816));
#349=EDGE_LOOP('',(#817,#818,#819,#820));
#350=EDGE_LOOP('',(#821,#822,#823,#824));
#351=EDGE_LOOP('',(#825,#826,#827,#828,#829,#830,#831,#832));
#352=EDGE_LOOP('',(#833,#834,#835,#836));
#353=EDGE_LOOP('',(#837,#838,#839,#840));
#354=EDGE_LOOP('',(#841,#842,#843,#844,#845));
#355=EDGE_LOOP('',(#846,#847,#848,#849));
#356=EDGE_LOOP('',(#850,#851,#852,#853));
#357=EDGE_LOOP('',(#854,#855,#856,#857,#858,#859,#860));
#358=EDGE_LOOP('',(#861,#862,#863,#864));
#359=EDGE_LOOP('',(#865,#866,#867,#868));
#360=EDGE_LOOP('',(#869,#870,#871,#872));
#361=EDGE_LOOP('',(#873,#874,#875,#876));
#362=EDGE_LOOP('',(#877,#878,#879,#880));
#363=EDGE_LOOP('',(#881,#882,#883,#884));
#364=EDGE_LOOP('',(#885,#886,#887,#888));
#365=EDGE_LOOP('',(#889,#890,#891,#892));
#366=EDGE_LOOP('',(#893,#894,#895,#896));
#367=EDGE_LOOP('',(#897,#898,#899,#900,#901,#902,#903,#904,#905));
#368=EDGE_LOOP('',(#906,#907,#908,#909));
#369=EDGE_LOOP('',(#910,#911,#912,#913));
#370=EDGE_LOOP('',(#914,#915,#916,#917));
#371=EDGE_LOOP('',(#918,#919,#920,#921,#922,#923));
#372=EDGE_LOOP('',(#924,#925,#926,#927));
#373=EDGE_LOOP('',(#928,#929,#930,#931,#932,#933,#934,#935,#936,#937,#938,
#939,#940,#941,#942,#943,#944,#945,#946,#947,#948));
#374=EDGE_LOOP('',(#949,#950,#951,#952));
#375=EDGE_LOOP('',(#953,#954,#955,#956,#957,#958,#959,#960));
#376=EDGE_LOOP('',(#961,#962,#963,#964,#965,#966,#967,#968));
#377=EDGE_LOOP('',(#969,#970,#971,#972));
#378=EDGE_LOOP('',(#973,#974,#975,#976,#977,#978,#979,#980));
#379=EDGE_LOOP('',(#981,#982,#983,#984,#985,#986));
#380=EDGE_LOOP('',(#987,#988,#989,#990,#991,#992,#993,#994,#995,#996,#997,
#998,#999,#1000,#1001,#1002,#1003,#1004,#1005,#1006));
#381=EDGE_LOOP('',(#1007,#1008,#1009,#1010));
#382=EDGE_LOOP('',(#1011,#1012,#1013,#1014));
#383=EDGE_LOOP('',(#1015,#1016,#1017,#1018));
#384=EDGE_LOOP('',(#1019,#1020,#1021,#1022));
#385=EDGE_LOOP('',(#1023,#1024,#1025,#1026));
#386=EDGE_LOOP('',(#1027,#1028,#1029,#1030,#1031,#1032));
#387=EDGE_LOOP('',(#1033,#1034,#1035,#1036,#1037,#1038));
#388=EDGE_LOOP('',(#1039,#1040,#1041,#1042,#1043,#1044));
#389=EDGE_LOOP('',(#1045,#1046,#1047,#1048));
#390=EDGE_LOOP('',(#1049,#1050,#1051,#1052,#1053,#1054));
#391=EDGE_LOOP('',(#1055,#1056,#1057,#1058,#1059,#1060,#1061,#1062,#1063,
#1064,#1065,#1066));
#392=EDGE_LOOP('',(#1067,#1068,#1069,#1070,#1071,#1072,#1073,#1074));
#393=EDGE_LOOP('',(#1075,#1076,#1077,#1078,#1079,#1080,#1081,#1082,#1083,
#1084));
#394=EDGE_LOOP('',(#1085,#1086,#1087,#1088,#1089,#1090,#1091,#1092,#1093,
#1094,#1095));
#395=EDGE_LOOP('',(#1096,#1097,#1098,#1099,#1100,#1101,#1102));
#396=EDGE_LOOP('',(#1103,#1104,#1105,#1106,#1107));
#397=EDGE_LOOP('',(#1108,#1109));
#398=EDGE_LOOP('',(#1110,#1111,#1112,#1113));
#399=EDGE_LOOP('',(#1114,#1115,#1116,#1117));
#400=ORIENTED_EDGE('',*,*,#1121,.T.);
#401=ORIENTED_EDGE('',*,*,#1120,.T.);
#402=ORIENTED_EDGE('',*,*,#1119,.F.);
#403=ORIENTED_EDGE('',*,*,#1118,.F.);
#404=ORIENTED_EDGE('',*,*,#1314,.F.);
#405=ORIENTED_EDGE('',*,*,#1289,.T.);
#406=ORIENTED_EDGE('',*,*,#1457,.T.);
#407=ORIENTED_EDGE('',*,*,#1221,.F.);
#408=ORIENTED_EDGE('',*,*,#1222,.T.);
#409=ORIENTED_EDGE('',*,*,#1193,.T.);
#410=ORIENTED_EDGE('',*,*,#1208,.T.);
#411=ORIENTED_EDGE('',*,*,#1189,.F.);
#412=ORIENTED_EDGE('',*,*,#1212,.F.);
#413=ORIENTED_EDGE('',*,*,#1217,.F.);
#414=ORIENTED_EDGE('',*,*,#1428,.T.);
#415=ORIENTED_EDGE('',*,*,#1290,.T.);
#416=ORIENTED_EDGE('',*,*,#1313,.F.);
#417=ORIENTED_EDGE('',*,*,#1225,.F.);
#418=ORIENTED_EDGE('',*,*,#1224,.T.);
#419=ORIENTED_EDGE('',*,*,#1308,.T.);
#420=ORIENTED_EDGE('',*,*,#1126,.T.);
#421=ORIENTED_EDGE('',*,*,#1130,.T.);
#422=ORIENTED_EDGE('',*,*,#1131,.F.);
#423=ORIENTED_EDGE('',*,*,#1132,.F.);
#424=ORIENTED_EDGE('',*,*,#1129,.F.);
#425=ORIENTED_EDGE('',*,*,#1128,.F.);
#426=ORIENTED_EDGE('',*,*,#1122,.F.);
#427=ORIENTED_EDGE('',*,*,#1127,.T.);
#428=ORIENTED_EDGE('',*,*,#1134,.T.);
#429=ORIENTED_EDGE('',*,*,#1123,.F.);
#430=ORIENTED_EDGE('',*,*,#1135,.F.);
#431=ORIENTED_EDGE('',*,*,#1136,.F.);
#432=ORIENTED_EDGE('',*,*,#1139,.F.);
#433=ORIENTED_EDGE('',*,*,#1138,.F.);
#434=ORIENTED_EDGE('',*,*,#1137,.F.);
#435=ORIENTED_EDGE('',*,*,#1133,.F.);
#436=ORIENTED_EDGE('',*,*,#1141,.T.);
#437=ORIENTED_EDGE('',*,*,#1140,.T.);
#438=ORIENTED_EDGE('',*,*,#1144,.T.);
#439=ORIENTED_EDGE('',*,*,#1143,.T.);
#440=ORIENTED_EDGE('',*,*,#1145,.F.);
#441=ORIENTED_EDGE('',*,*,#1142,.T.);
#442=ORIENTED_EDGE('',*,*,#1146,.T.);
#443=ORIENTED_EDGE('',*,*,#1145,.T.);
#444=ORIENTED_EDGE('',*,*,#1147,.T.);
#445=ORIENTED_EDGE('',*,*,#1148,.F.);
#446=ORIENTED_EDGE('',*,*,#1150,.T.);
#447=ORIENTED_EDGE('',*,*,#1149,.T.);
#448=ORIENTED_EDGE('',*,*,#1153,.T.);
#449=ORIENTED_EDGE('',*,*,#1152,.T.);
#450=ORIENTED_EDGE('',*,*,#1154,.F.);
#451=ORIENTED_EDGE('',*,*,#1151,.T.);
#452=ORIENTED_EDGE('',*,*,#1155,.T.);
#453=ORIENTED_EDGE('',*,*,#1154,.T.);
#454=ORIENTED_EDGE('',*,*,#1156,.T.);
#455=ORIENTED_EDGE('',*,*,#1157,.F.);
#456=ORIENTED_EDGE('',*,*,#1160,.F.);
#457=ORIENTED_EDGE('',*,*,#1163,.T.);
#458=ORIENTED_EDGE('',*,*,#1161,.F.);
#459=ORIENTED_EDGE('',*,*,#1162,.F.);
#460=ORIENTED_EDGE('',*,*,#1158,.F.);
#461=ORIENTED_EDGE('',*,*,#1159,.F.);
#462=ORIENTED_EDGE('',*,*,#1165,.T.);
#463=ORIENTED_EDGE('',*,*,#1164,.F.);
#464=ORIENTED_EDGE('',*,*,#1163,.F.);
#465=ORIENTED_EDGE('',*,*,#1166,.F.);
#466=ORIENTED_EDGE('',*,*,#1169,.F.);
#467=ORIENTED_EDGE('',*,*,#1172,.T.);
#468=ORIENTED_EDGE('',*,*,#1170,.F.);
#469=ORIENTED_EDGE('',*,*,#1171,.F.);
#470=ORIENTED_EDGE('',*,*,#1167,.F.);
#471=ORIENTED_EDGE('',*,*,#1168,.F.);
#472=ORIENTED_EDGE('',*,*,#1174,.T.);
#473=ORIENTED_EDGE('',*,*,#1173,.F.);
#474=ORIENTED_EDGE('',*,*,#1172,.F.);
#475=ORIENTED_EDGE('',*,*,#1175,.F.);
#476=ORIENTED_EDGE('',*,*,#1176,.F.);
#477=ORIENTED_EDGE('',*,*,#1178,.T.);
#478=ORIENTED_EDGE('',*,*,#1120,.F.);
#479=ORIENTED_EDGE('',*,*,#1177,.F.);
#480=ORIENTED_EDGE('',*,*,#1180,.F.);
#481=ORIENTED_EDGE('',*,*,#1177,.T.);
#482=ORIENTED_EDGE('',*,*,#1121,.F.);
#483=ORIENTED_EDGE('',*,*,#1179,.F.);
#484=ORIENTED_EDGE('',*,*,#1119,.T.);
#485=ORIENTED_EDGE('',*,*,#1178,.F.);
#486=ORIENTED_EDGE('',*,*,#1182,.F.);
#487=ORIENTED_EDGE('',*,*,#1181,.F.);
#488=ORIENTED_EDGE('',*,*,#1184,.F.);
#489=ORIENTED_EDGE('',*,*,#1179,.T.);
#490=ORIENTED_EDGE('',*,*,#1118,.T.);
#491=ORIENTED_EDGE('',*,*,#1181,.T.);
#492=ORIENTED_EDGE('',*,*,#1183,.F.);
#493=ORIENTED_EDGE('',*,*,#1135,.T.);
#494=ORIENTED_EDGE('',*,*,#1124,.F.);
#495=ORIENTED_EDGE('',*,*,#1128,.T.);
#496=ORIENTED_EDGE('',*,*,#1185,.T.);
#497=ORIENTED_EDGE('',*,*,#1136,.T.);
#498=ORIENTED_EDGE('',*,*,#1183,.T.);
#499=ORIENTED_EDGE('',*,*,#1182,.T.);
#500=ORIENTED_EDGE('',*,*,#1176,.T.);
#501=ORIENTED_EDGE('',*,*,#1180,.T.);
#502=ORIENTED_EDGE('',*,*,#1184,.T.);
#503=ORIENTED_EDGE('',*,*,#1129,.T.);
#504=ORIENTED_EDGE('',*,*,#1186,.T.);
#505=ORIENTED_EDGE('',*,*,#1189,.T.);
#506=ORIENTED_EDGE('',*,*,#1188,.F.);
#507=ORIENTED_EDGE('',*,*,#1187,.F.);
#508=ORIENTED_EDGE('',*,*,#1191,.T.);
#509=ORIENTED_EDGE('',*,*,#1192,.T.);
#510=ORIENTED_EDGE('',*,*,#1193,.F.);
#511=ORIENTED_EDGE('',*,*,#1190,.F.);
#512=ORIENTED_EDGE('',*,*,#1195,.T.);
#513=ORIENTED_EDGE('',*,*,#1138,.T.);
#514=ORIENTED_EDGE('',*,*,#1194,.T.);
#515=ORIENTED_EDGE('',*,*,#1131,.T.);
#516=ORIENTED_EDGE('',*,*,#1168,.T.);
#517=ORIENTED_EDGE('',*,*,#1197,.T.);
#518=ORIENTED_EDGE('',*,*,#1150,.F.);
#519=ORIENTED_EDGE('',*,*,#1196,.F.);
#520=ORIENTED_EDGE('',*,*,#1169,.T.);
#521=ORIENTED_EDGE('',*,*,#1196,.T.);
#522=ORIENTED_EDGE('',*,*,#1151,.F.);
#523=ORIENTED_EDGE('',*,*,#1155,.F.);
#524=ORIENTED_EDGE('',*,*,#1198,.F.);
#525=ORIENTED_EDGE('',*,*,#1175,.T.);
#526=ORIENTED_EDGE('',*,*,#1170,.T.);
#527=ORIENTED_EDGE('',*,*,#1173,.T.);
#528=ORIENTED_EDGE('',*,*,#1199,.T.);
#529=ORIENTED_EDGE('',*,*,#1156,.F.);
#530=ORIENTED_EDGE('',*,*,#1152,.F.);
#531=ORIENTED_EDGE('',*,*,#1200,.F.);
#532=ORIENTED_EDGE('',*,*,#1171,.T.);
#533=ORIENTED_EDGE('',*,*,#1200,.T.);
#534=ORIENTED_EDGE('',*,*,#1153,.F.);
#535=ORIENTED_EDGE('',*,*,#1201,.F.);
#536=ORIENTED_EDGE('',*,*,#1198,.T.);
#537=ORIENTED_EDGE('',*,*,#1157,.T.);
#538=ORIENTED_EDGE('',*,*,#1199,.F.);
#539=ORIENTED_EDGE('',*,*,#1174,.F.);
#540=ORIENTED_EDGE('',*,*,#1159,.T.);
#541=ORIENTED_EDGE('',*,*,#1202,.T.);
#542=ORIENTED_EDGE('',*,*,#1141,.F.);
#543=ORIENTED_EDGE('',*,*,#1203,.F.);
#544=ORIENTED_EDGE('',*,*,#1160,.T.);
#545=ORIENTED_EDGE('',*,*,#1203,.T.);
#546=ORIENTED_EDGE('',*,*,#1142,.F.);
#547=ORIENTED_EDGE('',*,*,#1146,.F.);
#548=ORIENTED_EDGE('',*,*,#1204,.F.);
#549=ORIENTED_EDGE('',*,*,#1166,.T.);
#550=ORIENTED_EDGE('',*,*,#1161,.T.);
#551=ORIENTED_EDGE('',*,*,#1164,.T.);
#552=ORIENTED_EDGE('',*,*,#1205,.T.);
#553=ORIENTED_EDGE('',*,*,#1147,.F.);
#554=ORIENTED_EDGE('',*,*,#1143,.F.);
#555=ORIENTED_EDGE('',*,*,#1206,.F.);
#556=ORIENTED_EDGE('',*,*,#1162,.T.);
#557=ORIENTED_EDGE('',*,*,#1206,.T.);
#558=ORIENTED_EDGE('',*,*,#1144,.F.);
#559=ORIENTED_EDGE('',*,*,#1207,.F.);
#560=ORIENTED_EDGE('',*,*,#1204,.T.);
#561=ORIENTED_EDGE('',*,*,#1148,.T.);
#562=ORIENTED_EDGE('',*,*,#1205,.F.);
#563=ORIENTED_EDGE('',*,*,#1165,.F.);
#564=ORIENTED_EDGE('',*,*,#1209,.T.);
#565=ORIENTED_EDGE('',*,*,#1202,.F.);
#566=ORIENTED_EDGE('',*,*,#1158,.T.);
#567=ORIENTED_EDGE('',*,*,#1207,.T.);
#568=ORIENTED_EDGE('',*,*,#1210,.T.);
#569=ORIENTED_EDGE('',*,*,#1188,.T.);
#570=ORIENTED_EDGE('',*,*,#1208,.F.);
#571=ORIENTED_EDGE('',*,*,#1192,.F.);
#572=ORIENTED_EDGE('',*,*,#1211,.T.);
#573=ORIENTED_EDGE('',*,*,#1197,.F.);
#574=ORIENTED_EDGE('',*,*,#1167,.T.);
#575=ORIENTED_EDGE('',*,*,#1201,.T.);
#576=ORIENTED_EDGE('',*,*,#1185,.F.);
#577=ORIENTED_EDGE('',*,*,#1132,.T.);
#578=ORIENTED_EDGE('',*,*,#1194,.F.);
#579=ORIENTED_EDGE('',*,*,#1139,.T.);
#580=ORIENTED_EDGE('',*,*,#1214,.T.);
#581=ORIENTED_EDGE('',*,*,#1212,.T.);
#582=ORIENTED_EDGE('',*,*,#1186,.F.);
#583=ORIENTED_EDGE('',*,*,#1213,.F.);
#584=ORIENTED_EDGE('',*,*,#1217,.T.);
#585=ORIENTED_EDGE('',*,*,#1214,.F.);
#586=ORIENTED_EDGE('',*,*,#1216,.F.);
#587=ORIENTED_EDGE('',*,*,#1215,.F.);
#588=ORIENTED_EDGE('',*,*,#1221,.T.);
#589=ORIENTED_EDGE('',*,*,#1220,.F.);
#590=ORIENTED_EDGE('',*,*,#1219,.F.);
#591=ORIENTED_EDGE('',*,*,#1218,.F.);
#592=ORIENTED_EDGE('',*,*,#1218,.T.);
#593=ORIENTED_EDGE('',*,*,#1223,.F.);
#594=ORIENTED_EDGE('',*,*,#1190,.T.);
#595=ORIENTED_EDGE('',*,*,#1222,.F.);
#596=ORIENTED_EDGE('',*,*,#1123,.T.);
#597=ORIENTED_EDGE('',*,*,#1125,.T.);
#598=ORIENTED_EDGE('',*,*,#1122,.T.);
#599=ORIENTED_EDGE('',*,*,#1124,.T.);
#600=ORIENTED_EDGE('',*,*,#1429,.T.);
#601=ORIENTED_EDGE('',*,*,#1216,.T.);
#602=ORIENTED_EDGE('',*,*,#1213,.T.);
#603=ORIENTED_EDGE('',*,*,#1187,.T.);
#604=ORIENTED_EDGE('',*,*,#1210,.F.);
#605=ORIENTED_EDGE('',*,*,#1140,.F.);
#606=ORIENTED_EDGE('',*,*,#1209,.F.);
#607=ORIENTED_EDGE('',*,*,#1149,.F.);
#608=ORIENTED_EDGE('',*,*,#1211,.F.);
#609=ORIENTED_EDGE('',*,*,#1191,.F.);
#610=ORIENTED_EDGE('',*,*,#1223,.T.);
#611=ORIENTED_EDGE('',*,*,#1219,.T.);
#612=ORIENTED_EDGE('',*,*,#1456,.T.);
#613=ORIENTED_EDGE('',*,*,#1472,.T.);
#614=ORIENTED_EDGE('',*,*,#1226,.F.);
#615=ORIENTED_EDGE('',*,*,#1475,.T.);
#616=ORIENTED_EDGE('',*,*,#1238,.F.);
#617=ORIENTED_EDGE('',*,*,#1230,.T.);
#618=ORIENTED_EDGE('',*,*,#1229,.T.);
#619=ORIENTED_EDGE('',*,*,#1228,.F.);
#620=ORIENTED_EDGE('',*,*,#1227,.F.);
#621=ORIENTED_EDGE('',*,*,#1231,.T.);
#622=ORIENTED_EDGE('',*,*,#1232,.T.);
#623=ORIENTED_EDGE('',*,*,#1233,.F.);
#624=ORIENTED_EDGE('',*,*,#1230,.F.);
#625=ORIENTED_EDGE('',*,*,#1430,.T.);
#626=ORIENTED_EDGE('',*,*,#1228,.T.);
#627=ORIENTED_EDGE('',*,*,#1431,.T.);
#628=ORIENTED_EDGE('',*,*,#1234,.T.);
#629=ORIENTED_EDGE('',*,*,#1432,.T.);
#630=ORIENTED_EDGE('',*,*,#1235,.T.);
#631=ORIENTED_EDGE('',*,*,#1433,.T.);
#632=ORIENTED_EDGE('',*,*,#1232,.F.);
#633=ORIENTED_EDGE('',*,*,#1241,.T.);
#634=ORIENTED_EDGE('',*,*,#1470,.T.);
#635=ORIENTED_EDGE('',*,*,#1242,.T.);
#636=ORIENTED_EDGE('',*,*,#1236,.T.);
#637=ORIENTED_EDGE('',*,*,#1240,.F.);
#638=ORIENTED_EDGE('',*,*,#1239,.T.);
#639=ORIENTED_EDGE('',*,*,#1237,.T.);
#640=ORIENTED_EDGE('',*,*,#1238,.T.);
#641=ORIENTED_EDGE('',*,*,#1237,.F.);
#642=ORIENTED_EDGE('',*,*,#1434,.T.);
#643=ORIENTED_EDGE('',*,*,#1435,.T.);
#644=ORIENTED_EDGE('',*,*,#1436,.T.);
#645=ORIENTED_EDGE('',*,*,#1437,.T.);
#646=ORIENTED_EDGE('',*,*,#1243,.T.);
#647=ORIENTED_EDGE('',*,*,#1469,.F.);
#648=ORIENTED_EDGE('',*,*,#1240,.T.);
#649=ORIENTED_EDGE('',*,*,#1244,.T.);
#650=ORIENTED_EDGE('',*,*,#1227,.T.);
#651=ORIENTED_EDGE('',*,*,#1245,.T.);
#652=ORIENTED_EDGE('',*,*,#1246,.F.);
#653=ORIENTED_EDGE('',*,*,#1231,.F.);
#654=ORIENTED_EDGE('',*,*,#1244,.F.);
#655=ORIENTED_EDGE('',*,*,#1236,.F.);
#656=ORIENTED_EDGE('',*,*,#1239,.F.);
#657=ORIENTED_EDGE('',*,*,#1245,.F.);
#658=ORIENTED_EDGE('',*,*,#1430,.F.);
#659=ORIENTED_EDGE('',*,*,#1440,.F.);
#660=ORIENTED_EDGE('',*,*,#1439,.F.);
#661=ORIENTED_EDGE('',*,*,#1438,.F.);
#662=ORIENTED_EDGE('',*,*,#1432,.F.);
#663=ORIENTED_EDGE('',*,*,#1246,.T.);
#664=ORIENTED_EDGE('',*,*,#1242,.F.);
#665=ORIENTED_EDGE('',*,*,#1243,.F.);
#666=ORIENTED_EDGE('',*,*,#1241,.F.);
#667=ORIENTED_EDGE('',*,*,#1438,.T.);
#668=ORIENTED_EDGE('',*,*,#1441,.T.);
#669=ORIENTED_EDGE('',*,*,#1437,.F.);
#670=ORIENTED_EDGE('',*,*,#1442,.T.);
#671=ORIENTED_EDGE('',*,*,#1443,.T.);
#672=ORIENTED_EDGE('',*,*,#1439,.T.);
#673=ORIENTED_EDGE('',*,*,#1444,.T.);
#674=ORIENTED_EDGE('',*,*,#1434,.F.);
#675=ORIENTED_EDGE('',*,*,#1441,.F.);
#676=ORIENTED_EDGE('',*,*,#1440,.T.);
#677=ORIENTED_EDGE('',*,*,#1445,.T.);
#678=ORIENTED_EDGE('',*,*,#1446,.T.);
#679=ORIENTED_EDGE('',*,*,#1435,.F.);
#680=ORIENTED_EDGE('',*,*,#1444,.F.);
#681=ORIENTED_EDGE('',*,*,#1447,.F.);
#682=ORIENTED_EDGE('',*,*,#1235,.F.);
#683=ORIENTED_EDGE('',*,*,#1443,.F.);
#684=ORIENTED_EDGE('',*,*,#1247,.F.);
#685=ORIENTED_EDGE('',*,*,#1445,.F.);
#686=ORIENTED_EDGE('',*,*,#1234,.F.);
#687=ORIENTED_EDGE('',*,*,#1448,.F.);
#688=ORIENTED_EDGE('',*,*,#1248,.F.);
#689=ORIENTED_EDGE('',*,*,#1249,.T.);
#690=ORIENTED_EDGE('',*,*,#1250,.T.);
#691=ORIENTED_EDGE('',*,*,#1251,.F.);
#692=ORIENTED_EDGE('',*,*,#1252,.F.);
#693=ORIENTED_EDGE('',*,*,#1253,.T.);
#694=ORIENTED_EDGE('',*,*,#1254,.T.);
#695=ORIENTED_EDGE('',*,*,#1255,.F.);
#696=ORIENTED_EDGE('',*,*,#1256,.F.);
#697=ORIENTED_EDGE('',*,*,#1448,.T.);
#698=ORIENTED_EDGE('',*,*,#1431,.F.);
#699=ORIENTED_EDGE('',*,*,#1229,.F.);
#700=ORIENTED_EDGE('',*,*,#1233,.T.);
#701=ORIENTED_EDGE('',*,*,#1433,.F.);
#702=ORIENTED_EDGE('',*,*,#1447,.T.);
#703=ORIENTED_EDGE('',*,*,#1257,.F.);
#704=ORIENTED_EDGE('',*,*,#1260,.F.);
#705=ORIENTED_EDGE('',*,*,#1257,.T.);
#706=ORIENTED_EDGE('',*,*,#1259,.F.);
#707=ORIENTED_EDGE('',*,*,#1256,.T.);
#708=ORIENTED_EDGE('',*,*,#1258,.F.);
#709=ORIENTED_EDGE('',*,*,#1250,.F.);
#710=ORIENTED_EDGE('',*,*,#1259,.T.);
#711=ORIENTED_EDGE('',*,*,#1247,.T.);
#712=ORIENTED_EDGE('',*,*,#1261,.T.);
#713=ORIENTED_EDGE('',*,*,#1253,.F.);
#714=ORIENTED_EDGE('',*,*,#1260,.T.);
#715=ORIENTED_EDGE('',*,*,#1249,.F.);
#716=ORIENTED_EDGE('',*,*,#1262,.T.);
#717=ORIENTED_EDGE('',*,*,#1248,.T.);
#718=ORIENTED_EDGE('',*,*,#1446,.F.);
#719=ORIENTED_EDGE('',*,*,#1262,.F.);
#720=ORIENTED_EDGE('',*,*,#1252,.T.);
#721=ORIENTED_EDGE('',*,*,#1449,.F.);
#722=ORIENTED_EDGE('',*,*,#1254,.F.);
#723=ORIENTED_EDGE('',*,*,#1261,.F.);
#724=ORIENTED_EDGE('',*,*,#1442,.F.);
#725=ORIENTED_EDGE('',*,*,#1436,.F.);
#726=ORIENTED_EDGE('',*,*,#1265,.F.);
#727=ORIENTED_EDGE('',*,*,#1263,.T.);
#728=ORIENTED_EDGE('',*,*,#1266,.T.);
#729=ORIENTED_EDGE('',*,*,#1264,.F.);
#730=ORIENTED_EDGE('',*,*,#1267,.T.);
#731=ORIENTED_EDGE('',*,*,#1269,.F.);
#732=ORIENTED_EDGE('',*,*,#1270,.T.);
#733=ORIENTED_EDGE('',*,*,#1268,.F.);
#734=ORIENTED_EDGE('',*,*,#1271,.T.);
#735=ORIENTED_EDGE('',*,*,#1276,.T.);
#736=ORIENTED_EDGE('',*,*,#1275,.T.);
#737=ORIENTED_EDGE('',*,*,#1277,.F.);
#738=ORIENTED_EDGE('',*,*,#1267,.F.);
#739=ORIENTED_EDGE('',*,*,#1274,.F.);
#740=ORIENTED_EDGE('',*,*,#1282,.F.);
#741=ORIENTED_EDGE('',*,*,#1278,.T.);
#742=ORIENTED_EDGE('',*,*,#1279,.F.);
#743=ORIENTED_EDGE('',*,*,#1273,.F.);
#744=ORIENTED_EDGE('',*,*,#1272,.F.);
#745=ORIENTED_EDGE('',*,*,#1280,.F.);
#746=ORIENTED_EDGE('',*,*,#1281,.F.);
#747=ORIENTED_EDGE('',*,*,#1279,.T.);
#748=ORIENTED_EDGE('',*,*,#1288,.T.);
#749=ORIENTED_EDGE('',*,*,#1290,.F.);
#750=ORIENTED_EDGE('',*,*,#1286,.F.);
#751=ORIENTED_EDGE('',*,*,#1284,.F.);
#752=ORIENTED_EDGE('',*,*,#1127,.F.);
#753=ORIENTED_EDGE('',*,*,#1125,.F.);
#754=ORIENTED_EDGE('',*,*,#1134,.F.);
#755=ORIENTED_EDGE('',*,*,#1283,.F.);
#756=ORIENTED_EDGE('',*,*,#1285,.F.);
#757=ORIENTED_EDGE('',*,*,#1289,.F.);
#758=ORIENTED_EDGE('',*,*,#1287,.T.);
#759=ORIENTED_EDGE('',*,*,#1292,.T.);
#760=ORIENTED_EDGE('',*,*,#1293,.F.);
#761=ORIENTED_EDGE('',*,*,#1291,.F.);
#762=ORIENTED_EDGE('',*,*,#1270,.F.);
#763=ORIENTED_EDGE('',*,*,#1294,.F.);
#764=ORIENTED_EDGE('',*,*,#1301,.T.);
#765=ORIENTED_EDGE('',*,*,#1224,.F.);
#766=ORIENTED_EDGE('',*,*,#1302,.F.);
#767=ORIENTED_EDGE('',*,*,#1300,.F.);
#768=ORIENTED_EDGE('',*,*,#1299,.T.);
#769=ORIENTED_EDGE('',*,*,#1295,.T.);
#770=ORIENTED_EDGE('',*,*,#1298,.F.);
#771=ORIENTED_EDGE('',*,*,#1295,.F.);
#772=ORIENTED_EDGE('',*,*,#1296,.T.);
#773=ORIENTED_EDGE('',*,*,#1294,.T.);
#774=ORIENTED_EDGE('',*,*,#1297,.F.);
#775=ORIENTED_EDGE('',*,*,#1303,.F.);
#776=ORIENTED_EDGE('',*,*,#1304,.T.);
#777=ORIENTED_EDGE('',*,*,#1300,.T.);
#778=ORIENTED_EDGE('',*,*,#1305,.F.);
#779=ORIENTED_EDGE('',*,*,#1293,.T.);
#780=ORIENTED_EDGE('',*,*,#1306,.T.);
#781=ORIENTED_EDGE('',*,*,#1303,.T.);
#782=ORIENTED_EDGE('',*,*,#1307,.F.);
#783=ORIENTED_EDGE('',*,*,#1309,.F.);
#784=ORIENTED_EDGE('',*,*,#1308,.F.);
#785=ORIENTED_EDGE('',*,*,#1301,.F.);
#786=ORIENTED_EDGE('',*,*,#1296,.F.);
#787=ORIENTED_EDGE('',*,*,#1299,.F.);
#788=ORIENTED_EDGE('',*,*,#1304,.F.);
#789=ORIENTED_EDGE('',*,*,#1306,.F.);
#790=ORIENTED_EDGE('',*,*,#1311,.F.);
#791=ORIENTED_EDGE('',*,*,#1275,.F.);
#792=ORIENTED_EDGE('',*,*,#1282,.T.);
#793=ORIENTED_EDGE('',*,*,#1312,.T.);
#794=ORIENTED_EDGE('',*,*,#1307,.T.);
#795=ORIENTED_EDGE('',*,*,#1305,.T.);
#796=ORIENTED_EDGE('',*,*,#1298,.T.);
#797=ORIENTED_EDGE('',*,*,#1297,.T.);
#798=ORIENTED_EDGE('',*,*,#1302,.T.);
#799=ORIENTED_EDGE('',*,*,#1225,.T.);
#800=ORIENTED_EDGE('',*,*,#1310,.T.);
#801=ORIENTED_EDGE('',*,*,#1277,.T.);
#802=ORIENTED_EDGE('',*,*,#1311,.T.);
#803=ORIENTED_EDGE('',*,*,#1292,.F.);
#804=ORIENTED_EDGE('',*,*,#1269,.T.);
#805=ORIENTED_EDGE('',*,*,#1274,.T.);
#806=ORIENTED_EDGE('',*,*,#1268,.T.);
#807=ORIENTED_EDGE('',*,*,#1291,.T.);
#808=ORIENTED_EDGE('',*,*,#1312,.F.);
#809=ORIENTED_EDGE('',*,*,#1310,.F.);
#810=ORIENTED_EDGE('',*,*,#1313,.T.);
#811=ORIENTED_EDGE('',*,*,#1288,.F.);
#812=ORIENTED_EDGE('',*,*,#1278,.F.);
#813=ORIENTED_EDGE('',*,*,#1287,.F.);
#814=ORIENTED_EDGE('',*,*,#1314,.T.);
#815=ORIENTED_EDGE('',*,*,#1309,.T.);
#816=ORIENTED_EDGE('',*,*,#1276,.F.);
#817=ORIENTED_EDGE('',*,*,#1315,.T.);
#818=ORIENTED_EDGE('',*,*,#1126,.F.);
#819=ORIENTED_EDGE('',*,*,#1284,.T.);
#820=ORIENTED_EDGE('',*,*,#1316,.T.);
#821=ORIENTED_EDGE('',*,*,#1317,.T.);
#822=ORIENTED_EDGE('',*,*,#1318,.F.);
#823=ORIENTED_EDGE('',*,*,#1283,.T.);
#824=ORIENTED_EDGE('',*,*,#1133,.T.);
#825=ORIENTED_EDGE('',*,*,#1389,.T.);
#826=ORIENTED_EDGE('',*,*,#1323,.T.);
#827=ORIENTED_EDGE('',*,*,#1322,.T.);
#828=ORIENTED_EDGE('',*,*,#1321,.T.);
#829=ORIENTED_EDGE('',*,*,#1266,.F.);
#830=ORIENTED_EDGE('',*,*,#1320,.T.);
#831=ORIENTED_EDGE('',*,*,#1319,.F.);
#832=ORIENTED_EDGE('',*,*,#1324,.F.);
#833=ORIENTED_EDGE('',*,*,#1327,.T.);
#834=ORIENTED_EDGE('',*,*,#1326,.T.);
#835=ORIENTED_EDGE('',*,*,#1325,.F.);
#836=ORIENTED_EDGE('',*,*,#1322,.F.);
#837=ORIENTED_EDGE('',*,*,#1328,.T.);
#838=ORIENTED_EDGE('',*,*,#1329,.T.);
#839=ORIENTED_EDGE('',*,*,#1327,.F.);
#840=ORIENTED_EDGE('',*,*,#1323,.F.);
#841=ORIENTED_EDGE('',*,*,#1333,.T.);
#842=ORIENTED_EDGE('',*,*,#1332,.T.);
#843=ORIENTED_EDGE('',*,*,#1334,.T.);
#844=ORIENTED_EDGE('',*,*,#1331,.T.);
#845=ORIENTED_EDGE('',*,*,#1330,.F.);
#846=ORIENTED_EDGE('',*,*,#1336,.T.);
#847=ORIENTED_EDGE('',*,*,#1462,.F.);
#848=ORIENTED_EDGE('',*,*,#1335,.F.);
#849=ORIENTED_EDGE('',*,*,#1333,.F.);
#850=ORIENTED_EDGE('',*,*,#1337,.F.);
#851=ORIENTED_EDGE('',*,*,#1339,.T.);
#852=ORIENTED_EDGE('',*,*,#1338,.T.);
#853=ORIENTED_EDGE('',*,*,#1331,.F.);
#854=ORIENTED_EDGE('',*,*,#1321,.F.);
#855=ORIENTED_EDGE('',*,*,#1325,.T.);
#856=ORIENTED_EDGE('',*,*,#1451,.F.);
#857=ORIENTED_EDGE('',*,*,#1413,.T.);
#858=ORIENTED_EDGE('',*,*,#1466,.F.);
#859=ORIENTED_EDGE('',*,*,#1450,.F.);
#860=ORIENTED_EDGE('',*,*,#1264,.T.);
#861=ORIENTED_EDGE('',*,*,#1343,.T.);
#862=ORIENTED_EDGE('',*,*,#1342,.T.);
#863=ORIENTED_EDGE('',*,*,#1341,.F.);
#864=ORIENTED_EDGE('',*,*,#1340,.F.);
#865=ORIENTED_EDGE('',*,*,#1341,.T.);
#866=ORIENTED_EDGE('',*,*,#1346,.T.);
#867=ORIENTED_EDGE('',*,*,#1345,.F.);
#868=ORIENTED_EDGE('',*,*,#1344,.F.);
#869=ORIENTED_EDGE('',*,*,#1345,.T.);
#870=ORIENTED_EDGE('',*,*,#1349,.T.);
#871=ORIENTED_EDGE('',*,*,#1348,.F.);
#872=ORIENTED_EDGE('',*,*,#1347,.F.);
#873=ORIENTED_EDGE('',*,*,#1350,.T.);
#874=ORIENTED_EDGE('',*,*,#1339,.F.);
#875=ORIENTED_EDGE('',*,*,#1351,.F.);
#876=ORIENTED_EDGE('',*,*,#1465,.F.);
#877=ORIENTED_EDGE('',*,*,#1356,.F.);
#878=ORIENTED_EDGE('',*,*,#1353,.T.);
#879=ORIENTED_EDGE('',*,*,#1357,.T.);
#880=ORIENTED_EDGE('',*,*,#1358,.F.);
#881=ORIENTED_EDGE('',*,*,#1354,.T.);
#882=ORIENTED_EDGE('',*,*,#1353,.F.);
#883=ORIENTED_EDGE('',*,*,#1352,.F.);
#884=ORIENTED_EDGE('',*,*,#1355,.F.);
#885=ORIENTED_EDGE('',*,*,#1358,.T.);
#886=ORIENTED_EDGE('',*,*,#1359,.T.);
#887=ORIENTED_EDGE('',*,*,#1463,.F.);
#888=ORIENTED_EDGE('',*,*,#1360,.F.);
#889=ORIENTED_EDGE('',*,*,#1355,.T.);
#890=ORIENTED_EDGE('',*,*,#1452,.T.);
#891=ORIENTED_EDGE('',*,*,#1362,.F.);
#892=ORIENTED_EDGE('',*,*,#1361,.T.);
#893=ORIENTED_EDGE('',*,*,#1363,.F.);
#894=ORIENTED_EDGE('',*,*,#1348,.T.);
#895=ORIENTED_EDGE('',*,*,#1365,.T.);
#896=ORIENTED_EDGE('',*,*,#1364,.F.);
#897=ORIENTED_EDGE('',*,*,#1451,.T.);
#898=ORIENTED_EDGE('',*,*,#1326,.F.);
#899=ORIENTED_EDGE('',*,*,#1329,.F.);
#900=ORIENTED_EDGE('',*,*,#1366,.T.);
#901=ORIENTED_EDGE('',*,*,#1340,.T.);
#902=ORIENTED_EDGE('',*,*,#1344,.T.);
#903=ORIENTED_EDGE('',*,*,#1347,.T.);
#904=ORIENTED_EDGE('',*,*,#1363,.T.);
#905=ORIENTED_EDGE('',*,*,#1460,.T.);
#906=ORIENTED_EDGE('',*,*,#1369,.T.);
#907=ORIENTED_EDGE('',*,*,#1367,.F.);
#908=ORIENTED_EDGE('',*,*,#1362,.T.);
#909=ORIENTED_EDGE('',*,*,#1368,.T.);
#910=ORIENTED_EDGE('',*,*,#1335,.T.);
#911=ORIENTED_EDGE('',*,*,#1370,.T.);
#912=ORIENTED_EDGE('',*,*,#1371,.T.);
#913=ORIENTED_EDGE('',*,*,#1332,.F.);
#914=ORIENTED_EDGE('',*,*,#1351,.T.);
#915=ORIENTED_EDGE('',*,*,#1337,.T.);
#916=ORIENTED_EDGE('',*,*,#1334,.F.);
#917=ORIENTED_EDGE('',*,*,#1372,.T.);
#918=ORIENTED_EDGE('',*,*,#1373,.T.);
#919=ORIENTED_EDGE('',*,*,#1369,.F.);
#920=ORIENTED_EDGE('',*,*,#1375,.F.);
#921=ORIENTED_EDGE('',*,*,#1418,.F.);
#922=ORIENTED_EDGE('',*,*,#1374,.F.);
#923=ORIENTED_EDGE('',*,*,#1453,.F.);
#924=ORIENTED_EDGE('',*,*,#1467,.T.);
#925=ORIENTED_EDGE('',*,*,#1454,.T.);
#926=ORIENTED_EDGE('',*,*,#1265,.T.);
#927=ORIENTED_EDGE('',*,*,#1450,.T.);
#928=ORIENTED_EDGE('',*,*,#1474,.F.);
#929=ORIENTED_EDGE('',*,*,#1381,.T.);
#930=ORIENTED_EDGE('',*,*,#1382,.F.);
#931=ORIENTED_EDGE('',*,*,#1378,.F.);
#932=ORIENTED_EDGE('',*,*,#1455,.F.);
#933=ORIENTED_EDGE('',*,*,#1375,.T.);
#934=ORIENTED_EDGE('',*,*,#1368,.F.);
#935=ORIENTED_EDGE('',*,*,#1452,.F.);
#936=ORIENTED_EDGE('',*,*,#1352,.T.);
#937=ORIENTED_EDGE('',*,*,#1356,.T.);
#938=ORIENTED_EDGE('',*,*,#1360,.T.);
#939=ORIENTED_EDGE('',*,*,#1426,.F.);
#940=ORIENTED_EDGE('',*,*,#1336,.F.);
#941=ORIENTED_EDGE('',*,*,#1330,.T.);
#942=ORIENTED_EDGE('',*,*,#1338,.F.);
#943=ORIENTED_EDGE('',*,*,#1350,.F.);
#944=ORIENTED_EDGE('',*,*,#1376,.F.);
#945=ORIENTED_EDGE('',*,*,#1377,.F.);
#946=ORIENTED_EDGE('',*,*,#1379,.F.);
#947=ORIENTED_EDGE('',*,*,#1476,.F.);
#948=ORIENTED_EDGE('',*,*,#1380,.F.);
#949=ORIENTED_EDGE('',*,*,#1251,.T.);
#950=ORIENTED_EDGE('',*,*,#1258,.T.);
#951=ORIENTED_EDGE('',*,*,#1255,.T.);
#952=ORIENTED_EDGE('',*,*,#1449,.T.);
#953=ORIENTED_EDGE('',*,*,#1456,.F.);
#954=ORIENTED_EDGE('',*,*,#1220,.T.);
#955=ORIENTED_EDGE('',*,*,#1457,.F.);
#956=ORIENTED_EDGE('',*,*,#1285,.T.);
#957=ORIENTED_EDGE('',*,*,#1318,.T.);
#958=ORIENTED_EDGE('',*,*,#1421,.F.);
#959=ORIENTED_EDGE('',*,*,#1381,.F.);
#960=ORIENTED_EDGE('',*,*,#1473,.F.);
#961=ORIENTED_EDGE('',*,*,#1383,.T.);
#962=ORIENTED_EDGE('',*,*,#1379,.T.);
#963=ORIENTED_EDGE('',*,*,#1458,.F.);
#964=ORIENTED_EDGE('',*,*,#1316,.F.);
#965=ORIENTED_EDGE('',*,*,#1286,.T.);
#966=ORIENTED_EDGE('',*,*,#1428,.F.);
#967=ORIENTED_EDGE('',*,*,#1215,.T.);
#968=ORIENTED_EDGE('',*,*,#1429,.F.);
#969=ORIENTED_EDGE('',*,*,#1226,.T.);
#970=ORIENTED_EDGE('',*,*,#1471,.T.);
#971=ORIENTED_EDGE('',*,*,#1380,.T.);
#972=ORIENTED_EDGE('',*,*,#1384,.F.);
#973=ORIENTED_EDGE('',*,*,#1387,.T.);
#974=ORIENTED_EDGE('',*,*,#1324,.T.);
#975=ORIENTED_EDGE('',*,*,#1388,.F.);
#976=ORIENTED_EDGE('',*,*,#1385,.F.);
#977=ORIENTED_EDGE('',*,*,#1271,.F.);
#978=ORIENTED_EDGE('',*,*,#1385,.T.);
#979=ORIENTED_EDGE('',*,*,#1459,.F.);
#980=ORIENTED_EDGE('',*,*,#1386,.F.);
#981=ORIENTED_EDGE('',*,*,#1387,.F.);
#982=ORIENTED_EDGE('',*,*,#1397,.T.);
#983=ORIENTED_EDGE('',*,*,#1343,.F.);
#984=ORIENTED_EDGE('',*,*,#1366,.F.);
#985=ORIENTED_EDGE('',*,*,#1328,.F.);
#986=ORIENTED_EDGE('',*,*,#1389,.F.);
#987=ORIENTED_EDGE('',*,*,#1386,.T.);
#988=ORIENTED_EDGE('',*,*,#1390,.T.);
#989=ORIENTED_EDGE('',*,*,#1359,.F.);
#990=ORIENTED_EDGE('',*,*,#1357,.F.);
#991=ORIENTED_EDGE('',*,*,#1354,.F.);
#992=ORIENTED_EDGE('',*,*,#1361,.F.);
#993=ORIENTED_EDGE('',*,*,#1367,.T.);
#994=ORIENTED_EDGE('',*,*,#1373,.F.);
#995=ORIENTED_EDGE('',*,*,#1396,.T.);
#996=ORIENTED_EDGE('',*,*,#1395,.F.);
#997=ORIENTED_EDGE('',*,*,#1394,.F.);
#998=ORIENTED_EDGE('',*,*,#1403,.F.);
#999=ORIENTED_EDGE('',*,*,#1393,.F.);
#1000=ORIENTED_EDGE('',*,*,#1392,.F.);
#1001=ORIENTED_EDGE('',*,*,#1391,.F.);
#1002=ORIENTED_EDGE('',*,*,#1365,.F.);
#1003=ORIENTED_EDGE('',*,*,#1349,.F.);
#1004=ORIENTED_EDGE('',*,*,#1346,.F.);
#1005=ORIENTED_EDGE('',*,*,#1342,.F.);
#1006=ORIENTED_EDGE('',*,*,#1397,.F.);
#1007=ORIENTED_EDGE('',*,*,#1392,.T.);
#1008=ORIENTED_EDGE('',*,*,#1405,.F.);
#1009=ORIENTED_EDGE('',*,*,#1398,.F.);
#1010=ORIENTED_EDGE('',*,*,#1404,.T.);
#1011=ORIENTED_EDGE('',*,*,#1393,.T.);
#1012=ORIENTED_EDGE('',*,*,#1406,.F.);
#1013=ORIENTED_EDGE('',*,*,#1399,.F.);
#1014=ORIENTED_EDGE('',*,*,#1405,.T.);
#1015=ORIENTED_EDGE('',*,*,#1403,.T.);
#1016=ORIENTED_EDGE('',*,*,#1407,.F.);
#1017=ORIENTED_EDGE('',*,*,#1400,.F.);
#1018=ORIENTED_EDGE('',*,*,#1406,.T.);
#1019=ORIENTED_EDGE('',*,*,#1394,.T.);
#1020=ORIENTED_EDGE('',*,*,#1408,.F.);
#1021=ORIENTED_EDGE('',*,*,#1401,.F.);
#1022=ORIENTED_EDGE('',*,*,#1407,.T.);
#1023=ORIENTED_EDGE('',*,*,#1395,.T.);
#1024=ORIENTED_EDGE('',*,*,#1409,.F.);
#1025=ORIENTED_EDGE('',*,*,#1402,.F.);
#1026=ORIENTED_EDGE('',*,*,#1408,.T.);
#1027=ORIENTED_EDGE('',*,*,#1364,.T.);
#1028=ORIENTED_EDGE('',*,*,#1391,.T.);
#1029=ORIENTED_EDGE('',*,*,#1404,.F.);
#1030=ORIENTED_EDGE('',*,*,#1423,.F.);
#1031=ORIENTED_EDGE('',*,*,#1410,.F.);
#1032=ORIENTED_EDGE('',*,*,#1460,.F.);
#1033=ORIENTED_EDGE('',*,*,#1453,.T.);
#1034=ORIENTED_EDGE('',*,*,#1411,.T.);
#1035=ORIENTED_EDGE('',*,*,#1412,.T.);
#1036=ORIENTED_EDGE('',*,*,#1422,.T.);
#1037=ORIENTED_EDGE('',*,*,#1409,.T.);
#1038=ORIENTED_EDGE('',*,*,#1396,.F.);
#1039=ORIENTED_EDGE('',*,*,#1415,.T.);
#1040=ORIENTED_EDGE('',*,*,#1413,.F.);
#1041=ORIENTED_EDGE('',*,*,#1410,.T.);
#1042=ORIENTED_EDGE('',*,*,#1424,.F.);
#1043=ORIENTED_EDGE('',*,*,#1412,.F.);
#1044=ORIENTED_EDGE('',*,*,#1414,.F.);
#1045=ORIENTED_EDGE('',*,*,#1418,.T.);
#1046=ORIENTED_EDGE('',*,*,#1455,.T.);
#1047=ORIENTED_EDGE('',*,*,#1417,.F.);
#1048=ORIENTED_EDGE('',*,*,#1416,.F.);
#1049=ORIENTED_EDGE('',*,*,#1374,.T.);
#1050=ORIENTED_EDGE('',*,*,#1416,.T.);
#1051=ORIENTED_EDGE('',*,*,#1419,.T.);
#1052=ORIENTED_EDGE('',*,*,#1420,.T.);
#1053=ORIENTED_EDGE('',*,*,#1414,.T.);
#1054=ORIENTED_EDGE('',*,*,#1411,.F.);
#1055=ORIENTED_EDGE('',*,*,#1458,.T.);
#1056=ORIENTED_EDGE('',*,*,#1377,.T.);
#1057=ORIENTED_EDGE('',*,*,#1464,.F.);
#1058=ORIENTED_EDGE('',*,*,#1281,.T.);
#1059=ORIENTED_EDGE('',*,*,#1461,.F.);
#1060=ORIENTED_EDGE('',*,*,#1382,.T.);
#1061=ORIENTED_EDGE('',*,*,#1421,.T.);
#1062=ORIENTED_EDGE('',*,*,#1317,.F.);
#1063=ORIENTED_EDGE('',*,*,#1137,.T.);
#1064=ORIENTED_EDGE('',*,*,#1195,.F.);
#1065=ORIENTED_EDGE('',*,*,#1130,.F.);
#1066=ORIENTED_EDGE('',*,*,#1315,.F.);
#1067=ORIENTED_EDGE('',*,*,#1423,.T.);
#1068=ORIENTED_EDGE('',*,*,#1398,.T.);
#1069=ORIENTED_EDGE('',*,*,#1399,.T.);
#1070=ORIENTED_EDGE('',*,*,#1400,.T.);
#1071=ORIENTED_EDGE('',*,*,#1401,.T.);
#1072=ORIENTED_EDGE('',*,*,#1402,.T.);
#1073=ORIENTED_EDGE('',*,*,#1422,.F.);
#1074=ORIENTED_EDGE('',*,*,#1424,.T.);
#1075=ORIENTED_EDGE('',*,*,#1419,.F.);
#1076=ORIENTED_EDGE('',*,*,#1417,.T.);
#1077=ORIENTED_EDGE('',*,*,#1378,.T.);
#1078=ORIENTED_EDGE('',*,*,#1461,.T.);
#1079=ORIENTED_EDGE('',*,*,#1280,.T.);
#1080=ORIENTED_EDGE('',*,*,#1425,.F.);
#1081=ORIENTED_EDGE('',*,*,#1320,.F.);
#1082=ORIENTED_EDGE('',*,*,#1263,.F.);
#1083=ORIENTED_EDGE('',*,*,#1454,.F.);
#1084=ORIENTED_EDGE('',*,*,#1468,.F.);
#1085=ORIENTED_EDGE('',*,*,#1462,.T.);
#1086=ORIENTED_EDGE('',*,*,#1426,.T.);
#1087=ORIENTED_EDGE('',*,*,#1463,.T.);
#1088=ORIENTED_EDGE('',*,*,#1390,.F.);
#1089=ORIENTED_EDGE('',*,*,#1459,.T.);
#1090=ORIENTED_EDGE('',*,*,#1388,.T.);
#1091=ORIENTED_EDGE('',*,*,#1319,.T.);
#1092=ORIENTED_EDGE('',*,*,#1425,.T.);
#1093=ORIENTED_EDGE('',*,*,#1272,.T.);
#1094=ORIENTED_EDGE('',*,*,#1427,.T.);
#1095=ORIENTED_EDGE('',*,*,#1370,.F.);
#1096=ORIENTED_EDGE('',*,*,#1427,.F.);
#1097=ORIENTED_EDGE('',*,*,#1273,.T.);
#1098=ORIENTED_EDGE('',*,*,#1464,.T.);
#1099=ORIENTED_EDGE('',*,*,#1376,.T.);
#1100=ORIENTED_EDGE('',*,*,#1465,.T.);
#1101=ORIENTED_EDGE('',*,*,#1372,.F.);
#1102=ORIENTED_EDGE('',*,*,#1371,.F.);
#1103=ORIENTED_EDGE('',*,*,#1466,.T.);
#1104=ORIENTED_EDGE('',*,*,#1415,.F.);
#1105=ORIENTED_EDGE('',*,*,#1420,.F.);
#1106=ORIENTED_EDGE('',*,*,#1468,.T.);
#1107=ORIENTED_EDGE('',*,*,#1467,.F.);
#1108=ORIENTED_EDGE('',*,*,#1470,.F.);
#1109=ORIENTED_EDGE('',*,*,#1469,.T.);
#1110=ORIENTED_EDGE('',*,*,#1473,.T.);
#1111=ORIENTED_EDGE('',*,*,#1474,.T.);
#1112=ORIENTED_EDGE('',*,*,#1471,.F.);
#1113=ORIENTED_EDGE('',*,*,#1472,.F.);
#1114=ORIENTED_EDGE('',*,*,#1475,.F.);
#1115=ORIENTED_EDGE('',*,*,#1384,.T.);
#1116=ORIENTED_EDGE('',*,*,#1476,.T.);
#1117=ORIENTED_EDGE('',*,*,#1383,.F.);
#1118=EDGE_CURVE('',#1863,#1864,#1575,.T.);
#1119=EDGE_CURVE('',#1864,#1865,#1576,.T.);
#1120=EDGE_CURVE('',#1866,#1865,#1577,.T.);
#1121=EDGE_CURVE('',#1863,#1866,#1578,.T.);
#1122=EDGE_CURVE('',#1867,#1868,#1579,.T.);
#1123=EDGE_CURVE('',#1870,#1869,#1580,.T.);
#1124=EDGE_CURVE('',#1868,#1870,#1581,.T.);
#1125=EDGE_CURVE('',#1869,#1867,#1582,.T.);
#1126=EDGE_CURVE('',#1871,#1872,#1583,.T.);
#1127=EDGE_CURVE('',#1867,#1871,#1584,.T.);
#1128=EDGE_CURVE('',#1868,#1873,#1585,.T.);
#1129=EDGE_CURVE('',#1873,#1876,#1586,.T.);
#1130=EDGE_CURVE('',#1872,#1875,#1587,.T.);
#1131=EDGE_CURVE('',#1874,#1875,#1588,.T.);
#1132=EDGE_CURVE('',#1876,#1874,#1589,.T.);
#1133=EDGE_CURVE('',#1877,#1878,#1590,.T.);
#1134=EDGE_CURVE('',#1877,#1869,#1591,.T.);
#1135=EDGE_CURVE('',#1879,#1870,#1592,.T.);
#1136=EDGE_CURVE('',#1882,#1879,#1593,.T.);
#1137=EDGE_CURVE('',#1878,#1881,#1594,.T.);
#1138=EDGE_CURVE('',#1881,#1880,#1595,.T.);
#1139=EDGE_CURVE('',#1880,#1882,#1596,.T.);
#1140=EDGE_CURVE('',#1883,#1884,#1597,.T.);
#1141=EDGE_CURVE('',#1885,#1883,#1598,.T.);
#1142=EDGE_CURVE('',#1886,#1885,#1599,.T.);
#1143=EDGE_CURVE('',#1887,#1888,#1600,.T.);
#1144=EDGE_CURVE('',#1884,#1887,#1601,.T.);
#1145=EDGE_CURVE('',#1886,#1888,#1532,.T.);
#1146=EDGE_CURVE('',#1889,#1886,#1602,.T.);
#1147=EDGE_CURVE('',#1888,#1890,#1603,.T.);
#1148=EDGE_CURVE('',#1889,#1890,#1604,.T.);
#1149=EDGE_CURVE('',#1891,#1892,#1605,.T.);
#1150=EDGE_CURVE('',#1893,#1891,#1606,.T.);
#1151=EDGE_CURVE('',#1894,#1893,#1607,.T.);
#1152=EDGE_CURVE('',#1895,#1896,#1608,.T.);
#1153=EDGE_CURVE('',#1892,#1895,#1609,.T.);
#1154=EDGE_CURVE('',#1894,#1896,#1533,.T.);
#1155=EDGE_CURVE('',#1897,#1894,#1610,.T.);
#1156=EDGE_CURVE('',#1896,#1898,#1611,.T.);
#1157=EDGE_CURVE('',#1897,#1898,#1612,.T.);
#1158=EDGE_CURVE('',#1899,#1900,#1613,.T.);
#1159=EDGE_CURVE('',#1901,#1899,#1614,.T.);
#1160=EDGE_CURVE('',#1902,#1901,#1615,.T.);
#1161=EDGE_CURVE('',#1903,#1904,#1616,.T.);
#1162=EDGE_CURVE('',#1900,#1903,#1617,.T.);
#1163=EDGE_CURVE('',#1902,#1904,#1534,.T.);
#1164=EDGE_CURVE('',#1904,#1906,#1618,.T.);
#1165=EDGE_CURVE('',#1905,#1906,#1619,.T.);
#1166=EDGE_CURVE('',#1905,#1902,#1620,.T.);
#1167=EDGE_CURVE('',#1907,#1908,#1621,.T.);
#1168=EDGE_CURVE('',#1909,#1907,#1622,.T.);
#1169=EDGE_CURVE('',#1910,#1909,#1623,.T.);
#1170=EDGE_CURVE('',#1911,#1912,#1624,.T.);
#1171=EDGE_CURVE('',#1908,#1911,#1625,.T.);
#1172=EDGE_CURVE('',#1910,#1912,#1535,.T.);
#1173=EDGE_CURVE('',#1912,#1914,#1626,.T.);
#1174=EDGE_CURVE('',#1913,#1914,#1627,.T.);
#1175=EDGE_CURVE('',#1913,#1910,#1628,.T.);
#1176=EDGE_CURVE('',#1915,#1916,#1629,.T.);
#1177=EDGE_CURVE('',#1916,#1866,#1477,.T.);
#1178=EDGE_CURVE('',#1915,#1865,#1478,.T.);
#1179=EDGE_CURVE('',#1917,#1863,#1630,.T.);
#1180=EDGE_CURVE('',#1916,#1917,#1631,.T.);
#1181=EDGE_CURVE('',#1864,#1918,#1632,.T.);
#1182=EDGE_CURVE('',#1918,#1915,#1633,.T.);
#1183=EDGE_CURVE('',#1879,#1918,#1634,.T.);
#1184=EDGE_CURVE('',#1917,#1873,#1635,.T.);
#1185=EDGE_CURVE('',#1876,#1882,#1636,.T.);
#1186=EDGE_CURVE('',#1921,#1919,#1637,.T.);
#1187=EDGE_CURVE('',#1921,#1922,#1479,.T.);
#1188=EDGE_CURVE('',#1922,#1920,#1536,.T.);
#1189=EDGE_CURVE('',#1919,#1920,#1480,.T.);
#1190=EDGE_CURVE('',#1925,#1923,#1638,.T.);
#1191=EDGE_CURVE('',#1925,#1926,#1481,.T.);
#1192=EDGE_CURVE('',#1926,#1924,#1537,.T.);
#1193=EDGE_CURVE('',#1923,#1924,#1482,.T.);
#1194=EDGE_CURVE('',#1880,#1874,#1639,.T.);
#1195=EDGE_CURVE('',#1875,#1881,#1640,.T.);
#1196=EDGE_CURVE('',#1909,#1893,#1641,.T.);
#1197=EDGE_CURVE('',#1907,#1891,#1642,.T.);
#1198=EDGE_CURVE('',#1913,#1897,#1538,.T.);
#1199=EDGE_CURVE('',#1914,#1898,#1643,.T.);
#1200=EDGE_CURVE('',#1911,#1895,#1539,.T.);
#1201=EDGE_CURVE('',#1908,#1892,#1644,.T.);
#1202=EDGE_CURVE('',#1899,#1883,#1645,.T.);
#1203=EDGE_CURVE('',#1901,#1885,#1646,.T.);
#1204=EDGE_CURVE('',#1905,#1889,#1540,.T.);
#1205=EDGE_CURVE('',#1906,#1890,#1647,.T.);
#1206=EDGE_CURVE('',#1903,#1887,#1541,.T.);
#1207=EDGE_CURVE('',#1900,#1884,#1648,.T.);
#1208=EDGE_CURVE('',#1924,#1920,#1649,.T.);
#1209=EDGE_CURVE('',#1892,#1883,#1650,.T.);
#1210=EDGE_CURVE('',#1884,#1922,#1651,.T.);
#1211=EDGE_CURVE('',#1926,#1891,#1652,.T.);
#1212=EDGE_CURVE('',#1928,#1919,#1653,.T.);
#1213=EDGE_CURVE('',#1927,#1921,#1654,.T.);
#1214=EDGE_CURVE('',#1927,#1928,#1655,.T.);
#1215=EDGE_CURVE('',#1930,#1929,#1656,.T.);
#1216=EDGE_CURVE('',#1929,#1927,#1657,.T.);
#1217=EDGE_CURVE('',#1930,#1928,#1658,.T.);
#1218=EDGE_CURVE('',#1933,#1931,#1659,.T.);
#1219=EDGE_CURVE('',#1931,#1932,#1660,.T.);
#1220=EDGE_CURVE('',#1932,#1934,#1661,.T.);
#1221=EDGE_CURVE('',#1933,#1934,#1662,.T.);
#1222=EDGE_CURVE('',#1933,#1923,#1663,.T.);
#1223=EDGE_CURVE('',#1925,#1931,#1664,.T.);
#1224=EDGE_CURVE('',#1938,#1937,#1542,.T.);
#1225=EDGE_CURVE('',#1938,#2008,#1543,.T.);
#1226=EDGE_CURVE('',#2089,#2088,#1665,.T.);
#1227=EDGE_CURVE('',#1941,#1942,#1483,.T.);
#1228=EDGE_CURVE('',#1942,#1943,#1544,.T.);
#1229=EDGE_CURVE('',#1944,#1943,#1484,.T.);
#1230=EDGE_CURVE('',#1941,#1944,#1545,.T.);
#1231=EDGE_CURVE('',#1941,#1945,#1485,.T.);
#1232=EDGE_CURVE('',#1945,#1946,#1546,.T.);
#1233=EDGE_CURVE('',#1944,#1946,#1486,.T.);
#1234=EDGE_CURVE('',#1948,#1947,#1666,.T.);
#1235=EDGE_CURVE('',#1950,#1949,#1667,.T.);
#1236=EDGE_CURVE('',#1953,#1952,#1668,.T.);
#1237=EDGE_CURVE('',#1954,#1940,#1547,.T.);
#1238=EDGE_CURVE('',#1940,#1940,#1514,.T.);
#1239=EDGE_CURVE('',#1951,#1954,#1487,.T.);
#1240=EDGE_CURVE('',#1951,#1952,#1548,.T.);
#1241=EDGE_CURVE('',#1954,#1961,#1549,.T.);
#1242=EDGE_CURVE('',#1962,#1953,#1550,.T.);
#1243=EDGE_CURVE('',#1961,#1962,#1488,.T.);
#1244=EDGE_CURVE('',#1952,#1941,#1551,.T.);
#1245=EDGE_CURVE('',#1942,#1951,#1552,.T.);
#1246=EDGE_CURVE('',#1945,#1953,#1553,.T.);
#1247=EDGE_CURVE('',#1963,#1964,#1669,.T.);
#1248=EDGE_CURVE('',#1965,#1966,#1670,.T.);
#1249=EDGE_CURVE('',#1967,#1968,#1671,.T.);
#1250=EDGE_CURVE('',#1968,#1969,#1672,.T.);
#1251=EDGE_CURVE('',#1970,#1969,#1673,.T.);
#1252=EDGE_CURVE('',#1967,#1970,#1674,.T.);
#1253=EDGE_CURVE('',#1971,#1972,#1675,.T.);
#1254=EDGE_CURVE('',#1972,#1973,#1676,.T.);
#1255=EDGE_CURVE('',#1974,#1973,#1677,.T.);
#1256=EDGE_CURVE('',#1971,#1974,#1678,.T.);
#1257=EDGE_CURVE('',#1966,#1963,#1679,.T.);
#1258=EDGE_CURVE('',#1969,#1974,#1680,.T.);
#1259=EDGE_CURVE('',#1971,#1963,#1681,.T.);
#1260=EDGE_CURVE('',#1966,#1968,#1682,.T.);
#1261=EDGE_CURVE('',#1964,#1972,#1683,.T.);
#1262=EDGE_CURVE('',#1967,#1965,#1684,.T.);
#1263=EDGE_CURVE('',#1975,#1976,#1685,.T.);
#1264=EDGE_CURVE('',#1977,#1978,#1686,.T.);
#1265=EDGE_CURVE('',#1975,#1977,#1687,.T.);
#1266=EDGE_CURVE('',#1976,#1978,#1688,.T.);
#1267=EDGE_CURVE('',#1981,#1982,#1689,.T.);
#1268=EDGE_CURVE('',#1981,#1979,#1554,.T.);
#1269=EDGE_CURVE('',#1980,#1982,#1555,.T.);
#1270=EDGE_CURVE('',#1980,#1979,#1489,.T.);
#1271=EDGE_CURVE('',#1983,#1983,#1690,.T.);
#1272=EDGE_CURVE('',#1985,#1984,#1691,.T.);
#1273=EDGE_CURVE('',#1984,#1989,#1692,.T.);
#1274=EDGE_CURVE('',#1987,#1981,#1693,.T.);
#1275=EDGE_CURVE('',#1991,#1988,#1694,.T.);
#1276=EDGE_CURVE('',#1990,#1991,#1695,.T.);
#1277=EDGE_CURVE('',#1982,#1988,#1696,.T.);
#1278=EDGE_CURVE('',#1992,#1993,#1697,.T.);
#1279=EDGE_CURVE('',#1990,#1993,#1698,.T.);
#1280=EDGE_CURVE('',#1986,#1985,#1699,.T.);
#1281=EDGE_CURVE('',#1989,#1986,#1700,.T.);
#1282=EDGE_CURVE('',#1992,#1987,#1701,.T.);
#1283=EDGE_CURVE('',#1994,#1877,#1702,.T.);
#1284=EDGE_CURVE('',#1871,#1995,#1703,.T.);
#1285=EDGE_CURVE('',#1936,#1994,#1704,.T.);
#1286=EDGE_CURVE('',#1995,#1939,#1705,.T.);
#1287=EDGE_CURVE('',#1996,#1990,#1706,.T.);
#1288=EDGE_CURVE('',#1993,#1997,#1707,.T.);
#1289=EDGE_CURVE('',#1996,#1936,#1708,.T.);
#1290=EDGE_CURVE('',#1939,#1997,#1709,.T.);
#1291=EDGE_CURVE('',#1979,#1998,#1556,.T.);
#1292=EDGE_CURVE('',#1980,#1999,#1557,.T.);
#1293=EDGE_CURVE('',#1998,#1999,#1558,.T.);
#1294=EDGE_CURVE('',#2001,#2000,#1559,.T.);
#1295=EDGE_CURVE('',#2002,#2003,#1560,.T.);
#1296=EDGE_CURVE('',#2002,#2001,#1710,.T.);
#1297=EDGE_CURVE('',#2003,#2000,#1711,.T.);
#1298=EDGE_CURVE('',#2004,#2003,#1712,.T.);
#1299=EDGE_CURVE('',#2005,#2002,#1713,.T.);
#1300=EDGE_CURVE('',#2005,#2004,#1561,.T.);
#1301=EDGE_CURVE('',#2001,#1937,#1714,.T.);
#1302=EDGE_CURVE('',#2000,#1938,#1715,.T.);
#1303=EDGE_CURVE('',#2006,#2007,#1562,.T.);
#1304=EDGE_CURVE('',#2006,#2005,#1716,.T.);
#1305=EDGE_CURVE('',#2007,#2004,#1717,.T.);
#1306=EDGE_CURVE('',#1999,#2006,#1718,.T.);
#1307=EDGE_CURVE('',#1998,#2007,#1719,.T.);
#1308=EDGE_CURVE('',#1937,#1935,#1720,.T.);
#1309=EDGE_CURVE('',#1935,#1991,#1721,.T.);
#1310=EDGE_CURVE('',#2008,#1992,#1722,.T.);
#1311=EDGE_CURVE('',#1988,#1999,#1723,.T.);
#1312=EDGE_CURVE('',#1987,#1998,#1724,.T.);
#1313=EDGE_CURVE('',#2008,#1997,#1490,.T.);
#1314=EDGE_CURVE('',#1996,#1935,#1491,.T.);
#1315=EDGE_CURVE('',#2009,#1872,#1725,.T.);
#1316=EDGE_CURVE('',#1995,#2009,#1726,.T.);
#1317=EDGE_CURVE('',#1878,#2010,#1727,.T.);
#1318=EDGE_CURVE('',#1994,#2010,#1728,.T.);
#1319=EDGE_CURVE('',#2012,#2011,#1563,.T.);
#1320=EDGE_CURVE('',#1976,#2011,#1729,.T.);
#1321=EDGE_CURVE('',#2013,#1978,#1564,.T.);
#1322=EDGE_CURVE('',#2014,#2013,#1565,.T.);
#1323=EDGE_CURVE('',#2015,#2014,#1566,.T.);
#1324=EDGE_CURVE('',#2016,#2012,#1730,.T.);
#1325=EDGE_CURVE('',#2013,#2017,#1731,.T.);
#1326=EDGE_CURVE('',#2018,#2017,#1732,.T.);
#1327=EDGE_CURVE('',#2014,#2018,#1733,.T.);
#1328=EDGE_CURVE('',#2015,#2019,#1734,.T.);
#1329=EDGE_CURVE('',#2019,#2018,#1735,.T.);
#1330=EDGE_CURVE('',#2020,#2023,#1492,.T.);
#1331=EDGE_CURVE('',#2022,#2023,#1736,.T.);
#1332=EDGE_CURVE('',#2021,#2056,#1493,.T.);
#1333=EDGE_CURVE('',#2020,#2021,#1737,.T.);
#1334=EDGE_CURVE('',#2056,#2022,#1494,.T.);
#1335=EDGE_CURVE('',#2021,#2024,#1738,.T.);
#1336=EDGE_CURVE('',#2020,#2025,#1739,.T.);
#1337=EDGE_CURVE('',#2026,#2022,#1740,.T.);
#1338=EDGE_CURVE('',#2027,#2023,#1741,.T.);
#1339=EDGE_CURVE('',#2026,#2027,#1742,.T.);
#1340=EDGE_CURVE('',#2030,#2031,#1743,.T.);
#1341=EDGE_CURVE('',#2031,#2032,#1744,.T.);
#1342=EDGE_CURVE('',#2033,#2032,#1745,.T.);
#1343=EDGE_CURVE('',#2030,#2033,#1746,.T.);
#1344=EDGE_CURVE('',#2031,#2034,#1747,.T.);
#1345=EDGE_CURVE('',#2034,#2035,#1748,.T.);
#1346=EDGE_CURVE('',#2032,#2035,#1749,.T.);
#1347=EDGE_CURVE('',#2034,#2036,#1750,.T.);
#1348=EDGE_CURVE('',#2036,#2037,#1751,.T.);
#1349=EDGE_CURVE('',#2035,#2037,#1752,.T.);
#1350=EDGE_CURVE('',#2038,#2027,#1753,.T.);
#1351=EDGE_CURVE('',#2039,#2026,#1754,.T.);
#1352=EDGE_CURVE('',#2043,#2040,#1495,.T.);
#1353=EDGE_CURVE('',#2040,#2041,#1567,.T.);
#1354=EDGE_CURVE('',#2042,#2041,#1496,.T.);
#1355=EDGE_CURVE('',#2042,#2043,#1755,.T.);
#1356=EDGE_CURVE('',#2040,#2044,#1497,.T.);
#1357=EDGE_CURVE('',#2041,#2045,#1498,.T.);
#1358=EDGE_CURVE('',#2044,#2045,#1568,.T.);
#1359=EDGE_CURVE('',#2045,#2046,#1756,.T.);
#1360=EDGE_CURVE('',#2044,#2047,#1757,.T.);
#1361=EDGE_CURVE('',#2048,#2042,#1758,.T.);
#1362=EDGE_CURVE('',#2048,#2049,#1759,.T.);
#1363=EDGE_CURVE('',#2036,#2050,#1760,.T.);
#1364=EDGE_CURVE('',#2050,#2051,#1761,.T.);
#1365=EDGE_CURVE('',#2037,#2051,#1762,.T.);
#1366=EDGE_CURVE('',#2019,#2030,#1763,.T.);
#1367=EDGE_CURVE('',#2048,#2053,#1764,.T.);
#1368=EDGE_CURVE('',#2049,#2054,#1765,.T.);
#1369=EDGE_CURVE('',#2054,#2053,#1766,.T.);
#1370=EDGE_CURVE('',#2024,#2055,#1767,.T.);
#1371=EDGE_CURVE('',#2055,#2056,#1768,.T.);
#1372=EDGE_CURVE('',#2056,#2039,#1769,.T.);
#1373=EDGE_CURVE('',#2060,#2053,#1770,.T.);
#1374=EDGE_CURVE('',#2057,#2059,#1771,.T.);
#1375=EDGE_CURVE('',#2058,#2054,#1772,.T.);
#1376=EDGE_CURVE('',#2062,#2038,#1773,.T.);
#1377=EDGE_CURVE('',#2065,#2062,#1774,.T.);
#1378=EDGE_CURVE('',#2064,#2063,#1775,.T.);
#1379=EDGE_CURVE('',#2090,#2065,#1776,.T.);
#1380=EDGE_CURVE('',#2092,#2091,#1777,.T.);
#1381=EDGE_CURVE('',#2093,#2066,#1778,.T.);
#1382=EDGE_CURVE('',#2063,#2066,#1779,.T.);
#1383=EDGE_CURVE('',#2094,#2090,#1780,.T.);
#1384=EDGE_CURVE('',#2089,#2091,#1781,.T.);
#1385=EDGE_CURVE('',#1983,#2067,#1569,.T.);
#1386=EDGE_CURVE('',#2068,#2069,#1570,.T.);
#1387=EDGE_CURVE('',#2068,#2016,#1499,.T.);
#1388=EDGE_CURVE('',#2067,#2012,#1500,.T.);
#1389=EDGE_CURVE('',#2016,#2015,#1782,.T.);
#1390=EDGE_CURVE('',#2069,#2046,#1783,.T.);
#1391=EDGE_CURVE('',#2051,#2070,#1784,.T.);
#1392=EDGE_CURVE('',#2070,#2071,#1785,.T.);
#1393=EDGE_CURVE('',#2071,#2072,#1786,.T.);
#1394=EDGE_CURVE('',#2073,#2074,#1787,.T.);
#1395=EDGE_CURVE('',#2074,#2075,#1788,.T.);
#1396=EDGE_CURVE('',#2060,#2075,#1789,.T.);
#1397=EDGE_CURVE('',#2068,#2033,#1790,.T.);
#1398=EDGE_CURVE('',#2076,#2077,#1791,.T.);
#1399=EDGE_CURVE('',#2077,#2078,#1792,.T.);
#1400=EDGE_CURVE('',#2078,#2079,#1793,.T.);
#1401=EDGE_CURVE('',#2079,#2080,#1794,.T.);
#1402=EDGE_CURVE('',#2080,#2081,#1795,.T.);
#1403=EDGE_CURVE('',#2072,#2073,#1796,.T.);
#1404=EDGE_CURVE('',#2076,#2070,#1797,.T.);
#1405=EDGE_CURVE('',#2077,#2071,#1798,.T.);
#1406=EDGE_CURVE('',#2078,#2072,#1799,.T.);
#1407=EDGE_CURVE('',#2079,#2073,#1800,.T.);
#1408=EDGE_CURVE('',#2080,#2074,#1801,.T.);
#1409=EDGE_CURVE('',#2081,#2075,#1802,.T.);
#1410=EDGE_CURVE('',#2052,#2082,#1803,.T.);
#1411=EDGE_CURVE('',#2057,#2084,#1804,.T.);
#1412=EDGE_CURVE('',#2084,#2083,#1805,.T.);
#1413=EDGE_CURVE('',#2052,#2028,#1806,.T.);
#1414=EDGE_CURVE('',#2085,#2084,#1807,.T.);
#1415=EDGE_CURVE('',#2085,#2028,#1808,.T.);
#1416=EDGE_CURVE('',#2059,#2086,#1809,.T.);
#1417=EDGE_CURVE('',#2086,#2064,#1810,.T.);
#1418=EDGE_CURVE('',#2059,#2058,#1811,.T.);
#1419=EDGE_CURVE('',#2086,#2087,#1812,.T.);
#1420=EDGE_CURVE('',#2087,#2085,#1813,.T.);
#1421=EDGE_CURVE('',#2066,#2010,#1814,.T.);
#1422=EDGE_CURVE('',#2083,#2081,#1815,.T.);
#1423=EDGE_CURVE('',#2082,#2076,#1816,.T.);
#1424=EDGE_CURVE('',#2083,#2082,#1817,.T.);
#1425=EDGE_CURVE('',#2011,#1985,#1818,.T.);
#1426=EDGE_CURVE('',#2025,#2047,#1819,.T.);
#1427=EDGE_CURVE('',#1984,#2055,#1820,.T.);
#1428=EDGE_CURVE('',#1930,#1939,#1821,.T.);
#1429=EDGE_CURVE('',#2094,#1929,#1822,.T.);
#1430=EDGE_CURVE('',#1947,#1942,#1823,.T.);
#1431=EDGE_CURVE('',#1943,#1948,#1824,.T.);
#1432=EDGE_CURVE('',#1945,#1950,#1825,.T.);
#1433=EDGE_CURVE('',#1949,#1946,#1826,.T.);
#1434=EDGE_CURVE('',#1955,#1956,#1827,.T.);
#1435=EDGE_CURVE('',#1956,#1957,#1828,.T.);
#1436=EDGE_CURVE('',#1957,#1958,#1829,.T.);
#1437=EDGE_CURVE('',#1958,#1955,#1830,.T.);
#1438=EDGE_CURVE('',#1950,#1959,#1831,.T.);
#1439=EDGE_CURVE('',#1959,#1960,#1832,.T.);
#1440=EDGE_CURVE('',#1960,#1947,#1833,.T.);
#1441=EDGE_CURVE('',#1959,#1955,#1834,.T.);
#1442=EDGE_CURVE('',#1958,#1964,#1835,.T.);
#1443=EDGE_CURVE('',#1964,#1950,#1836,.T.);
#1444=EDGE_CURVE('',#1960,#1956,#1837,.T.);
#1445=EDGE_CURVE('',#1947,#1965,#1838,.T.);
#1446=EDGE_CURVE('',#1965,#1957,#1839,.T.);
#1447=EDGE_CURVE('',#1949,#1963,#1840,.T.);
#1448=EDGE_CURVE('',#1966,#1948,#1841,.T.);
#1449=EDGE_CURVE('',#1973,#1970,#1842,.T.);
#1450=EDGE_CURVE('',#1977,#2029,#1843,.T.);
#1451=EDGE_CURVE('',#2052,#2017,#1844,.T.);
#1452=EDGE_CURVE('',#2043,#2049,#1845,.T.);
#1453=EDGE_CURVE('',#2060,#2057,#1846,.T.);
#1454=EDGE_CURVE('',#2061,#1975,#1847,.T.);
#1455=EDGE_CURVE('',#2058,#2064,#1848,.T.);
#1456=EDGE_CURVE('',#1932,#2095,#1849,.T.);
#1457=EDGE_CURVE('',#1936,#1934,#1850,.T.);
#1458=EDGE_CURVE('',#2009,#2065,#1851,.T.);
#1459=EDGE_CURVE('',#2069,#2067,#1501,.T.);
#1460=EDGE_CURVE('',#2050,#2052,#1852,.T.);
#1461=EDGE_CURVE('',#2063,#1986,#1853,.T.);
#1462=EDGE_CURVE('',#2024,#2025,#1854,.T.);
#1463=EDGE_CURVE('',#2047,#2046,#1855,.T.);
#1464=EDGE_CURVE('',#1989,#2062,#1856,.T.);
#1465=EDGE_CURVE('',#2038,#2039,#1857,.T.);
#1466=EDGE_CURVE('',#2029,#2028,#1858,.T.);
#1467=EDGE_CURVE('',#2029,#2061,#1859,.T.);
#1468=EDGE_CURVE('',#2087,#2061,#1860,.T.);
#1469=EDGE_CURVE('',#1961,#1962,#1571,.T.);
#1470=EDGE_CURVE('',#1961,#1962,#1572,.T.);
#1471=EDGE_CURVE('',#2088,#2092,#1861,.T.);
#1472=EDGE_CURVE('',#2095,#2088,#1573,.T.);
#1473=EDGE_CURVE('',#2095,#2093,#1574,.T.);
#1474=EDGE_CURVE('',#2093,#2092,#1862,.T.);
#1475=EDGE_CURVE('',#2089,#2094,#1502,.T.);
#1476=EDGE_CURVE('',#2091,#2090,#1503,.T.);
#1477=TRIMMED_CURVE($,#1504,(#3279),(#3280),.T.,.CARTESIAN.);
#1478=TRIMMED_CURVE($,#1505,(#3282),(#3283),.T.,.CARTESIAN.);
#1479=TRIMMED_CURVE($,#1506,(#3301),(#3302),.T.,.CARTESIAN.);
#1480=TRIMMED_CURVE($,#1507,(#3306),(#3307),.T.,.CARTESIAN.);
#1481=TRIMMED_CURVE($,#1508,(#3311),(#3312),.T.,.CARTESIAN.);
#1482=TRIMMED_CURVE($,#1509,(#3316),(#3317),.T.,.CARTESIAN.);
#1483=TRIMMED_CURVE($,#1510,(#3403),(#3404),.T.,.CARTESIAN.);
#1484=TRIMMED_CURVE($,#1511,(#3408),(#3409),.T.,.CARTESIAN.);
#1485=TRIMMED_CURVE($,#1512,(#3413),(#3414),.T.,.CARTESIAN.);
#1486=TRIMMED_CURVE($,#1513,(#3418),(#3419),.T.,.CARTESIAN.);
#1487=TRIMMED_CURVE($,#1515,(#3442),(#3443),.T.,.CARTESIAN.);
#1488=TRIMMED_CURVE($,#1516,(#3472),(#3473),.T.,.CARTESIAN.);
#1489=TRIMMED_CURVE($,#1517,(#3529),(#3530),.T.,.CARTESIAN.);
#1490=TRIMMED_CURVE($,#1518,(#3711),(#3712),.T.,.CARTESIAN.);
#1491=TRIMMED_CURVE($,#1519,(#3714),(#3715),.T.,.CARTESIAN.);
#1492=TRIMMED_CURVE($,#1520,(#3749),(#3750),.T.,.CARTESIAN.);
#1493=TRIMMED_CURVE($,#1521,(#3754),(#3755),.T.,.CARTESIAN.);
#1494=TRIMMED_CURVE($,#1522,(#3759),(#3760),.T.,.CARTESIAN.);
#1495=TRIMMED_CURVE($,#1523,(#3796),(#3797),.T.,.CARTESIAN.);
#1496=TRIMMED_CURVE($,#1524,(#3801),(#3802),.T.,.CARTESIAN.);
#1497=TRIMMED_CURVE($,#1525,(#3806),(#3807),.T.,.CARTESIAN.);
#1498=TRIMMED_CURVE($,#1526,(#3809),(#3810),.T.,.CARTESIAN.);
#1499=TRIMMED_CURVE($,#1527,(#3871),(#3872),.T.,.CARTESIAN.);
#1500=TRIMMED_CURVE($,#1528,(#3874),(#3875),.T.,.CARTESIAN.);
#1501=TRIMMED_CURVE($,#1529,(#4063),(#4064),.T.,.CARTESIAN.);
#1502=TRIMMED_CURVE($,#1530,(#4147),(#4148),.T.,.CARTESIAN.);
#1503=TRIMMED_CURVE($,#1531,(#4150),(#4151),.T.,.CARTESIAN.);
#1504=CIRCLE('',#2430,1.00000031839993);
#1505=CIRCLE('',#2431,1.00000031839993);
#1506=CIRCLE('',#2432,1.24999999999999);
#1507=CIRCLE('',#2433,1.24999999999999);
#1508=CIRCLE('',#2434,1.24999999999999);
#1509=CIRCLE('',#2435,1.24999999999999);
#1510=CIRCLE('',#2436,2.10000000000011);
#1511=CIRCLE('',#2437,2.10000000000011);
#1512=CIRCLE('',#2438,2.10000000000002);
#1513=CIRCLE('',#2439,2.10000000000004);
#1514=CIRCLE('',#2440,2.5024508207446);
#1515=CIRCLE('',#2441,2.50245082074516);
#1516=CIRCLE('',#2442,2.09807483762962);
#1517=CIRCLE('',#2443,292.66);
#1518=CIRCLE('',#2444,1.2499999999992);
#1519=CIRCLE('',#2445,1.2500000000009);
#1520=CIRCLE('',#2446,10.1000000000071);
#1521=CIRCLE('',#2447,10.0999999999999);
#1522=CIRCLE('',#2448,10.0999999999999);
#1523=CIRCLE('',#2449,10.1000000000228);
#1524=CIRCLE('',#2450,10.1000000000003);
#1525=CIRCLE('',#2451,10.0999999999999);
#1526=CIRCLE('',#2452,10.1);
#1527=CIRCLE('',#2453,3.00000000000418);
#1528=CIRCLE('',#2454,3.0000000000001);
#1529=CIRCLE('',#2455,2.99999999999999);
#1530=CIRCLE('',#2456,0.999999999999993);
#1531=CIRCLE('',#2457,1.00000000000001);
#1532=(
BOUNDED_CURVE()
B_SPLINE_CURVE(1,(#3134,#3135),.UNSPECIFIED.,.F.,.F.)
B_SPLINE_CURVE_WITH_KNOTS((2,2),(0.799953645534196,3.40004635446581),
 .UNSPECIFIED.)
CURVE()
GEOMETRIC_REPRESENTATION_ITEM()
RATIONAL_B_SPLINE_CURVE((1.,1.))
REPRESENTATION_ITEM('')
);
#1533=(
BOUNDED_CURVE()
B_SPLINE_CURVE(1,(#3174,#3175),.UNSPECIFIED.,.F.,.F.)
B_SPLINE_CURVE_WITH_KNOTS((2,2),(0.799953645534196,3.40004635446581),
 .UNSPECIFIED.)
CURVE()
GEOMETRIC_REPRESENTATION_ITEM()
RATIONAL_B_SPLINE_CURVE((1.,1.))
REPRESENTATION_ITEM('')
);
#1534=(
BOUNDED_CURVE()
B_SPLINE_CURVE(1,(#3214,#3215),.UNSPECIFIED.,.F.,.F.)
B_SPLINE_CURVE_WITH_KNOTS((2,2),(0.799953645534196,3.40004635446581),
 .UNSPECIFIED.)
CURVE()
GEOMETRIC_REPRESENTATION_ITEM()
RATIONAL_B_SPLINE_CURVE((1.,1.))
REPRESENTATION_ITEM('')
);
#1535=(
BOUNDED_CURVE()
B_SPLINE_CURVE(1,(#3254,#3255),.UNSPECIFIED.,.F.,.F.)
B_SPLINE_CURVE_WITH_KNOTS((2,2),(0.799953645534196,3.40004635446581),
 .UNSPECIFIED.)
CURVE()
GEOMETRIC_REPRESENTATION_ITEM()
RATIONAL_B_SPLINE_CURVE((1.,1.))
REPRESENTATION_ITEM('')
);
#1536=(
BOUNDED_CURVE()
B_SPLINE_CURVE(1,(#3303,#3304),.UNSPECIFIED.,.F.,.F.)
B_SPLINE_CURVE_WITH_KNOTS((2,2),(0.,4.5),.UNSPECIFIED.)
CURVE()
GEOMETRIC_REPRESENTATION_ITEM()
RATIONAL_B_SPLINE_CURVE((1.,1.))
REPRESENTATION_ITEM('')
);
#1537=(
BOUNDED_CURVE()
B_SPLINE_CURVE(1,(#3313,#3314),.UNSPECIFIED.,.F.,.F.)
B_SPLINE_CURVE_WITH_KNOTS((2,2),(0.,4.5),.UNSPECIFIED.)
CURVE()
GEOMETRIC_REPRESENTATION_ITEM()
RATIONAL_B_SPLINE_CURVE((1.,1.))
REPRESENTATION_ITEM('')
);
#1538=(
BOUNDED_CURVE()
B_SPLINE_CURVE(1,(#3326,#3327),.UNSPECIFIED.,.F.,.F.)
B_SPLINE_CURVE_WITH_KNOTS((2,2),(0.27512650611666,1.22487349388334),
 .UNSPECIFIED.)
CURVE()
GEOMETRIC_REPRESENTATION_ITEM()
RATIONAL_B_SPLINE_CURVE((1.,1.))
REPRESENTATION_ITEM('')
);
#1539=(
BOUNDED_CURVE()
B_SPLINE_CURVE(1,(#3330,#3331),.UNSPECIFIED.,.F.,.F.)
B_SPLINE_CURVE_WITH_KNOTS((2,2),(0.052187597289974,1.44781240271002),
 .UNSPECIFIED.)
CURVE()
GEOMETRIC_REPRESENTATION_ITEM()
RATIONAL_B_SPLINE_CURVE((1.,1.))
REPRESENTATION_ITEM('')
);
#1540=(
BOUNDED_CURVE()
B_SPLINE_CURVE(1,(#3338,#3339),.UNSPECIFIED.,.F.,.F.)
B_SPLINE_CURVE_WITH_KNOTS((2,2),(0.275126506116659,1.22487349388334),
 .UNSPECIFIED.)
CURVE()
GEOMETRIC_REPRESENTATION_ITEM()
RATIONAL_B_SPLINE_CURVE((1.,1.))
REPRESENTATION_ITEM('')
);
#1541=(
BOUNDED_CURVE()
B_SPLINE_CURVE(1,(#3342,#3343),.UNSPECIFIED.,.F.,.F.)
B_SPLINE_CURVE_WITH_KNOTS((2,2),(0.0521875972899737,1.44781240271002),
 .UNSPECIFIED.)
CURVE()
GEOMETRIC_REPRESENTATION_ITEM()
RATIONAL_B_SPLINE_CURVE((1.,1.))
REPRESENTATION_ITEM('')
);
#1542=(
BOUNDED_CURVE()
B_SPLINE_CURVE(2,(#3394,#3395,#3396),.UNSPECIFIED.,.F.,.F.)
B_SPLINE_CURVE_WITH_KNOTS((3,3),(-84.9869762920198,-50.7869762920198),
 .UNSPECIFIED.)
CURVE()
GEOMETRIC_REPRESENTATION_ITEM()
RATIONAL_B_SPLINE_CURVE((1.,1.,1.))
REPRESENTATION_ITEM('')
);
#1543=(
BOUNDED_CURVE()
B_SPLINE_CURVE(2,(#3397,#3398,#3399),.UNSPECIFIED.,.F.,.F.)
B_SPLINE_CURVE_WITH_KNOTS((3,3),(84.9869762920198,113.807976391202),
 .UNSPECIFIED.)
CURVE()
GEOMETRIC_REPRESENTATION_ITEM()
RATIONAL_B_SPLINE_CURVE((1.,1.,1.))
REPRESENTATION_ITEM('')
);
#1544=(
BOUNDED_CURVE()
B_SPLINE_CURVE(1,(#3405,#3406),.UNSPECIFIED.,.F.,.F.)
B_SPLINE_CURVE_WITH_KNOTS((2,2),(0.,10.),.UNSPECIFIED.)
CURVE()
GEOMETRIC_REPRESENTATION_ITEM()
RATIONAL_B_SPLINE_CURVE((1.,1.))
REPRESENTATION_ITEM('')
);
#1545=(
BOUNDED_CURVE()
B_SPLINE_CURVE(1,(#3410,#3411),.UNSPECIFIED.,.F.,.F.)
B_SPLINE_CURVE_WITH_KNOTS((2,2),(0.,10.),.UNSPECIFIED.)
CURVE()
GEOMETRIC_REPRESENTATION_ITEM()
RATIONAL_B_SPLINE_CURVE((1.,1.))
REPRESENTATION_ITEM('')
);
#1546=(
BOUNDED_CURVE()
B_SPLINE_CURVE(1,(#3415,#3416),.UNSPECIFIED.,.F.,.F.)
B_SPLINE_CURVE_WITH_KNOTS((2,2),(0.,10.),.UNSPECIFIED.)
CURVE()
GEOMETRIC_REPRESENTATION_ITEM()
RATIONAL_B_SPLINE_CURVE((1.,1.))
REPRESENTATION_ITEM('')
);
#1547=(
BOUNDED_CURVE()
B_SPLINE_CURVE(1,(#3438,#3439),.UNSPECIFIED.,.F.,.F.)
B_SPLINE_CURVE_WITH_KNOTS((2,2),(3.99700021743774,6.99700021743775),
 .UNSPECIFIED.)
CURVE()
GEOMETRIC_REPRESENTATION_ITEM()
RATIONAL_B_SPLINE_CURVE((1.,1.))
REPRESENTATION_ITEM('')
);
#1548=(
BOUNDED_CURVE()
B_SPLINE_CURVE(3,(#3444,#3445,#3446,#3447,#3448,#3449,#3450,#3451,#3452,
#3453,#3454,#3455,#3456,#3457,#3458,#3459,#3460,#3461,#3462),
 .UNSPECIFIED.,.F.,.F.)
B_SPLINE_CURVE_WITH_KNOTS((4,3,3,3,3,3,4),(0.100572004705788,0.64943693234534,
1.28371984605481,1.80162678333269,2.67270409595525,3.55418709957372,3.55440365549026),
 .UNSPECIFIED.)
CURVE()
GEOMETRIC_REPRESENTATION_ITEM()
RATIONAL_B_SPLINE_CURVE((1.,1.,1.,1.,1.,1.,1.,1.,1.,1.,1.,1.,1.,1.,1.,1.,
0.999999999164491,0.999999999164504,1.))
REPRESENTATION_ITEM('')
);
#1549=(
BOUNDED_CURVE()
B_SPLINE_CURVE(2,(#3463,#3464,#3465),.UNSPECIFIED.,.F.,.F.)
B_SPLINE_CURVE_WITH_KNOTS((3,3),(-15.7233622288419,-11.8654448682044),
 .UNSPECIFIED.)
CURVE()
GEOMETRIC_REPRESENTATION_ITEM()
RATIONAL_B_SPLINE_CURVE((1.,0.716370908978309,1.))
REPRESENTATION_ITEM('')
);
#1550=(
BOUNDED_CURVE()
B_SPLINE_CURVE(2,(#3466,#3467,#3468,#3469,#3470),.UNSPECIFIED.,.F.,.F.)
B_SPLINE_CURVE_WITH_KNOTS((3,2,3),(-11.7269740549024,-9.06355780072752,
-6.40012015358442),.UNSPECIFIED.)
CURVE()
GEOMETRIC_REPRESENTATION_ITEM()
RATIONAL_B_SPLINE_CURVE((1.,0.862646128910601,1.,0.86264407394402,1.))
REPRESENTATION_ITEM('')
);
#1551=(
BOUNDED_CURVE()
B_SPLINE_CURVE(1,(#3474,#3475),.UNSPECIFIED.,.F.,.F.)
B_SPLINE_CURVE_WITH_KNOTS((2,2),(2.90745082074459,4.25),.UNSPECIFIED.)
CURVE()
GEOMETRIC_REPRESENTATION_ITEM()
RATIONAL_B_SPLINE_CURVE((1.,1.))
REPRESENTATION_ITEM('')
);
#1552=(
BOUNDED_CURVE()
B_SPLINE_CURVE(1,(#3476,#3477),.UNSPECIFIED.,.F.,.F.)
B_SPLINE_CURVE_WITH_KNOTS((2,2),(-4.25,-1.76964651475947),.UNSPECIFIED.)
CURVE()
GEOMETRIC_REPRESENTATION_ITEM()
RATIONAL_B_SPLINE_CURVE((1.,1.))
REPRESENTATION_ITEM('')
);
#1553=(
BOUNDED_CURVE()
B_SPLINE_CURVE(1,(#3478,#3479),.UNSPECIFIED.,.F.,.F.)
B_SPLINE_CURVE_WITH_KNOTS((2,2),(-4.25,-1.76964651475945),.UNSPECIFIED.)
CURVE()
GEOMETRIC_REPRESENTATION_ITEM()
RATIONAL_B_SPLINE_CURVE((1.,1.))
REPRESENTATION_ITEM('')
);
#1554=(
BOUNDED_CURVE()
B_SPLINE_CURVE(1,(#3524,#3525),.UNSPECIFIED.,.F.,.F.)
B_SPLINE_CURVE_WITH_KNOTS((2,2),(0.900970270657458,14.5),.UNSPECIFIED.)
CURVE()
GEOMETRIC_REPRESENTATION_ITEM()
RATIONAL_B_SPLINE_CURVE((1.,1.))
REPRESENTATION_ITEM('')
);
#1555=(
BOUNDED_CURVE()
B_SPLINE_CURVE(1,(#3526,#3527),.UNSPECIFIED.,.F.,.F.)
B_SPLINE_CURVE_WITH_KNOTS((2,2),(1.94289029309402E-15,13.5990297293425),
 .UNSPECIFIED.)
CURVE()
GEOMETRIC_REPRESENTATION_ITEM()
RATIONAL_B_SPLINE_CURVE((1.,1.))
REPRESENTATION_ITEM('')
);
#1556=(
BOUNDED_CURVE()
B_SPLINE_CURVE(2,(#3630,#3631,#3632),.UNSPECIFIED.,.F.,.F.)
B_SPLINE_CURVE_WITH_KNOTS((3,3),(-36.1423711581088,-34.2468977170906),
 .UNSPECIFIED.)
CURVE()
GEOMETRIC_REPRESENTATION_ITEM()
RATIONAL_B_SPLINE_CURVE((1.,0.726082199539873,1.))
REPRESENTATION_ITEM('')
);
#1557=(
BOUNDED_CURVE()
B_SPLINE_CURVE(2,(#3633,#3634,#3635),.UNSPECIFIED.,.F.,.F.)
B_SPLINE_CURVE_WITH_KNOTS((3,3),(67.9937954341811,69.8892688751994),
 .UNSPECIFIED.)
CURVE()
GEOMETRIC_REPRESENTATION_ITEM()
RATIONAL_B_SPLINE_CURVE((1.,0.72608219953987,1.))
REPRESENTATION_ITEM('')
);
#1558=(
BOUNDED_CURVE()
B_SPLINE_CURVE(2,(#3636,#3637,#3638),.UNSPECIFIED.,.F.,.F.)
B_SPLINE_CURVE_WITH_KNOTS((3,3),(-33.2060764677582,1.38197410509711),
 .UNSPECIFIED.)
CURVE()
GEOMETRIC_REPRESENTATION_ITEM()
RATIONAL_B_SPLINE_CURVE((1.,0.99825454173491,1.))
REPRESENTATION_ITEM('')
);
#1559=(
BOUNDED_CURVE()
B_SPLINE_CURVE(2,(#3639,#3640,#3641),.UNSPECIFIED.,.F.,.F.)
B_SPLINE_CURVE_WITH_KNOTS((3,3),(-1.37451762884166,33.213493833071),
 .UNSPECIFIED.)
CURVE()
GEOMETRIC_REPRESENTATION_ITEM()
RATIONAL_B_SPLINE_CURVE((1.,0.998722769653183,1.))
REPRESENTATION_ITEM('')
);
#1560=(
BOUNDED_CURVE()
B_SPLINE_CURVE(2,(#3642,#3643,#3644),.UNSPECIFIED.,.F.,.F.)
B_SPLINE_CURVE_WITH_KNOTS((3,3),(-1.37452437182829,33.2134884406118),
 .UNSPECIFIED.)
CURVE()
GEOMETRIC_REPRESENTATION_ITEM()
RATIONAL_B_SPLINE_CURVE((1.,0.998722544515866,1.))
REPRESENTATION_ITEM('')
);
#1561=(
BOUNDED_CURVE()
B_SPLINE_CURVE(2,(#3665,#3666,#3667),.UNSPECIFIED.,.F.,.F.)
B_SPLINE_CURVE_WITH_KNOTS((3,3),(-1.37771910631469,33.2103084751373),
 .UNSPECIFIED.)
CURVE()
GEOMETRIC_REPRESENTATION_ITEM()
RATIONAL_B_SPLINE_CURVE((1.,0.998521517783341,1.))
REPRESENTATION_ITEM('')
);
#1562=(
BOUNDED_CURVE()
B_SPLINE_CURVE(2,(#3689,#3690,#3691),.UNSPECIFIED.,.F.,.F.)
B_SPLINE_CURVE_WITH_KNOTS((3,3),(-1.37772252140464,33.210305840384),
 .UNSPECIFIED.)
CURVE()
GEOMETRIC_REPRESENTATION_ITEM()
RATIONAL_B_SPLINE_CURVE((1.,0.998521479377875,1.))
REPRESENTATION_ITEM('')
);
#1563=(
BOUNDED_CURVE()
B_SPLINE_CURVE(1,(#3724,#3725,#3726,#3727),.UNSPECIFIED.,.F.,.F.)
B_SPLINE_CURVE_WITH_KNOTS((2,1,1,2),(-39.0741988488486,-38.4749110474276,
-38.4741078940756,-35.5344571716627),.UNSPECIFIED.)
CURVE()
GEOMETRIC_REPRESENTATION_ITEM()
RATIONAL_B_SPLINE_CURVE((1.,1.,1.,1.))
REPRESENTATION_ITEM('')
);
#1564=(
BOUNDED_CURVE()
B_SPLINE_CURVE(1,(#3730,#3731),.UNSPECIFIED.,.F.,.F.)
B_SPLINE_CURVE_WITH_KNOTS((2,2),(16.19664992304,17.2374555237138),
 .UNSPECIFIED.)
CURVE()
GEOMETRIC_REPRESENTATION_ITEM()
RATIONAL_B_SPLINE_CURVE((1.,1.))
REPRESENTATION_ITEM('')
);
#1565=(
BOUNDED_CURVE()
B_SPLINE_CURVE(1,(#3732,#3733),.UNSPECIFIED.,.F.,.F.)
B_SPLINE_CURVE_WITH_KNOTS((2,2),(15.19664992304,16.19664992304),
 .UNSPECIFIED.)
CURVE()
GEOMETRIC_REPRESENTATION_ITEM()
RATIONAL_B_SPLINE_CURVE((1.,1.))
REPRESENTATION_ITEM('')
);
#1566=(
BOUNDED_CURVE()
B_SPLINE_CURVE(1,(#3734,#3735),.UNSPECIFIED.,.F.,.F.)
B_SPLINE_CURVE_WITH_KNOTS((2,2),(7.09664992303998,15.19664992304),
 .UNSPECIFIED.)
CURVE()
GEOMETRIC_REPRESENTATION_ITEM()
RATIONAL_B_SPLINE_CURVE((1.,1.))
REPRESENTATION_ITEM('')
);
#1567=(
BOUNDED_CURVE()
B_SPLINE_CURVE(1,(#3798,#3799),.UNSPECIFIED.,.F.,.F.)
B_SPLINE_CURVE_WITH_KNOTS((2,2),(0.,3.3),.UNSPECIFIED.)
CURVE()
GEOMETRIC_REPRESENTATION_ITEM()
RATIONAL_B_SPLINE_CURVE((1.,1.))
REPRESENTATION_ITEM('')
);
#1568=(
BOUNDED_CURVE()
B_SPLINE_CURVE(1,(#3811,#3812),.UNSPECIFIED.,.F.,.F.)
B_SPLINE_CURVE_WITH_KNOTS((2,2),(0.,3.3),.UNSPECIFIED.)
CURVE()
GEOMETRIC_REPRESENTATION_ITEM()
RATIONAL_B_SPLINE_CURVE((1.,1.))
REPRESENTATION_ITEM('')
);
#1569=(
BOUNDED_CURVE()
B_SPLINE_CURVE(1,(#3866,#3867),.UNSPECIFIED.,.F.,.F.)
B_SPLINE_CURVE_WITH_KNOTS((2,2),(1.11346001841308,2.84380395272495),
 .UNSPECIFIED.)
CURVE()
GEOMETRIC_REPRESENTATION_ITEM()
RATIONAL_B_SPLINE_CURVE((1.,1.))
REPRESENTATION_ITEM('')
);
#1570=(
BOUNDED_CURVE()
B_SPLINE_CURVE(1,(#3868,#3869),.UNSPECIFIED.,.F.,.F.)
B_SPLINE_CURVE_WITH_KNOTS((2,2),(-9.,-2.84380395272495),.UNSPECIFIED.)
CURVE()
GEOMETRIC_REPRESENTATION_ITEM()
RATIONAL_B_SPLINE_CURVE((1.,1.))
REPRESENTATION_ITEM('')
);
#1571=(
BOUNDED_CURVE()
B_SPLINE_CURVE(3,(#4093,#4094,#4095,#4096,#4097,#4098,#4099,#4100,#4101,
#4102,#4103,#4104,#4105),.UNSPECIFIED.,.F.,.F.)
B_SPLINE_CURVE_WITH_KNOTS((4,3,3,3,4),(-11.8654448682044,-11.8654213965639,
-11.7959772486657,-11.7269954478706,-11.7269740549024),.UNSPECIFIED.)
CURVE()
GEOMETRIC_REPRESENTATION_ITEM()
RATIONAL_B_SPLINE_CURVE((1.,1.,1.,1.,1.,1.,1.,1.,1.,1.,1.,1.,1.))
REPRESENTATION_ITEM('')
);
#1572=(
BOUNDED_CURVE()
B_SPLINE_CURVE(3,(#4106,#4107,#4108,#4109,#4110,#4111,#4112,#4113,#4114,
#4115,#4116,#4117,#4118),.UNSPECIFIED.,.F.,.F.)
B_SPLINE_CURVE_WITH_KNOTS((4,3,3,3,4),(-11.8654448682044,-11.8654213965639,
-11.7959772486657,-11.7269954478706,-11.7269740549024),.UNSPECIFIED.)
CURVE()
GEOMETRIC_REPRESENTATION_ITEM()
RATIONAL_B_SPLINE_CURVE((1.,0.999999999994324,0.999999999994325,1.,0.999835593726808,
0.999753665151321,0.99975421427354,0.999754759739798,0.999836688315285,
1.,0.999999999994633,0.999999999994633,1.))
REPRESENTATION_ITEM('')
);
#1573=(
BOUNDED_CURVE()
B_SPLINE_CURVE(2,(#4121,#4122,#4123),.UNSPECIFIED.,.F.,.F.)
B_SPLINE_CURVE_WITH_KNOTS((3,3),(0.,1.57079632679498),.UNSPECIFIED.)
CURVE()
GEOMETRIC_REPRESENTATION_ITEM()
RATIONAL_B_SPLINE_CURVE((1.,0.707106781186554,1.))
REPRESENTATION_ITEM('')
);
#1574=(
BOUNDED_CURVE()
B_SPLINE_CURVE(1,(#4124,#4125),.UNSPECIFIED.,.F.,.F.)
B_SPLINE_CURVE_WITH_KNOTS((2,2),(0.,6.99730896399055),.UNSPECIFIED.)
CURVE()
GEOMETRIC_REPRESENTATION_ITEM()
RATIONAL_B_SPLINE_CURVE((1.,1.))
REPRESENTATION_ITEM('')
);
#1575=B_SPLINE_CURVE_WITH_KNOTS('',1,(#3070,#3071),.UNSPECIFIED.,.F.,.F.,
(2,2),(-1.,0.),.UNSPECIFIED.);
#1576=B_SPLINE_CURVE_WITH_KNOTS('',1,(#3072,#3073),.UNSPECIFIED.,.F.,.F.,
(2,2),(0.,0.0993956487553547),.UNSPECIFIED.);
#1577=B_SPLINE_CURVE_WITH_KNOTS('',1,(#3074,#3075),.UNSPECIFIED.,.F.,.F.,
(2,2),(-1.,0.),.UNSPECIFIED.);
#1578=B_SPLINE_CURVE_WITH_KNOTS('',1,(#3076,#3077),.UNSPECIFIED.,.F.,.F.,
(2,2),(0.,0.0993956487553547),.UNSPECIFIED.);
#1579=B_SPLINE_CURVE_WITH_KNOTS('',1,(#3078,#3079),.UNSPECIFIED.,.F.,.F.,
(2,2),(1.,2.),.UNSPECIFIED.);
#1580=B_SPLINE_CURVE_WITH_KNOTS('',1,(#3080,#3081),.UNSPECIFIED.,.F.,.F.,
(2,2),(0.,1.),.UNSPECIFIED.);
#1581=B_SPLINE_CURVE_WITH_KNOTS('',1,(#3082,#3083),.UNSPECIFIED.,.F.,.F.,
(2,2),(-1.,0.),.UNSPECIFIED.);
#1582=B_SPLINE_CURVE_WITH_KNOTS('',1,(#3084,#3085),.UNSPECIFIED.,.F.,.F.,
(2,2),(-3.,-2.),.UNSPECIFIED.);
#1583=B_SPLINE_CURVE_WITH_KNOTS('',1,(#3086,#3087),.UNSPECIFIED.,.F.,.F.,
(2,2),(0.,2.),.UNSPECIFIED.);
#1584=B_SPLINE_CURVE_WITH_KNOTS('',1,(#3088,#3089),.UNSPECIFIED.,.F.,.F.,
(2,2),(-2.,-1.15377517455187),.UNSPECIFIED.);
#1585=B_SPLINE_CURVE_WITH_KNOTS('',1,(#3090,#3091),.UNSPECIFIED.,.F.,.F.,
(2,2),(1.,2.),.UNSPECIFIED.);
#1586=B_SPLINE_CURVE_WITH_KNOTS('',1,(#3092,#3093),.UNSPECIFIED.,.F.,.F.,
(2,2),(-1.,-0.0340514458397485),.UNSPECIFIED.);
#1587=B_SPLINE_CURVE_WITH_KNOTS('',1,(#3094,#3095),.UNSPECIFIED.,.F.,.F.,
(2,2),(-6.50285306622248,-2.99785295178156),.UNSPECIFIED.);
#1588=B_SPLINE_CURVE_WITH_KNOTS('',1,(#3096,#3097),.UNSPECIFIED.,.F.,.F.,
(2,2),(2.,2.99785295178156),.UNSPECIFIED.);
#1589=B_SPLINE_CURVE_WITH_KNOTS('',1,(#3098,#3099,#3100),.UNSPECIFIED.,
 .F.,.F.,(2,1,2),(1.,2.,3.),.UNSPECIFIED.);
#1590=B_SPLINE_CURVE_WITH_KNOTS('',1,(#3101,#3102),.UNSPECIFIED.,.F.,.F.,
(2,2),(0.,2.),.UNSPECIFIED.);
#1591=B_SPLINE_CURVE_WITH_KNOTS('',1,(#3103,#3104),.UNSPECIFIED.,.F.,.F.,
(2,2),(-3.84622482544813,-3.),.UNSPECIFIED.);
#1592=B_SPLINE_CURVE_WITH_KNOTS('',1,(#3105,#3106),.UNSPECIFIED.,.F.,.F.,
(2,2),(-1.,0.),.UNSPECIFIED.);
#1593=B_SPLINE_CURVE_WITH_KNOTS('',1,(#3107,#3108),.UNSPECIFIED.,.F.,.F.,
(2,2),(1.06800079345704,2.03394934761729),.UNSPECIFIED.);
#1594=B_SPLINE_CURVE_WITH_KNOTS('',1,(#3109,#3110),.UNSPECIFIED.,.F.,.F.,
(2,2),(14.8760011343426,18.3810012487835),.UNSPECIFIED.);
#1595=B_SPLINE_CURVE_WITH_KNOTS('',1,(#3111,#3112),.UNSPECIFIED.,.F.,.F.,
(2,2),(17.6004225687876,18.5982755205692),.UNSPECIFIED.);
#1596=B_SPLINE_CURVE_WITH_KNOTS('',1,(#3113,#3114,#3115),.UNSPECIFIED.,
 .F.,.F.,(2,1,2),(2.,3.,4.),.UNSPECIFIED.);
#1597=B_SPLINE_CURVE_WITH_KNOTS('',1,(#3116,#3117),.UNSPECIFIED.,.F.,.F.,
(2,2),(0.299999999999997,3.9),.UNSPECIFIED.);
#1598=B_SPLINE_CURVE_WITH_KNOTS('',3,(#3118,#3119,#3120,#3121),
 .UNSPECIFIED.,.F.,.F.,(4,4),(0.,0.940501718000408),.UNSPECIFIED.);
#1599=B_SPLINE_CURVE_WITH_KNOTS('',3,(#3122,#3123,#3124,#3125),
 .UNSPECIFIED.,.F.,.F.,(4,4),(0.602834661573001,1.09753172728402),
 .UNSPECIFIED.);
#1600=B_SPLINE_CURVE_WITH_KNOTS('',3,(#3126,#3127,#3128,#3129),
 .UNSPECIFIED.,.F.,.F.,(4,4),(0.,0.494697065711009),.UNSPECIFIED.);
#1601=B_SPLINE_CURVE_WITH_KNOTS('',3,(#3130,#3131,#3132,#3133),
 .UNSPECIFIED.,.F.,.F.,(4,4),(0.,0.940501718000411),.UNSPECIFIED.);
#1602=B_SPLINE_CURVE_WITH_KNOTS('',3,(#3136,#3137,#3138,#3139,#3140,#3141,
#3142,#3143,#3144),.UNSPECIFIED.,.F.,.F.,(4,2,3,4),(0.,0.28388818060674,
0.565718261307432,0.602834661573001),.UNSPECIFIED.);
#1603=B_SPLINE_CURVE_WITH_KNOTS('',3,(#3145,#3146,#3147,#3148,#3149,#3150,
#3151,#3152,#3153),.UNSPECIFIED.,.F.,.F.,(4,3,2,4),(0.494697065711009,0.531813465976588,
0.813643546677261,1.09753172728403),.UNSPECIFIED.);
#1604=B_SPLINE_CURVE_WITH_KNOTS('',1,(#3154,#3155),.UNSPECIFIED.,.F.,.F.,
(2,2),(1.31578537902983,2.88421462097015),.UNSPECIFIED.);
#1605=B_SPLINE_CURVE_WITH_KNOTS('',1,(#3156,#3157),.UNSPECIFIED.,.F.,.F.,
(2,2),(0.299999999999997,3.9),.UNSPECIFIED.);
#1606=B_SPLINE_CURVE_WITH_KNOTS('',3,(#3158,#3159,#3160,#3161),
 .UNSPECIFIED.,.F.,.F.,(4,4),(0.,0.940501718000408),.UNSPECIFIED.);
#1607=B_SPLINE_CURVE_WITH_KNOTS('',3,(#3162,#3163,#3164,#3165),
 .UNSPECIFIED.,.F.,.F.,(4,4),(0.602834661573001,1.09753172728402),
 .UNSPECIFIED.);
#1608=B_SPLINE_CURVE_WITH_KNOTS('',3,(#3166,#3167,#3168,#3169),
 .UNSPECIFIED.,.F.,.F.,(4,4),(0.,0.494697065711009),.UNSPECIFIED.);
#1609=B_SPLINE_CURVE_WITH_KNOTS('',3,(#3170,#3171,#3172,#3173),
 .UNSPECIFIED.,.F.,.F.,(4,4),(0.,0.940501718000411),.UNSPECIFIED.);
#1610=B_SPLINE_CURVE_WITH_KNOTS('',3,(#3176,#3177,#3178,#3179,#3180,#3181,
#3182,#3183,#3184),.UNSPECIFIED.,.F.,.F.,(4,2,3,4),(0.,0.28388818060674,
0.565718261307432,0.602834661573001),.UNSPECIFIED.);
#1611=B_SPLINE_CURVE_WITH_KNOTS('',3,(#3185,#3186,#3187,#3188,#3189,#3190,
#3191,#3192,#3193),.UNSPECIFIED.,.F.,.F.,(4,3,2,4),(0.494697065711009,0.531813465976588,
0.813643546677261,1.09753172728403),.UNSPECIFIED.);
#1612=B_SPLINE_CURVE_WITH_KNOTS('',1,(#3194,#3195),.UNSPECIFIED.,.F.,.F.,
(2,2),(1.31578537902983,2.88421462097015),.UNSPECIFIED.);
#1613=B_SPLINE_CURVE_WITH_KNOTS('',1,(#3196,#3197),.UNSPECIFIED.,.F.,.F.,
(2,2),(0.299999999999997,3.9),.UNSPECIFIED.);
#1614=B_SPLINE_CURVE_WITH_KNOTS('',3,(#3198,#3199,#3200,#3201),
 .UNSPECIFIED.,.F.,.F.,(4,4),(0.,0.940501718000408),.UNSPECIFIED.);
#1615=B_SPLINE_CURVE_WITH_KNOTS('',3,(#3202,#3203,#3204,#3205),
 .UNSPECIFIED.,.F.,.F.,(4,4),(0.602834661573001,1.09753172728402),
 .UNSPECIFIED.);
#1616=B_SPLINE_CURVE_WITH_KNOTS('',3,(#3206,#3207,#3208,#3209),
 .UNSPECIFIED.,.F.,.F.,(4,4),(0.,0.494697065711009),.UNSPECIFIED.);
#1617=B_SPLINE_CURVE_WITH_KNOTS('',3,(#3210,#3211,#3212,#3213),
 .UNSPECIFIED.,.F.,.F.,(4,4),(0.,0.940501718000411),.UNSPECIFIED.);
#1618=B_SPLINE_CURVE_WITH_KNOTS('',3,(#3216,#3217,#3218,#3219,#3220,#3221,
#3222,#3223,#3224),.UNSPECIFIED.,.F.,.F.,(4,3,2,4),(0.494697065711009,0.531813465976588,
0.813643546677261,1.09753172728403),.UNSPECIFIED.);
#1619=B_SPLINE_CURVE_WITH_KNOTS('',1,(#3225,#3226),.UNSPECIFIED.,.F.,.F.,
(2,2),(1.31578537902983,2.88421462097015),.UNSPECIFIED.);
#1620=B_SPLINE_CURVE_WITH_KNOTS('',3,(#3227,#3228,#3229,#3230,#3231,#3232,
#3233,#3234,#3235),.UNSPECIFIED.,.F.,.F.,(4,2,3,4),(0.,0.28388818060674,
0.565718261307432,0.602834661573001),.UNSPECIFIED.);
#1621=B_SPLINE_CURVE_WITH_KNOTS('',1,(#3236,#3237),.UNSPECIFIED.,.F.,.F.,
(2,2),(0.299999999999997,3.9),.UNSPECIFIED.);
#1622=B_SPLINE_CURVE_WITH_KNOTS('',3,(#3238,#3239,#3240,#3241),
 .UNSPECIFIED.,.F.,.F.,(4,4),(0.,0.940501718000408),.UNSPECIFIED.);
#1623=B_SPLINE_CURVE_WITH_KNOTS('',3,(#3242,#3243,#3244,#3245),
 .UNSPECIFIED.,.F.,.F.,(4,4),(0.602834661573001,1.09753172728402),
 .UNSPECIFIED.);
#1624=B_SPLINE_CURVE_WITH_KNOTS('',3,(#3246,#3247,#3248,#3249),
 .UNSPECIFIED.,.F.,.F.,(4,4),(0.,0.494697065711009),.UNSPECIFIED.);
#1625=B_SPLINE_CURVE_WITH_KNOTS('',3,(#3250,#3251,#3252,#3253),
 .UNSPECIFIED.,.F.,.F.,(4,4),(0.,0.940501718000411),.UNSPECIFIED.);
#1626=B_SPLINE_CURVE_WITH_KNOTS('',3,(#3256,#3257,#3258,#3259,#3260,#3261,
#3262,#3263,#3264),.UNSPECIFIED.,.F.,.F.,(4,3,2,4),(0.494697065711009,0.531813465976588,
0.813643546677261,1.09753172728403),.UNSPECIFIED.);
#1627=B_SPLINE_CURVE_WITH_KNOTS('',1,(#3265,#3266),.UNSPECIFIED.,.F.,.F.,
(2,2),(1.31578537902983,2.88421462097015),.UNSPECIFIED.);
#1628=B_SPLINE_CURVE_WITH_KNOTS('',3,(#3267,#3268,#3269,#3270,#3271,#3272,
#3273,#3274,#3275),.UNSPECIFIED.,.F.,.F.,(4,2,3,4),(0.,0.28388818060674,
0.565718261307432,0.602834661573001),.UNSPECIFIED.);
#1629=B_SPLINE_CURVE_WITH_KNOTS('',1,(#3276,#3277),.UNSPECIFIED.,.F.,.F.,
(2,2),(0.,1.),.UNSPECIFIED.);
#1630=B_SPLINE_CURVE_WITH_KNOTS('',1,(#3284,#3285),.UNSPECIFIED.,.F.,.F.,
(2,2),(2.,3.),.UNSPECIFIED.);
#1631=B_SPLINE_CURVE_WITH_KNOTS('',1,(#3286,#3287),.UNSPECIFIED.,.F.,.F.,
(2,2),(4.09939564875535,4.19879129751071),.UNSPECIFIED.);
#1632=B_SPLINE_CURVE_WITH_KNOTS('',1,(#3288,#3289),.UNSPECIFIED.,.F.,.F.,
(2,2),(1.,2.),.UNSPECIFIED.);
#1633=B_SPLINE_CURVE_WITH_KNOTS('',1,(#3290,#3291),.UNSPECIFIED.,.F.,.F.,
(2,2),(2.,2.09939564875535),.UNSPECIFIED.);
#1634=B_SPLINE_CURVE_WITH_KNOTS('',1,(#3292,#3293),.UNSPECIFIED.,.F.,.F.,
(2,2),(0.,1.),.UNSPECIFIED.);
#1635=B_SPLINE_CURVE_WITH_KNOTS('',1,(#3294,#3295),.UNSPECIFIED.,.F.,.F.,
(2,2),(1.,2.),.UNSPECIFIED.);
#1636=B_SPLINE_CURVE_WITH_KNOTS('',1,(#3296,#3297),.UNSPECIFIED.,.F.,.F.,
(2,2),(2.,3.),.UNSPECIFIED.);
#1637=B_SPLINE_CURVE_WITH_KNOTS('',1,(#3298,#3299),.UNSPECIFIED.,.F.,.F.,
(2,2),(0.,4.5),.UNSPECIFIED.);
#1638=B_SPLINE_CURVE_WITH_KNOTS('',1,(#3308,#3309),.UNSPECIFIED.,.F.,.F.,
(2,2),(0.,4.5),.UNSPECIFIED.);
#1639=B_SPLINE_CURVE_WITH_KNOTS('',1,(#3318,#3319),.UNSPECIFIED.,.F.,.F.,
(2,2),(2.,3.),.UNSPECIFIED.);
#1640=B_SPLINE_CURVE_WITH_KNOTS('',1,(#3320,#3321),.UNSPECIFIED.,.F.,.F.,
(2,2),(-11.9960021972656,0.),.UNSPECIFIED.);
#1641=B_SPLINE_CURVE_WITH_KNOTS('',1,(#3322,#3323),.UNSPECIFIED.,.F.,.F.,
(2,2),(0.0521875972899737,1.44781240271002),.UNSPECIFIED.);
#1642=B_SPLINE_CURVE_WITH_KNOTS('',1,(#3324,#3325),.UNSPECIFIED.,.F.,.F.,
(2,2),(0.,1.5),.UNSPECIFIED.);
#1643=B_SPLINE_CURVE_WITH_KNOTS('',1,(#3328,#3329),.UNSPECIFIED.,.F.,.F.,
(2,2),(0.27512650611666,1.22487349388334),.UNSPECIFIED.);
#1644=B_SPLINE_CURVE_WITH_KNOTS('',1,(#3332,#3333),.UNSPECIFIED.,.F.,.F.,
(2,2),(0.,1.5),.UNSPECIFIED.);
#1645=B_SPLINE_CURVE_WITH_KNOTS('',1,(#3334,#3335),.UNSPECIFIED.,.F.,.F.,
(2,2),(0.,1.5),.UNSPECIFIED.);
#1646=B_SPLINE_CURVE_WITH_KNOTS('',1,(#3336,#3337),.UNSPECIFIED.,.F.,.F.,
(2,2),(0.0521875972899737,1.44781240271002),.UNSPECIFIED.);
#1647=B_SPLINE_CURVE_WITH_KNOTS('',1,(#3340,#3341),.UNSPECIFIED.,.F.,.F.,
(2,2),(0.27512650611666,1.22487349388334),.UNSPECIFIED.);
#1648=B_SPLINE_CURVE_WITH_KNOTS('',1,(#3344,#3345),.UNSPECIFIED.,.F.,.F.,
(2,2),(0.,1.5),.UNSPECIFIED.);
#1649=B_SPLINE_CURVE_WITH_KNOTS('',1,(#3346,#3347,#3348,#3349,#3350,#3351),
 .UNSPECIFIED.,.F.,.F.,(2,1,1,1,1,2),(2.61749569078122,3.41449657579098,
3.97484845225243,4.97484845225243,5.83020452749188,6.62720541250165),
 .UNSPECIFIED.);
#1650=B_SPLINE_CURVE_WITH_KNOTS('',1,(#3352,#3353,#3354,#3355),
 .UNSPECIFIED.,.F.,.F.,(2,1,1,2),(1.5,1.8,2.32150992873776,2.62150992873776),
 .UNSPECIFIED.);
#1651=B_SPLINE_CURVE_WITH_KNOTS('',1,(#3356,#3357,#3358,#3359),
 .UNSPECIFIED.,.F.,.F.,(2,1,1,2),(1.5,1.8,2.26029704524535,3.05729793025512),
 .UNSPECIFIED.);
#1652=B_SPLINE_CURVE_WITH_KNOTS('',1,(#3360,#3361,#3362,#3363),
 .UNSPECIFIED.,.F.,.F.,(2,1,1,2),(2.61749569078122,3.41449657579098,3.59356847788647,
3.89356847788648),.UNSPECIFIED.);
#1653=B_SPLINE_CURVE_WITH_KNOTS('',1,(#3364,#3365,#3366,#3367),
 .UNSPECIFIED.,.F.,.F.,(2,1,1,2),(3.4167077972288,4.32313964980433,4.97410207399335,
5.62810235628095),.UNSPECIFIED.);
#1654=B_SPLINE_CURVE_WITH_KNOTS('',1,(#3368,#3369,#3370),.UNSPECIFIED.,
 .F.,.F.,(2,1,2),(3.41661808072043,4.41549507280026,5.06949535508786),
 .UNSPECIFIED.);
#1655=B_SPLINE_CURVE_WITH_KNOTS('',1,(#3371,#3372),.UNSPECIFIED.,.F.,.F.,
(2,2),(-8.00000000000004,-3.50000000000004),.UNSPECIFIED.);
#1656=B_SPLINE_CURVE_WITH_KNOTS('',1,(#3373,#3374),.UNSPECIFIED.,.F.,.F.,
(2,2),(3.50000000000004,8.00000000000004),.UNSPECIFIED.);
#1657=B_SPLINE_CURVE_WITH_KNOTS('',1,(#3375,#3376),.UNSPECIFIED.,.F.,.F.,
(2,2),(0.,6.49700164794923),.UNSPECIFIED.);
#1658=B_SPLINE_CURVE_WITH_KNOTS('',1,(#3377,#3378),.UNSPECIFIED.,.F.,.F.,
(2,2),(-6.49700164794923,0.),.UNSPECIFIED.);
#1659=B_SPLINE_CURVE_WITH_KNOTS('',1,(#3379,#3380),.UNSPECIFIED.,.F.,.F.,
(2,2),(3.50000000000004,8.00000000000004),.UNSPECIFIED.);
#1660=B_SPLINE_CURVE_WITH_KNOTS('',1,(#3381,#3382),.UNSPECIFIED.,.F.,.F.,
(2,2),(0.,6.49700164794923),.UNSPECIFIED.);
#1661=B_SPLINE_CURVE_WITH_KNOTS('',1,(#3383,#3384),.UNSPECIFIED.,.F.,.F.,
(2,2),(-8.00000000000004,-3.50000000000004),.UNSPECIFIED.);
#1662=B_SPLINE_CURVE_WITH_KNOTS('',1,(#3385,#3386),.UNSPECIFIED.,.F.,.F.,
(2,2),(-6.49700164794923,0.),.UNSPECIFIED.);
#1663=B_SPLINE_CURVE_WITH_KNOTS('',1,(#3387,#3388,#3389,#3390),
 .UNSPECIFIED.,.F.,.F.,(2,1,1,2),(-1.45700329059904,-0.91281651458636,0.,
0.654000282287598),.UNSPECIFIED.);
#1664=B_SPLINE_CURVE_WITH_KNOTS('',1,(#3391,#3392,#3393),.UNSPECIFIED.,
 .F.,.F.,(2,1,2),(-0.654000282287598,5.55111512312578E-17,0.998876992079835),
 .UNSPECIFIED.);
#1665=B_SPLINE_CURVE_WITH_KNOTS('',1,(#3400,#3401),.UNSPECIFIED.,.F.,.F.,
(2,2),(0.999999999999985,13.0055525037977),.UNSPECIFIED.);
#1666=B_SPLINE_CURVE_WITH_KNOTS('',1,(#3420,#3421),.UNSPECIFIED.,.F.,.F.,
(2,2),(10.2,20.2),.UNSPECIFIED.);
#1667=B_SPLINE_CURVE_WITH_KNOTS('',1,(#3422,#3423),.UNSPECIFIED.,.F.,.F.,
(2,2),(0.0999999999999943,10.1),.UNSPECIFIED.);
#1668=B_SPLINE_CURVE_WITH_KNOTS('',3,(#3424,#3425,#3426,#3427,#3428,#3429,
#3430,#3431,#3432,#3433,#3434,#3435,#3436,#3437),.UNSPECIFIED.,.F.,.F.,
(4,2,3,3,2,4),(0.10057167514479,0.649770884907864,1.28437606503546,1.8016340562592,
2.67282004508749,3.55441735004607),.UNSPECIFIED.);
#1669=B_SPLINE_CURVE_WITH_KNOTS('',1,(#3480,#3481),.UNSPECIFIED.,.F.,.F.,
(2,2),(0.,10.),.UNSPECIFIED.);
#1670=B_SPLINE_CURVE_WITH_KNOTS('',1,(#3482,#3483),.UNSPECIFIED.,.F.,.F.,
(2,2),(0.,10.),.UNSPECIFIED.);
#1671=B_SPLINE_CURVE_WITH_KNOTS('',1,(#3484,#3485),.UNSPECIFIED.,.F.,.F.,
(2,2),(0.,10.),.UNSPECIFIED.);
#1672=B_SPLINE_CURVE_WITH_KNOTS('',1,(#3486,#3487),.UNSPECIFIED.,.F.,.F.,
(2,2),(0.,2.49700021743774),.UNSPECIFIED.);
#1673=B_SPLINE_CURVE_WITH_KNOTS('',1,(#3488,#3489),.UNSPECIFIED.,.F.,.F.,
(2,2),(0.,10.),.UNSPECIFIED.);
#1674=B_SPLINE_CURVE_WITH_KNOTS('',1,(#3490,#3491),.UNSPECIFIED.,.F.,.F.,
(2,2),(0.,2.49700021743774),.UNSPECIFIED.);
#1675=B_SPLINE_CURVE_WITH_KNOTS('',1,(#3492,#3493),.UNSPECIFIED.,.F.,.F.,
(2,2),(0.,10.),.UNSPECIFIED.);
#1676=B_SPLINE_CURVE_WITH_KNOTS('',1,(#3494,#3495),.UNSPECIFIED.,.F.,.F.,
(2,2),(0.,2.49700021743774),.UNSPECIFIED.);
#1677=B_SPLINE_CURVE_WITH_KNOTS('',1,(#3496,#3497),.UNSPECIFIED.,.F.,.F.,
(2,2),(0.,10.),.UNSPECIFIED.);
#1678=B_SPLINE_CURVE_WITH_KNOTS('',1,(#3498,#3499),.UNSPECIFIED.,.F.,.F.,
(2,2),(0.,2.49700021743774),.UNSPECIFIED.);
#1679=B_SPLINE_CURVE_WITH_KNOTS('',1,(#3500,#3501),.UNSPECIFIED.,.F.,.F.,
(2,2),(0.,5.2),.UNSPECIFIED.);
#1680=B_SPLINE_CURVE_WITH_KNOTS('',1,(#3502,#3503),.UNSPECIFIED.,.F.,.F.,
(2,2),(0.,6.2),.UNSPECIFIED.);
#1681=B_SPLINE_CURVE_WITH_KNOTS('',1,(#3504,#3505),.UNSPECIFIED.,.F.,.F.,
(2,2),(-6.2,-5.7),.UNSPECIFIED.);
#1682=B_SPLINE_CURVE_WITH_KNOTS('',1,(#3506,#3507),.UNSPECIFIED.,.F.,.F.,
(2,2),(-0.500000000000007,0.),.UNSPECIFIED.);
#1683=B_SPLINE_CURVE_WITH_KNOTS('',1,(#3508,#3509),.UNSPECIFIED.,.F.,.F.,
(2,2),(-0.5,0.),.UNSPECIFIED.);
#1684=B_SPLINE_CURVE_WITH_KNOTS('',1,(#3510,#3511),.UNSPECIFIED.,.F.,.F.,
(2,2),(-0.5,0.),.UNSPECIFIED.);
#1685=B_SPLINE_CURVE_WITH_KNOTS('',1,(#3512,#3513),.UNSPECIFIED.,.F.,.F.,
(2,2),(0.,1.),.UNSPECIFIED.);
#1686=B_SPLINE_CURVE_WITH_KNOTS('',1,(#3514,#3515),.UNSPECIFIED.,.F.,.F.,
(2,2),(-1.00000000000013,0.),.UNSPECIFIED.);
#1687=B_SPLINE_CURVE_WITH_KNOTS('',1,(#3516,#3517),.UNSPECIFIED.,.F.,.F.,
(2,2),(20.1,23.1),.UNSPECIFIED.);
#1688=B_SPLINE_CURVE_WITH_KNOTS('',1,(#3518,#3519),.UNSPECIFIED.,.F.,.F.,
(2,2),(20.1,23.1),.UNSPECIFIED.);
#1689=B_SPLINE_CURVE_WITH_KNOTS('',3,(#3520,#3521,#3522,#3523),
 .UNSPECIFIED.,.F.,.F.,(4,4),(0.,31.8674618462812),.UNSPECIFIED.);
#1690=B_SPLINE_CURVE_WITH_KNOTS('',3,(#3531,#3532,#3533,#3534,#3535,#3536,
#3537,#3538,#3539,#3540,#3541,#3542,#3543,#3544,#3545,#3546,#3547,#3548,
#3549,#3550,#3551,#3552,#3553,#3554,#3555,#3556,#3557,#3558,#3559,#3560,
#3561,#3562,#3563,#3564,#3565,#3566,#3567,#3568,#3569,#3570,#3571),
 .UNSPECIFIED.,.T.,.F.,(4,2,3,2,3,2,3,2,3,2,3,2,3,2,3,2,4),(0.,1.18588622741636,
2.37174441747295,3.55805453840908,4.74436382542095,5.93045342119414,7.11655599722193,
8.30230482540627,9.4880523812642,10.6737999371222,11.8595487653065,13.0456513413344,
14.2317409371074,15.4180502241194,16.6043603450554,17.7902185351125,18.9761047625284),
 .UNSPECIFIED.);
#1691=B_SPLINE_CURVE_WITH_KNOTS('',1,(#3572,#3573,#3574,#3575),
 .UNSPECIFIED.,.F.,.F.,(2,1,1,2),(-31.,-27.3494311668265,-12.2,0.),
 .UNSPECIFIED.);
#1692=B_SPLINE_CURVE_WITH_KNOTS('',1,(#3576,#3577),.UNSPECIFIED.,.F.,.F.,
(2,2),(67.9272733847549,106.45454676951),.UNSPECIFIED.);
#1693=B_SPLINE_CURVE_WITH_KNOTS('',3,(#3578,#3579,#3580,#3581,#3582,#3583),
 .UNSPECIFIED.,.F.,.F.,(4,2,4),(0.,0.964078841676097,1.92666211542814),
 .UNSPECIFIED.);
#1694=B_SPLINE_CURVE_WITH_KNOTS('',1,(#3584,#3585),.UNSPECIFIED.,.F.,.F.,
(2,2),(-0.750531299702658,38.8690981807698),.UNSPECIFIED.);
#1695=B_SPLINE_CURVE_WITH_KNOTS('',3,(#3586,#3587,#3588,#3589,#3590,#3591),
 .UNSPECIFIED.,.F.,.F.,(4,2,4),(0.,1.00760044786805,2.01507276803456),
 .UNSPECIFIED.);
#1696=B_SPLINE_CURVE_WITH_KNOTS('',3,(#3592,#3593,#3594,#3595,#3596,#3597),
 .UNSPECIFIED.,.F.,.F.,(4,2,4),(0.,0.962602608360004,1.92669697588552),
 .UNSPECIFIED.);
#1697=B_SPLINE_CURVE_WITH_KNOTS('',3,(#3598,#3599,#3600,#3601,#3602,#3603),
 .UNSPECIFIED.,.F.,.F.,(4,2,4),(0.,1.00747232016666,2.01507276803456),
 .UNSPECIFIED.);
#1698=B_SPLINE_CURVE_WITH_KNOTS('',1,(#3604,#3605),.UNSPECIFIED.,.F.,.F.,
(2,2),(-1.11022302462516E-16,31.7),.UNSPECIFIED.);
#1699=B_SPLINE_CURVE_WITH_KNOTS('',1,(#3606,#3607),.UNSPECIFIED.,.F.,.F.,
(2,2),(-1.59999999999999,36.9272733847549),.UNSPECIFIED.);
#1700=B_SPLINE_CURVE_WITH_KNOTS('',1,(#3608,#3609,#3610,#3611),
 .UNSPECIFIED.,.F.,.F.,(2,1,1,2),(106.45454676951,118.65454676951,133.803977936336,
137.45454676951),.UNSPECIFIED.);
#1701=B_SPLINE_CURVE_WITH_KNOTS('',1,(#3612,#3613),.UNSPECIFIED.,.F.,.F.,
(2,2),(-0.750531299703025,38.8691507493493),.UNSPECIFIED.);
#1702=B_SPLINE_CURVE_WITH_KNOTS('',1,(#3614,#3615),.UNSPECIFIED.,.F.,.F.,
(2,2),(-5.,-4.),.UNSPECIFIED.);
#1703=B_SPLINE_CURVE_WITH_KNOTS('',1,(#3616,#3617),.UNSPECIFIED.,.F.,.F.,
(2,2),(-1.,0.),.UNSPECIFIED.);
#1704=B_SPLINE_CURVE_WITH_KNOTS('',1,(#3618,#3619),.UNSPECIFIED.,.F.,.F.,
(2,2),(-6.,-5.15377517455187),.UNSPECIFIED.);
#1705=B_SPLINE_CURVE_WITH_KNOTS('',1,(#3620,#3621),.UNSPECIFIED.,.F.,.F.,
(2,2),(0.153775174551869,1.),.UNSPECIFIED.);
#1706=B_SPLINE_CURVE_WITH_KNOTS('',1,(#3622,#3623),.UNSPECIFIED.,.F.,.F.,
(2,2),(3.5527136788005E-15,7.51533904026544),.UNSPECIFIED.);
#1707=B_SPLINE_CURVE_WITH_KNOTS('',1,(#3624,#3625),.UNSPECIFIED.,.F.,.F.,
(2,2),(2.48466095973456,10.),.UNSPECIFIED.);
#1708=B_SPLINE_CURVE_WITH_KNOTS('',1,(#3626,#3627),.UNSPECIFIED.,.F.,.F.,
(2,2),(21.2684426542287,22.2),.UNSPECIFIED.);
#1709=B_SPLINE_CURVE_WITH_KNOTS('',1,(#3628,#3629),.UNSPECIFIED.,.F.,.F.,
(2,2),(-12.,-11.0684426542287),.UNSPECIFIED.);
#1710=B_SPLINE_CURVE_WITH_KNOTS('',3,(#3645,#3646,#3647,#3648),
 .UNSPECIFIED.,.F.,.F.,(4,4),(0.,0.000968462407524418),.UNSPECIFIED.);
#1711=B_SPLINE_CURVE_WITH_KNOTS('',3,(#3649,#3650,#3651,#3652),
 .UNSPECIFIED.,.F.,.F.,(4,4),(0.,0.00098061992925545),.UNSPECIFIED.);
#1712=B_SPLINE_CURVE_WITH_KNOTS('',3,(#3653,#3654,#3655,#3656,#3657,#3658),
 .UNSPECIFIED.,.F.,.F.,(4,2,4),(0.,0.709930588417638,1.41985339772511),
 .UNSPECIFIED.);
#1713=B_SPLINE_CURVE_WITH_KNOTS('',3,(#3659,#3660,#3661,#3662,#3663,#3664),
 .UNSPECIFIED.,.F.,.F.,(4,2,4),(0.,0.709851782238316,1.4197207412626),
 .UNSPECIFIED.);
#1714=B_SPLINE_CURVE_WITH_KNOTS('',3,(#3668,#3669,#3670,#3671,#3672,#3673,
#3674,#3675,#3676),.UNSPECIFIED.,.F.,.F.,(4,2,3,4),(0.,5.4880391062455,
8.84980302100848,8.99455529871511),.UNSPECIFIED.);
#1715=B_SPLINE_CURVE_WITH_KNOTS('',3,(#3677,#3678,#3679,#3680,#3681,#3682,
#3683,#3684,#3685,#3686,#3687,#3688),.UNSPECIFIED.,.F.,.F.,(4,2,3,3,4),
(0.,5.48753488357364,8.84914283735579,8.98403117770079,8.9938768199549),
 .UNSPECIFIED.);
#1716=B_SPLINE_CURVE_WITH_KNOTS('',1,(#3692,#3693),.UNSPECIFIED.,.F.,.F.,
(2,2),(1.87347042243902,1.87463722829121),.UNSPECIFIED.);
#1717=B_SPLINE_CURVE_WITH_KNOTS('',1,(#3694,#3695),.UNSPECIFIED.,.F.,.F.,
(2,2),(1.87369507487416,1.87481995366209),.UNSPECIFIED.);
#1718=B_SPLINE_CURVE_WITH_KNOTS('',1,(#3696,#3697),.UNSPECIFIED.,.F.,.F.,
(2,2),(0.,1.87347042243902),.UNSPECIFIED.);
#1719=B_SPLINE_CURVE_WITH_KNOTS('',1,(#3698,#3699),.UNSPECIFIED.,.F.,.F.,
(2,2),(0.,1.87369507487416),.UNSPECIFIED.);
#1720=B_SPLINE_CURVE_WITH_KNOTS('',1,(#3700,#3701),.UNSPECIFIED.,.F.,.F.,
(2,2),(-50.7869762920198,-21.9659761928377),.UNSPECIFIED.);
#1721=B_SPLINE_CURVE_WITH_KNOTS('',1,(#3702,#3703),.UNSPECIFIED.,.F.,.F.,
(2,2),(-10.0000000000015,-2.43760213620597),.UNSPECIFIED.);
#1722=B_SPLINE_CURVE_WITH_KNOTS('',1,(#3704,#3705),.UNSPECIFIED.,.F.,.F.,
(2,2),(-9.99999999999984,-2.43760213620507),.UNSPECIFIED.);
#1723=B_SPLINE_CURVE_WITH_KNOTS('',1,(#3706,#3707),.UNSPECIFIED.,.F.,.F.,
(2,2),(0.947095488906071,14.5),.UNSPECIFIED.);
#1724=B_SPLINE_CURVE_WITH_KNOTS('',1,(#3708,#3709),.UNSPECIFIED.,.F.,.F.,
(2,2),(0.947093511254635,14.5),.UNSPECIFIED.);
#1725=B_SPLINE_CURVE_WITH_KNOTS('',1,(#3716,#3717),.UNSPECIFIED.,.F.,.F.,
(2,2),(6.50300025939941,7.50799751281738),.UNSPECIFIED.);
#1726=B_SPLINE_CURVE_WITH_KNOTS('',1,(#3718,#3719),.UNSPECIFIED.,.F.,.F.,
(2,2),(11.0954224543467,13.0954224543467),.UNSPECIFIED.);
#1727=B_SPLINE_CURVE_WITH_KNOTS('',1,(#3720,#3721),.UNSPECIFIED.,.F.,.F.,
(2,2),(6.50300025939941,7.50799751281738),.UNSPECIFIED.);
#1728=B_SPLINE_CURVE_WITH_KNOTS('',1,(#3722,#3723),.UNSPECIFIED.,.F.,.F.,
(2,2),(0.,2.),.UNSPECIFIED.);
#1729=B_SPLINE_CURVE_WITH_KNOTS('',1,(#3728,#3729),.UNSPECIFIED.,.F.,.F.,
(2,2),(23.3029983520511,38.6),.UNSPECIFIED.);
#1730=B_SPLINE_CURVE_WITH_KNOTS('',1,(#3736,#3737),.UNSPECIFIED.,.F.,.F.,
(2,2),(-6.15619604727505,4.9960036108132E-16),.UNSPECIFIED.);
#1731=B_SPLINE_CURVE_WITH_KNOTS('',1,(#3738,#3739),.UNSPECIFIED.,.F.,.F.,
(2,2),(1.73070747078041,4.),.UNSPECIFIED.);
#1732=B_SPLINE_CURVE_WITH_KNOTS('',1,(#3740,#3741),.UNSPECIFIED.,.F.,.F.,
(2,2),(0.,0.999999999999993),.UNSPECIFIED.);
#1733=B_SPLINE_CURVE_WITH_KNOTS('',1,(#3742,#3743),.UNSPECIFIED.,.F.,.F.,
(2,2),(1.73070747078041,4.),.UNSPECIFIED.);
#1734=B_SPLINE_CURVE_WITH_KNOTS('',1,(#3744,#3745),.UNSPECIFIED.,.F.,.F.,
(2,2),(1.73070747078041,4.),.UNSPECIFIED.);
#1735=B_SPLINE_CURVE_WITH_KNOTS('',1,(#3746,#3747),.UNSPECIFIED.,.F.,.F.,
(2,2),(34.1876079054499,42.28760790545),.UNSPECIFIED.);
#1736=B_SPLINE_CURVE_WITH_KNOTS('',1,(#3751,#3752),.UNSPECIFIED.,.F.,.F.,
(2,2),(0.,3.3),.UNSPECIFIED.);
#1737=B_SPLINE_CURVE_WITH_KNOTS('',1,(#3756,#3757),.UNSPECIFIED.,.F.,.F.,
(2,2),(-3.3,0.),.UNSPECIFIED.);
#1738=B_SPLINE_CURVE_WITH_KNOTS('',1,(#3761,#3762),.UNSPECIFIED.,.F.,.F.,
(2,2),(18.2246538387798,23.3452165559154),.UNSPECIFIED.);
#1739=B_SPLINE_CURVE_WITH_KNOTS('',1,(#3763,#3764),.UNSPECIFIED.,.F.,.F.,
(2,2),(18.2246538387798,23.3452165559154),.UNSPECIFIED.);
#1740=B_SPLINE_CURVE_WITH_KNOTS('',1,(#3765,#3766),.UNSPECIFIED.,.F.,.F.,
(2,2),(0.,1.97534616122016),.UNSPECIFIED.);
#1741=B_SPLINE_CURVE_WITH_KNOTS('',1,(#3767,#3768),.UNSPECIFIED.,.F.,.F.,
(2,2),(0.,1.97534616122016),.UNSPECIFIED.);
#1742=B_SPLINE_CURVE_WITH_KNOTS('',1,(#3769,#3770),.UNSPECIFIED.,.F.,.F.,
(2,2),(0.,3.3),.UNSPECIFIED.);
#1743=B_SPLINE_CURVE_WITH_KNOTS('',1,(#3771,#3772),.UNSPECIFIED.,.F.,.F.,
(2,2),(-26.1876079054499,-18.0876079054498),.UNSPECIFIED.);
#1744=B_SPLINE_CURVE_WITH_KNOTS('',1,(#3773,#3774),.UNSPECIFIED.,.F.,.F.,
(2,2),(0.,4.5662927466573),.UNSPECIFIED.);
#1745=B_SPLINE_CURVE_WITH_KNOTS('',1,(#3775,#3776),.UNSPECIFIED.,.F.,.F.,
(2,2),(-26.1876079054499,-18.0876079054498),.UNSPECIFIED.);
#1746=B_SPLINE_CURVE_WITH_KNOTS('',1,(#3777,#3778),.UNSPECIFIED.,.F.,.F.,
(2,2),(0.,4.5662927466573),.UNSPECIFIED.);
#1747=B_SPLINE_CURVE_WITH_KNOTS('',1,(#3779,#3780),.UNSPECIFIED.,.F.,.F.,
(2,2),(-18.0876079054498,-17.0876079054498),.UNSPECIFIED.);
#1748=B_SPLINE_CURVE_WITH_KNOTS('',1,(#3781,#3782),.UNSPECIFIED.,.F.,.F.,
(2,2),(0.,4.5662927466573),.UNSPECIFIED.);
#1749=B_SPLINE_CURVE_WITH_KNOTS('',1,(#3783,#3784),.UNSPECIFIED.,.F.,.F.,
(2,2),(-18.0876079054498,-17.0876079054498),.UNSPECIFIED.);
#1750=B_SPLINE_CURVE_WITH_KNOTS('',1,(#3785,#3786),.UNSPECIFIED.,.F.,.F.,
(2,2),(-59.3752158108998,-54.3314118581749),.UNSPECIFIED.);
#1751=B_SPLINE_CURVE_WITH_KNOTS('',1,(#3787,#3788),.UNSPECIFIED.,.F.,.F.,
(2,2),(0.,4.5662927466573),.UNSPECIFIED.);
#1752=B_SPLINE_CURVE_WITH_KNOTS('',1,(#3789,#3790),.UNSPECIFIED.,.F.,.F.,
(2,2),(-59.3752158108998,-54.3314118581749),.UNSPECIFIED.);
#1753=B_SPLINE_CURVE_WITH_KNOTS('',1,(#3791,#3792),.UNSPECIFIED.,.F.,.F.,
(2,2),(0.,0.900000000029209),.UNSPECIFIED.);
#1754=B_SPLINE_CURVE_WITH_KNOTS('',1,(#3793,#3794),.UNSPECIFIED.,.F.,.F.,
(2,2),(0.,0.900000000029209),.UNSPECIFIED.);
#1755=B_SPLINE_CURVE_WITH_KNOTS('',1,(#3803,#3804),.UNSPECIFIED.,.F.,.F.,
(2,2),(0.,3.3),.UNSPECIFIED.);
#1756=B_SPLINE_CURVE_WITH_KNOTS('',1,(#3813,#3814),.UNSPECIFIED.,.F.,.F.,
(2,2),(18.2246538387798,23.3452165559154),.UNSPECIFIED.);
#1757=B_SPLINE_CURVE_WITH_KNOTS('',1,(#3815,#3816),.UNSPECIFIED.,.F.,.F.,
(2,2),(18.2246538387798,23.3452165559154),.UNSPECIFIED.);
#1758=B_SPLINE_CURVE_WITH_KNOTS('',1,(#3817,#3818),.UNSPECIFIED.,.F.,.F.,
(2,2),(0.,1.97534616122017),.UNSPECIFIED.);
#1759=B_SPLINE_CURVE_WITH_KNOTS('',1,(#3819,#3820),.UNSPECIFIED.,.F.,.F.,
(2,2),(0.,3.3),.UNSPECIFIED.);
#1760=B_SPLINE_CURVE_WITH_KNOTS('',1,(#3821,#3822),.UNSPECIFIED.,.F.,.F.,
(2,2),(12.0438039527249,15.5620303941743),.UNSPECIFIED.);
#1761=B_SPLINE_CURVE_WITH_KNOTS('',1,(#3823,#3824),.UNSPECIFIED.,.F.,.F.,
(2,2),(10.0337072533427,14.6),.UNSPECIFIED.);
#1762=B_SPLINE_CURVE_WITH_KNOTS('',1,(#3825,#3826),.UNSPECIFIED.,.F.,.F.,
(2,2),(12.0438039527249,15.5620303941743),.UNSPECIFIED.);
#1763=B_SPLINE_CURVE_WITH_KNOTS('',1,(#3827,#3828),.UNSPECIFIED.,.F.,.F.,
(2,2),(-34.1876079054499,-26.1876079054499),.UNSPECIFIED.);
#1764=B_SPLINE_CURVE_WITH_KNOTS('',1,(#3829,#3830),.UNSPECIFIED.,.F.,.F.,
(2,2),(0.,5.80000000000001),.UNSPECIFIED.);
#1765=B_SPLINE_CURVE_WITH_KNOTS('',1,(#3831,#3832),.UNSPECIFIED.,.F.,.F.,
(2,2),(0.,5.80000000000001),.UNSPECIFIED.);
#1766=B_SPLINE_CURVE_WITH_KNOTS('',1,(#3833,#3834,#3835),.UNSPECIFIED.,
 .F.,.F.,(2,1,2),(49.376990114466,52.6739903319037,52.676990114466),
 .UNSPECIFIED.);
#1767=B_SPLINE_CURVE_WITH_KNOTS('',1,(#3836,#3837),.UNSPECIFIED.,.F.,.F.,
(2,2),(-4.10000000000001,0.),.UNSPECIFIED.);
#1768=B_SPLINE_CURVE_WITH_KNOTS('',1,(#3838,#3839),.UNSPECIFIED.,.F.,.F.,
(2,2),(-38.4999999999997,-25.2547834440843),.UNSPECIFIED.);
#1769=B_SPLINE_CURVE_WITH_KNOTS('',1,(#3840,#3841),.UNSPECIFIED.,.F.,.F.,
(2,2),(-25.2547834440843,-15.1547834440843),.UNSPECIFIED.);
#1770=B_SPLINE_CURVE_WITH_KNOTS('',1,(#3842,#3843),.UNSPECIFIED.,.F.,.F.,
(2,2),(-3.5527136788005E-15,2.55),.UNSPECIFIED.);
#1771=B_SPLINE_CURVE_WITH_KNOTS('',1,(#3844,#3845),.UNSPECIFIED.,.F.,.F.,
(2,2),(32.973009885534,41.4),.UNSPECIFIED.);
#1772=B_SPLINE_CURVE_WITH_KNOTS('',1,(#3846,#3847),.UNSPECIFIED.,.F.,.F.,
(2,2),(43.5,49.376990114466),.UNSPECIFIED.);
#1773=B_SPLINE_CURVE_WITH_KNOTS('',1,(#3848,#3849),.UNSPECIFIED.,.F.,.F.,
(2,2),(-52.7763228036984,-37.6215393596142),.UNSPECIFIED.);
#1774=B_SPLINE_CURVE_WITH_KNOTS('',1,(#3850,#3851),.UNSPECIFIED.,.F.,.F.,
(2,2),(-61.2733244516477,-52.7763228036984),.UNSPECIFIED.);
#1775=B_SPLINE_CURVE_WITH_KNOTS('',1,(#3852,#3853),.UNSPECIFIED.,.F.,.F.,
(2,2),(-86.4311062477827,-83.7763228036984),.UNSPECIFIED.);
#1776=B_SPLINE_CURVE_WITH_KNOTS('',1,(#3854,#3855),.UNSPECIFIED.,.F.,.F.,
(2,2),(-0.49999999999999,0.929000854488258),.UNSPECIFIED.);
#1777=B_SPLINE_CURVE_WITH_KNOTS('',1,(#3856,#3857),.UNSPECIFIED.,.F.,.F.,
(2,2),(-13.0055525037977,-1.),.UNSPECIFIED.);
#1778=B_SPLINE_CURVE_WITH_KNOTS('',1,(#3858,#3859),.UNSPECIFIED.,.F.,.F.,
(2,2),(23.8257826152411,25.2547834440843),.UNSPECIFIED.);
#1779=B_SPLINE_CURVE_WITH_KNOTS('',1,(#3860,#3861),.UNSPECIFIED.,.F.,.F.,
(2,2),(-83.7763228036984,-75.2788769554454),.UNSPECIFIED.);
#1780=B_SPLINE_CURVE_WITH_KNOTS('',1,(#3862,#3863),.UNSPECIFIED.,.F.,.F.,
(2,2),(0.,6.99700021743774),.UNSPECIFIED.);
#1781=B_SPLINE_CURVE_WITH_KNOTS('',1,(#3864,#3865),.UNSPECIFIED.,.F.,.F.,
(2,2),(0.,6.99700021743775),.UNSPECIFIED.);
#1782=B_SPLINE_CURVE_WITH_KNOTS('',1,(#3876,#3877),.UNSPECIFIED.,.F.,.F.,
(2,2),(5.39910589188938,6.93884756906093),.UNSPECIFIED.);
#1783=B_SPLINE_CURVE_WITH_KNOTS('',1,(#3878,#3879),.UNSPECIFIED.,.F.,.F.,
(2,2),(-22.1017835256962,-16.1),.UNSPECIFIED.);
#1784=B_SPLINE_CURVE_WITH_KNOTS('',1,(#3880,#3881),.UNSPECIFIED.,.F.,.F.,
(2,2),(-1.4000000000187,-5.82867087928207E-16),.UNSPECIFIED.);
#1785=B_SPLINE_CURVE_WITH_KNOTS('',1,(#3882,#3883),.UNSPECIFIED.,.F.,.F.,
(2,2),(-1.55,-2.96637714392034E-16),.UNSPECIFIED.);
#1786=B_SPLINE_CURVE_WITH_KNOTS('',1,(#3884,#3885),.UNSPECIFIED.,.F.,.F.,
(2,2),(-3.69999999999999,-2.91433543964104E-16),.UNSPECIFIED.);
#1787=B_SPLINE_CURVE_WITH_KNOTS('',1,(#3886,#3887),.UNSPECIFIED.,.F.,.F.,
(2,2),(-3.69999999999946,-2.84494650060196E-16),.UNSPECIFIED.);
#1788=B_SPLINE_CURVE_WITH_KNOTS('',1,(#3888,#3889),.UNSPECIFIED.,.F.,.F.,
(2,2),(-1.54999999999855,5.55111512312578E-17),.UNSPECIFIED.);
#1789=B_SPLINE_CURVE_WITH_KNOTS('',1,(#3890,#3891),.UNSPECIFIED.,.F.,.F.,
(2,2),(-1.3,-5.82867087928207E-16),.UNSPECIFIED.);
#1790=B_SPLINE_CURVE_WITH_KNOTS('',1,(#3892,#3893),.UNSPECIFIED.,.F.,.F.,
(2,2),(-27.2893914311461,-26.1876079054499),.UNSPECIFIED.);
#1791=B_SPLINE_CURVE_WITH_KNOTS('',1,(#3894,#3895),.UNSPECIFIED.,.F.,.F.,
(2,2),(-10.4,-8.85),.UNSPECIFIED.);
#1792=B_SPLINE_CURVE_WITH_KNOTS('',1,(#3896,#3897),.UNSPECIFIED.,.F.,.F.,
(2,2),(-16.25,-12.55),.UNSPECIFIED.);
#1793=B_SPLINE_CURVE_WITH_KNOTS('',1,(#3898,#3899),.UNSPECIFIED.,.F.,.F.,
(2,2),(-27.95,-20.25),.UNSPECIFIED.);
#1794=B_SPLINE_CURVE_WITH_KNOTS('',1,(#3900,#3901),.UNSPECIFIED.,.F.,.F.,
(2,2),(-27.6499999999989,-23.9499999999994),.UNSPECIFIED.);
#1795=B_SPLINE_CURVE_WITH_KNOTS('',1,(#3902,#3903),.UNSPECIFIED.,.F.,.F.,
(2,2),(-27.0499999999965,-25.499999999998),.UNSPECIFIED.);
#1796=B_SPLINE_CURVE_WITH_KNOTS('',1,(#3904,#3905),.UNSPECIFIED.,.F.,.F.,
(2,2),(-7.7,-2.34534613952064E-15),.UNSPECIFIED.);
#1797=B_SPLINE_CURVE_WITH_KNOTS('',1,(#3906,#3907,#3908),.UNSPECIFIED.,
 .F.,.F.,(2,1,2),(22.2232605637737,28.2232605637737,28.226260346336),
 .UNSPECIFIED.);
#1798=B_SPLINE_CURVE_WITH_KNOTS('',1,(#3909,#3910,#3911),.UNSPECIFIED.,
 .F.,.F.,(2,1,2),(-8.85,-2.85,-2.84700021743772),.UNSPECIFIED.);
#1799=B_SPLINE_CURVE_WITH_KNOTS('',1,(#3912,#3913,#3914),.UNSPECIFIED.,
 .F.,.F.,(2,1,2),(-12.55,-6.54999999999999,-6.54700021743771),
 .UNSPECIFIED.);
#1800=B_SPLINE_CURVE_WITH_KNOTS('',1,(#3915,#3916,#3917),.UNSPECIFIED.,
 .F.,.F.,(2,1,2),(-20.25,-14.25,-14.2470002174377),.UNSPECIFIED.);
#1801=B_SPLINE_CURVE_WITH_KNOTS('',1,(#3918,#3919,#3920),.UNSPECIFIED.,
 .F.,.F.,(2,1,2),(-23.9499999999994,-17.9499999999994,-17.9470002174372),
 .UNSPECIFIED.);
#1802=B_SPLINE_CURVE_WITH_KNOTS('',1,(#3921,#3922,#3923),.UNSPECIFIED.,
 .F.,.F.,(2,1,2),(-25.499999999998,-19.499999999998,-19.4970002174357),
 .UNSPECIFIED.);
#1803=B_SPLINE_CURVE_WITH_KNOTS('',1,(#3924,#3925),.UNSPECIFIED.,.F.,.F.,
(2,2),(1.53670703592367,2.97341407182864),.UNSPECIFIED.);
#1804=B_SPLINE_CURVE_WITH_KNOTS('',1,(#3926,#3927),.UNSPECIFIED.,.F.,.F.,
(2,2),(-5.99999999998118,0.100000000018689),.UNSPECIFIED.);
#1805=B_SPLINE_CURVE_WITH_KNOTS('',1,(#3928,#3929),.UNSPECIFIED.,.F.,.F.,
(2,2),(2.37041428926636,2.97341407182864),.UNSPECIFIED.);
#1806=B_SPLINE_CURVE_WITH_KNOTS('',1,(#3930,#3931),.UNSPECIFIED.,.F.,.F.,
(2,2),(0.,1.42699011446597),.UNSPECIFIED.);
#1807=B_SPLINE_CURVE_WITH_KNOTS('',1,(#3932,#3933),.UNSPECIFIED.,.F.,.F.,
(2,2),(1.42699011446598,4.59999999999991),.UNSPECIFIED.);
#1808=B_SPLINE_CURVE_WITH_KNOTS('',1,(#3934,#3935),.UNSPECIFIED.,.F.,.F.,
(2,2),(0.602999782562297,1.43670703590497),.UNSPECIFIED.);
#1809=B_SPLINE_CURVE_WITH_KNOTS('',1,(#3936,#3937),.UNSPECIFIED.,.F.,.F.,
(2,2),(0.,9.1),.UNSPECIFIED.);
#1810=B_SPLINE_CURVE_WITH_KNOTS('',1,(#3938,#3939),.UNSPECIFIED.,.F.,.F.,
(2,2),(0.,2.1),.UNSPECIFIED.);
#1811=B_SPLINE_CURVE_WITH_KNOTS('',1,(#3940,#3941),.UNSPECIFIED.,.F.,.F.,
(2,2),(0.,2.1),.UNSPECIFIED.);
#1812=B_SPLINE_CURVE_WITH_KNOTS('',1,(#3942,#3943),.UNSPECIFIED.,.F.,.F.,
(2,2),(9.1,20.7),.UNSPECIFIED.);
#1813=B_SPLINE_CURVE_WITH_KNOTS('',1,(#3944,#3945),.UNSPECIFIED.,.F.,.F.,
(2,2),(20.7,23.7000000000001),.UNSPECIFIED.);
#1814=B_SPLINE_CURVE_WITH_KNOTS('',1,(#3946,#3947,#3948,#3949),
 .UNSPECIFIED.,.F.,.F.,(2,1,1,2),(8.50000143051151,8.50300121307379,9.50300121307379,
11.5060014724732),.UNSPECIFIED.);
#1815=B_SPLINE_CURVE_WITH_KNOTS('',1,(#3950,#3951),.UNSPECIFIED.,.F.,.F.,
(2,2),(2.97341407182864,10.3734140718473),.UNSPECIFIED.);
#1816=B_SPLINE_CURVE_WITH_KNOTS('',1,(#3952,#3953),.UNSPECIFIED.,.F.,.F.,
(2,2),(2.97341407182864,10.3734140718473),.UNSPECIFIED.);
#1817=B_SPLINE_CURVE_WITH_KNOTS('',1,(#3954,#3955),.UNSPECIFIED.,.F.,.F.,
(2,2),(-4.59999999999991,0.),.UNSPECIFIED.);
#1818=B_SPLINE_CURVE_WITH_KNOTS('',1,(#3956,#3957,#3958),.UNSPECIFIED.,
 .F.,.F.,(2,1,2),(-85.8633791983939,-81.8247510749838,-80.3233342757757),
 .UNSPECIFIED.);
#1819=B_SPLINE_CURVE_WITH_KNOTS('',1,(#3959,#3960),.UNSPECIFIED.,.F.,.F.,
(2,2),(-29.1205627171356,-17.1205627171355),.UNSPECIFIED.);
#1820=B_SPLINE_CURVE_WITH_KNOTS('',1,(#3961,#3962,#3963),.UNSPECIFIED.,
 .F.,.F.,(2,1,2),(-154.58522485004,-153.083808050832,-151.34218014486),
 .UNSPECIFIED.);
#1821=B_SPLINE_CURVE_WITH_KNOTS('',1,(#3964,#3965,#3966),.UNSPECIFIED.,
 .F.,.F.,(2,1,2),(-8.42600250243749,-6.49700164794923,-5.49700164794923),
 .UNSPECIFIED.);
#1822=B_SPLINE_CURVE_WITH_KNOTS('',1,(#3967,#3968),.UNSPECIFIED.,.F.,.F.,
(2,2),(-0.539547930532858,-0.0739974975625231),.UNSPECIFIED.);
#1823=B_SPLINE_CURVE_WITH_KNOTS('',1,(#3969,#3970,#3971),.UNSPECIFIED.,
 .F.,.F.,(2,1,2),(0.,0.0999999999999943,0.502382303659552),
 .UNSPECIFIED.);
#1824=B_SPLINE_CURVE_WITH_KNOTS('',1,(#3972,#3973,#3974),.UNSPECIFIED.,
 .F.,.F.,(2,1,2),(5.40238230365956,5.80476460731911,5.90476460731911),
 .UNSPECIFIED.);
#1825=B_SPLINE_CURVE_WITH_KNOTS('',1,(#3975,#3976,#3977),.UNSPECIFIED.,
 .F.,.F.,(2,1,2),(-0.40238230365955,0.,0.0999999999999943),
 .UNSPECIFIED.);
#1826=B_SPLINE_CURVE_WITH_KNOTS('',1,(#3978,#3979,#3980),.UNSPECIFIED.,
 .F.,.F.,(2,1,2),(10.1,10.2,10.6023823036595),.UNSPECIFIED.);
#1827=B_SPLINE_CURVE_WITH_KNOTS('',1,(#3981,#3982,#3983,#3984),
 .UNSPECIFIED.,.F.,.F.,(2,1,1,2),(0.,0.100000000000001,5.1,5.20000000000001),
 .UNSPECIFIED.);
#1828=B_SPLINE_CURVE_WITH_KNOTS('',1,(#3985,#3986,#3987),.UNSPECIFIED.,
 .F.,.F.,(2,1,2),(0.,0.100000000000001,7.05),.UNSPECIFIED.);
#1829=B_SPLINE_CURVE_WITH_KNOTS('',1,(#3988,#3989,#3990,#3991),
 .UNSPECIFIED.,.F.,.F.,(2,1,1,2),(0.,0.0999999999999943,5.09999999999999,
5.19999999999999),.UNSPECIFIED.);
#1830=B_SPLINE_CURVE_WITH_KNOTS('',1,(#3992,#3993,#3994),.UNSPECIFIED.,
 .F.,.F.,(2,1,2),(0.,6.95,7.05),.UNSPECIFIED.);
#1831=B_SPLINE_CURVE_WITH_KNOTS('',1,(#3995,#3996,#3997),.UNSPECIFIED.,
 .F.,.F.,(2,1,2),(0.,6.95,7.05),.UNSPECIFIED.);
#1832=B_SPLINE_CURVE_WITH_KNOTS('',1,(#3998,#3999,#4000,#4001),
 .UNSPECIFIED.,.F.,.F.,(2,1,1,2),(0.,0.0999999999999943,5.09999999999999,
5.2),.UNSPECIFIED.);
#1833=B_SPLINE_CURVE_WITH_KNOTS('',1,(#4002,#4003,#4004),.UNSPECIFIED.,
 .F.,.F.,(2,1,2),(0.,0.0999999999999996,7.05),.UNSPECIFIED.);
#1834=B_SPLINE_CURVE_WITH_KNOTS('',1,(#4005,#4006,#4007,#4008),
 .UNSPECIFIED.,.F.,.F.,(2,1,1,2),(0.,0.100000000000001,2.9,3.),
 .UNSPECIFIED.);
#1835=B_SPLINE_CURVE_WITH_KNOTS('',1,(#4009,#4010,#4011),.UNSPECIFIED.,
 .F.,.F.,(2,1,2),(0.,0.100000000000001,1.49999999999999),.UNSPECIFIED.);
#1836=B_SPLINE_CURVE_WITH_KNOTS('',1,(#4012,#4013,#4014),.UNSPECIFIED.,
 .F.,.F.,(2,1,2),(-1.40000000000002,0.,0.0999999999999997),
 .UNSPECIFIED.);
#1837=B_SPLINE_CURVE_WITH_KNOTS('',1,(#4015,#4016,#4017,#4018),
 .UNSPECIFIED.,.F.,.F.,(2,1,1,2),(0.,0.1,2.9,3.),.UNSPECIFIED.);
#1838=B_SPLINE_CURVE_WITH_KNOTS('',1,(#4019,#4020,#4021),.UNSPECIFIED.,
 .F.,.F.,(2,1,2),(0.,0.0999999999999997,1.5),.UNSPECIFIED.);
#1839=B_SPLINE_CURVE_WITH_KNOTS('',1,(#4022,#4023,#4024),.UNSPECIFIED.,
 .F.,.F.,(2,1,2),(-2.99700021743775,-1.59700021743775,-1.49700021743775),
 .UNSPECIFIED.);
#1840=B_SPLINE_CURVE_WITH_KNOTS('',1,(#4025,#4026,#4027),.UNSPECIFIED.,
 .F.,.F.,(2,1,2),(10.1,10.2,11.6),.UNSPECIFIED.);
#1841=B_SPLINE_CURVE_WITH_KNOTS('',1,(#4028,#4029,#4030),.UNSPECIFIED.,
 .F.,.F.,(2,1,2),(14.2,15.6,15.7),.UNSPECIFIED.);
#1842=B_SPLINE_CURVE_WITH_KNOTS('',1,(#4031,#4032,#4033,#4034),
 .UNSPECIFIED.,.F.,.F.,(2,1,1,2),(0.,0.5,5.7,6.20000000000001),
 .UNSPECIFIED.);
#1843=B_SPLINE_CURVE_WITH_KNOTS('',1,(#4035,#4036,#4037),.UNSPECIFIED.,
 .F.,.F.,(2,1,2),(-141.580051949433,-137.577053597382,-132.631837041467),
 .UNSPECIFIED.);
#1844=B_SPLINE_CURVE_WITH_KNOTS('',1,(#4038,#4039,#4040),.UNSPECIFIED.,
 .F.,.F.,(2,1,2),(24.4160106231063,27.9342370645557,32.9780410172806),
 .UNSPECIFIED.);
#1845=B_SPLINE_CURVE_WITH_KNOTS('',1,(#4041,#4042,#4043),.UNSPECIFIED.,
 .F.,.F.,(2,1,2),(-1.97534616122017,-1.52153935961415,0.),.UNSPECIFIED.);
#1846=B_SPLINE_CURVE_WITH_KNOTS('',1,(#4044,#4045,#4046,#4047),
 .UNSPECIFIED.,.F.,.F.,(2,1,1,2),(-17.8797392187866,-17.8767394362243,-13.3104466895778,
-12.4797392187866),.UNSPECIFIED.);
#1847=B_SPLINE_CURVE_WITH_KNOTS('',1,(#4048,#4049,#4050),.UNSPECIFIED.,
 .F.,.F.,(2,1,2),(0.,3.94821490796649,8.94821490796649),.UNSPECIFIED.);
#1848=B_SPLINE_CURVE_WITH_KNOTS('',1,(#4051,#4052,#4053),.UNSPECIFIED.,
 .F.,.F.,(2,1,2),(0.,0.100000000000008,9.09999999999999),.UNSPECIFIED.);
#1849=B_SPLINE_CURVE_WITH_KNOTS('',1,(#4054,#4055),.UNSPECIFIED.,.F.,.F.,
(2,2),(0.,0.50000007268663),.UNSPECIFIED.);
#1850=B_SPLINE_CURVE_WITH_KNOTS('',1,(#4056,#4057,#4058),.UNSPECIFIED.,
 .F.,.F.,(2,1,2),(-2.92900088817106,-1.9290008766713,0.),.UNSPECIFIED.);
#1851=B_SPLINE_CURVE_WITH_KNOTS('',1,(#4059,#4060,#4061),.UNSPECIFIED.,
 .F.,.F.,(2,1,2),(175.061178767754,177.064179027154,178.067178809716),
 .UNSPECIFIED.);
#1852=B_SPLINE_CURVE_WITH_KNOTS('',1,(#4065,#4066,#4067),.UNSPECIFIED.,
 .F.,.F.,(2,1,2),(0.102999782580983,6.00299978256229,6.10299978258098),
 .UNSPECIFIED.);
#1853=B_SPLINE_CURVE_WITH_KNOTS('',1,(#4068,#4069,#4070,#4071,#4072),
 .UNSPECIFIED.,.F.,.F.,(2,1,1,1,2),(9.80599813461302,9.8089979171753,10.8089979171753,
13.3982142758797,14.8996310750878),.UNSPECIFIED.);
#1854=B_SPLINE_CURVE_WITH_KNOTS('',1,(#4073,#4074,#4075),.UNSPECIFIED.,
 .F.,.F.,(2,1,2),(0.,2.29700021743769,3.3),.UNSPECIFIED.);
#1855=B_SPLINE_CURVE_WITH_KNOTS('',1,(#4076,#4077,#4078),.UNSPECIFIED.,
 .F.,.F.,(2,1,2),(-17.1205627171355,-16.1175629345732,-13.8205627171356),
 .UNSPECIFIED.);
#1856=B_SPLINE_CURVE_WITH_KNOTS('',1,(#4079,#4080,#4081,#4082),
 .UNSPECIFIED.,.F.,.F.,(2,1,1,2),(106.45454676951,107.955963568718,110.545179927422,
111.548179709985),.UNSPECIFIED.);
#1857=B_SPLINE_CURVE_WITH_KNOTS('',1,(#4083,#4084,#4085),.UNSPECIFIED.,
 .F.,.F.,(2,1,2),(-37.6215393596142,-36.6185395770519,-34.3215393596142),
 .UNSPECIFIED.);
#1858=B_SPLINE_CURVE_WITH_KNOTS('',1,(#4086,#4087),.UNSPECIFIED.,.F.,.F.,
(2,2),(-10.2115093025727,-8.94521655591537),.UNSPECIFIED.);
#1859=B_SPLINE_CURVE_WITH_KNOTS('',1,(#4088,#4089),.UNSPECIFIED.,.F.,.F.,
(2,2),(-23.7,-20.7),.UNSPECIFIED.);
#1860=B_SPLINE_CURVE_WITH_KNOTS('',1,(#4090,#4091,#4092),.UNSPECIFIED.,
 .F.,.F.,(2,1,2),(-6.05121469052878,-4.94821490796649,-3.95271232875673),
 .UNSPECIFIED.);
#1861=B_SPLINE_CURVE_WITH_KNOTS('',1,(#4119,#4120),.UNSPECIFIED.,.F.,.F.,
(2,2),(0.,6.99700021743775),.UNSPECIFIED.);
#1862=B_SPLINE_CURVE_WITH_KNOTS('',3,(#4126,#4127,#4128,#4129,#4130,#4131,
#4132,#4133,#4134,#4135,#4136,#4137,#4138,#4139,#4140,#4141,#4142,#4143,
#4144,#4145),.UNSPECIFIED.,.F.,.F.,(4,1,1,1,1,1,1,1,1,1,1,1,1,1,1,1,1,4),
(3.81838433689488E-8,0.0845723137506001,0.171838901534954,0.261583771748959,
0.353538181681425,0.447382894083157,0.542752383338377,0.639241655294541,
0.736415493416817,0.833819681391836,0.930993519514096,1.02748279147026,
1.12285228072547,1.21669699312721,1.30865140305967,1.39839627327369,1.48566286105804,
1.57023457308723),.UNSPECIFIED.);
#1863=VERTEX_POINT('',#2837);
#1864=VERTEX_POINT('',#2838);
#1865=VERTEX_POINT('',#2839);
#1866=VERTEX_POINT('',#2840);
#1867=VERTEX_POINT('',#2841);
#1868=VERTEX_POINT('',#2842);
#1869=VERTEX_POINT('',#2843);
#1870=VERTEX_POINT('',#2844);
#1871=VERTEX_POINT('',#2845);
#1872=VERTEX_POINT('',#2846);
#1873=VERTEX_POINT('',#2847);
#1874=VERTEX_POINT('',#2848);
#1875=VERTEX_POINT('',#2849);
#1876=VERTEX_POINT('',#2850);
#1877=VERTEX_POINT('',#2851);
#1878=VERTEX_POINT('',#2852);
#1879=VERTEX_POINT('',#2853);
#1880=VERTEX_POINT('',#2854);
#1881=VERTEX_POINT('',#2855);
#1882=VERTEX_POINT('',#2856);
#1883=VERTEX_POINT('',#2857);
#1884=VERTEX_POINT('',#2858);
#1885=VERTEX_POINT('',#2859);
#1886=VERTEX_POINT('',#2860);
#1887=VERTEX_POINT('',#2861);
#1888=VERTEX_POINT('',#2862);
#1889=VERTEX_POINT('',#2863);
#1890=VERTEX_POINT('',#2864);
#1891=VERTEX_POINT('',#2865);
#1892=VERTEX_POINT('',#2866);
#1893=VERTEX_POINT('',#2867);
#1894=VERTEX_POINT('',#2868);
#1895=VERTEX_POINT('',#2869);
#1896=VERTEX_POINT('',#2870);
#1897=VERTEX_POINT('',#2871);
#1898=VERTEX_POINT('',#2872);
#1899=VERTEX_POINT('',#2873);
#1900=VERTEX_POINT('',#2874);
#1901=VERTEX_POINT('',#2875);
#1902=VERTEX_POINT('',#2876);
#1903=VERTEX_POINT('',#2877);
#1904=VERTEX_POINT('',#2878);
#1905=VERTEX_POINT('',#2879);
#1906=VERTEX_POINT('',#2880);
#1907=VERTEX_POINT('',#2881);
#1908=VERTEX_POINT('',#2882);
#1909=VERTEX_POINT('',#2883);
#1910=VERTEX_POINT('',#2884);
#1911=VERTEX_POINT('',#2885);
#1912=VERTEX_POINT('',#2886);
#1913=VERTEX_POINT('',#2887);
#1914=VERTEX_POINT('',#2888);
#1915=VERTEX_POINT('',#2889);
#1916=VERTEX_POINT('',#2890);
#1917=VERTEX_POINT('',#2891);
#1918=VERTEX_POINT('',#2892);
#1919=VERTEX_POINT('',#2893);
#1920=VERTEX_POINT('',#2894);
#1921=VERTEX_POINT('',#2895);
#1922=VERTEX_POINT('',#2896);
#1923=VERTEX_POINT('',#2897);
#1924=VERTEX_POINT('',#2898);
#1925=VERTEX_POINT('',#2899);
#1926=VERTEX_POINT('',#2900);
#1927=VERTEX_POINT('',#2901);
#1928=VERTEX_POINT('',#2902);
#1929=VERTEX_POINT('',#2903);
#1930=VERTEX_POINT('',#2904);
#1931=VERTEX_POINT('',#2905);
#1932=VERTEX_POINT('',#2906);
#1933=VERTEX_POINT('',#2907);
#1934=VERTEX_POINT('',#2908);
#1935=VERTEX_POINT('',#2909);
#1936=VERTEX_POINT('',#2910);
#1937=VERTEX_POINT('',#2911);
#1938=VERTEX_POINT('',#2912);
#1939=VERTEX_POINT('',#2913);
#1940=VERTEX_POINT('',#2914);
#1941=VERTEX_POINT('',#2915);
#1942=VERTEX_POINT('',#2916);
#1943=VERTEX_POINT('',#2917);
#1944=VERTEX_POINT('',#2918);
#1945=VERTEX_POINT('',#2919);
#1946=VERTEX_POINT('',#2920);
#1947=VERTEX_POINT('',#2921);
#1948=VERTEX_POINT('',#2922);
#1949=VERTEX_POINT('',#2923);
#1950=VERTEX_POINT('',#2924);
#1951=VERTEX_POINT('',#2925);
#1952=VERTEX_POINT('',#2926);
#1953=VERTEX_POINT('',#2927);
#1954=VERTEX_POINT('',#2928);
#1955=VERTEX_POINT('',#2929);
#1956=VERTEX_POINT('',#2930);
#1957=VERTEX_POINT('',#2931);
#1958=VERTEX_POINT('',#2932);
#1959=VERTEX_POINT('',#2933);
#1960=VERTEX_POINT('',#2934);
#1961=VERTEX_POINT('',#2935);
#1962=VERTEX_POINT('',#2936);
#1963=VERTEX_POINT('',#2937);
#1964=VERTEX_POINT('',#2938);
#1965=VERTEX_POINT('',#2939);
#1966=VERTEX_POINT('',#2940);
#1967=VERTEX_POINT('',#2941);
#1968=VERTEX_POINT('',#2942);
#1969=VERTEX_POINT('',#2943);
#1970=VERTEX_POINT('',#2944);
#1971=VERTEX_POINT('',#2945);
#1972=VERTEX_POINT('',#2946);
#1973=VERTEX_POINT('',#2947);
#1974=VERTEX_POINT('',#2948);
#1975=VERTEX_POINT('',#2949);
#1976=VERTEX_POINT('',#2950);
#1977=VERTEX_POINT('',#2951);
#1978=VERTEX_POINT('',#2952);
#1979=VERTEX_POINT('',#2953);
#1980=VERTEX_POINT('',#2954);
#1981=VERTEX_POINT('',#2955);
#1982=VERTEX_POINT('',#2956);
#1983=VERTEX_POINT('',#2957);
#1984=VERTEX_POINT('',#2958);
#1985=VERTEX_POINT('',#2959);
#1986=VERTEX_POINT('',#2960);
#1987=VERTEX_POINT('',#2961);
#1988=VERTEX_POINT('',#2962);
#1989=VERTEX_POINT('',#2963);
#1990=VERTEX_POINT('',#2964);
#1991=VERTEX_POINT('',#2965);
#1992=VERTEX_POINT('',#2966);
#1993=VERTEX_POINT('',#2967);
#1994=VERTEX_POINT('',#2968);
#1995=VERTEX_POINT('',#2969);
#1996=VERTEX_POINT('',#2970);
#1997=VERTEX_POINT('',#2971);
#1998=VERTEX_POINT('',#2972);
#1999=VERTEX_POINT('',#2973);
#2000=VERTEX_POINT('',#2974);
#2001=VERTEX_POINT('',#2975);
#2002=VERTEX_POINT('',#2976);
#2003=VERTEX_POINT('',#2977);
#2004=VERTEX_POINT('',#2978);
#2005=VERTEX_POINT('',#2979);
#2006=VERTEX_POINT('',#2980);
#2007=VERTEX_POINT('',#2981);
#2008=VERTEX_POINT('',#2982);
#2009=VERTEX_POINT('',#2983);
#2010=VERTEX_POINT('',#2984);
#2011=VERTEX_POINT('',#2985);
#2012=VERTEX_POINT('',#2986);
#2013=VERTEX_POINT('',#2987);
#2014=VERTEX_POINT('',#2988);
#2015=VERTEX_POINT('',#2989);
#2016=VERTEX_POINT('',#2990);
#2017=VERTEX_POINT('',#2991);
#2018=VERTEX_POINT('',#2992);
#2019=VERTEX_POINT('',#2993);
#2020=VERTEX_POINT('',#2994);
#2021=VERTEX_POINT('',#2995);
#2022=VERTEX_POINT('',#2996);
#2023=VERTEX_POINT('',#2997);
#2024=VERTEX_POINT('',#2998);
#2025=VERTEX_POINT('',#2999);
#2026=VERTEX_POINT('',#3000);
#2027=VERTEX_POINT('',#3001);
#2028=VERTEX_POINT('',#3002);
#2029=VERTEX_POINT('',#3003);
#2030=VERTEX_POINT('',#3004);
#2031=VERTEX_POINT('',#3005);
#2032=VERTEX_POINT('',#3006);
#2033=VERTEX_POINT('',#3007);
#2034=VERTEX_POINT('',#3008);
#2035=VERTEX_POINT('',#3009);
#2036=VERTEX_POINT('',#3010);
#2037=VERTEX_POINT('',#3011);
#2038=VERTEX_POINT('',#3012);
#2039=VERTEX_POINT('',#3013);
#2040=VERTEX_POINT('',#3014);
#2041=VERTEX_POINT('',#3015);
#2042=VERTEX_POINT('',#3016);
#2043=VERTEX_POINT('',#3017);
#2044=VERTEX_POINT('',#3018);
#2045=VERTEX_POINT('',#3019);
#2046=VERTEX_POINT('',#3020);
#2047=VERTEX_POINT('',#3021);
#2048=VERTEX_POINT('',#3022);
#2049=VERTEX_POINT('',#3023);
#2050=VERTEX_POINT('',#3024);
#2051=VERTEX_POINT('',#3025);
#2052=VERTEX_POINT('',#3026);
#2053=VERTEX_POINT('',#3027);
#2054=VERTEX_POINT('',#3028);
#2055=VERTEX_POINT('',#3029);
#2056=VERTEX_POINT('',#3030);
#2057=VERTEX_POINT('',#3031);
#2058=VERTEX_POINT('',#3032);
#2059=VERTEX_POINT('',#3033);
#2060=VERTEX_POINT('',#3034);
#2061=VERTEX_POINT('',#3035);
#2062=VERTEX_POINT('',#3036);
#2063=VERTEX_POINT('',#3037);
#2064=VERTEX_POINT('',#3038);
#2065=VERTEX_POINT('',#3039);
#2066=VERTEX_POINT('',#3040);
#2067=VERTEX_POINT('',#3041);
#2068=VERTEX_POINT('',#3042);
#2069=VERTEX_POINT('',#3043);
#2070=VERTEX_POINT('',#3044);
#2071=VERTEX_POINT('',#3045);
#2072=VERTEX_POINT('',#3046);
#2073=VERTEX_POINT('',#3047);
#2074=VERTEX_POINT('',#3048);
#2075=VERTEX_POINT('',#3049);
#2076=VERTEX_POINT('',#3050);
#2077=VERTEX_POINT('',#3051);
#2078=VERTEX_POINT('',#3052);
#2079=VERTEX_POINT('',#3053);
#2080=VERTEX_POINT('',#3054);
#2081=VERTEX_POINT('',#3055);
#2082=VERTEX_POINT('',#3056);
#2083=VERTEX_POINT('',#3057);
#2084=VERTEX_POINT('',#3058);
#2085=VERTEX_POINT('',#3059);
#2086=VERTEX_POINT('',#3060);
#2087=VERTEX_POINT('',#3061);
#2088=VERTEX_POINT('',#3062);
#2089=VERTEX_POINT('',#3063);
#2090=VERTEX_POINT('',#3064);
#2091=VERTEX_POINT('',#3065);
#2092=VERTEX_POINT('',#3066);
#2093=VERTEX_POINT('',#3067);
#2094=VERTEX_POINT('',#3068);
#2095=VERTEX_POINT('',#3069);
#2096=(
BOUNDED_SURFACE()
B_SPLINE_SURFACE(2,2,((#2684,#2685,#2686,#2687,#2688),(#2689,#2690,#2691,
#2692,#2693),(#2694,#2695,#2696,#2697,#2698)),.UNSPECIFIED.,.F.,.F.,.F.)
B_SPLINE_SURFACE_WITH_KNOTS((3,3),(3,2,3),(0.,3.14159265358979),(0.,3.14159265358979,
6.28318530717959),.UNSPECIFIED.)
GEOMETRIC_REPRESENTATION_ITEM()
RATIONAL_B_SPLINE_SURFACE(((1.,0.707106781186547,1.,0.707106781186547,1.),
(0.707106781186548,0.5,0.707106781186548,0.5,0.707106781186548),(1.,0.707106781186547,
1.,0.707106781186547,1.)))
REPRESENTATION_ITEM('')
SURFACE()
);
#2097=(
BOUNDED_SURFACE()
B_SPLINE_SURFACE(2,2,((#2719,#2720,#2721),(#2722,#2723,#2724),(#2725,#2726,
#2727),(#2728,#2729,#2730),(#2731,#2732,#2733)),.UNSPECIFIED.,.F.,.F.,.F.)
B_SPLINE_SURFACE_WITH_KNOTS((3,2,3),(3,3),(3.30790789500691,12.0548835622133,
12.1985861955738),(-1.37451762884169,33.2336688376272),.UNSPECIFIED.)
GEOMETRIC_REPRESENTATION_ITEM()
RATIONAL_B_SPLINE_SURFACE(((0.996022443346082,0.994737868678142,0.996000533450296),
(0.893597740224271,0.892957207994382,0.893610881372533),(1.00017421923286,
1.00015363778018,1.00017422810349),(1.00008710582233,1.00007681509599,1.00008711025765),
(1.,1.,1.)))
REPRESENTATION_ITEM('')
SURFACE()
);
#2098=(
BOUNDED_SURFACE()
B_SPLINE_SURFACE(2,2,((#2734,#2735,#2736),(#2737,#2738,#2739),(#2740,#2741,
#2742)),.UNSPECIFIED.,.F.,.F.,.F.)
B_SPLINE_SURFACE_WITH_KNOTS((3,3),(3,3),(1.89020104178297,3.30689662153648),
(-1.38197410509711,33.2134884406118),.UNSPECIFIED.)
GEOMETRIC_REPRESENTATION_ITEM()
RATIONAL_B_SPLINE_SURFACE(((0.997726495081896,0.996160720690064,0.997546197046701),
(0.889164293391155,0.887795454283089,0.889175068694454),(0.995870548011636,
0.994673764402612,0.99602263708398)))
REPRESENTATION_ITEM('')
SURFACE()
);
#2099=(
BOUNDED_SURFACE()
B_SPLINE_SURFACE(1,2,((#2748,#2749,#2750),(#2751,#2752,#2753)),
 .UNSPECIFIED.,.F.,.F.,.F.)
B_SPLINE_SURFACE_WITH_KNOTS((2,2),(3,3),(-4.32986979603811E-15,14.5),(0.,
1.89547344101829),.UNSPECIFIED.)
GEOMETRIC_REPRESENTATION_ITEM()
RATIONAL_B_SPLINE_SURFACE(((1.,0.726042239057099,0.999944964243998),(1.,
0.726082199539871,1.)))
REPRESENTATION_ITEM('')
SURFACE()
);
#2100=(
BOUNDED_SURFACE()
B_SPLINE_SURFACE(1,2,((#2754,#2755,#2756),(#2757,#2758,#2759)),
 .UNSPECIFIED.,.F.,.F.,.F.)
B_SPLINE_SURFACE_WITH_KNOTS((2,2),(3,3),(0.,14.5),(0.,1.89547344101828),
 .UNSPECIFIED.)
GEOMETRIC_REPRESENTATION_ITEM()
RATIONAL_B_SPLINE_SURFACE(((1.,0.726082199539874,1.),(1.,0.726042239057101,
1.)))
REPRESENTATION_ITEM('')
SURFACE()
);
#2101=(
BOUNDED_SURFACE()
B_SPLINE_SURFACE(3,1,((#2809,#2810),(#2811,#2812),(#2813,#2814),(#2815,
#2816),(#2817,#2818),(#2819,#2820),(#2821,#2822),(#2823,#2824),(#2825,#2826),
(#2827,#2828),(#2829,#2830),(#2831,#2832),(#2833,#2834)),.UNSPECIFIED.,
 .F.,.F.,.F.)
B_SPLINE_SURFACE_WITH_KNOTS((4,3,3,3,4),(2,2),(11.7269740549024,11.7269954478706,
11.7959772486657,11.8654213965639,11.8654448682044),(0.,1.),
 .UNSPECIFIED.)
GEOMETRIC_REPRESENTATION_ITEM()
RATIONAL_B_SPLINE_SURFACE(((0.999997793507674,1.),(0.999998528999208,1.),
(0.99999926449665,1.),(1.,1.),(0.999836688315285,1.),(0.999754759739798,
1.),(0.99975421427354,1.),(0.999753665151321,1.),(0.999835593726808,1.),
(1.,1.),(0.999998849591898,1.),(0.999997699190793,1.),(0.999996548796688,
1.)))
REPRESENTATION_ITEM('')
SURFACE()
);
#2102=CYLINDRICAL_SURFACE('',#2315,0.199999999999999);
#2103=CYLINDRICAL_SURFACE('',#2317,0.199999999999999);
#2104=CYLINDRICAL_SURFACE('',#2319,0.199999999999996);
#2105=CYLINDRICAL_SURFACE('',#2321,0.200000000000001);
#2106=CYLINDRICAL_SURFACE('',#2322,1.00000031839992);
#2107=CYLINDRICAL_SURFACE('',#2327,1.24999999999999);
#2108=CYLINDRICAL_SURFACE('',#2328,1.24999999999999);
#2109=CYLINDRICAL_SURFACE('',#2331,0.800000000000023);
#2110=CYLINDRICAL_SURFACE('',#2332,0.799999999999985);
#2111=CYLINDRICAL_SURFACE('',#2336,0.800000000000022);
#2112=CYLINDRICAL_SURFACE('',#2337,0.800000000000031);
#2113=CYLINDRICAL_SURFACE('',#2348,2.10000000000011);
#2114=CYLINDRICAL_SURFACE('',#2349,2.10000000000004);
#2115=CYLINDRICAL_SURFACE('',#2352,2.5024508207446);
#2116=CYLINDRICAL_SURFACE('',#2354,2.10000000000002);
#2117=CYLINDRICAL_SURFACE('',#2355,2.09999999999997);
#2118=CYLINDRICAL_SURFACE('',#2370,292.660000000005);
#2119=CYLINDRICAL_SURFACE('',#2374,398.026614743954);
#2120=CYLINDRICAL_SURFACE('',#2379,1.25);
#2121=CYLINDRICAL_SURFACE('',#2380,1.24999999999999);
#2122=CYLINDRICAL_SURFACE('',#2386,10.1);
#2123=CYLINDRICAL_SURFACE('',#2394,10.1);
#2124=CYLINDRICAL_SURFACE('',#2395,10.1);
#2125=CYLINDRICAL_SURFACE('',#2409,3.);
#2126=CYLINDRICAL_SURFACE('',#2428,1.00000000000001);
#2127=CYLINDRICAL_SURFACE('',#2429,0.999999999999993);
#2128=PLANE('',#2310);
#2129=PLANE('',#2311);
#2130=PLANE('',#2312);
#2131=PLANE('',#2313);
#2132=PLANE('',#2314);
#2133=PLANE('',#2316);
#2134=PLANE('',#2318);
#2135=PLANE('',#2320);
#2136=PLANE('',#2323);
#2137=PLANE('',#2324);
#2138=PLANE('',#2325);
#2139=PLANE('',#2326);
#2140=PLANE('',#2329);
#2141=PLANE('',#2330);
#2142=PLANE('',#2333);
#2143=PLANE('',#2334);
#2144=PLANE('',#2335);
#2145=PLANE('',#2338);
#2146=PLANE('',#2339);
#2147=PLANE('',#2340);
#2148=PLANE('',#2341);
#2149=PLANE('',#2342);
#2150=PLANE('',#2343);
#2151=PLANE('',#2344);
#2152=PLANE('',#2345);
#2153=PLANE('',#2346);
#2154=PLANE('',#2347);
#2155=PLANE('',#2350);
#2156=PLANE('',#2351);
#2157=PLANE('',#2353);
#2158=PLANE('',#2356);
#2159=PLANE('',#2357);
#2160=PLANE('',#2358);
#2161=PLANE('',#2359);
#2162=PLANE('',#2360);
#2163=PLANE('',#2361);
#2164=PLANE('',#2362);
#2165=PLANE('',#2363);
#2166=PLANE('',#2364);
#2167=PLANE('',#2365);
#2168=PLANE('',#2366);
#2169=PLANE('',#2367);
#2170=PLANE('',#2368);
#2171=PLANE('',#2369);
#2172=PLANE('',#2371);
#2173=PLANE('',#2372);
#2174=PLANE('',#2373);
#2175=PLANE('',#2375);
#2176=PLANE('',#2376);
#2177=PLANE('',#2377);
#2178=PLANE('',#2378);
#2179=PLANE('',#2381);
#2180=PLANE('',#2382);
#2181=PLANE('',#2383);
#2182=PLANE('',#2384);
#2183=PLANE('',#2385);
#2184=PLANE('',#2387);
#2185=PLANE('',#2388);
#2186=PLANE('',#2389);
#2187=PLANE('',#2390);
#2188=PLANE('',#2391);
#2189=PLANE('',#2392);
#2190=PLANE('',#2393);
#2191=PLANE('',#2396);
#2192=PLANE('',#2397);
#2193=PLANE('',#2398);
#2194=PLANE('',#2399);
#2195=PLANE('',#2400);
#2196=PLANE('',#2401);
#2197=PLANE('',#2402);
#2198=PLANE('',#2403);
#2199=PLANE('',#2404);
#2200=PLANE('',#2405);
#2201=PLANE('',#2406);
#2202=PLANE('',#2407);
#2203=PLANE('',#2408);
#2204=PLANE('',#2410);
#2205=PLANE('',#2411);
#2206=PLANE('',#2412);
#2207=PLANE('',#2413);
#2208=PLANE('',#2414);
#2209=PLANE('',#2415);
#2210=PLANE('',#2416);
#2211=PLANE('',#2417);
#2212=PLANE('',#2418);
#2213=PLANE('',#2419);
#2214=PLANE('',#2420);
#2215=PLANE('',#2421);
#2216=PLANE('',#2422);
#2217=PLANE('',#2423);
#2218=PLANE('',#2424);
#2219=PLANE('',#2425);
#2220=PLANE('',#2426);
#2221=PLANE('',#2427);
#2222=SHAPE_DEFINITION_REPRESENTATION(#2223,#2308);
#2223=PRODUCT_DEFINITION_SHAPE($,$,#2225);
#2224=PRODUCT_DEFINITION_CONTEXT('3D Mechanical Parts',#2297,'design');
#2225=PRODUCT_DEFINITION('A','First version',#2267,#2224);
#2226=DATE_TIME_ROLE('classification_date');
#2227=DATE_TIME_ROLE('creation_date');
#2228=APPLIED_DATE_AND_TIME_ASSIGNMENT(#2252,#2226,(#2231));
#2229=APPLIED_DATE_AND_TIME_ASSIGNMENT(#2254,#2227,(#2225));
#2230=SECURITY_CLASSIFICATION_LEVEL('unclassified');
#2231=SECURITY_CLASSIFICATION('A','Security for version',#2230);
#2232=APPLIED_SECURITY_CLASSIFICATION_ASSIGNMENT(#2231,(#2267));
#2233=APPROVAL_ROLE('Version approval');
#2234=APPROVAL_ROLE('Version Security approval');
#2235=APPROVAL_ROLE('Definition approval');
#2236=APPROVAL_PERSON_ORGANIZATION(#2285,#2261,#2233);
#2237=APPROVAL_PERSON_ORGANIZATION(#2286,#2262,#2234);
#2238=APPROVAL_PERSON_ORGANIZATION(#2289,#2263,#2235);
#2239=COORDINATED_UNIVERSAL_TIME_OFFSET(5,0,.BEHIND.);
#2240=LOCAL_TIME(0,0,0.,#2239);
#2241=LOCAL_TIME(0,0,0.,#2239);
#2242=LOCAL_TIME(0,0,0.,#2239);
#2243=LOCAL_TIME(0,0,0.,#2239);
#2244=LOCAL_TIME(0,0,0.,#2239);
#2245=CALENDAR_DATE(1999,1,1);
#2246=CALENDAR_DATE(1999,1,1);
#2247=CALENDAR_DATE(1999,1,1);
#2248=CALENDAR_DATE(1999,1,1);
#2249=CALENDAR_DATE(1999,1,1);
#2250=DATE_AND_TIME(#2245,#2240);
#2251=DATE_AND_TIME(#2246,#2241);
#2252=DATE_AND_TIME(#2247,#2242);
#2253=DATE_AND_TIME(#2248,#2243);
#2254=DATE_AND_TIME(#2249,#2244);
#2255=APPROVAL_DATE_TIME(#2250,#2261);
#2256=APPROVAL_DATE_TIME(#2251,#2262);
#2257=APPROVAL_DATE_TIME(#2253,#2263);
#2258=APPROVAL_STATUS('not_yet_approved');
#2259=APPROVAL_STATUS('not_yet_approved');
#2260=APPROVAL_STATUS('approved');
#2261=APPROVAL(#2258,'Version approval');
#2262=APPROVAL(#2259,'Version Security approval');
#2263=APPROVAL(#2260,'Definition approval');
#2264=APPLIED_APPROVAL_ASSIGNMENT(#2261,(#2267));
#2265=APPLIED_APPROVAL_ASSIGNMENT(#2262,(#2231));
#2266=APPLIED_APPROVAL_ASSIGNMENT(#2263,(#2225));
#2267=PRODUCT_DEFINITION_FORMATION_WITH_SPECIFIED_SOURCE('A',
'First version',#2299,.MADE.);
#2268=PERSON_AND_ORGANIZATION_ROLE('design_owner');
#2269=PERSON_AND_ORGANIZATION_ROLE('creator');
#2270=PERSON_AND_ORGANIZATION_ROLE('design_supplier');
#2271=PERSON_AND_ORGANIZATION_ROLE('classification_officer');
#2272=PERSON_AND_ORGANIZATION_ROLE('creator');
#2273=ORGANIZATION('STI','lab','lab');
#2274=ORGANIZATION('STI','unknown','unknown');
#2275=ORGANIZATION('STI','unknown','unknown');
#2276=ORGANIZATION('STI','unknown','unknown');
#2277=ORGANIZATION('STI','unknown','unknown');
#2278=ORGANIZATION('STI','unknown','unknown');
#2279=ORGANIZATION('STI','unknown','unknown');
#2280=PERSON('1','Box','vc60',$,$,$);
#2281=PERSON('2','last','first',$,$,$);
#2282=PERSON('3','President','Mr.',$,$,$);
#2283=PERSON_AND_ORGANIZATION(#2280,#2273);
#2284=PERSON_AND_ORGANIZATION(#2281,#2274);
#2285=PERSON_AND_ORGANIZATION(#2282,#2275);
#2286=PERSON_AND_ORGANIZATION(#2282,#2276);
#2287=PERSON_AND_ORGANIZATION(#2282,#2277);
#2288=PERSON_AND_ORGANIZATION(#2281,#2278);
#2289=PERSON_AND_ORGANIZATION(#2282,#2279);
#2290=APPLIED_PERSON_AND_ORGANIZATION_ASSIGNMENT(#2283,#2268,(#2299));
#2291=APPLIED_PERSON_AND_ORGANIZATION_ASSIGNMENT(#2284,#2269,(#2267));
#2292=APPLIED_PERSON_AND_ORGANIZATION_ASSIGNMENT(#2284,#2270,(#2267));
#2293=APPLIED_PERSON_AND_ORGANIZATION_ASSIGNMENT(#2287,#2271,(#2231));
#2294=APPLIED_PERSON_AND_ORGANIZATION_ASSIGNMENT(#2288,#2272,(#2225));
#2295=PRODUCT_RELATED_PRODUCT_CATEGORY('detail','detail',(#2299));
#2296=APPLICATION_PROTOCOL_DEFINITION('International Standard',
'config_control_design',1994,#2297);
#2297=APPLICATION_CONTEXT(
'configuration controlled 3d designs of mechanical parts and assemblie
s');
#2298=PRODUCT_CONTEXT('3D Mechanical Parts',#2297,'mechanical');
#2299=PRODUCT('Document','Document','',(#2298));
#2300=(
LENGTH_UNIT()
NAMED_UNIT(*)
SI_UNIT(.MILLI.,.METRE.)
);
#2301=(
NAMED_UNIT(*)
PLANE_ANGLE_UNIT()
SI_UNIT($,.RADIAN.)
);
#2302=DIMENSIONAL_EXPONENTS(0.,0.,0.,0.,0.,0.,0.);
#2303=PLANE_ANGLE_MEASURE_WITH_UNIT(PLANE_ANGLE_MEASURE(0.01745329252),
#2301);
#2304=(
CONVERSION_BASED_UNIT('DEGREES',#2303)
NAMED_UNIT(#2302)
PLANE_ANGLE_UNIT()
);
#2305=(
NAMED_UNIT(*)
SI_UNIT($,.STERADIAN.)
SOLID_ANGLE_UNIT()
);
#2306=UNCERTAINTY_MEASURE_WITH_UNIT(LENGTH_MEASURE(0.001),#2300,
'DISTANCE_ACCURACY_VALUE',
'Maximum model space distance between geometric entities at asserted c
onnectivities');
#2307=(
GEOMETRIC_REPRESENTATION_CONTEXT(3)
GLOBAL_UNCERTAINTY_ASSIGNED_CONTEXT((#2306))
GLOBAL_UNIT_ASSIGNED_CONTEXT((#2305,#2304,#2300))
REPRESENTATION_CONTEXT('ID1','3D')
);
#2308=SHAPE_REPRESENTATION('Document',(#2309,#2458),#2307);
#2309=AXIS2_PLACEMENT_3D($,#2639,#2459,#2460);
#2310=AXIS2_PLACEMENT_3D('',#2640,#2461,$);
#2311=AXIS2_PLACEMENT_3D('',#2641,#2462,$);
#2312=AXIS2_PLACEMENT_3D('',#2642,#2463,$);
#2313=AXIS2_PLACEMENT_3D('',#2643,#2464,$);
#2314=AXIS2_PLACEMENT_3D('',#2644,#2465,$);
#2315=AXIS2_PLACEMENT_3D('',#2645,#2466,$);
#2316=AXIS2_PLACEMENT_3D('',#2646,#2467,$);
#2317=AXIS2_PLACEMENT_3D('',#2647,#2468,$);
#2318=AXIS2_PLACEMENT_3D('',#2648,#2469,$);
#2319=AXIS2_PLACEMENT_3D('',#2649,#2470,$);
#2320=AXIS2_PLACEMENT_3D('',#2650,#2471,$);
#2321=AXIS2_PLACEMENT_3D('',#2651,#2472,$);
#2322=AXIS2_PLACEMENT_3D('',#2652,#2473,$);
#2323=AXIS2_PLACEMENT_3D('',#2653,#2474,$);
#2324=AXIS2_PLACEMENT_3D('',#2654,#2475,$);
#2325=AXIS2_PLACEMENT_3D('',#2655,#2476,$);
#2326=AXIS2_PLACEMENT_3D('',#2656,#2477,$);
#2327=AXIS2_PLACEMENT_3D('',#2657,#2478,$);
#2328=AXIS2_PLACEMENT_3D('',#2658,#2479,$);
#2329=AXIS2_PLACEMENT_3D('',#2659,#2480,$);
#2330=AXIS2_PLACEMENT_3D('',#2660,#2481,$);
#2331=AXIS2_PLACEMENT_3D('',#2661,#2482,$);
#2332=AXIS2_PLACEMENT_3D('',#2662,#2483,$);
#2333=AXIS2_PLACEMENT_3D('',#2663,#2484,$);
#2334=AXIS2_PLACEMENT_3D('',#2664,#2485,$);
#2335=AXIS2_PLACEMENT_3D('',#2665,#2486,$);
#2336=AXIS2_PLACEMENT_3D('',#2666,#2487,$);
#2337=AXIS2_PLACEMENT_3D('',#2667,#2488,$);
#2338=AXIS2_PLACEMENT_3D('',#2668,#2489,$);
#2339=AXIS2_PLACEMENT_3D('',#2669,#2490,$);
#2340=AXIS2_PLACEMENT_3D('',#2670,#2491,$);
#2341=AXIS2_PLACEMENT_3D('',#2671,#2492,$);
#2342=AXIS2_PLACEMENT_3D('',#2672,#2493,$);
#2343=AXIS2_PLACEMENT_3D('',#2673,#2494,$);
#2344=AXIS2_PLACEMENT_3D('',#2674,#2495,$);
#2345=AXIS2_PLACEMENT_3D('',#2675,#2496,$);
#2346=AXIS2_PLACEMENT_3D('',#2676,#2497,$);
#2347=AXIS2_PLACEMENT_3D('',#2677,#2498,$);
#2348=AXIS2_PLACEMENT_3D('',#2678,#2499,$);
#2349=AXIS2_PLACEMENT_3D('',#2679,#2500,$);
#2350=AXIS2_PLACEMENT_3D('',#2680,#2501,$);
#2351=AXIS2_PLACEMENT_3D('',#2681,#2502,$);
#2352=AXIS2_PLACEMENT_3D('',#2682,#2503,$);
#2353=AXIS2_PLACEMENT_3D('',#2683,#2504,$);
#2354=AXIS2_PLACEMENT_3D('',#2699,#2505,$);
#2355=AXIS2_PLACEMENT_3D('',#2700,#2506,$);
#2356=AXIS2_PLACEMENT_3D('',#2701,#2507,$);
#2357=AXIS2_PLACEMENT_3D('',#2702,#2508,$);
#2358=AXIS2_PLACEMENT_3D('',#2703,#2509,$);
#2359=AXIS2_PLACEMENT_3D('',#2704,#2510,$);
#2360=AXIS2_PLACEMENT_3D('',#2705,#2511,$);
#2361=AXIS2_PLACEMENT_3D('',#2706,#2512,$);
#2362=AXIS2_PLACEMENT_3D('',#2707,#2513,$);
#2363=AXIS2_PLACEMENT_3D('',#2708,#2514,$);
#2364=AXIS2_PLACEMENT_3D('',#2709,#2515,$);
#2365=AXIS2_PLACEMENT_3D('',#2710,#2516,$);
#2366=AXIS2_PLACEMENT_3D('',#2711,#2517,$);
#2367=AXIS2_PLACEMENT_3D('',#2712,#2518,$);
#2368=AXIS2_PLACEMENT_3D('',#2713,#2519,$);
#2369=AXIS2_PLACEMENT_3D('',#2714,#2520,$);
#2370=AXIS2_PLACEMENT_3D('',#2715,#2521,$);
#2371=AXIS2_PLACEMENT_3D('',#2716,#2522,$);
#2372=AXIS2_PLACEMENT_3D('',#2717,#2523,$);
#2373=AXIS2_PLACEMENT_3D('',#2718,#2524,$);
#2374=AXIS2_PLACEMENT_3D('',#2743,#2525,$);
#2375=AXIS2_PLACEMENT_3D('',#2744,#2526,$);
#2376=AXIS2_PLACEMENT_3D('',#2745,#2527,$);
#2377=AXIS2_PLACEMENT_3D('',#2746,#2528,$);
#2378=AXIS2_PLACEMENT_3D('',#2747,#2529,$);
#2379=AXIS2_PLACEMENT_3D('',#2760,#2530,$);
#2380=AXIS2_PLACEMENT_3D('',#2761,#2531,$);
#2381=AXIS2_PLACEMENT_3D('',#2762,#2532,$);
#2382=AXIS2_PLACEMENT_3D('',#2763,#2533,$);
#2383=AXIS2_PLACEMENT_3D('',#2764,#2534,$);
#2384=AXIS2_PLACEMENT_3D('',#2765,#2535,$);
#2385=AXIS2_PLACEMENT_3D('',#2766,#2536,$);
#2386=AXIS2_PLACEMENT_3D('',#2767,#2537,$);
#2387=AXIS2_PLACEMENT_3D('',#2768,#2538,$);
#2388=AXIS2_PLACEMENT_3D('',#2769,#2539,$);
#2389=AXIS2_PLACEMENT_3D('',#2770,#2540,$);
#2390=AXIS2_PLACEMENT_3D('',#2771,#2541,$);
#2391=AXIS2_PLACEMENT_3D('',#2772,#2542,$);
#2392=AXIS2_PLACEMENT_3D('',#2773,#2543,$);
#2393=AXIS2_PLACEMENT_3D('',#2774,#2544,$);
#2394=AXIS2_PLACEMENT_3D('',#2775,#2545,$);
#2395=AXIS2_PLACEMENT_3D('',#2776,#2546,$);
#2396=AXIS2_PLACEMENT_3D('',#2777,#2547,$);
#2397=AXIS2_PLACEMENT_3D('',#2778,#2548,$);
#2398=AXIS2_PLACEMENT_3D('',#2779,#2549,$);
#2399=AXIS2_PLACEMENT_3D('',#2780,#2550,$);
#2400=AXIS2_PLACEMENT_3D('',#2781,#2551,$);
#2401=AXIS2_PLACEMENT_3D('',#2782,#2552,$);
#2402=AXIS2_PLACEMENT_3D('',#2783,#2553,$);
#2403=AXIS2_PLACEMENT_3D('',#2784,#2554,$);
#2404=AXIS2_PLACEMENT_3D('',#2785,#2555,$);
#2405=AXIS2_PLACEMENT_3D('',#2786,#2556,$);
#2406=AXIS2_PLACEMENT_3D('',#2787,#2557,$);
#2407=AXIS2_PLACEMENT_3D('',#2788,#2558,$);
#2408=AXIS2_PLACEMENT_3D('',#2789,#2559,$);
#2409=AXIS2_PLACEMENT_3D('',#2790,#2560,$);
#2410=AXIS2_PLACEMENT_3D('',#2791,#2561,$);
#2411=AXIS2_PLACEMENT_3D('',#2792,#2562,$);
#2412=AXIS2_PLACEMENT_3D('',#2793,#2563,$);
#2413=AXIS2_PLACEMENT_3D('',#2794,#2564,$);
#2414=AXIS2_PLACEMENT_3D('',#2795,#2565,$);
#2415=AXIS2_PLACEMENT_3D('',#2796,#2566,$);
#2416=AXIS2_PLACEMENT_3D('',#2797,#2567,$);
#2417=AXIS2_PLACEMENT_3D('',#2798,#2568,$);
#2418=AXIS2_PLACEMENT_3D('',#2799,#2569,$);
#2419=AXIS2_PLACEMENT_3D('',#2800,#2570,$);
#2420=AXIS2_PLACEMENT_3D('',#2801,#2571,$);
#2421=AXIS2_PLACEMENT_3D('',#2802,#2572,$);
#2422=AXIS2_PLACEMENT_3D('',#2803,#2573,$);
#2423=AXIS2_PLACEMENT_3D('',#2804,#2574,$);
#2424=AXIS2_PLACEMENT_3D('',#2805,#2575,$);
#2425=AXIS2_PLACEMENT_3D('',#2806,#2576,$);
#2426=AXIS2_PLACEMENT_3D('',#2807,#2577,$);
#2427=AXIS2_PLACEMENT_3D('',#2808,#2578,$);
#2428=AXIS2_PLACEMENT_3D('',#2835,#2579,$);
#2429=AXIS2_PLACEMENT_3D('',#2836,#2580,$);
#2430=AXIS2_PLACEMENT_3D($,#3278,#2581,#2582);
#2431=AXIS2_PLACEMENT_3D($,#3281,#2583,#2584);
#2432=AXIS2_PLACEMENT_3D($,#3300,#2585,#2586);
#2433=AXIS2_PLACEMENT_3D($,#3305,#2587,#2588);
#2434=AXIS2_PLACEMENT_3D($,#3310,#2589,#2590);
#2435=AXIS2_PLACEMENT_3D($,#3315,#2591,#2592);
#2436=AXIS2_PLACEMENT_3D($,#3402,#2593,#2594);
#2437=AXIS2_PLACEMENT_3D($,#3407,#2595,#2596);
#2438=AXIS2_PLACEMENT_3D($,#3412,#2597,#2598);
#2439=AXIS2_PLACEMENT_3D($,#3417,#2599,#2600);
#2440=AXIS2_PLACEMENT_3D($,#3440,#2601,#2602);
#2441=AXIS2_PLACEMENT_3D($,#3441,#2603,#2604);
#2442=AXIS2_PLACEMENT_3D($,#3471,#2605,#2606);
#2443=AXIS2_PLACEMENT_3D($,#3528,#2607,#2608);
#2444=AXIS2_PLACEMENT_3D($,#3710,#2609,#2610);
#2445=AXIS2_PLACEMENT_3D($,#3713,#2611,#2612);
#2446=AXIS2_PLACEMENT_3D($,#3748,#2613,#2614);
#2447=AXIS2_PLACEMENT_3D($,#3753,#2615,#2616);
#2448=AXIS2_PLACEMENT_3D($,#3758,#2617,#2618);
#2449=AXIS2_PLACEMENT_3D($,#3795,#2619,#2620);
#2450=AXIS2_PLACEMENT_3D($,#3800,#2621,#2622);
#2451=AXIS2_PLACEMENT_3D($,#3805,#2623,#2624);
#2452=AXIS2_PLACEMENT_3D($,#3808,#2625,#2626);
#2453=AXIS2_PLACEMENT_3D($,#3870,#2627,#2628);
#2454=AXIS2_PLACEMENT_3D($,#3873,#2629,#2630);
#2455=AXIS2_PLACEMENT_3D($,#4062,#2631,#2632);
#2456=AXIS2_PLACEMENT_3D($,#4146,#2633,#2634);
#2457=AXIS2_PLACEMENT_3D($,#4149,#2635,#2636);
#2458=AXIS2_PLACEMENT_3D($,#4152,#2637,#2638);
#2459=DIRECTION('',(0.,0.,1.));
#2460=DIRECTION('',(1.,0.,0.));
#2461=DIRECTION('',(0.,0.,1.));
#2462=DIRECTION('',(0.,0.,-1.));
#2463=DIRECTION('',(-1.,0.,0.));
#2464=DIRECTION('',(1.,0.,0.));
#2465=DIRECTION('',(0.,0.0574401985928669,-0.998348948807786));
#2466=DIRECTION('',(-1.,-9.46715711406414E-14,8.93811902138878E-14));
#2467=DIRECTION('',(0.,0.0574401985928669,-0.998348948807786));
#2468=DIRECTION('',(-1.,-1.89343142281283E-13,1.78762380427776E-13));
#2469=DIRECTION('',(5.54194994788363E-17,0.0574401985928669,0.998348948807786));
#2470=DIRECTION('',(1.,9.46715711406413E-14,8.93811902138876E-14));
#2471=DIRECTION('',(2.77097497394182E-17,0.0574401985928669,0.998348948807786));
#2472=DIRECTION('',(1.,1.89343142281283E-13,1.78762380427776E-13));
#2473=DIRECTION('',(-1.,0.,0.));
#2474=DIRECTION('',(-1.,0.,0.));
#2475=DIRECTION('',(1.,0.,0.));
#2476=DIRECTION('',(0.,-1.,0.));
#2477=DIRECTION('',(0.,0.,-1.));
#2478=DIRECTION('',(-8.57700954658861E-16,8.57700954658861E-16,-1.));
#2479=DIRECTION('',(-8.57700954658849E-16,-8.57700954658849E-16,1.));
#2480=DIRECTION('',(0.,0.,1.));
#2481=DIRECTION('',(0.965925826289069,0.25881904510252,-3.43165789576385E-15));
#2482=DIRECTION('',(4.08826445550679E-16,5.32792996930126E-16,1.));
#2483=DIRECTION('',(4.08826445550642E-16,-5.32792996930081E-16,1.));
#2484=DIRECTION('',(-0.965925826289067,0.258819045102527,1.14938745233729E-16));
#2485=DIRECTION('',(0.,1.,0.));
#2486=DIRECTION('',(0.965925826289067,0.258819045102527,-1.71582894788192E-15));
#2487=DIRECTION('',(4.08826445550675E-16,5.32792996930119E-16,1.));
#2488=DIRECTION('',(4.08826445550663E-16,-5.32792996930109E-16,1.));
#2489=DIRECTION('',(-0.965925826289069,0.25881904510252,-1.71582894788193E-15));
#2490=DIRECTION('',(0.,1.,0.));
#2491=DIRECTION('',(0.,1.,0.));
#2492=DIRECTION('',(0.,1.,0.));
#2493=DIRECTION('',(-1.,0.,0.));
#2494=DIRECTION('',(0.,-1.,0.));
#2495=DIRECTION('',(0.,-1.,0.));
#2496=DIRECTION('',(1.,0.,0.));
#2497=DIRECTION('',(0.,0.,-1.));
#2498=DIRECTION('',(0.,0.,-1.));
#2499=DIRECTION('',(6.02377848238619E-15,-1.,-2.76507849294337E-15));
#2500=DIRECTION('',(0.,1.,0.));
#2501=DIRECTION('',(0.,0.,1.));
#2502=DIRECTION('',(0.,0.,1.));
#2503=DIRECTION('',(0.,0.,-1.));
#2504=DIRECTION('',(0.,0.,-1.));
#2505=DIRECTION('',(2.88802933937836E-15,1.,-1.19626092090194E-15));
#2506=DIRECTION('',(2.8880293393783E-15,-1.,1.19626092090188E-15));
#2507=DIRECTION('',(0.,0.,1.));
#2508=DIRECTION('',(1.,0.,0.));
#2509=DIRECTION('',(0.,-1.,0.));
#2510=DIRECTION('',(-1.,0.,0.));
#2511=DIRECTION('',(1.,0.,0.));
#2512=DIRECTION('',(-1.,0.,0.));
#2513=DIRECTION('',(-1.,0.,0.));
#2514=DIRECTION('',(1.,0.,0.));
#2515=DIRECTION('',(0.,1.,0.));
#2516=DIRECTION('',(0.,1.,0.));
#2517=DIRECTION('',(0.,0.,1.));
#2518=DIRECTION('',(0.,0.,1.));
#2519=DIRECTION('',(0.,-1.,0.));
#2520=DIRECTION('',(0.,-1.,0.));
#2521=DIRECTION('',(0.,0.,-1.));
#2522=DIRECTION('',(0.,-0.0376204085410159,0.999292101870723));
#2523=DIRECTION('',(0.,-1.,0.));
#2524=DIRECTION('',(0.,0.,-1.));
#2525=DIRECTION('',(2.29886669683656E-5,-0.00106720881596687,0.99999943026827));
#2526=DIRECTION('',(-2.20114281867982E-9,-0.000182299845426643,-0.999999983383383));
#2527=DIRECTION('',(0.,0.,-1.));
#2528=DIRECTION('',(1.,0.,0.));
#2529=DIRECTION('',(-1.,0.,0.));
#2530=DIRECTION('',(-6.86160763727086E-15,-6.86160763727086E-15,-1.));
#2531=DIRECTION('',(0.,0.,1.));
#2532=DIRECTION('',(0.,0.,-1.));
#2533=DIRECTION('',(0.,0.,-1.));
#2534=DIRECTION('',(0.,0.,1.));
#2535=DIRECTION('',(0.,1.,0.));
#2536=DIRECTION('',(-1.,0.,0.));
#2537=DIRECTION('',(0.,0.,1.));
#2538=DIRECTION('',(1.,0.,0.));
#2539=DIRECTION('',(1.,0.,0.));
#2540=DIRECTION('',(-1.,0.,0.));
#2541=DIRECTION('',(1.,0.,0.));
#2542=DIRECTION('',(0.,1.,0.));
#2543=DIRECTION('',(1.,0.,0.));
#2544=DIRECTION('',(0.,-1.,0.));
#2545=DIRECTION('',(0.,0.,1.));
#2546=DIRECTION('',(0.,0.,1.));
#2547=DIRECTION('',(-1.,0.,0.));
#2548=DIRECTION('',(-1.,0.,0.));
#2549=DIRECTION('',(1.,0.,0.));
#2550=DIRECTION('',(0.,0.,1.));
#2551=DIRECTION('',(0.,-1.,0.));
#2552=DIRECTION('',(0.,0.,1.));
#2553=DIRECTION('',(0.,0.,1.));
#2554=DIRECTION('',(1.,0.,0.));
#2555=DIRECTION('',(0.,0.,1.));
#2556=DIRECTION('',(0.,0.,1.));
#2557=DIRECTION('',(-1.,0.,0.));
#2558=DIRECTION('',(1.,0.,0.));
#2559=DIRECTION('',(0.,-1.,0.));
#2560=DIRECTION('',(0.,-1.,0.));
#2561=DIRECTION('',(0.,-1.,0.));
#2562=DIRECTION('',(0.,0.,1.));
#2563=DIRECTION('',(-1.,0.,0.));
#2564=DIRECTION('',(0.,-1.,0.));
#2565=DIRECTION('',(1.,0.,0.));
#2566=DIRECTION('',(0.,1.,0.));
#2567=DIRECTION('',(-1.,0.,0.));
#2568=DIRECTION('',(0.,-1.,0.));
#2569=DIRECTION('',(0.,1.,0.));
#2570=DIRECTION('',(-1.,0.,0.));
#2571=DIRECTION('',(0.,1.,0.));
#2572=DIRECTION('',(0.,0.,1.));
#2573=DIRECTION('',(0.,1.,0.));
#2574=DIRECTION('',(0.,0.,1.));
#2575=DIRECTION('',(-1.,0.,0.));
#2576=DIRECTION('',(0.,-1.,0.));
#2577=DIRECTION('',(1.,0.,0.));
#2578=DIRECTION('',(0.,-1.,0.));
#2579=DIRECTION('',(1.71984280141623E-13,1.71096101721923E-13,1.));
#2580=DIRECTION('',(2.91434376810385E-13,-2.89658019970985E-13,-1.));
#2581=DIRECTION('',(-1.,0.,0.));
#2582=DIRECTION('',(0.,-0.000797997213006607,-0.999999681600173));
#2583=DIRECTION('',(-1.,0.,0.));
#2584=DIRECTION('',(0.,-0.000797997213006607,-0.999999681600173));
#2585=DIRECTION('',(3.13521718706928E-18,3.13521718706929E-18,-1.));
#2586=DIRECTION('',(-1.,-1.42108547152021E-15,-3.13521718706927E-18));
#2587=DIRECTION('',(-1.71540190931772E-15,1.71540190931772E-15,-1.));
#2588=DIRECTION('',(-1.,-1.42108547152021E-15,2.13162820728031E-15));
#2589=DIRECTION('',(-1.70164009330475E-17,1.70164009330479E-17,1.));
#2590=DIRECTION('',(1.,-1.42108547152022E-14,1.70164009330478E-17));
#2591=DIRECTION('',(-1.71540190931769E-15,-1.71540190931769E-15,1.));
#2592=DIRECTION('',(1.,-1.42108547152022E-14,1.42108547152022E-15));
#2593=DIRECTION('',(7.2260914006229E-15,-1.,-5.80243175925969E-15));
#2594=DIRECTION('',(1.0150610510858E-14,6.76707367390535E-15,-1.));
#2595=DIRECTION('',(5.45174971427E-15,-1.,-7.49420017773606E-15));
#2596=DIRECTION('',(6.76707367390536E-15,6.76707367390536E-15,-1.));
#2597=DIRECTION('',(1.22580267597232E-15,1.,3.06198953207074E-15));
#2598=DIRECTION('',(1.69176841847641E-14,1.69176841847641E-15,-1.));
#2599=DIRECTION('',(-1.77434168635286E-15,1.,1.69176841847644E-15));
#2600=DIRECTION('',(1.35341473478112E-14,1.6917684184764E-15,-1.));
#2601=DIRECTION('',(0.,0.,-1.));
#2602=DIRECTION('',(0.999999996255628,8.65375311005039E-5,0.));
#2603=DIRECTION('',(-1.46622385609444E-14,-4.11071254446424E-15,1.));
#2604=DIRECTION('',(0.838225342512938,-0.545324009345883,1.01153176524428E-14));
#2605=DIRECTION('',(-1.66167610747523E-7,1.82449530513141E-12,0.999999999999986));
#2606=DIRECTION('',(0.0313577004979639,0.999508226389098,5.2088106552409E-9));
#2607=DIRECTION('',(8.73815953361837E-17,2.54449020291257E-15,1.));
#2608=DIRECTION('',(0.0543907209773161,0.998519729134867,-2.54547641616907E-15));
#2609=DIRECTION('',(-5.02429586779012E-16,-1.21297232253871E-15,1.));
#2610=DIRECTION('',(-1.,6.59383658785797E-13,0.));
#2611=DIRECTION('',(-1.62919862050079E-15,-3.34460052981846E-15,1.));
#2612=DIRECTION('',(-5.68434188607673E-14,-1.,-3.55271367879796E-15));
#2613=DIRECTION('',(-1.73303106282949E-15,-1.09318924513999E-16,1.));
#2614=DIRECTION('',(-0.594059405941114,0.804421172156036,-8.79384573959906E-16));
#2615=DIRECTION('',(-3.7485222789947E-15,1.67300475493482E-15,1.));
#2616=DIRECTION('',(-0.594059405940587,0.804421172156425,-3.51753829584212E-15));
#2617=DIRECTION('',(-6.44178306923686E-16,-5.43713982828687E-16,1.));
#2618=DIRECTION('',(-1.,2.63815372188158E-15,-7.03507659168421E-16));
#2619=DIRECTION('',(7.32116764319532E-16,-3.69453122961033E-16,1.));
#2620=DIRECTION('',(0.594059405940548,-0.804421172156454,-7.03507659166826E-16));
#2621=DIRECTION('',(1.46423352863954E-15,-7.38906245921205E-16,1.));
#2622=DIRECTION('',(0.594059405940608,-0.80442117215641,-1.40701531833678E-15));
#2623=DIRECTION('',(-1.46423352863947E-15,-7.38906245921169E-16,1.));
#2624=DIRECTION('',(1.,-3.86929212542632E-15,1.40701531833684E-15));
#2625=DIRECTION('',(6.44178306923689E-16,5.43713982828689E-16,1.));
#2626=DIRECTION('',(1.,5.27630744376312E-16,-5.27630744376312E-16));
#2627=DIRECTION('',(-1.97074896924476E-16,-1.,-6.53073546435835E-16));
#2628=DIRECTION('',(-0.986188583963896,1.48029736616481E-16,0.165626316928458));
#2629=DIRECTION('',(-1.44209085489953E-15,1.,2.34037826196245E-16));
#2630=DIRECTION('',(1.,1.33226762955014E-15,-1.18423789293346E-14));
#2631=DIRECTION('',(2.28778367683812E-16,1.,6.22351114993121E-17));
#2632=DIRECTION('',(-0.986188583963636,2.96059473233376E-16,0.165626316930003));
#2633=DIRECTION('',(-2.84841915283209E-13,2.84070325315407E-13,1.));
#2634=DIRECTION('',(7.10542735760105E-15,1.,-2.84070325315409E-13));
#2635=DIRECTION('',(-2.86333887279996E-13,2.81892995181492E-13,1.));
#2636=DIRECTION('',(-7.1054273576009E-15,1.,-2.81552559044936E-13));
#2637=DIRECTION('',(0.,0.,1.));
#2638=DIRECTION('',(1.,0.,0.));
#2639=CARTESIAN_POINT('',(0.,0.,0.));
#2640=CARTESIAN_POINT('',(43.,-37.,2.));
#2641=CARTESIAN_POINT('',(31.0580000000005,-7.272621887844,4.5));
#2642=CARTESIAN_POINT('',(42.5019989013672,-38.,-8.93504562872865E-16));
#2643=CARTESIAN_POINT('',(54.4980010986328,-38.,11.0030002593994));
#2644=CARTESIAN_POINT('',(43.9,-9.61751186109929,0.0754567163551034));
#2645=CARTESIAN_POINT('',(42.1,-9.62899990081786,0.275126506116659));
#2646=CARTESIAN_POINT('',(56.7,-9.61751186109929,0.0754567163551034));
#2647=CARTESIAN_POINT('',(54.9,-9.62899990081787,0.275126506116659));
#2648=CARTESIAN_POINT('',(43.9,-9.61751186109929,1.4245432836449));
#2649=CARTESIAN_POINT('',(42.1,-9.62899990081786,1.22487349388335));
#2650=CARTESIAN_POINT('',(56.7,-9.61751186109929,1.4245432836449));
#2651=CARTESIAN_POINT('',(54.9,-9.62899990081787,1.22487349388334));
#2652=CARTESIAN_POINT('',(48.5,-37.0985976512883,0.999999999999993));
#2653=CARTESIAN_POINT('',(43.,-38.1095839493851,-0.0199999999999999));
#2654=CARTESIAN_POINT('',(54.,-38.1095839493851,2.02));
#2655=CARTESIAN_POINT('',(42.5019989013672,-37.,0.));
#2656=CARTESIAN_POINT('',(42.3820388793945,-37.1203596217224,6.11979716204456E-17));
#2657=CARTESIAN_POINT('',(36.25,-12.1789999008179,2.25));
#2658=CARTESIAN_POINT('',(60.75,-12.1789999008179,2.25));
#2659=CARTESIAN_POINT('',(42.5019989013672,-36.,6.4980001449585));
#2660=CARTESIAN_POINT('',(56.7,-10.9289999008179,1.5));
#2661=CARTESIAN_POINT('',(55.6842146209701,-10.2289999008179,0.776093798644988));
#2662=CARTESIAN_POINT('',(54.1157853790298,-10.2289999008179,0.776093798644987));
#2663=CARTESIAN_POINT('',(53.3430447179986,-10.0219446647359,1.5));
#2664=CARTESIAN_POINT('',(55.6842146209702,-9.42899990081787,1.3));
#2665=CARTESIAN_POINT('',(43.9,-10.9289999008179,1.5));
#2666=CARTESIAN_POINT('',(42.8842146209701,-10.2289999008179,0.776093798644988));
#2667=CARTESIAN_POINT('',(41.3157853790299,-10.2289999008179,0.776093798644987));
#2668=CARTESIAN_POINT('',(40.5430447179986,-10.0219446647358,1.5));
#2669=CARTESIAN_POINT('',(42.8842146209702,-9.42899990081787,1.3));
#2670=CARTESIAN_POINT('',(36.25,-10.9289999008179,4.5));
#2671=CARTESIAN_POINT('',(42.3820388793945,-35.0709991455078,6.56298014640808));
#2672=CARTESIAN_POINT('',(35.,-35.75,4.5));
#2673=CARTESIAN_POINT('',(41.4970016479492,-35.0709991455117,8.00000000000004));
#2674=CARTESIAN_POINT('',(61.9995557996962,-35.0709991455117,8.00000000000004));
#2675=CARTESIAN_POINT('',(62.,-35.75,0.));
#2676=CARTESIAN_POINT('',(42.5019989013672,-37.,4.5));
#2677=CARTESIAN_POINT('',(35.,-10.9289999008179,0.));
#2678=CARTESIAN_POINT('',(44.9995480899927,-25.8452165559157,3.10000000000012));
#2679=CARTESIAN_POINT('',(44.9995480899927,-25.8452165559157,3.10000000000005));
#2680=CARTESIAN_POINT('',(47.0871657863331,-30.9452165559157,3.));
#2681=CARTESIAN_POINT('',(42.3895480899927,-30.9452165559157,2.99999999999998));
#2682=CARTESIAN_POINT('',(44.9995480899927,-17.0002165559157,3.49850010871887));
#2683=CARTESIAN_POINT('',(42.3995480899927,-13.7952165559157,6.));
#2684=CARTESIAN_POINT('',(42.8995480899927,-16.5952165559157,3.1));
#2685=CARTESIAN_POINT('',(42.8995480899927,-14.4952165559157,3.1));
#2686=CARTESIAN_POINT('',(44.9995480899927,-14.4952165559157,3.1));
#2687=CARTESIAN_POINT('',(47.0995480899927,-14.4952165559157,3.1));
#2688=CARTESIAN_POINT('',(47.0995480899927,-16.5952165559157,3.1));
#2689=CARTESIAN_POINT('',(42.8995480899927,-16.5952165559157,1.));
#2690=CARTESIAN_POINT('',(42.8995480899928,-14.4952165559157,0.999999999999999));
#2691=CARTESIAN_POINT('',(44.9995480899927,-14.4952165559157,1.));
#2692=CARTESIAN_POINT('',(47.0995480899927,-14.4952165559157,1.));
#2693=CARTESIAN_POINT('',(47.0995480899927,-16.5952165559157,1.));
#2694=CARTESIAN_POINT('',(44.9995480899927,-16.5952165559157,1.));
#2695=CARTESIAN_POINT('',(44.9995480899927,-16.5952165559157,1.));
#2696=CARTESIAN_POINT('',(44.9995480899927,-16.5952165559157,1.));
#2697=CARTESIAN_POINT('',(44.9995480899927,-16.5952165559157,1.));
#2698=CARTESIAN_POINT('',(44.9995480899927,-16.5952165559157,1.));
#2699=CARTESIAN_POINT('',(44.9995480899927,-18.7202165559157,3.10000000000002));
#2700=CARTESIAN_POINT('',(44.9995480899927,-18.7202165559157,3.09999999999997));
#2701=CARTESIAN_POINT('',(42.3995480899927,-13.7952165559157,3.));
#2702=CARTESIAN_POINT('',(42.3995480899927,-20.8452165559157,3.));
#2703=CARTESIAN_POINT('',(42.3995480899927,-13.7952165559157,3.));
#2704=CARTESIAN_POINT('',(47.5995480899927,-13.7952165559157,3.));
#2705=CARTESIAN_POINT('',(42.3995480899927,-30.9452165559157,6.03000000000001));
#2706=CARTESIAN_POINT('',(47.5995480899927,-30.9452165559157,2.97));
#2707=CARTESIAN_POINT('',(48.0995480899927,-20.8452165559157,4.5));
#2708=CARTESIAN_POINT('',(41.8995480899927,-30.8452165559157,4.50000000000001));
#2709=CARTESIAN_POINT('',(42.3995480899927,-30.8452165559157,6.00000000000001));
#2710=CARTESIAN_POINT('',(48.0995480899927,-30.8452165559157,4.50000000000001));
#2711=CARTESIAN_POINT('',(41.8995480899927,-30.8452165559157,4.50000000000002));
#2712=CARTESIAN_POINT('',(47.5995480899927,-30.8452165559157,4.50000000000001));
#2713=CARTESIAN_POINT('',(41.8375480899927,-20.8452165559157,7.02197021961212));
#2714=CARTESIAN_POINT('',(64.,-12.7970016479492,7.00000000000003));
#2715=CARTESIAN_POINT('',(48.4999999999998,-288.160000000005,7.25));
#2716=CARTESIAN_POINT('',(31.0579999999999,5.07084941070125,13.6368298416095));
#2717=CARTESIAN_POINT('',(32.333,-38.,4.41984660959734));
#2718=CARTESIAN_POINT('',(65.6648090593026,3.98967306886654,-7.03859712287733E-15));
#2719=CARTESIAN_POINT('',(65.6000000000001,0.0862971481329486,0.613680363996134));
#2720=CARTESIAN_POINT('',(48.4902662893491,0.822099402993139,0.614861843258886));
#2721=CARTESIAN_POINT('',(31.3800763147551,0.0854009960707102,0.614470859055333));
#2722=CARTESIAN_POINT('',(65.6087059837918,-2.70640128742965,4.42720672030206));
#2723=CARTESIAN_POINT('',(48.498619222455,-2.29210704752488,4.43041900421832));
#2724=CARTESIAN_POINT('',(31.3887267396616,-2.70719121428366,4.42721471974463));
#2725=CARTESIAN_POINT('',(65.6197519189073,-7.43211498790193,4.49972433757014));
#2726=CARTESIAN_POINT('',(48.5097273274249,-7.42043645449106,4.49981693420731));
#2727=CARTESIAN_POINT('',(31.3997008007519,-7.43212002125896,4.49972429766171));
#2728=CARTESIAN_POINT('',(65.6199134721883,-7.50448417202911,4.50000001995718));
#2729=CARTESIAN_POINT('',(48.5098878749875,-7.49864520144425,4.50004632466901));
#2730=CARTESIAN_POINT('',(31.3998613068024,-7.50448668860589,4.5));
#2731=CARTESIAN_POINT('',(65.6200750536163,-7.57685335430099,4.5));
#2732=CARTESIAN_POINT('',(48.5100484472176,-7.57685335430099,4.5));
#2733=CARTESIAN_POINT('',(31.4000218408188,-7.57685335430099,4.5));
#2734=CARTESIAN_POINT('',(65.604200267007,1.29593398318345,6.55884035777924E-15));
#2735=CARTESIAN_POINT('',(48.5021393200583,2.14946824538956,2.10997079901846E-7));
#2736=CARTESIAN_POINT('',(31.3968597805241,1.29580415720855,4.21408052691808E-7));
#2737=CARTESIAN_POINT('',(65.6031543757391,0.535808768262587,6.98583724759154E-15));
#2738=CARTESIAN_POINT('',(48.4994462444255,1.4266133212194,0.000285400192836487));
#2739=CARTESIAN_POINT('',(31.3958204535973,0.535820518527697,0.000569914750805678));
#2740=CARTESIAN_POINT('',(65.6073578508935,0.0865527871324442,0.612898480811287));
#2741=CARTESIAN_POINT('',(48.5024284543915,0.822536608310185,0.614074219751079));
#2742=CARTESIAN_POINT('',(31.4000000000002,0.0868379323237598,0.613680314930667));
#2743=CARTESIAN_POINT('',(48.500397328147,-397.572328305311,0.189297403421996));
#2744=CARTESIAN_POINT('',(65.6,1.29731039126928,6.55798686857112E-15));
#2745=CARTESIAN_POINT('',(65.6,3.16917082578307,-5.17790680877459E-15));
#2746=CARTESIAN_POINT('',(65.6,3.16997581974627,14.5));
#2747=CARTESIAN_POINT('',(31.4,3.17078080852619,14.5000000000001));
#2748=CARTESIAN_POINT('',(64.4179884012216,4.06678392861006,-4.21884749357559E-15));
#2749=CARTESIAN_POINT('',(65.5999999999998,4.1780689334445,-5.92869653948442E-15));
#2750=CARTESIAN_POINT('',(65.6,3.16997581974571,-9.83826155576161E-15));
#2751=CARTESIAN_POINT('',(64.4179884012216,4.06678392861006,14.5));
#2752=CARTESIAN_POINT('',(65.6,4.00239815716736,14.5));
#2753=CARTESIAN_POINT('',(65.6,2.81863426719204,14.5));
#2754=CARTESIAN_POINT('',(32.5820115987783,4.06678392861007,14.5));
#2755=CARTESIAN_POINT('',(31.4,4.00239815716736,14.5));
#2756=CARTESIAN_POINT('',(31.4,2.81863426719149,14.5));
#2757=CARTESIAN_POINT('',(32.5820115987783,4.06678392861007,4.44089209850063E-16));
#2758=CARTESIAN_POINT('',(31.4000000000786,4.17847142783475,1.99473651104656E-15));
#2759=CARTESIAN_POINT('',(31.4000000001573,3.17078080852625,3.22672610321651E-15));
#2760=CARTESIAN_POINT('',(32.65,-36.75,9.49999999999999));
#2761=CARTESIAN_POINT('',(64.35,-36.75,9.50000000000001));
#2762=CARTESIAN_POINT('',(41.4970016479492,-38.,10.0030002593994));
#2763=CARTESIAN_POINT('',(54.4980010986328,-38.,10.0030002593994));
#2764=CARTESIAN_POINT('',(32.69,-36.385,8.00000000000003));
#2765=CARTESIAN_POINT('',(62.,-11.7561960472754,9.73070747078044));
#2766=CARTESIAN_POINT('',(62.,-3.65619604727538,9.73070747078044));
#2767=CARTESIAN_POINT('',(43.1,-10.7452165559157,8.64700021743775));
#2768=CARTESIAN_POINT('',(37.1,-20.8452165559157,10.2970002174377));
#2769=CARTESIAN_POINT('',(37.1,-20.8452165559157,10.2970002174377));
#2770=CARTESIAN_POINT('',(61.,-21.8451067610021,5.70801454548825));
#2771=CARTESIAN_POINT('',(54.,-3.65619604727538,5.73070747078044));
#2772=CARTESIAN_POINT('',(54.,-11.7561960472755,5.73070747078044));
#2773=CARTESIAN_POINT('',(55.,-11.7561960472755,5.73070747078044));
#2774=CARTESIAN_POINT('',(33.,-20.8452165559157,6.99700021743775));
#2775=CARTESIAN_POINT('',(43.1,-10.7452165559157,8.64700021743775));
#2776=CARTESIAN_POINT('',(43.1,-10.7452165559157,8.64700021743775));
#2777=CARTESIAN_POINT('',(49.1,-20.8452165559157,10.2970002174377));
#2778=CARTESIAN_POINT('',(49.1,-27.4682264414497,10.2970002174377));
#2779=CARTESIAN_POINT('',(55.,-16.8000000000003,5.73070747078044));
#2780=CARTESIAN_POINT('',(53.92,-21.9261067610021,5.73070747078044));
#2781=CARTESIAN_POINT('',(49.1,-27.4682264414497,10.2970002174377));
#2782=CARTESIAN_POINT('',(33.,-36.,10.2970002174377));
#2783=CARTESIAN_POINT('',(33.,-36.,10.2970002174377));
#2784=CARTESIAN_POINT('',(54.9,-33.4294864570604,10.5112170217556));
#2785=CARTESIAN_POINT('',(61.,-21.7452165559157,7.00000000000003));
#2786=CARTESIAN_POINT('',(32.69,2.88499999999966,6.99700021743775));
#2787=CARTESIAN_POINT('',(55.502554151747,-38.0442900085449,-0.100030002593994));
#2788=CARTESIAN_POINT('',(41.4970016479492,-38.0442900085449,-0.100030002593995));
#2789=CARTESIAN_POINT('',(41.4970016479492,-33.5709991455117,0.));
#2790=CARTESIAN_POINT('',(58.0603492775871,0.77548868797007,9.80012126664773));
#2791=CARTESIAN_POINT('',(62.,-3.65619604727538,5.73070747078044));
#2792=CARTESIAN_POINT('',(33.,-36.,10.2970002174377));
#2793=CARTESIAN_POINT('',(53.5999999999813,-20.3337264414497,4.23238413205661));
#2794=CARTESIAN_POINT('',(49.8629999999813,-18.7682264414497,10.5172470195812));
#2795=CARTESIAN_POINT('',(49.8999999999813,-26.5452264414497,10.5172470195812));
#2796=CARTESIAN_POINT('',(49.8629999999813,-26.4682264414483,4.2323841320566));
#2797=CARTESIAN_POINT('',(53.5999999999807,-26.4837264414483,4.2323841320566));
#2798=CARTESIAN_POINT('',(53.5259999999811,-20.3182264414498,10.3570302152634));
#2799=CARTESIAN_POINT('',(53.525999999981,-24.9182264414497,10.3570302152634));
#2800=CARTESIAN_POINT('',(61.,-20.3182264414497,4.29400043487547));
#2801=CARTESIAN_POINT('',(54.9,-33.3452165559157,4.89700021743775));
#2802=CARTESIAN_POINT('',(54.9,-33.3452165559157,4.89700021743775));
#2803=CARTESIAN_POINT('',(32.69,-36.,12.146559488042));
#2804=CARTESIAN_POINT('',(49.8999999999813,-30.0331440421314,4.29400043487547));
#2805=CARTESIAN_POINT('',(64.,-36.385,13.6264753696702));
#2806=CARTESIAN_POINT('',(32.69,2.49999999999967,6.93156977038594));
#2807=CARTESIAN_POINT('',(33.,-36.385,6.93156977038594));
#2808=CARTESIAN_POINT('',(64.,-21.7452165559157,4.89700021743775));
#2809=CARTESIAN_POINT('',(44.9337671836141,-14.4987346012427,3.00000357896069));
#2810=CARTESIAN_POINT('',(44.9337671836141,-14.4987346012427,3.00000357896069));
#2811=CARTESIAN_POINT('',(44.9337739588412,-14.498734423098,3.00000357896182));
#2812=CARTESIAN_POINT('',(44.93377415125,-14.4987344080075,3.00000284103259));
#2813=CARTESIAN_POINT('',(44.9337807340665,-14.4987342449808,3.00000357896294));
#2814=CARTESIAN_POINT('',(44.933781118863,-14.4987342147991,3.00000210323165));
#2815=CARTESIAN_POINT('',(44.9337875092901,-14.4987340668912,3.00000357896407));
#2816=CARTESIAN_POINT('',(44.933788086453,-14.4987340216176,3.00000136555784));
#2817=CARTESIAN_POINT('',(44.9556273134495,-14.498049086862,3.00000358259313));
#2818=CARTESIAN_POINT('',(44.9562551372449,-14.4981111062607,2.99762273034872));
#2819=CARTESIAN_POINT('',(44.9774760502077,-14.4977054157025,3.00000358622369));
#2820=CARTESIAN_POINT('',(44.9784831361988,-14.4977675487101,2.99656603245972));
#2821=CARTESIAN_POINT('',(44.9993283860946,-14.4977032212498,3.00000358985484));
#2822=CARTESIAN_POINT('',(44.999331534077,-14.4977657445412,2.99655896864385));
#2823=CARTESIAN_POINT('',(45.0213272102661,-14.4977010120865,3.00000359351033));
#2824=CARTESIAN_POINT('',(45.0203081726258,-14.4977633626605,2.99655165857083));
#2825=CARTESIAN_POINT('',(45.0433224473032,-14.4980448735371,3.00000359716522));
#2826=CARTESIAN_POINT('',(45.042687432659,-14.4981074772027,2.99760654343029));
#2827=CARTESIAN_POINT('',(45.065308655738,-14.4987346354595,3.00000360081862));
#2828=CARTESIAN_POINT('',(45.0653069572062,-14.4987345580202,3.00000117225916));
#2829=CARTESIAN_POINT('',(45.0653157348274,-14.4987348215976,3.00000360081979));
#2830=CARTESIAN_POINT('',(45.0653146024486,-14.4987347699692,3.0000019816271));
#2831=CARTESIAN_POINT('',(45.06532281392,-14.4987350077657,3.00000360082097));
#2832=CARTESIAN_POINT('',(45.0653222477186,-14.4987349819505,3.00000279114809));
#2833=CARTESIAN_POINT('',(45.0653298930159,-14.4987351939641,3.00000360082215));
#2834=CARTESIAN_POINT('',(45.0653298930159,-14.4987351939641,3.00000360082215));
#2835=CARTESIAN_POINT('',(54.5025541517469,-34.5709991455118,3.49880885527184));
#2836=CARTESIAN_POINT('',(42.4970016479492,-34.5709991455117,3.49850010871916));
#2837=CARTESIAN_POINT('',(43.,-37.,2.));
#2838=CARTESIAN_POINT('',(54.,-37.,2.));
#2839=CARTESIAN_POINT('',(54.,-37.0993956487554,2.));
#2840=CARTESIAN_POINT('',(43.,-37.0993956487554,2.));
#2841=CARTESIAN_POINT('',(42.5019989013672,-38.,4.5));
#2842=CARTESIAN_POINT('',(42.5019989013672,-37.,4.5));
#2843=CARTESIAN_POINT('',(54.4980010986328,-38.,4.5));
#2844=CARTESIAN_POINT('',(54.4980010986328,-37.,4.5));
#2845=CARTESIAN_POINT('',(42.5019989013672,-38.,10.0030002593994));
#2846=CARTESIAN_POINT('',(42.5019989013672,-36.,10.0030002593994));
#2847=CARTESIAN_POINT('',(42.5019989013672,-37.,-1.53918917563643E-16));
#2848=CARTESIAN_POINT('',(42.5019989013672,-35.0709991455078,6.4980001449585));
#2849=CARTESIAN_POINT('',(42.5019989013672,-36.,6.4980001449585));
#2850=CARTESIAN_POINT('',(42.5019989013672,-35.0709991455078,3.82222954742679E-16));
#2851=CARTESIAN_POINT('',(54.4980010986328,-38.,10.0030002593994));
#2852=CARTESIAN_POINT('',(54.4980010986328,-36.,10.0030002593994));
#2853=CARTESIAN_POINT('',(54.4980010986328,-37.,-1.5854993790387E-16));
#2854=CARTESIAN_POINT('',(54.4980010986328,-35.0709991455078,6.4980001449585));
#2855=CARTESIAN_POINT('',(54.4980010986328,-36.,6.4980001449585));
#2856=CARTESIAN_POINT('',(54.4980010986328,-35.0709991455078,3.74928862816212E-16));
#2857=CARTESIAN_POINT('',(43.9,-10.9289999008179,-5.50308984352887E-17));
#2858=CARTESIAN_POINT('',(40.3,-10.9289999008179,-3.51644748873565E-17));
#2859=CARTESIAN_POINT('',(43.6569552820014,-10.0219446647358,0.0521875972899753));
#2860=CARTESIAN_POINT('',(43.4000463544658,-9.61751186109929,0.0754567163551034));
#2861=CARTESIAN_POINT('',(40.5430447179986,-10.0219446647358,0.0521875972899753));
#2862=CARTESIAN_POINT('',(40.7999536455342,-9.61751186109929,0.0754567163551034));
#2863=CARTESIAN_POINT('',(42.8842146209701,-9.42899990081786,0.275126506116661));
#2864=CARTESIAN_POINT('',(41.3157853790298,-9.42899990081786,0.275126506116661));
#2865=CARTESIAN_POINT('',(56.7,-10.9289999008179,-3.1576228924352E-17));
#2866=CARTESIAN_POINT('',(53.1,-10.9289999008179,5.33162181316421E-16));
#2867=CARTESIAN_POINT('',(56.4569552820014,-10.0219446647359,0.0521875972899753));
#2868=CARTESIAN_POINT('',(56.2000463544658,-9.61751186109929,0.0754567163551034));
#2869=CARTESIAN_POINT('',(53.3430447179986,-10.0219446647359,0.0521875972899753));
#2870=CARTESIAN_POINT('',(53.5999536455342,-9.61751186109929,0.0754567163551034));
#2871=CARTESIAN_POINT('',(55.6842146209702,-9.42899990081787,0.275126506116661));
#2872=CARTESIAN_POINT('',(54.1157853790299,-9.42899990081787,0.275126506116661));
#2873=CARTESIAN_POINT('',(43.9,-10.9289999008179,1.5));
#2874=CARTESIAN_POINT('',(40.3,-10.9289999008179,1.5));
#2875=CARTESIAN_POINT('',(43.6569552820014,-10.0219446647358,1.44781240271003));
#2876=CARTESIAN_POINT('',(43.4000463544658,-9.61751186109929,1.4245432836449));
#2877=CARTESIAN_POINT('',(40.5430447179986,-10.0219446647358,1.44781240271003));
#2878=CARTESIAN_POINT('',(40.7999536455342,-9.61751186109929,1.4245432836449));
#2879=CARTESIAN_POINT('',(42.8842146209701,-9.42899990081786,1.22487349388334));
#2880=CARTESIAN_POINT('',(41.3157853790298,-9.42899990081786,1.22487349388334));
#2881=CARTESIAN_POINT('',(56.7,-10.9289999008179,1.5));
#2882=CARTESIAN_POINT('',(53.1,-10.9289999008179,1.5));
#2883=CARTESIAN_POINT('',(56.4569552820014,-10.0219446647359,1.44781240271003));
#2884=CARTESIAN_POINT('',(56.2000463544658,-9.61751186109929,1.4245432836449));
#2885=CARTESIAN_POINT('',(53.3430447179986,-10.0219446647359,1.44781240271003));
#2886=CARTESIAN_POINT('',(53.5999536455342,-9.61751186109929,1.4245432836449));
#2887=CARTESIAN_POINT('',(55.6842146209702,-9.42899990081787,1.22487349388334));
#2888=CARTESIAN_POINT('',(54.1157853790299,-9.42899990081787,1.22487349388334));
#2889=CARTESIAN_POINT('',(54.,-37.0993956487554,2.96511824120238E-17));
#2890=CARTESIAN_POINT('',(43.,-37.0993956487554,6.29804906951232E-17));
#2891=CARTESIAN_POINT('',(43.,-37.,6.11979716204456E-17));
#2892=CARTESIAN_POINT('',(54.,-37.,2.96511824120238E-17));
#2893=CARTESIAN_POINT('',(35.,-12.1789999008179,4.5));
#2894=CARTESIAN_POINT('',(36.25,-10.9289999008179,4.5));
#2895=CARTESIAN_POINT('',(35.,-12.1789999008179,1.17570644515098E-17));
#2896=CARTESIAN_POINT('',(36.25,-10.9289999008179,1.9595107419183E-17));
#2897=CARTESIAN_POINT('',(62.,-12.1789999008179,4.5));
#2898=CARTESIAN_POINT('',(60.75,-10.9289999008179,4.5));
#2899=CARTESIAN_POINT('',(62.,-12.1789999008179,-6.38115034989291E-17));
#2900=CARTESIAN_POINT('',(60.75,-10.9289999008179,-1.06352505831548E-16));
#2901=CARTESIAN_POINT('',(35.,-35.0709991455117,4.89010240627428E-21));
#2902=CARTESIAN_POINT('',(35.,-35.0709991455117,4.5));
#2903=CARTESIAN_POINT('',(41.4970016479492,-35.0709991455104,-2.86166424780325E-16));
#2904=CARTESIAN_POINT('',(41.4970016479492,-35.0709991455117,4.5));
#2905=CARTESIAN_POINT('',(61.9998519332321,-35.0709991455117,-1.43093705967449E-16));
#2906=CARTESIAN_POINT('',(55.5026335443925,-35.0709991455104,1.07085034030246E-14));
#2907=CARTESIAN_POINT('',(61.9997778998481,-35.0709991455117,4.5));
#2908=CARTESIAN_POINT('',(55.502554151747,-35.0709991455117,4.5));
#2909=CARTESIAN_POINT('',(65.600000000001,-36.7499999999999,4.5));
#2910=CARTESIAN_POINT('',(55.5028502852828,-38.,4.5));
#2911=CARTESIAN_POINT('',(65.6000000000002,-7.57685335430099,4.49999999999987));
#2912=CARTESIAN_POINT('',(31.400007280273,-7.57685335430099,4.50000000000001));
#2913=CARTESIAN_POINT('',(41.4970016479492,-38.,4.5));
#2914=CARTESIAN_POINT('',(47.5019989013672,-17.,-8.5265128291212E-16));
#2915=CARTESIAN_POINT('',(44.9995480899927,-20.8452165559157,1.));
#2916=CARTESIAN_POINT('',(47.0971657863331,-20.8452165559157,2.99999999999997));
#2917=CARTESIAN_POINT('',(47.0971657863331,-30.8452165559157,2.99999999999999));
#2918=CARTESIAN_POINT('',(44.9995480899927,-30.8452165559157,1.00000000000002));
#2919=CARTESIAN_POINT('',(42.9019303936523,-20.8452165559157,2.99999999999998));
#2920=CARTESIAN_POINT('',(42.9019303936523,-30.8452165559157,3.));
#2921=CARTESIAN_POINT('',(47.5995480899927,-20.8452165559157,3.));
#2922=CARTESIAN_POINT('',(47.5995480899927,-30.8452165559157,3.00000000000002));
#2923=CARTESIAN_POINT('',(42.3995480899927,-30.8452165559157,3.00000000000002));
#2924=CARTESIAN_POINT('',(42.3995480899927,-20.8452165559157,3.));
#2925=CARTESIAN_POINT('',(47.097165786333,-18.3648630706752,2.99999999999999));
#2926=CARTESIAN_POINT('',(44.9995480899927,-19.5026673766603,1.));
#2927=CARTESIAN_POINT('',(42.9019303936523,-18.3648630706752,2.99999999999999));
#2928=CARTESIAN_POINT('',(47.5019989013672,-17.,3.));
#2929=CARTESIAN_POINT('',(42.3995480899927,-13.7952165559157,6.));
#2930=CARTESIAN_POINT('',(47.5995480899927,-13.7952165559157,6.));
#2931=CARTESIAN_POINT('',(47.5995480899927,-20.8452165559157,6.));
#2932=CARTESIAN_POINT('',(42.3995480899927,-20.8452165559157,6.));
#2933=CARTESIAN_POINT('',(42.3995480899927,-13.7952165559157,3.));
#2934=CARTESIAN_POINT('',(47.5995480899927,-13.7952165559157,3.));
#2935=CARTESIAN_POINT('',(45.0653298930159,-14.4987351939641,3.00000360082215));
#2936=CARTESIAN_POINT('',(44.9337671836141,-14.4987346012427,3.00000357896069));
#2937=CARTESIAN_POINT('',(42.3995480899927,-30.8452165559157,4.50000000000001));
#2938=CARTESIAN_POINT('',(42.3995480899927,-20.8452165559157,4.50000000000002));
#2939=CARTESIAN_POINT('',(47.5995480899927,-20.8452165559157,4.5));
#2940=CARTESIAN_POINT('',(47.5995480899927,-30.8452165559157,4.50000000000001));
#2941=CARTESIAN_POINT('',(48.0995480899927,-20.8452165559157,4.50000000000573));
#2942=CARTESIAN_POINT('',(48.0995480899927,-30.8452165559157,4.50000000000001));
#2943=CARTESIAN_POINT('',(48.0995480899927,-30.8452165559157,6.99700021743775));
#2944=CARTESIAN_POINT('',(48.0995480904538,-20.8452077876541,6.99700021743774));
#2945=CARTESIAN_POINT('',(41.8995480899927,-30.8452165559157,4.50000000000001));
#2946=CARTESIAN_POINT('',(41.8995480899927,-20.8452165559157,4.50000000000325));
#2947=CARTESIAN_POINT('',(41.8995480877807,-20.8451744912317,6.99700021743774));
#2948=CARTESIAN_POINT('',(41.8995480899927,-30.8452165559157,6.99700021743775));
#2949=CARTESIAN_POINT('',(64.,-12.7970016479492,7.00000000000003));
#2950=CARTESIAN_POINT('',(64.,-12.7970016479492,8.00000000000005));
#2951=CARTESIAN_POINT('',(61.,-12.7970016479492,7.00000000000003));
#2952=CARTESIAN_POINT('',(61.,-12.7970016479492,8.00000000000007));
#2953=CARTESIAN_POINT('',(32.5820115987783,4.06678392861008,7.62746918876598E-16));
#2954=CARTESIAN_POINT('',(64.4179884012214,4.0667839286101,-2.01913152320667E-15));
#2955=CARTESIAN_POINT('',(32.5820115987783,4.06678392861007,13.5990297293425));
#2956=CARTESIAN_POINT('',(64.4179884012215,4.06678392861009,13.5990297293425));
#2957=CARTESIAN_POINT('',(61.0603492775871,4.23034393431154,9.80012126664774));
#2958=CARTESIAN_POINT('',(33.,2.49999999999967,13.5400449226184));
#2959=CARTESIAN_POINT('',(64.,2.49999999999967,13.5400449226184));
#2960=CARTESIAN_POINT('',(64.,-36.,12.0906331579125));
#2961=CARTESIAN_POINT('',(31.4000000000026,2.84163535024725,13.5529064887454));
#2962=CARTESIAN_POINT('',(65.6,2.84158281888093,13.5529045110939));
#2963=CARTESIAN_POINT('',(33.,-36.,12.0906331579125));
#2964=CARTESIAN_POINT('',(64.35,-38.,12.0153390402654));
#2965=CARTESIAN_POINT('',(65.6000000000011,-36.7499999999995,12.0623978637949));
#2966=CARTESIAN_POINT('',(31.4000000000011,-36.75,12.0623978637948));
#2967=CARTESIAN_POINT('',(32.65,-38.,12.0153390402654));
#2968=CARTESIAN_POINT('',(55.5028502852828,-38.,10.0030002593994));
#2969=CARTESIAN_POINT('',(41.4970016479492,-38.,10.0030002593994));
#2970=CARTESIAN_POINT('',(64.35,-38.,4.49999999999999));
#2971=CARTESIAN_POINT('',(32.65,-38.,4.5));
#2972=CARTESIAN_POINT('',(31.4000000001573,3.17078080852625,3.22672610321651E-15));
#2973=CARTESIAN_POINT('',(65.6,3.16997581974571,-9.83826155576161E-15));
#2974=CARTESIAN_POINT('',(31.4000000000001,0.0862583322558844,0.614471313796204));
#2975=CARTESIAN_POINT('',(65.6000000000001,0.0862971481329492,0.613680363996135));
#2976=CARTESIAN_POINT('',(65.6000000000001,0.0868693094464359,0.61289898649398));
#2977=CARTESIAN_POINT('',(31.4000000000001,0.0868379323237555,0.613680314930666));
#2978=CARTESIAN_POINT('',(31.4,1.29596086004633,-3.91186222039129E-15));
#2979=CARTESIAN_POINT('',(65.6,1.29614358541714,6.07686304670174E-14));
#2980=CARTESIAN_POINT('',(65.6,1.29731039126933,6.07230676043683E-14));
#2981=CARTESIAN_POINT('',(31.4,1.29708573883427,-3.90738352734477E-15));
#2982=CARTESIAN_POINT('',(31.400000000001,-36.75,4.5));
#2983=CARTESIAN_POINT('',(41.4970016479492,-36.,10.0030002593994));
#2984=CARTESIAN_POINT('',(55.5028502852828,-36.,10.0030002593994));
#2985=CARTESIAN_POINT('',(64.,2.49999999999967,8.00000000000012));
#2986=CARTESIAN_POINT('',(60.4602583228142,2.49999999999967,8.0000000000001));
#2987=CARTESIAN_POINT('',(61.,-11.7561960472754,8.00000000000003));
#2988=CARTESIAN_POINT('',(62.,-11.7561960472754,8.00000000000003));
#2989=CARTESIAN_POINT('',(62.,-3.65619604727538,8.00000000000003));
#2990=CARTESIAN_POINT('',(60.4602583228213,-3.65619604727538,8.00000000000006));
#2991=CARTESIAN_POINT('',(61.,-11.7561960472754,5.73070747078044));
#2992=CARTESIAN_POINT('',(62.,-11.7561960472754,5.73070747078044));
#2993=CARTESIAN_POINT('',(62.,-3.65619604727538,5.73070747078044));
#2994=CARTESIAN_POINT('',(37.1,-2.62056271713588,6.99700021743775));
#2995=CARTESIAN_POINT('',(37.1,-2.62056271713587,10.2970002174377));
#2996=CARTESIAN_POINT('',(37.1,-18.8698703946955,10.2970002174377));
#2997=CARTESIAN_POINT('',(37.1000000000049,-18.8698703947027,6.99700021743775));
#2998=CARTESIAN_POINT('',(37.1,2.49999999999967,10.2970002174377));
#2999=CARTESIAN_POINT('',(37.1,2.49999999999967,6.99700021743775));
#3000=CARTESIAN_POINT('',(37.1,-20.8452165559157,10.2970002174377));
#3001=CARTESIAN_POINT('',(37.1,-20.8452165559157,6.99700021743775));
#3002=CARTESIAN_POINT('',(61.,-21.7452165559157,5.73118384039579));
#3003=CARTESIAN_POINT('',(61.,-21.7452165559157,7.00000000000003));
#3004=CARTESIAN_POINT('',(54.,-3.65619604727538,5.73070747078044));
#3005=CARTESIAN_POINT('',(54.,-11.7561960472755,5.73070747078044));
#3006=CARTESIAN_POINT('',(54.,-11.7561960472755,10.2970002174377));
#3007=CARTESIAN_POINT('',(54.,-3.65619604727538,10.2970002174377));
#3008=CARTESIAN_POINT('',(55.,-11.7561960472755,5.73070747078044));
#3009=CARTESIAN_POINT('',(55.,-11.7561960472755,10.2970002174377));
#3010=CARTESIAN_POINT('',(55.,-16.8000000000003,5.73070747078044));
#3011=CARTESIAN_POINT('',(55.,-16.8000000000003,10.2970002174377));
#3012=CARTESIAN_POINT('',(33.,-20.8452165559157,6.99700021743775));
#3013=CARTESIAN_POINT('',(33.,-20.8452165559157,10.2970002174377));
#3014=CARTESIAN_POINT('',(53.2,-10.7452165559157,6.99700021743775));
#3015=CARTESIAN_POINT('',(53.2,-10.7452165559157,10.2970002174377));
#3016=CARTESIAN_POINT('',(49.1,-18.8698703946955,10.2970002174377));
#3017=CARTESIAN_POINT('',(49.0999999999903,-18.8698703947027,6.99700021743775));
#3018=CARTESIAN_POINT('',(49.1,-2.62056271713587,6.99700021743775));
#3019=CARTESIAN_POINT('',(49.1,-2.62056271713587,10.2970002174377));
#3020=CARTESIAN_POINT('',(49.1,2.49999999999967,10.2970002174377));
#3021=CARTESIAN_POINT('',(49.1,2.49999999999967,6.99700021743775));
#3022=CARTESIAN_POINT('',(49.1,-27.4682264414497,10.2970002174377));
#3023=CARTESIAN_POINT('',(49.1,-27.4682264414497,6.99700021743775));
#3024=CARTESIAN_POINT('',(55.,-20.3182264414497,5.73070747078052));
#3025=CARTESIAN_POINT('',(55.,-20.3182264414498,10.2970002174377));
#3026=CARTESIAN_POINT('',(61.,-20.3182264414497,5.73070747078044));
#3027=CARTESIAN_POINT('',(54.8999999999992,-27.4682264414497,10.2970002174377));
#3028=CARTESIAN_POINT('',(54.9,-27.4682264414497,6.99700021743775));
#3029=CARTESIAN_POINT('',(33.,2.49999999999967,10.2970002174377));
#3030=CARTESIAN_POINT('',(33.,-10.7452165559157,10.2970002174377));
#3031=CARTESIAN_POINT('',(54.8999999999984,-24.9182264414497,4.89700021743775));
#3032=CARTESIAN_POINT('',(54.9,-33.3452165559157,6.99700021743775));
#3033=CARTESIAN_POINT('',(54.9,-33.3452165559157,4.89700021743775));
#3034=CARTESIAN_POINT('',(54.8999999999914,-24.9182264414497,10.2970002174377));
#3035=CARTESIAN_POINT('',(64.,-21.7452165559157,6.99955003261569));
#3036=CARTESIAN_POINT('',(33.,-36.,6.99700021743775));
#3037=CARTESIAN_POINT('',(64.,-36.,6.99700021743775));
#3038=CARTESIAN_POINT('',(64.,-33.3452165559157,6.99700021743775));
#3039=CARTESIAN_POINT('',(41.4970016479492,-36.,6.99700021743775));
#3040=CARTESIAN_POINT('',(55.5027762518989,-36.,6.99750018119813));
#3041=CARTESIAN_POINT('',(61.0603492775871,2.49999999999967,9.80012126664774));
#3042=CARTESIAN_POINT('',(55.1017835256961,-3.65619604727538,10.2970002174377));
#3043=CARTESIAN_POINT('',(55.1017835256962,2.49999999999967,10.2970002174377));
#3044=CARTESIAN_POINT('',(53.5999999999813,-20.3182264414498,10.2970002174377));
#3045=CARTESIAN_POINT('',(53.5999999999813,-18.7682264414497,10.2970002174377));
#3046=CARTESIAN_POINT('',(49.8999999999813,-18.7682264414497,10.2970002174377));
#3047=CARTESIAN_POINT('',(49.8999999999813,-26.4682264414496,10.2970002174377));
#3048=CARTESIAN_POINT('',(53.5999999999808,-26.4682264414484,10.2970002174377));
#3049=CARTESIAN_POINT('',(53.5999999999812,-24.9182264414497,10.2970002174377));
#3050=CARTESIAN_POINT('',(53.5999999999813,-20.3182264414497,4.29400043487547));
#3051=CARTESIAN_POINT('',(53.5999999999813,-18.7682264414497,4.29400043487547));
#3052=CARTESIAN_POINT('',(49.8999999999813,-18.7682264414497,4.29400043487547));
#3053=CARTESIAN_POINT('',(49.8999999999813,-26.4682264414497,4.29400043487547));
#3054=CARTESIAN_POINT('',(53.5999999999808,-26.4682264414483,4.29400043487547));
#3055=CARTESIAN_POINT('',(53.5999999999812,-24.9182264414497,4.29400043487547));
#3056=CARTESIAN_POINT('',(61.,-20.3182264414497,4.29400043487547));
#3057=CARTESIAN_POINT('',(60.9999999999999,-24.9182264414496,4.29400043487545));
#3058=CARTESIAN_POINT('',(60.9999999999999,-24.9182264414496,4.89700021743775));
#3059=CARTESIAN_POINT('',(61.,-21.7452165559157,4.89700021743775));
#3060=CARTESIAN_POINT('',(64.,-33.3452165559157,4.89700021743775));
#3061=CARTESIAN_POINT('',(64.,-21.7452165559157,4.89700021743775));
#3062=CARTESIAN_POINT('',(54.502554151747,-33.5709991455117,-2.21747813471415E-15));
#3063=CARTESIAN_POINT('',(42.4970016479492,-33.5709991455117,-1.50693539895405E-15));
#3064=CARTESIAN_POINT('',(41.4970016479492,-34.5709991455117,6.99700021743774));
#3065=CARTESIAN_POINT('',(42.4970016479492,-33.5709991455117,6.99700021743775));
#3066=CARTESIAN_POINT('',(54.502554151747,-33.5709991455117,6.99700021743774));
#3067=CARTESIAN_POINT('',(55.5026090138498,-34.5709991608988,6.99724721468315));
#3068=CARTESIAN_POINT('',(41.4970016479492,-34.5709991455117,-2.27852536675317E-15));
#3069=CARTESIAN_POINT('',(55.5025796105628,-34.5709991018993,1.89111632876239E-15));
#3070=CARTESIAN_POINT('',(43.,-37.,2.));
#3071=CARTESIAN_POINT('',(54.,-37.,2.));
#3072=CARTESIAN_POINT('',(54.,-37.,2.));
#3073=CARTESIAN_POINT('',(54.,-37.0993956487554,2.));
#3074=CARTESIAN_POINT('',(43.,-37.0993956487554,2.));
#3075=CARTESIAN_POINT('',(54.,-37.0993956487554,2.));
#3076=CARTESIAN_POINT('',(43.,-37.,2.));
#3077=CARTESIAN_POINT('',(43.,-37.0993956487554,2.));
#3078=CARTESIAN_POINT('',(42.5019989013672,-38.,4.5));
#3079=CARTESIAN_POINT('',(42.5019989013672,-37.,4.5));
#3080=CARTESIAN_POINT('',(54.4980010986328,-37.,4.5));
#3081=CARTESIAN_POINT('',(54.4980010986328,-38.,4.5));
#3082=CARTESIAN_POINT('',(42.5019989013672,-37.,4.5));
#3083=CARTESIAN_POINT('',(54.4980010986328,-37.,4.5));
#3084=CARTESIAN_POINT('',(54.4980010986328,-38.,4.5));
#3085=CARTESIAN_POINT('',(42.5019989013672,-38.,4.5));
#3086=CARTESIAN_POINT('',(42.5019989013672,-38.,10.0030002593994));
#3087=CARTESIAN_POINT('',(42.5019989013672,-36.,10.0030002593994));
#3088=CARTESIAN_POINT('',(42.5019989013672,-38.,4.5));
#3089=CARTESIAN_POINT('',(42.5019989013672,-38.,10.0030002593994));
#3090=CARTESIAN_POINT('',(42.5019989013672,-37.,4.5));
#3091=CARTESIAN_POINT('',(42.5019989013672,-37.,-1.53918917563643E-16));
#3092=CARTESIAN_POINT('',(42.5019989013672,-37.,-1.53918917563643E-16));
#3093=CARTESIAN_POINT('',(42.5019989013672,-35.0709991455078,3.82222954742679E-16));
#3094=CARTESIAN_POINT('',(42.5019989013672,-36.,10.0030002593994));
#3095=CARTESIAN_POINT('',(42.5019989013672,-36.,6.4980001449585));
#3096=CARTESIAN_POINT('',(42.5019989013672,-35.0709991455078,6.4980001449585));
#3097=CARTESIAN_POINT('',(42.5019989013672,-36.,6.4980001449585));
#3098=CARTESIAN_POINT('',(42.5019989013672,-35.0709991455078,3.82222954742679E-16));
#3099=CARTESIAN_POINT('',(42.5019989013672,-35.0709991455078,1.99800002574921));
#3100=CARTESIAN_POINT('',(42.5019989013672,-35.0709991455078,6.4980001449585));
#3101=CARTESIAN_POINT('',(54.4980010986328,-38.,10.0030002593994));
#3102=CARTESIAN_POINT('',(54.4980010986328,-36.,10.0030002593994));
#3103=CARTESIAN_POINT('',(54.4980010986328,-38.,10.0030002593994));
#3104=CARTESIAN_POINT('',(54.4980010986328,-38.,4.5));
#3105=CARTESIAN_POINT('',(54.4980010986328,-37.,-1.5854993790387E-16));
#3106=CARTESIAN_POINT('',(54.4980010986328,-37.,4.5));
#3107=CARTESIAN_POINT('',(54.4980010986328,-35.0709991455078,3.74928862816212E-16));
#3108=CARTESIAN_POINT('',(54.4980010986328,-37.,-1.5854993790387E-16));
#3109=CARTESIAN_POINT('',(54.4980010986328,-36.,10.0030002593994));
#3110=CARTESIAN_POINT('',(54.4980010986328,-36.,6.4980001449585));
#3111=CARTESIAN_POINT('',(54.4980010986328,-36.,6.4980001449585));
#3112=CARTESIAN_POINT('',(54.4980010986328,-35.0709991455078,6.4980001449585));
#3113=CARTESIAN_POINT('',(54.4980010986328,-35.0709991455078,6.4980001449585));
#3114=CARTESIAN_POINT('',(54.4980010986328,-35.0709991455078,1.99800002574921));
#3115=CARTESIAN_POINT('',(54.4980010986328,-35.0709991455078,3.74928862816212E-16));
#3116=CARTESIAN_POINT('',(43.9,-10.9289999008179,-5.50308984352887E-17));
#3117=CARTESIAN_POINT('',(40.3,-10.9289999008179,-3.51644748873565E-17));
#3118=CARTESIAN_POINT('',(43.6569552820014,-10.0219446647358,0.0521875972899753));
#3119=CARTESIAN_POINT('',(43.7379701880009,-10.3242964100965,0.03479173152665));
#3120=CARTESIAN_POINT('',(43.8189850940005,-10.6266481554572,0.0173958657633248));
#3121=CARTESIAN_POINT('',(43.9,-10.9289999008179,-5.50308984352887E-17));
#3122=CARTESIAN_POINT('',(43.4000463544658,-9.61751186109929,0.0754567163551034));
#3123=CARTESIAN_POINT('',(43.5250484385006,-9.72295961724497,0.069389759444483));
#3124=CARTESIAN_POINT('',(43.6146681705091,-9.86412701614125,0.0612676660250187));
#3125=CARTESIAN_POINT('',(43.6569552820014,-10.0219446647358,0.0521875972899753));
#3126=CARTESIAN_POINT('',(40.5430447179986,-10.0219446647358,0.0521875972899753));
#3127=CARTESIAN_POINT('',(40.5853318294909,-9.8641270161413,0.061267666025016));
#3128=CARTESIAN_POINT('',(40.6749515614994,-9.72295961724495,0.0693897594444842));
#3129=CARTESIAN_POINT('',(40.7999536455342,-9.61751186109929,0.0754567163551034));
#3130=CARTESIAN_POINT('',(40.3,-10.9289999008179,-3.51644748873565E-17));
#3131=CARTESIAN_POINT('',(40.3810149059995,-10.6266481554572,0.0173958657633251));
#3132=CARTESIAN_POINT('',(40.4620298119991,-10.3242964100965,0.0347917315266502));
#3133=CARTESIAN_POINT('',(40.5430447179986,-10.0219446647358,0.0521875972899753));
#3134=CARTESIAN_POINT('',(43.4000463544658,-9.61751186109929,0.0754567163551034));
#3135=CARTESIAN_POINT('',(40.7999536455342,-9.61751186109929,0.0754567163551034));
#3136=CARTESIAN_POINT('',(42.8842146209701,-9.42899990081786,0.275126506116661));
#3137=CARTESIAN_POINT('',(42.9674774873744,-9.42899990081786,0.233495072914557));
#3138=CARTESIAN_POINT('',(43.051860222635,-9.44204494755867,0.191148528821081));
#3139=CARTESIAN_POINT('',(43.2147747615377,-9.49549721655454,0.11971566181953));
#3140=CARTESIAN_POINT('',(43.2975412874088,-9.53777867561944,0.0881120534721438));
#3141=CARTESIAN_POINT('',(43.3712237641771,-9.59431722858488,0.0781566803900296));
#3142=CARTESIAN_POINT('',(43.3809783177514,-9.60180216079808,0.0768387249637153));
#3143=CARTESIAN_POINT('',(43.3906003261636,-9.60954349403842,0.075915177884996));
#3144=CARTESIAN_POINT('',(43.4000463544658,-9.61751186109929,0.0754567163551034));
#3145=CARTESIAN_POINT('',(40.7999536455342,-9.61751186109929,0.0754567163551034));
#3146=CARTESIAN_POINT('',(40.8093996738364,-9.60954349403845,0.0759151778849944));
#3147=CARTESIAN_POINT('',(40.8190216822487,-9.60180216079803,0.0768387249637247));
#3148=CARTESIAN_POINT('',(40.8287762358229,-9.59431722858487,0.0781566803900306));
#3149=CARTESIAN_POINT('',(40.9024587125912,-9.53777867561942,0.0881120534721478));
#3150=CARTESIAN_POINT('',(40.9852252384623,-9.49549721655453,0.11971566181954));
#3151=CARTESIAN_POINT('',(41.148139777365,-9.44204494755866,0.191148528821098));
#3152=CARTESIAN_POINT('',(41.2325225126257,-9.42899990081786,0.233495072914573));
#3153=CARTESIAN_POINT('',(41.3157853790298,-9.42899990081786,0.275126506116661));
#3154=CARTESIAN_POINT('',(42.8842146209701,-9.42899990081786,0.275126506116661));
#3155=CARTESIAN_POINT('',(41.3157853790298,-9.42899990081786,0.275126506116661));
#3156=CARTESIAN_POINT('',(56.7,-10.9289999008179,-3.1576228924352E-17));
#3157=CARTESIAN_POINT('',(53.1,-10.9289999008179,5.33162181316421E-16));
#3158=CARTESIAN_POINT('',(56.4569552820014,-10.0219446647359,0.0521875972899753));
#3159=CARTESIAN_POINT('',(56.537970188001,-10.3242964100965,0.03479173152665));
#3160=CARTESIAN_POINT('',(56.6189850940005,-10.6266481554572,0.0173958657633248));
#3161=CARTESIAN_POINT('',(56.7,-10.9289999008179,-3.1576228924352E-17));
#3162=CARTESIAN_POINT('',(56.2000463544658,-9.61751186109929,0.0754567163551034));
#3163=CARTESIAN_POINT('',(56.3250484385006,-9.72295961724497,0.069389759444483));
#3164=CARTESIAN_POINT('',(56.4146681705091,-9.86412701614126,0.0612676660250187));
#3165=CARTESIAN_POINT('',(56.4569552820014,-10.0219446647359,0.0521875972899753));
#3166=CARTESIAN_POINT('',(53.3430447179986,-10.0219446647359,0.0521875972899753));
#3167=CARTESIAN_POINT('',(53.3853318294909,-9.8641270161413,0.061267666025016));
#3168=CARTESIAN_POINT('',(53.4749515614994,-9.72295961724495,0.0693897594444843));
#3169=CARTESIAN_POINT('',(53.5999536455342,-9.61751186109929,0.0754567163551034));
#3170=CARTESIAN_POINT('',(53.1,-10.9289999008179,5.33162181316421E-16));
#3171=CARTESIAN_POINT('',(53.1810149059995,-10.6266481554572,0.0173958657633255));
#3172=CARTESIAN_POINT('',(53.262029811999,-10.3242964100965,0.0347917315266504));
#3173=CARTESIAN_POINT('',(53.3430447179986,-10.0219446647359,0.0521875972899753));
#3174=CARTESIAN_POINT('',(56.2000463544658,-9.61751186109929,0.0754567163551034));
#3175=CARTESIAN_POINT('',(53.5999536455342,-9.61751186109929,0.0754567163551034));
#3176=CARTESIAN_POINT('',(55.6842146209702,-9.42899990081787,0.275126506116661));
#3177=CARTESIAN_POINT('',(55.7674774873744,-9.42899990081787,0.233495072914557));
#3178=CARTESIAN_POINT('',(55.851860222635,-9.44204494755867,0.191148528821081));
#3179=CARTESIAN_POINT('',(56.0147747615377,-9.49549721655454,0.11971566181953));
#3180=CARTESIAN_POINT('',(56.0975412874088,-9.53777867561944,0.0881120534721438));
#3181=CARTESIAN_POINT('',(56.1712237641771,-9.59431722858488,0.0781566803900296));
#3182=CARTESIAN_POINT('',(56.1809783177514,-9.60180216079809,0.0768387249637154));
#3183=CARTESIAN_POINT('',(56.1906003261635,-9.60954349403843,0.0759151778849961));
#3184=CARTESIAN_POINT('',(56.2000463544658,-9.61751186109929,0.0754567163551034));
#3185=CARTESIAN_POINT('',(53.5999536455342,-9.61751186109929,0.0754567163551034));
#3186=CARTESIAN_POINT('',(53.6093996738364,-9.60954349403846,0.0759151778849944));
#3187=CARTESIAN_POINT('',(53.6190216822487,-9.60180216079803,0.0768387249637247));
#3188=CARTESIAN_POINT('',(53.6287762358229,-9.59431722858488,0.0781566803900306));
#3189=CARTESIAN_POINT('',(53.7024587125912,-9.53777867561943,0.0881120534721479));
#3190=CARTESIAN_POINT('',(53.7852252384623,-9.49549721655453,0.11971566181954));
#3191=CARTESIAN_POINT('',(53.948139777365,-9.44204494755866,0.191148528821098));
#3192=CARTESIAN_POINT('',(54.0325225126257,-9.42899990081787,0.233495072914573));
#3193=CARTESIAN_POINT('',(54.1157853790299,-9.42899990081787,0.275126506116661));
#3194=CARTESIAN_POINT('',(55.6842146209702,-9.42899990081787,0.275126506116661));
#3195=CARTESIAN_POINT('',(54.1157853790299,-9.42899990081787,0.275126506116661));
#3196=CARTESIAN_POINT('',(43.9,-10.9289999008179,1.5));
#3197=CARTESIAN_POINT('',(40.3,-10.9289999008179,1.5));
#3198=CARTESIAN_POINT('',(43.6569552820014,-10.0219446647358,1.44781240271003));
#3199=CARTESIAN_POINT('',(43.7379701880009,-10.3242964100965,1.46520826847335));
#3200=CARTESIAN_POINT('',(43.8189850940005,-10.6266481554572,1.48260413423668));
#3201=CARTESIAN_POINT('',(43.9,-10.9289999008179,1.5));
#3202=CARTESIAN_POINT('',(43.4000463544658,-9.61751186109929,1.4245432836449));
#3203=CARTESIAN_POINT('',(43.5250484385006,-9.72295961724497,1.43061024055552));
#3204=CARTESIAN_POINT('',(43.6146681705091,-9.86412701614125,1.43873233397498));
#3205=CARTESIAN_POINT('',(43.6569552820014,-10.0219446647358,1.44781240271003));
#3206=CARTESIAN_POINT('',(40.5430447179986,-10.0219446647358,1.44781240271003));
#3207=CARTESIAN_POINT('',(40.5853318294909,-9.8641270161413,1.43873233397499));
#3208=CARTESIAN_POINT('',(40.6749515614994,-9.72295961724495,1.43061024055552));
#3209=CARTESIAN_POINT('',(40.7999536455342,-9.61751186109929,1.4245432836449));
#3210=CARTESIAN_POINT('',(40.3,-10.9289999008179,1.5));
#3211=CARTESIAN_POINT('',(40.3810149059995,-10.6266481554572,1.48260413423668));
#3212=CARTESIAN_POINT('',(40.4620298119991,-10.3242964100965,1.46520826847335));
#3213=CARTESIAN_POINT('',(40.5430447179986,-10.0219446647358,1.44781240271003));
#3214=CARTESIAN_POINT('',(43.4000463544658,-9.61751186109929,1.4245432836449));
#3215=CARTESIAN_POINT('',(40.7999536455342,-9.61751186109929,1.4245432836449));
#3216=CARTESIAN_POINT('',(40.7999536455342,-9.61751186109929,1.4245432836449));
#3217=CARTESIAN_POINT('',(40.8093996738364,-9.60954349403845,1.42408482211501));
#3218=CARTESIAN_POINT('',(40.8190216822487,-9.60180216079803,1.42316127503628));
#3219=CARTESIAN_POINT('',(40.8287762358229,-9.59431722858487,1.42184331960997));
#3220=CARTESIAN_POINT('',(40.9024587125912,-9.53777867561942,1.41188794652785));
#3221=CARTESIAN_POINT('',(40.9852252384623,-9.49549721655453,1.38028433818046));
#3222=CARTESIAN_POINT('',(41.148139777365,-9.44204494755866,1.3088514711789));
#3223=CARTESIAN_POINT('',(41.2325225126257,-9.42899990081786,1.26650492708543));
#3224=CARTESIAN_POINT('',(41.3157853790298,-9.42899990081786,1.22487349388334));
#3225=CARTESIAN_POINT('',(42.8842146209701,-9.42899990081786,1.22487349388334));
#3226=CARTESIAN_POINT('',(41.3157853790298,-9.42899990081786,1.22487349388334));
#3227=CARTESIAN_POINT('',(42.8842146209701,-9.42899990081786,1.22487349388334));
#3228=CARTESIAN_POINT('',(42.9674774873744,-9.42899990081786,1.26650492708544));
#3229=CARTESIAN_POINT('',(43.051860222635,-9.44204494755867,1.30885147117892));
#3230=CARTESIAN_POINT('',(43.2147747615377,-9.49549721655454,1.38028433818047));
#3231=CARTESIAN_POINT('',(43.2975412874088,-9.53777867561944,1.41188794652786));
#3232=CARTESIAN_POINT('',(43.3712237641771,-9.59431722858488,1.42184331960997));
#3233=CARTESIAN_POINT('',(43.3809783177514,-9.60180216079808,1.42316127503629));
#3234=CARTESIAN_POINT('',(43.3906003261636,-9.60954349403842,1.42408482211501));
#3235=CARTESIAN_POINT('',(43.4000463544658,-9.61751186109929,1.4245432836449));
#3236=CARTESIAN_POINT('',(56.7,-10.9289999008179,1.5));
#3237=CARTESIAN_POINT('',(53.1,-10.9289999008179,1.5));
#3238=CARTESIAN_POINT('',(56.4569552820014,-10.0219446647359,1.44781240271003));
#3239=CARTESIAN_POINT('',(56.537970188001,-10.3242964100965,1.46520826847335));
#3240=CARTESIAN_POINT('',(56.6189850940005,-10.6266481554572,1.48260413423668));
#3241=CARTESIAN_POINT('',(56.7,-10.9289999008179,1.5));
#3242=CARTESIAN_POINT('',(56.2000463544658,-9.61751186109929,1.4245432836449));
#3243=CARTESIAN_POINT('',(56.3250484385006,-9.72295961724497,1.43061024055552));
#3244=CARTESIAN_POINT('',(56.4146681705091,-9.86412701614126,1.43873233397498));
#3245=CARTESIAN_POINT('',(56.4569552820014,-10.0219446647359,1.44781240271003));
#3246=CARTESIAN_POINT('',(53.3430447179986,-10.0219446647359,1.44781240271003));
#3247=CARTESIAN_POINT('',(53.3853318294909,-9.8641270161413,1.43873233397499));
#3248=CARTESIAN_POINT('',(53.4749515614994,-9.72295961724495,1.43061024055552));
#3249=CARTESIAN_POINT('',(53.5999536455342,-9.61751186109929,1.4245432836449));
#3250=CARTESIAN_POINT('',(53.1,-10.9289999008179,1.5));
#3251=CARTESIAN_POINT('',(53.1810149059995,-10.6266481554572,1.48260413423668));
#3252=CARTESIAN_POINT('',(53.262029811999,-10.3242964100965,1.46520826847335));
#3253=CARTESIAN_POINT('',(53.3430447179986,-10.0219446647359,1.44781240271003));
#3254=CARTESIAN_POINT('',(56.2000463544658,-9.61751186109929,1.4245432836449));
#3255=CARTESIAN_POINT('',(53.5999536455342,-9.61751186109929,1.4245432836449));
#3256=CARTESIAN_POINT('',(53.5999536455342,-9.61751186109929,1.4245432836449));
#3257=CARTESIAN_POINT('',(53.6093996738364,-9.60954349403846,1.42408482211501));
#3258=CARTESIAN_POINT('',(53.6190216822487,-9.60180216079803,1.42316127503628));
#3259=CARTESIAN_POINT('',(53.6287762358229,-9.59431722858488,1.42184331960997));
#3260=CARTESIAN_POINT('',(53.7024587125912,-9.53777867561943,1.41188794652785));
#3261=CARTESIAN_POINT('',(53.7852252384623,-9.49549721655453,1.38028433818046));
#3262=CARTESIAN_POINT('',(53.948139777365,-9.44204494755866,1.3088514711789));
#3263=CARTESIAN_POINT('',(54.0325225126257,-9.42899990081787,1.26650492708543));
#3264=CARTESIAN_POINT('',(54.1157853790299,-9.42899990081787,1.22487349388334));
#3265=CARTESIAN_POINT('',(55.6842146209702,-9.42899990081787,1.22487349388334));
#3266=CARTESIAN_POINT('',(54.1157853790299,-9.42899990081787,1.22487349388334));
#3267=CARTESIAN_POINT('',(55.6842146209702,-9.42899990081787,1.22487349388334));
#3268=CARTESIAN_POINT('',(55.7674774873744,-9.42899990081787,1.26650492708544));
#3269=CARTESIAN_POINT('',(55.851860222635,-9.44204494755867,1.30885147117892));
#3270=CARTESIAN_POINT('',(56.0147747615377,-9.49549721655454,1.38028433818047));
#3271=CARTESIAN_POINT('',(56.0975412874088,-9.53777867561944,1.41188794652786));
#3272=CARTESIAN_POINT('',(56.1712237641771,-9.59431722858488,1.42184331960997));
#3273=CARTESIAN_POINT('',(56.1809783177514,-9.60180216079809,1.42316127503629));
#3274=CARTESIAN_POINT('',(56.1906003261635,-9.60954349403843,1.42408482211501));
#3275=CARTESIAN_POINT('',(56.2000463544658,-9.61751186109929,1.4245432836449));
#3276=CARTESIAN_POINT('',(54.,-37.0993956487554,2.96511824120238E-17));
#3277=CARTESIAN_POINT('',(43.,-37.0993956487554,6.29804906951232E-17));
#3278=CARTESIAN_POINT('',(43.,-37.0985976512883,1.));
#3279=CARTESIAN_POINT('',(43.,-37.0993956487554,1.11022302462516E-16));
#3280=CARTESIAN_POINT('',(43.,-37.0993956487554,2.));
#3281=CARTESIAN_POINT('',(54.,-37.0985976512883,1.));
#3282=CARTESIAN_POINT('',(54.,-37.0993956487554,0.));
#3283=CARTESIAN_POINT('',(54.,-37.0993956487554,2.));
#3284=CARTESIAN_POINT('',(43.,-37.,6.11979716204456E-17));
#3285=CARTESIAN_POINT('',(43.,-37.,2.));
#3286=CARTESIAN_POINT('',(43.,-37.0993956487554,6.29804906951232E-17));
#3287=CARTESIAN_POINT('',(43.,-37.,6.11979716204456E-17));
#3288=CARTESIAN_POINT('',(54.,-37.,2.));
#3289=CARTESIAN_POINT('',(54.,-37.,2.96511824120238E-17));
#3290=CARTESIAN_POINT('',(54.,-37.,2.96511824120238E-17));
#3291=CARTESIAN_POINT('',(54.,-37.0993956487554,2.96511824120238E-17));
#3292=CARTESIAN_POINT('',(54.4980010986328,-37.,-1.5854993790387E-16));
#3293=CARTESIAN_POINT('',(54.,-37.,2.96511824120238E-17));
#3294=CARTESIAN_POINT('',(43.,-37.,6.11979716204456E-17));
#3295=CARTESIAN_POINT('',(42.5019989013672,-37.,-1.53918917563643E-16));
#3296=CARTESIAN_POINT('',(42.5019989013672,-35.0709991455078,3.82222954742679E-16));
#3297=CARTESIAN_POINT('',(54.4980010986328,-35.0709991455078,3.74928862816212E-16));
#3298=CARTESIAN_POINT('',(35.,-12.1789999008179,1.17570644515098E-17));
#3299=CARTESIAN_POINT('',(35.,-12.1789999008179,4.5));
#3300=CARTESIAN_POINT('',(36.25,-12.1789999008179,1.56760859353464E-17));
#3301=CARTESIAN_POINT('',(35.,-12.1789999008179,1.17570644515098E-17));
#3302=CARTESIAN_POINT('',(36.25,-10.9289999008179,1.9595107419183E-17));
#3303=CARTESIAN_POINT('',(36.25,-10.9289999008179,1.9595107419183E-17));
#3304=CARTESIAN_POINT('',(36.25,-10.9289999008179,4.5));
#3305=CARTESIAN_POINT('',(36.25,-12.1789999008179,4.5));
#3306=CARTESIAN_POINT('',(35.,-12.1789999008179,4.5));
#3307=CARTESIAN_POINT('',(36.25,-10.9289999008179,4.5));
#3308=CARTESIAN_POINT('',(62.,-12.1789999008179,-6.38115034989291E-17));
#3309=CARTESIAN_POINT('',(62.,-12.1789999008179,4.5));
#3310=CARTESIAN_POINT('',(60.75,-12.1789999008179,-8.50820046652385E-17));
#3311=CARTESIAN_POINT('',(62.,-12.1789999008179,-6.38115034989291E-17));
#3312=CARTESIAN_POINT('',(60.75,-10.9289999008179,-1.06352505831548E-16));
#3313=CARTESIAN_POINT('',(60.75,-10.9289999008179,-1.06352505831548E-16));
#3314=CARTESIAN_POINT('',(60.75,-10.9289999008179,4.5));
#3315=CARTESIAN_POINT('',(60.75,-12.1789999008179,4.5));
#3316=CARTESIAN_POINT('',(62.,-12.1789999008179,4.5));
#3317=CARTESIAN_POINT('',(60.75,-10.9289999008179,4.5));
#3318=CARTESIAN_POINT('',(54.4980010986328,-35.0709991455078,6.4980001449585));
#3319=CARTESIAN_POINT('',(42.5019989013672,-35.0709991455078,6.4980001449585));
#3320=CARTESIAN_POINT('',(42.5019989013672,-36.,6.4980001449585));
#3321=CARTESIAN_POINT('',(54.4980010986328,-36.,6.4980001449585));
#3322=CARTESIAN_POINT('',(56.4569552820014,-10.0219446647359,1.44781240271003));
#3323=CARTESIAN_POINT('',(56.4569552820014,-10.0219446647359,0.0521875972899753));
#3324=CARTESIAN_POINT('',(56.7,-10.9289999008179,1.5));
#3325=CARTESIAN_POINT('',(56.7,-10.9289999008179,-3.1576228924352E-17));
#3326=CARTESIAN_POINT('',(55.6842146209702,-9.42899990081787,1.22487349388334));
#3327=CARTESIAN_POINT('',(55.6842146209702,-9.42899990081787,0.275126506116661));
#3328=CARTESIAN_POINT('',(54.1157853790299,-9.42899990081787,1.22487349388334));
#3329=CARTESIAN_POINT('',(54.1157853790299,-9.42899990081787,0.275126506116661));
#3330=CARTESIAN_POINT('',(53.3430447179986,-10.0219446647359,1.44781240271003));
#3331=CARTESIAN_POINT('',(53.3430447179986,-10.0219446647359,0.0521875972899753));
#3332=CARTESIAN_POINT('',(53.1,-10.9289999008179,1.5));
#3333=CARTESIAN_POINT('',(53.1,-10.9289999008179,5.33162181316421E-16));
#3334=CARTESIAN_POINT('',(43.9,-10.9289999008179,1.5));
#3335=CARTESIAN_POINT('',(43.9,-10.9289999008179,-5.50308984352887E-17));
#3336=CARTESIAN_POINT('',(43.6569552820014,-10.0219446647358,1.44781240271003));
#3337=CARTESIAN_POINT('',(43.6569552820014,-10.0219446647358,0.0521875972899753));
#3338=CARTESIAN_POINT('',(42.8842146209701,-9.42899990081786,1.22487349388334));
#3339=CARTESIAN_POINT('',(42.8842146209701,-9.42899990081786,0.275126506116661));
#3340=CARTESIAN_POINT('',(41.3157853790298,-9.42899990081786,1.22487349388334));
#3341=CARTESIAN_POINT('',(41.3157853790298,-9.42899990081786,0.275126506116661));
#3342=CARTESIAN_POINT('',(40.5430447179986,-10.0219446647358,1.44781240271003));
#3343=CARTESIAN_POINT('',(40.5430447179986,-10.0219446647358,0.0521875972899753));
#3344=CARTESIAN_POINT('',(40.3,-10.9289999008179,1.5));
#3345=CARTESIAN_POINT('',(40.3,-10.9289999008179,-3.51644748873565E-17));
#3346=CARTESIAN_POINT('',(60.75,-10.9289999008179,4.5));
#3347=CARTESIAN_POINT('',(59.9529991149902,-10.9289999008179,4.5));
#3348=CARTESIAN_POINT('',(57.3440017700195,-10.9289999008179,4.5));
#3349=CARTESIAN_POINT('',(49.1520004272461,-10.9289999008179,4.5));
#3350=CARTESIAN_POINT('',(37.0470008850098,-10.9289999008179,4.5));
#3351=CARTESIAN_POINT('',(36.25,-10.9289999008179,4.5));
#3352=CARTESIAN_POINT('',(53.1,-10.9289999008179,5.33162181316421E-16));
#3353=CARTESIAN_POINT('',(52.8,-10.9289999008179,-3.54508352771828E-17));
#3354=CARTESIAN_POINT('',(44.2,-10.9289999008179,6.55660860646084E-16));
#3355=CARTESIAN_POINT('',(43.9,-10.9289999008179,-5.50308984352887E-17));
#3356=CARTESIAN_POINT('',(40.3,-10.9289999008179,-3.51644748873565E-17));
#3357=CARTESIAN_POINT('',(40.,-10.9289999008179,-6.39847103313063E-17));
#3358=CARTESIAN_POINT('',(37.0470008850098,-10.9289999008179,-2.89191328041218E-17));
#3359=CARTESIAN_POINT('',(36.25,-10.9289999008179,1.9595107419183E-17));
#3360=CARTESIAN_POINT('',(60.75,-10.9289999008179,-1.06352505831548E-16));
#3361=CARTESIAN_POINT('',(59.9529991149902,-10.9289999008179,-7.09016705543656E-17));
#3362=CARTESIAN_POINT('',(57.,-10.9289999008179,6.79115530157021E-16));
#3363=CARTESIAN_POINT('',(56.7,-10.9289999008179,-3.1576228924352E-17));
#3364=CARTESIAN_POINT('',(35.,-35.0709991455117,4.5));
#3365=CARTESIAN_POINT('',(35.,-16.3840007781982,4.5));
#3366=CARTESIAN_POINT('',(35.,-12.8330001831055,4.5));
#3367=CARTESIAN_POINT('',(35.,-12.1789999008179,4.5));
#3368=CARTESIAN_POINT('',(35.,-35.0709991455117,4.89010240627428E-21));
#3369=CARTESIAN_POINT('',(35.,-12.8330001831055,6.53163262052607E-18));
#3370=CARTESIAN_POINT('',(35.,-12.1789999008179,1.17570644515098E-17));
#3371=CARTESIAN_POINT('',(35.,-35.0709991455117,4.89010240627428E-21));
#3372=CARTESIAN_POINT('',(35.,-35.0709991455117,4.5));
#3373=CARTESIAN_POINT('',(41.4970016479492,-35.0709991455117,4.5));
#3374=CARTESIAN_POINT('',(41.4970016479492,-35.0709991455104,-2.86166424780325E-16));
#3375=CARTESIAN_POINT('',(41.4970016479492,-35.0709991455104,-2.86166424780325E-16));
#3376=CARTESIAN_POINT('',(35.,-35.0709991455117,4.89010240627428E-21));
#3377=CARTESIAN_POINT('',(41.4970016479492,-35.0709991455117,4.5));
#3378=CARTESIAN_POINT('',(35.,-35.0709991455117,4.5));
#3379=CARTESIAN_POINT('',(61.9997778998481,-35.0709991455117,4.5));
#3380=CARTESIAN_POINT('',(61.9998519332321,-35.0709991455117,-1.43093705967449E-16));
#3381=CARTESIAN_POINT('',(61.9998519332321,-35.0709991455117,-1.43093705967449E-16));
#3382=CARTESIAN_POINT('',(55.5026335443925,-35.0709991455104,1.07085034030246E-14));
#3383=CARTESIAN_POINT('',(55.5026335443925,-35.0709991455104,1.07085034030246E-14));
#3384=CARTESIAN_POINT('',(55.502554151747,-35.0709991455117,4.5));
#3385=CARTESIAN_POINT('',(61.9997778998481,-35.0709991455117,4.5));
#3386=CARTESIAN_POINT('',(55.502554151747,-35.0709991455117,4.5));
#3387=CARTESIAN_POINT('',(61.9997778998481,-35.0709991455117,4.5));
#3388=CARTESIAN_POINT('',(61.9998002437294,-32.7680015563964,4.5));
#3389=CARTESIAN_POINT('',(61.9999936548328,-12.8330001831055,4.5));
#3390=CARTESIAN_POINT('',(62.,-12.1789999008179,4.5));
#3391=CARTESIAN_POINT('',(62.,-12.1789999008179,-6.38115034989291E-17));
#3392=CARTESIAN_POINT('',(61.9999957698886,-12.8330001831055,-3.95384219004356E-17));
#3393=CARTESIAN_POINT('',(61.9998519332321,-35.0709991455117,-1.43093705967449E-16));
#3394=CARTESIAN_POINT('',(31.400007280273,-7.57685335430099,4.50000000000001));
#3395=CARTESIAN_POINT('',(48.5000036401366,-7.57685335430099,4.49999999999994));
#3396=CARTESIAN_POINT('',(65.6000000000002,-7.57685335430099,4.49999999999987));
#3397=CARTESIAN_POINT('',(31.400007280273,-7.57685335430099,4.50000000000001));
#3398=CARTESIAN_POINT('',(31.400003640137,-22.1634266771505,4.5));
#3399=CARTESIAN_POINT('',(31.400000000001,-36.75,4.5));
#3400=CARTESIAN_POINT('',(42.4970016479492,-33.5709991455117,-1.50693539895405E-15));
#3401=CARTESIAN_POINT('',(54.502554151747,-33.5709991455117,-2.21747813471415E-15));
#3402=CARTESIAN_POINT('',(44.9995480899927,-20.8452165559157,3.10000000000011));
#3403=CARTESIAN_POINT('',(44.9995480899927,-20.8452165559157,1.));
#3404=CARTESIAN_POINT('',(47.0971657863331,-20.8452165559157,2.99999999999998));
#3405=CARTESIAN_POINT('',(47.0971657863331,-20.8452165559157,2.99999999999997));
#3406=CARTESIAN_POINT('',(47.0971657863331,-30.8452165559157,2.99999999999999));
#3407=CARTESIAN_POINT('',(44.9995480899927,-30.8452165559157,3.10000000000013));
#3408=CARTESIAN_POINT('',(44.9995480899927,-30.8452165559157,1.00000000000002));
#3409=CARTESIAN_POINT('',(47.0971657863331,-30.8452165559157,2.99999999999999));
#3410=CARTESIAN_POINT('',(44.9995480899927,-20.8452165559157,1.));
#3411=CARTESIAN_POINT('',(44.9995480899927,-30.8452165559157,1.00000000000002));
#3412=CARTESIAN_POINT('',(44.9995480899927,-20.8452165559157,3.10000000000002));
#3413=CARTESIAN_POINT('',(44.9995480899927,-20.8452165559157,1.));
#3414=CARTESIAN_POINT('',(42.9019303936523,-20.8452165559157,2.99999999999998));
#3415=CARTESIAN_POINT('',(42.9019303936523,-20.8452165559157,2.99999999999998));
#3416=CARTESIAN_POINT('',(42.9019303936523,-30.8452165559157,3.));
#3417=CARTESIAN_POINT('',(44.9995480899927,-30.8452165559157,3.10000000000006));
#3418=CARTESIAN_POINT('',(44.9995480899927,-30.8452165559157,1.00000000000002));
#3419=CARTESIAN_POINT('',(42.9019303936523,-30.8452165559157,3.));
#3420=CARTESIAN_POINT('',(47.5995480899927,-30.8452165559157,3.00000000000002));
#3421=CARTESIAN_POINT('',(47.5995480899927,-20.8452165559157,3.));
#3422=CARTESIAN_POINT('',(42.3995480899927,-20.8452165559157,3.));
#3423=CARTESIAN_POINT('',(42.3995480899927,-30.8452165559157,3.00000000000002));
#3424=CARTESIAN_POINT('',(42.9019303936523,-18.3648630706752,2.99999999999999));
#3425=CARTESIAN_POINT('',(42.9103786940166,-18.3782299889117,2.81968702511447));
#3426=CARTESIAN_POINT('',(42.9416209002356,-18.4264274793166,2.64872908464963));
#3427=CARTESIAN_POINT('',(43.04828904347,-18.569941644683,2.29942427089016));
#3428=CARTESIAN_POINT('',(43.130694441825,-18.6703800050273,2.1245432520056));
#3429=CARTESIAN_POINT('',(43.2302012798405,-18.7698696223809,1.96888910119103));
#3430=CARTESIAN_POINT('',(43.3116651651119,-18.8513194095052,1.84145874427446));
#3431=CARTESIAN_POINT('',(43.4068980675372,-18.9350648050985,1.72280154147197));
#3432=CARTESIAN_POINT('',(43.5146238495009,-19.0144807169048,1.61507575950825));
#3433=CARTESIAN_POINT('',(43.6954759861903,-19.1478056932986,1.43422362281892));
#3434=CARTESIAN_POINT('',(43.9145409974973,-19.2711061188321,1.28103296262924));
#3435=CARTESIAN_POINT('',(44.4234017841169,-19.4505154132641,1.06143152561148));
#3436=CARTESIAN_POINT('',(44.7053480122505,-19.5026673766603,1.));
#3437=CARTESIAN_POINT('',(44.9995480899927,-19.5026673766603,1.));
#3438=CARTESIAN_POINT('',(47.5019989013672,-17.,3.));
#3439=CARTESIAN_POINT('',(47.5019989013672,-17.,-8.5265128291212E-16));
#3440=CARTESIAN_POINT('',(44.9995480899927,-17.0002165559157,-8.88178419700125E-16));
#3441=CARTESIAN_POINT('',(44.9995480899921,-17.0002165559156,2.99999999999996));
#3442=CARTESIAN_POINT('',(47.097165786333,-18.3648630706752,2.99999999999999));
#3443=CARTESIAN_POINT('',(47.5019989013672,-17.,3.));
#3444=CARTESIAN_POINT('',(47.097165786333,-18.3648630706752,2.99999999999999));
#3445=CARTESIAN_POINT('',(47.0887226207003,-18.3782216933434,2.81979720764646));
#3446=CARTESIAN_POINT('',(47.0575131457345,-18.4263682825916,2.64893691209525));
#3447=CARTESIAN_POINT('',(47.0080775820642,-18.492888452122,2.48696714649301));
#3448=CARTESIAN_POINT('',(46.9509485293836,-18.5697609298948,2.29979057592791));
#3449=CARTESIAN_POINT('',(46.8686180345359,-18.6701292799183,2.12497457978615));
#3450=CARTESIAN_POINT('',(46.7692011564579,-18.7695633660679,1.96936830738283));
#3451=CARTESIAN_POINT('',(46.6876690683598,-18.8511095665585,1.84175512383214));
#3452=CARTESIAN_POINT('',(46.592332122679,-18.9349660121775,1.72293555170277));
#3453=CARTESIAN_POINT('',(46.4844723304845,-19.0144807169049,1.61507575950825));
#3454=CARTESIAN_POINT('',(46.3036425291892,-19.1477892275497,1.434245958213));
#3455=CARTESIAN_POINT('',(46.0846094206991,-19.2710757023696,1.28107095478597));
#3456=CARTESIAN_POINT('',(45.8317298025087,-19.3602448836269,1.17192489841451));
#3457=CARTESIAN_POINT('',(45.5758293420488,-19.4504792595955,1.06147500813581));
#3458=CARTESIAN_POINT('',(45.2939263217985,-19.5026419112649,1.00003034566651));
#3459=CARTESIAN_POINT('',(44.9997646459084,-19.5026673672902,1.00000001116583));
#3460=CARTESIAN_POINT('',(44.9996924600896,-19.5026673719753,1.00000000372189));
#3461=CARTESIAN_POINT('',(44.9996202747842,-19.5026673719753,1.));
#3462=CARTESIAN_POINT('',(44.9995480899927,-19.5026673766603,1.));
#3463=CARTESIAN_POINT('',(47.5019989013672,-17.,3.));
#3464=CARTESIAN_POINT('',(47.5017866078393,-14.562754680878,3.00000180041107));
#3465=CARTESIAN_POINT('',(45.0653298930159,-14.4987351939641,3.00000360082215));
#3466=CARTESIAN_POINT('',(44.9337671836141,-14.4987346012427,3.00000357896069));
#3467=CARTESIAN_POINT('',(43.4669752073932,-14.5372894149951,3.00000299183781));
#3468=CARTESIAN_POINT('',(42.7843759006082,-15.8361095713945,3.00000178948867));
#3469=CARTESIAN_POINT('',(42.1017702380819,-17.1349418212206,3.00000058712834));
#3470=CARTESIAN_POINT('',(42.9019303936523,-18.3648630706752,2.99999999999999));
#3471=CARTESIAN_POINT('',(44.9995390906352,-16.5957782537549,3.00000358989367));
#3472=CARTESIAN_POINT('',(45.0653298930159,-14.4987351939641,3.00000360082215));
#3473=CARTESIAN_POINT('',(44.9337671836141,-14.4987346012427,3.00000357896069));
#3474=CARTESIAN_POINT('',(44.9995480899927,-19.5026673766603,1.));
#3475=CARTESIAN_POINT('',(44.9995480899927,-20.8452165559157,1.));
#3476=CARTESIAN_POINT('',(47.0971657863331,-20.8452165559157,2.99999999999997));
#3477=CARTESIAN_POINT('',(47.097165786333,-18.3648630706752,2.99999999999999));
#3478=CARTESIAN_POINT('',(42.9019303936523,-20.8452165559157,2.99999999999998));
#3479=CARTESIAN_POINT('',(42.9019303936523,-18.3648630706752,2.99999999999999));
#3480=CARTESIAN_POINT('',(42.3995480899927,-30.8452165559157,4.50000000000001));
#3481=CARTESIAN_POINT('',(42.3995480899927,-20.8452165559157,4.50000000000002));
#3482=CARTESIAN_POINT('',(47.5995480899927,-20.8452165559157,4.5));
#3483=CARTESIAN_POINT('',(47.5995480899927,-30.8452165559157,4.50000000000001));
#3484=CARTESIAN_POINT('',(48.0995480899927,-20.8452165559157,4.50000000000573));
#3485=CARTESIAN_POINT('',(48.0995480899927,-30.8452165559157,4.50000000000001));
#3486=CARTESIAN_POINT('',(48.0995480899927,-30.8452165559157,4.50000000000001));
#3487=CARTESIAN_POINT('',(48.0995480899927,-30.8452165559157,6.99700021743775));
#3488=CARTESIAN_POINT('',(48.0995480904538,-20.8452077876541,6.99700021743774));
#3489=CARTESIAN_POINT('',(48.0995480899927,-30.8452165559157,6.99700021743775));
#3490=CARTESIAN_POINT('',(48.0995480899927,-20.8452165559157,4.50000000000573));
#3491=CARTESIAN_POINT('',(48.0995480904538,-20.8452077876541,6.99700021743774));
#3492=CARTESIAN_POINT('',(41.8995480899927,-30.8452165559157,4.50000000000001));
#3493=CARTESIAN_POINT('',(41.8995480899927,-20.8452165559157,4.50000000000325));
#3494=CARTESIAN_POINT('',(41.8995480899927,-20.8452165559157,4.50000000000325));
#3495=CARTESIAN_POINT('',(41.8995480877807,-20.8451744912317,6.99700021743774));
#3496=CARTESIAN_POINT('',(41.8995480899927,-30.8452165559157,6.99700021743775));
#3497=CARTESIAN_POINT('',(41.8995480877807,-20.8451744912317,6.99700021743774));
#3498=CARTESIAN_POINT('',(41.8995480899927,-30.8452165559157,4.50000000000001));
#3499=CARTESIAN_POINT('',(41.8995480899927,-30.8452165559157,6.99700021743775));
#3500=CARTESIAN_POINT('',(47.5995480899927,-30.8452165559157,4.50000000000001));
#3501=CARTESIAN_POINT('',(42.3995480899927,-30.8452165559157,4.50000000000001));
#3502=CARTESIAN_POINT('',(48.0995480899927,-30.8452165559157,6.99700021743775));
#3503=CARTESIAN_POINT('',(41.8995480899927,-30.8452165559157,6.99700021743775));
#3504=CARTESIAN_POINT('',(41.8995480899927,-30.8452165559157,4.50000000000001));
#3505=CARTESIAN_POINT('',(42.3995480899927,-30.8452165559157,4.50000000000001));
#3506=CARTESIAN_POINT('',(47.5995480899927,-30.8452165559157,4.50000000000001));
#3507=CARTESIAN_POINT('',(48.0995480899927,-30.8452165559157,4.50000000000001));
#3508=CARTESIAN_POINT('',(42.3995480899927,-20.8452165559157,4.50000000000002));
#3509=CARTESIAN_POINT('',(41.8995480899927,-20.8452165559157,4.50000000000325));
#3510=CARTESIAN_POINT('',(48.0995480899927,-20.8452165559157,4.50000000000573));
#3511=CARTESIAN_POINT('',(47.5995480899927,-20.8452165559157,4.5));
#3512=CARTESIAN_POINT('',(64.,-12.7970016479492,7.00000000000003));
#3513=CARTESIAN_POINT('',(64.,-12.7970016479492,8.00000000000005));
#3514=CARTESIAN_POINT('',(61.,-12.7970016479492,7.00000000000003));
#3515=CARTESIAN_POINT('',(61.,-12.7970016479492,8.00000000000007));
#3516=CARTESIAN_POINT('',(64.,-12.7970016479492,7.00000000000003));
#3517=CARTESIAN_POINT('',(61.,-12.7970016479492,7.00000000000003));
#3518=CARTESIAN_POINT('',(64.,-12.7970016479492,8.00000000000005));
#3519=CARTESIAN_POINT('',(61.,-12.7970016479492,8.00000000000007));
#3520=CARTESIAN_POINT('',(32.5820115987783,4.06678392861007,13.5990297293425));
#3521=CARTESIAN_POINT('',(43.1861437372126,4.64440535712993,13.6207754772398));
#3522=CARTESIAN_POINT('',(53.8138562627884,4.64440535712991,13.6207754772398));
#3523=CARTESIAN_POINT('',(64.4179884012215,4.06678392861009,13.5990297293425));
#3524=CARTESIAN_POINT('',(32.5820115987783,4.06678392861007,13.5990297293425));
#3525=CARTESIAN_POINT('',(32.5820115987783,4.06678392861008,7.62746918876598E-16));
#3526=CARTESIAN_POINT('',(64.4179884012214,4.0667839286101,-2.01913152320667E-15));
#3527=CARTESIAN_POINT('',(64.4179884012215,4.06678392861009,13.5990297293425));
#3528=CARTESIAN_POINT('',(48.5,-288.16,7.42939996432833E-13));
#3529=CARTESIAN_POINT('',(64.4179884012214,4.06678392861011,-2.01913152320672E-15));
#3530=CARTESIAN_POINT('',(32.5820115987783,4.06678392861008,7.62746918876491E-16));
#3531=CARTESIAN_POINT('',(61.0603492775871,4.23034393431154,9.80012126664774));
#3532=CARTESIAN_POINT('',(61.0603492775871,4.23034393431154,10.1941606124835));
#3533=CARTESIAN_POINT('',(60.9827243989459,4.23370712972198,10.5843076086168));
#3534=CARTESIAN_POINT('',(60.6811518450877,4.24642591456769,11.312275733404));
#3535=CARTESIAN_POINT('',(60.4601744568319,4.25564170831036,11.6429367745222));
#3536=CARTESIAN_POINT('',(60.1816696211467,4.26676723388772,11.9214416102074));
#3537=CARTESIAN_POINT('',(59.9030587596727,4.27789699491264,12.2000524716814));
#3538=CARTESIAN_POINT('',(59.5723194423302,4.29070009462575,12.4210253248285));
#3539=CARTESIAN_POINT('',(58.8444018869588,4.31735227378604,12.7225266370255));
#3540=CARTESIAN_POINT('',(58.4543085662907,4.33092756988072,12.8001212666477));
#3541=CARTESIAN_POINT('',(58.0603492775871,4.34380394396671,12.8001212666477));
#3542=CARTESIAN_POINT('',(57.6664602589645,4.35667802130814,12.8001212666477));
#3543=CARTESIAN_POINT('',(57.2763896007391,4.36860232258672,12.7225541652077));
#3544=CARTESIAN_POINT('',(56.548424970364,4.38953606120891,12.4210552810482));
#3545=CARTESIAN_POINT('',(56.2176607977955,4.39835485885412,12.2000734739755));
#3546=CARTESIAN_POINT('',(55.9390289340274,4.40543960030323,11.9214416102074));
#3547=CARTESIAN_POINT('',(55.6604824262643,4.41252217141468,11.6428951024443));
#3548=CARTESIAN_POINT('',(55.4395023176495,4.41775317398765,11.3121981242492));
#3549=CARTESIAN_POINT('',(55.1379563507246,4.42474991050468,10.5842350712932));
#3550=CARTESIAN_POINT('',(55.0603492775871,4.42646143893267,10.1941103368571));
#3551=CARTESIAN_POINT('',(55.0603492775871,4.42646143893267,9.80012126664774));
#3552=CARTESIAN_POINT('',(55.0603492775871,4.42646143893267,9.40613219643848));
#3553=CARTESIAN_POINT('',(55.1379563507247,4.42474991050468,9.01600746200217));
#3554=CARTESIAN_POINT('',(55.4395023176495,4.41775317398765,8.28804440904641));
#3555=CARTESIAN_POINT('',(55.6604824262644,4.41252217141468,7.9573474308511));
#3556=CARTESIAN_POINT('',(55.9390289340274,4.40543960030323,7.67880092308809));
#3557=CARTESIAN_POINT('',(56.2176607977956,4.39835485885412,7.4001690593199));
#3558=CARTESIAN_POINT('',(56.5484249703639,4.38953606120891,7.17918725224729));
#3559=CARTESIAN_POINT('',(57.2763896007391,4.36860232258672,6.87768836808778));
#3560=CARTESIAN_POINT('',(57.6664602589645,4.35667802130814,6.80012126664774));
#3561=CARTESIAN_POINT('',(58.0603492775871,4.34380394396671,6.80012126664774));
#3562=CARTESIAN_POINT('',(58.4543085662907,4.33092756988072,6.80012126664774));
#3563=CARTESIAN_POINT('',(58.8444018869588,4.31735227378604,6.87771589626994));
#3564=CARTESIAN_POINT('',(59.5723194423301,4.29070009462575,7.17921720846695));
#3565=CARTESIAN_POINT('',(59.9030587596727,4.27789699491264,7.40019006161411));
#3566=CARTESIAN_POINT('',(60.1816696211467,4.26676723388773,7.67880092308809));
#3567=CARTESIAN_POINT('',(60.4601744568321,4.25564170831036,7.95730575877346));
#3568=CARTESIAN_POINT('',(60.6811518450876,4.24642591456769,8.28796679989121));
#3569=CARTESIAN_POINT('',(60.9827243989458,4.23370712972198,9.01593492467858));
#3570=CARTESIAN_POINT('',(61.0603492775871,4.23034393431154,9.40608192081202));
#3571=CARTESIAN_POINT('',(61.0603492775871,4.23034393431154,9.80012126664774));
#3572=CARTESIAN_POINT('',(64.,2.49999999999967,13.5400449226184));
#3573=CARTESIAN_POINT('',(60.3494311668265,2.49999999999967,13.5400449226184));
#3574=CARTESIAN_POINT('',(45.2,2.49999999999965,13.5400449226184));
#3575=CARTESIAN_POINT('',(33.,2.49999999999967,13.5400449226184));
#3576=CARTESIAN_POINT('',(33.,2.49999999999967,13.5400449226184));
#3577=CARTESIAN_POINT('',(33.,-36.,12.0906331579125));
#3578=CARTESIAN_POINT('',(31.4000000000026,2.84163535024725,13.5529064887454));
#3579=CARTESIAN_POINT('',(31.4000000000021,3.15923084948976,13.5648630251874));
#3580=CARTESIAN_POINT('',(31.5234928056314,3.46351676842499,13.5763184950768));
#3581=CARTESIAN_POINT('',(31.9654335898733,3.91926881086774,13.5934762190275));
#3582=CARTESIAN_POINT('',(32.2654625841546,4.0524708398081,13.5984908836465));
#3583=CARTESIAN_POINT('',(32.5820115987783,4.06678392861007,13.5990297293425));
#3584=CARTESIAN_POINT('',(65.6000000000011,-36.7499999999995,12.0623978637949));
#3585=CARTESIAN_POINT('',(65.6,2.84158281888093,13.5529045110939));
#3586=CARTESIAN_POINT('',(64.35,-38.,12.0153390402654));
#3587=CARTESIAN_POINT('',(64.6816792999471,-38.,12.0153390402654));
#3588=CARTESIAN_POINT('',(64.9996801000278,-37.8681840642782,12.0203015225514));
#3589=CARTESIAN_POINT('',(65.4684236659794,-37.3992460119648,12.0379556609915));
#3590=CARTESIAN_POINT('',(65.6,-37.081362095171,12.0499230555061));
#3591=CARTESIAN_POINT('',(65.6000000000011,-36.7499999999995,12.0623978637949));
#3592=CARTESIAN_POINT('',(64.4179884012215,4.06678392861009,13.5990297293425));
#3593=CARTESIAN_POINT('',(64.7345440764864,4.05246384120951,13.5984906201698));
#3594=CARTESIAN_POINT('',(65.0345742909261,3.91924838684946,13.5934754501233));
#3595=CARTESIAN_POINT('',(65.4765099387034,3.46347628648073,13.5763169710506));
#3596=CARTESIAN_POINT('',(65.6,3.15918290833374,13.5648612203439));
#3597=CARTESIAN_POINT('',(65.6,2.84158281888093,13.5529045110939));
#3598=CARTESIAN_POINT('',(31.4000000000011,-36.75,12.0623978637948));
#3599=CARTESIAN_POINT('',(31.4,-37.0813620951711,12.0499230555061));
#3600=CARTESIAN_POINT('',(31.5315763340205,-37.3992460119647,12.0379556609915));
#3601=CARTESIAN_POINT('',(32.0003198999721,-37.8681840642782,12.0203015225514));
#3602=CARTESIAN_POINT('',(32.3183207000529,-38.,12.0153390402654));
#3603=CARTESIAN_POINT('',(32.65,-38.,12.0153390402654));
#3604=CARTESIAN_POINT('',(64.35,-38.,12.0153390402654));
#3605=CARTESIAN_POINT('',(32.65,-38.,12.0153390402654));
#3606=CARTESIAN_POINT('',(64.,-36.,12.0906331579125));
#3607=CARTESIAN_POINT('',(64.,2.49999999999967,13.5400449226184));
#3608=CARTESIAN_POINT('',(33.,-36.,12.0906331579125));
#3609=CARTESIAN_POINT('',(45.2,-36.,12.0906331579125));
#3610=CARTESIAN_POINT('',(60.3494311668265,-36.,12.0906331579125));
#3611=CARTESIAN_POINT('',(64.,-36.,12.0906331579125));
#3612=CARTESIAN_POINT('',(31.4000000000011,-36.75,12.0623978637948));
#3613=CARTESIAN_POINT('',(31.4000000000026,2.84163535024725,13.5529064887454));
#3614=CARTESIAN_POINT('',(55.5028502852828,-38.,10.0030002593994));
#3615=CARTESIAN_POINT('',(54.4980010986328,-38.,10.0030002593994));
#3616=CARTESIAN_POINT('',(42.5019989013672,-38.,10.0030002593994));
#3617=CARTESIAN_POINT('',(41.4970016479492,-38.,10.0030002593994));
#3618=CARTESIAN_POINT('',(55.5028502852828,-38.,4.5));
#3619=CARTESIAN_POINT('',(55.5028502852828,-38.,10.0030002593994));
#3620=CARTESIAN_POINT('',(41.4970016479492,-38.,10.0030002593994));
#3621=CARTESIAN_POINT('',(41.4970016479492,-38.,4.5));
#3622=CARTESIAN_POINT('',(64.35,-38.,4.49999999999999));
#3623=CARTESIAN_POINT('',(64.35,-38.,12.0153390402654));
#3624=CARTESIAN_POINT('',(32.65,-38.,12.0153390402654));
#3625=CARTESIAN_POINT('',(32.65,-38.,4.5));
#3626=CARTESIAN_POINT('',(64.35,-38.,4.49999999999999));
#3627=CARTESIAN_POINT('',(55.5028502852828,-38.,4.5));
#3628=CARTESIAN_POINT('',(41.4970016479492,-38.,4.5));
#3629=CARTESIAN_POINT('',(32.65,-38.,4.5));
#3630=CARTESIAN_POINT('',(32.5820115987783,4.06678392861008,7.62746918876598E-16));
#3631=CARTESIAN_POINT('',(31.4000000000786,4.17847142783475,1.99473651104656E-15));
#3632=CARTESIAN_POINT('',(31.4000000001573,3.17078080852625,3.22672610321651E-15));
#3633=CARTESIAN_POINT('',(64.4179884012214,4.0667839286101,-2.01913152320667E-15));
#3634=CARTESIAN_POINT('',(65.5999999999998,4.1780689334445,-5.92869653948442E-15));
#3635=CARTESIAN_POINT('',(65.6,3.16997581974571,-9.83826155576161E-15));
#3636=CARTESIAN_POINT('',(31.4000000001573,3.17078080852625,3.22672610321651E-15));
#3637=CARTESIAN_POINT('',(48.5000954889075,4.18122573989515,-3.3124364408173E-15));
#3638=CARTESIAN_POINT('',(65.6,3.16997581974571,-9.83826155576161E-15));
#3639=CARTESIAN_POINT('',(65.6000000000001,0.0862971481329492,0.613680363996135));
#3640=CARTESIAN_POINT('',(48.5002533616962,0.821669910022839,0.614861153621092));
#3641=CARTESIAN_POINT('',(31.4000000000001,0.0862583322558844,0.614471313796204));
#3642=CARTESIAN_POINT('',(65.6000000000001,0.0868693094464359,0.61289898649398));
#3643=CARTESIAN_POINT('',(48.4987406507972,0.822377969305858,0.614074134813223));
#3644=CARTESIAN_POINT('',(31.4000000000001,0.0868379323237555,0.613680314930666));
#3645=CARTESIAN_POINT('',(65.6000000000001,0.0868693094464359,0.61289898649398));
#3646=CARTESIAN_POINT('',(65.6000000000001,0.0866785048735766,0.613159384027642));
#3647=CARTESIAN_POINT('',(65.6000000000001,0.0864877843959705,0.613419843249425));
#3648=CARTESIAN_POINT('',(65.6000000000001,0.0862971481329492,0.613680363996135));
#3649=CARTESIAN_POINT('',(31.4000000000001,0.0868379323237555,0.613680314930666));
#3650=CARTESIAN_POINT('',(31.4000000000001,0.0866447458551538,0.613943991150145));
#3651=CARTESIAN_POINT('',(31.4000000000001,0.0864515458315145,0.614207657440055));
#3652=CARTESIAN_POINT('',(31.4000000000001,0.0862583322558844,0.614471313796204));
#3653=CARTESIAN_POINT('',(31.4,1.29596086004633,-3.91186222039129E-15));
#3654=CARTESIAN_POINT('',(31.4,1.06039249533948,0.000176763819555961));
#3655=CARTESIAN_POINT('',(31.4,0.828176614573169,0.055838935163952));
#3656=CARTESIAN_POINT('',(31.4000000000001,0.408062431617587,0.269071742757675));
#3657=CARTESIAN_POINT('',(31.4000000000001,0.226051243199081,0.423652979448798));
#3658=CARTESIAN_POINT('',(31.4000000000001,0.0868379323237555,0.613680314930666));
#3659=CARTESIAN_POINT('',(65.6,1.29614358541714,6.07686304670174E-14));
#3660=CARTESIAN_POINT('',(65.6,1.0606010529416,2.1703785012249E-8));
#3661=CARTESIAN_POINT('',(65.6,0.828367762242797,0.0554552488293019));
#3662=CARTESIAN_POINT('',(65.6,0.408147036135861,0.268409726765756));
#3663=CARTESIAN_POINT('',(65.6000000000001,0.226102813846257,0.422900858506836));
#3664=CARTESIAN_POINT('',(65.6000000000001,0.0868693094464359,0.61289898649398));
#3665=CARTESIAN_POINT('',(65.6,1.29614358541714,6.07686304670174E-14));
#3666=CARTESIAN_POINT('',(48.5016070328953,2.14928454509792,3.12825646927328E-10));
#3667=CARTESIAN_POINT('',(31.4,1.29596086004633,-3.91186222039129E-15));
#3668=CARTESIAN_POINT('',(65.6000000000001,0.0862971481329492,0.613680363996135));
#3669=CARTESIAN_POINT('',(65.6000000000001,-0.595556682135273,1.54490035479053));
#3670=CARTESIAN_POINT('',(65.6000000000001,-1.65924364610156,2.63558514466314));
#3671=CARTESIAN_POINT('',(65.6000000000001,-4.16991103634307,3.93326616951248));
#3672=CARTESIAN_POINT('',(65.6000000000001,-5.61524702209165,4.47184827358369));
#3673=CARTESIAN_POINT('',(65.6000000000002,-7.43210151391397,4.49972444440271));
#3674=CARTESIAN_POINT('',(65.6000000000002,-7.48034979866742,4.49990818904445));
#3675=CARTESIAN_POINT('',(65.6000000000002,-7.52860301878574,4.50000004950225));
#3676=CARTESIAN_POINT('',(65.6000000000002,-7.57685335430099,4.49999999999987));
#3677=CARTESIAN_POINT('',(31.4000000000001,0.0862583322558844,0.614471313796204));
#3678=CARTESIAN_POINT('',(31.4000008722502,-0.595834907911787,1.54548942439989));
#3679=CARTESIAN_POINT('',(31.4000020940797,-1.65969652119258,2.63585163975044));
#3680=CARTESIAN_POINT('',(31.4000044884883,-4.17013760078165,3.93324700199558));
#3681=CARTESIAN_POINT('',(31.4000057871825,-5.61547435111453,4.47184587207199));
#3682=CARTESIAN_POINT('',(31.4000071707858,-7.4321198169528,4.49972429928158));
#3683=CARTESIAN_POINT('',(31.4000072048301,-7.47708039184079,4.49989558841688));
#3684=CARTESIAN_POINT('',(31.4000072388471,-7.52204514189995,4.49998707148874));
#3685=CARTESIAN_POINT('',(31.4000072728318,-7.56700773643723,4.49999872418034));
#3686=CARTESIAN_POINT('',(31.4000072753124,-7.5702896088533,4.49999957472394));
#3687=CARTESIAN_POINT('',(31.4000072777928,-7.57357148106418,4.49999999999998));
#3688=CARTESIAN_POINT('',(31.400007280273,-7.57685335430099,4.50000000000001));
#3689=CARTESIAN_POINT('',(65.6,1.29731039126933,6.07230676043683E-14));
#3690=CARTESIAN_POINT('',(48.5000746553776,2.1504519199444,2.83570934183886E-14));
#3691=CARTESIAN_POINT('',(31.4,1.29708573883427,-3.90738352734477E-15));
#3692=CARTESIAN_POINT('',(65.6,1.29731039126933,6.07230676043683E-14));
#3693=CARTESIAN_POINT('',(65.6,1.29614358541714,6.07686304670174E-14));
#3694=CARTESIAN_POINT('',(31.4,1.29708573883427,-3.90738352734477E-15));
#3695=CARTESIAN_POINT('',(31.4,1.29596086004633,-3.91186222039129E-15));
#3696=CARTESIAN_POINT('',(65.6,3.16997581974571,-9.83826155576161E-15));
#3697=CARTESIAN_POINT('',(65.6,1.29731039126933,6.07230676043683E-14));
#3698=CARTESIAN_POINT('',(31.4000000001573,3.17078080852625,3.22672610321651E-15));
#3699=CARTESIAN_POINT('',(31.4,1.29708573883427,-3.90738352734477E-15));
#3700=CARTESIAN_POINT('',(65.6000000000002,-7.57685335430099,4.49999999999987));
#3701=CARTESIAN_POINT('',(65.600000000001,-36.7499999999999,4.5));
#3702=CARTESIAN_POINT('',(65.600000000001,-36.7499999999999,4.5));
#3703=CARTESIAN_POINT('',(65.6000000000011,-36.7499999999995,12.0623978637949));
#3704=CARTESIAN_POINT('',(31.400000000001,-36.75,4.5));
#3705=CARTESIAN_POINT('',(31.4000000000011,-36.75,12.0623978637948));
#3706=CARTESIAN_POINT('',(65.6,2.84158281888093,13.5529045110939));
#3707=CARTESIAN_POINT('',(65.6,3.16997581974571,-9.83826155576161E-15));
#3708=CARTESIAN_POINT('',(31.4000000000026,2.84163535024725,13.5529064887454));
#3709=CARTESIAN_POINT('',(31.4000000001573,3.17078080852625,3.22672610321651E-15));
#3710=CARTESIAN_POINT('',(32.6500000000002,-36.7500000000008,4.5));
#3711=CARTESIAN_POINT('',(31.400000000001,-36.75,4.5));
#3712=CARTESIAN_POINT('',(32.65,-38.,4.5));
#3713=CARTESIAN_POINT('',(64.3500000000001,-36.7499999999991,4.5));
#3714=CARTESIAN_POINT('',(64.35,-38.,4.49999999999999));
#3715=CARTESIAN_POINT('',(65.600000000001,-36.7499999999999,4.5));
#3716=CARTESIAN_POINT('',(41.4970016479492,-36.,10.0030002593994));
#3717=CARTESIAN_POINT('',(42.5019989013672,-36.,10.0030002593994));
#3718=CARTESIAN_POINT('',(41.4970016479492,-38.,10.0030002593994));
#3719=CARTESIAN_POINT('',(41.4970016479492,-36.,10.0030002593994));
#3720=CARTESIAN_POINT('',(54.4980010986328,-36.,10.0030002593994));
#3721=CARTESIAN_POINT('',(55.5028502852828,-36.,10.0030002593994));
#3722=CARTESIAN_POINT('',(55.5028502852828,-38.,10.0030002593994));
#3723=CARTESIAN_POINT('',(55.5028502852828,-36.,10.0030002593994));
#3724=CARTESIAN_POINT('',(60.4602583228142,2.49999999999967,8.0000000000001));
#3725=CARTESIAN_POINT('',(61.0595461242351,2.49999999999967,8.00000000000016));
#3726=CARTESIAN_POINT('',(61.0603492775871,2.49999999999967,8.00000000000016));
#3727=CARTESIAN_POINT('',(64.,2.49999999999967,8.00000000000012));
#3728=CARTESIAN_POINT('',(64.,-12.7970016479492,8.00000000000005));
#3729=CARTESIAN_POINT('',(64.,2.49999999999967,8.00000000000012));
#3730=CARTESIAN_POINT('',(61.,-11.7561960472754,8.00000000000003));
#3731=CARTESIAN_POINT('',(61.,-12.7970016479492,8.00000000000007));
#3732=CARTESIAN_POINT('',(62.,-11.7561960472754,8.00000000000003));
#3733=CARTESIAN_POINT('',(61.,-11.7561960472754,8.00000000000003));
#3734=CARTESIAN_POINT('',(62.,-3.65619604727538,8.00000000000003));
#3735=CARTESIAN_POINT('',(62.,-11.7561960472754,8.00000000000003));
#3736=CARTESIAN_POINT('',(60.4602583228213,-3.65619604727538,8.00000000000006));
#3737=CARTESIAN_POINT('',(60.4602583228142,2.49999999999967,8.0000000000001));
#3738=CARTESIAN_POINT('',(61.,-11.7561960472754,8.00000000000003));
#3739=CARTESIAN_POINT('',(61.,-11.7561960472754,5.73070747078044));
#3740=CARTESIAN_POINT('',(62.,-11.7561960472754,5.73070747078044));
#3741=CARTESIAN_POINT('',(61.,-11.7561960472754,5.73070747078044));
#3742=CARTESIAN_POINT('',(62.,-11.7561960472754,8.00000000000003));
#3743=CARTESIAN_POINT('',(62.,-11.7561960472754,5.73070747078044));
#3744=CARTESIAN_POINT('',(62.,-3.65619604727538,8.00000000000003));
#3745=CARTESIAN_POINT('',(62.,-3.65619604727538,5.73070747078044));
#3746=CARTESIAN_POINT('',(62.,-3.65619604727538,5.73070747078044));
#3747=CARTESIAN_POINT('',(62.,-11.7561960472754,5.73070747078044));
#3748=CARTESIAN_POINT('',(43.1000000000095,-10.7452165559175,6.99700021743776));
#3749=CARTESIAN_POINT('',(37.1,-2.62056271713588,6.99700021743775));
#3750=CARTESIAN_POINT('',(37.1000000000049,-18.8698703947027,6.99700021743774));
#3751=CARTESIAN_POINT('',(37.1,-18.8698703946955,10.2970002174377));
#3752=CARTESIAN_POINT('',(37.1000000000049,-18.8698703947027,6.99700021743775));
#3753=CARTESIAN_POINT('',(43.0999999999999,-10.7452165559157,10.2970002174378));
#3754=CARTESIAN_POINT('',(37.1,-2.62056271713588,10.2970002174377));
#3755=CARTESIAN_POINT('',(33.,-10.7452165559157,10.2970002174377));
#3756=CARTESIAN_POINT('',(37.1,-2.62056271713588,6.99700021743775));
#3757=CARTESIAN_POINT('',(37.1,-2.62056271713587,10.2970002174377));
#3758=CARTESIAN_POINT('',(43.0999999999999,-10.7452165559157,10.2970002174378));
#3759=CARTESIAN_POINT('',(33.,-10.7452165559157,10.2970002174377));
#3760=CARTESIAN_POINT('',(37.1,-18.8698703946955,10.2970002174377));
#3761=CARTESIAN_POINT('',(37.1,-2.62056271713587,10.2970002174377));
#3762=CARTESIAN_POINT('',(37.1,2.49999999999967,10.2970002174377));
#3763=CARTESIAN_POINT('',(37.1,-2.62056271713588,6.99700021743775));
#3764=CARTESIAN_POINT('',(37.1,2.49999999999967,6.99700021743775));
#3765=CARTESIAN_POINT('',(37.1,-20.8452165559157,10.2970002174377));
#3766=CARTESIAN_POINT('',(37.1,-18.8698703946955,10.2970002174377));
#3767=CARTESIAN_POINT('',(37.1,-20.8452165559157,6.99700021743775));
#3768=CARTESIAN_POINT('',(37.1000000000049,-18.8698703947027,6.99700021743775));
#3769=CARTESIAN_POINT('',(37.1,-20.8452165559157,10.2970002174377));
#3770=CARTESIAN_POINT('',(37.1,-20.8452165559157,6.99700021743775));
#3771=CARTESIAN_POINT('',(54.,-3.65619604727538,5.73070747078044));
#3772=CARTESIAN_POINT('',(54.,-11.7561960472755,5.73070747078044));
#3773=CARTESIAN_POINT('',(54.,-11.7561960472755,5.73070747078044));
#3774=CARTESIAN_POINT('',(54.,-11.7561960472755,10.2970002174377));
#3775=CARTESIAN_POINT('',(54.,-3.65619604727538,10.2970002174377));
#3776=CARTESIAN_POINT('',(54.,-11.7561960472755,10.2970002174377));
#3777=CARTESIAN_POINT('',(54.,-3.65619604727538,5.73070747078044));
#3778=CARTESIAN_POINT('',(54.,-3.65619604727538,10.2970002174377));
#3779=CARTESIAN_POINT('',(54.,-11.7561960472755,5.73070747078044));
#3780=CARTESIAN_POINT('',(55.,-11.7561960472755,5.73070747078044));
#3781=CARTESIAN_POINT('',(55.,-11.7561960472755,5.73070747078044));
#3782=CARTESIAN_POINT('',(55.,-11.7561960472755,10.2970002174377));
#3783=CARTESIAN_POINT('',(54.,-11.7561960472755,10.2970002174377));
#3784=CARTESIAN_POINT('',(55.,-11.7561960472755,10.2970002174377));
#3785=CARTESIAN_POINT('',(55.,-11.7561960472755,5.73070747078044));
#3786=CARTESIAN_POINT('',(55.,-16.8000000000003,5.73070747078044));
#3787=CARTESIAN_POINT('',(55.,-16.8000000000003,5.73070747078044));
#3788=CARTESIAN_POINT('',(55.,-16.8000000000003,10.2970002174377));
#3789=CARTESIAN_POINT('',(55.,-11.7561960472755,10.2970002174377));
#3790=CARTESIAN_POINT('',(55.,-16.8000000000003,10.2970002174377));
#3791=CARTESIAN_POINT('',(33.,-20.8452165559157,6.99700021743775));
#3792=CARTESIAN_POINT('',(37.1,-20.8452165559157,6.99700021743775));
#3793=CARTESIAN_POINT('',(33.,-20.8452165559157,10.2970002174377));
#3794=CARTESIAN_POINT('',(37.1,-20.8452165559157,10.2970002174377));
#3795=CARTESIAN_POINT('',(43.0999999999772,-10.7452165559042,6.99700021743775));
#3796=CARTESIAN_POINT('',(49.0999999999903,-18.8698703947027,6.99700021743775));
#3797=CARTESIAN_POINT('',(53.2,-10.7452165559157,6.99700021743775));
#3798=CARTESIAN_POINT('',(53.2,-10.7452165559157,6.99700021743775));
#3799=CARTESIAN_POINT('',(53.2,-10.7452165559157,10.2970002174377));
#3800=CARTESIAN_POINT('',(43.0999999999997,-10.7452165559155,10.2970002174378));
#3801=CARTESIAN_POINT('',(49.1,-18.8698703946955,10.2970002174377));
#3802=CARTESIAN_POINT('',(53.2,-10.7452165559157,10.2970002174377));
#3803=CARTESIAN_POINT('',(49.1,-18.8698703946955,10.2970002174377));
#3804=CARTESIAN_POINT('',(49.0999999999903,-18.8698703947027,6.99700021743775));
#3805=CARTESIAN_POINT('',(43.1000000000001,-10.7452165559157,6.99700021743773));
#3806=CARTESIAN_POINT('',(53.2,-10.7452165559157,6.99700021743775));
#3807=CARTESIAN_POINT('',(49.1,-2.62056271713587,6.99700021743775));
#3808=CARTESIAN_POINT('',(43.1,-10.7452165559157,10.2970002174378));
#3809=CARTESIAN_POINT('',(53.2,-10.7452165559157,10.2970002174377));
#3810=CARTESIAN_POINT('',(49.1,-2.62056271713587,10.2970002174377));
#3811=CARTESIAN_POINT('',(49.1,-2.62056271713587,6.99700021743775));
#3812=CARTESIAN_POINT('',(49.1,-2.62056271713587,10.2970002174377));
#3813=CARTESIAN_POINT('',(49.1,-2.62056271713587,10.2970002174377));
#3814=CARTESIAN_POINT('',(49.1,2.49999999999967,10.2970002174377));
#3815=CARTESIAN_POINT('',(49.1,-2.62056271713587,6.99700021743775));
#3816=CARTESIAN_POINT('',(49.1,2.49999999999967,6.99700021743775));
#3817=CARTESIAN_POINT('',(49.1,-27.4682264414497,10.2970002174377));
#3818=CARTESIAN_POINT('',(49.1,-18.8698703946955,10.2970002174377));
#3819=CARTESIAN_POINT('',(49.1,-27.4682264414497,10.2970002174377));
#3820=CARTESIAN_POINT('',(49.1,-27.4682264414497,6.99700021743775));
#3821=CARTESIAN_POINT('',(55.,-16.8000000000003,5.73070747078044));
#3822=CARTESIAN_POINT('',(55.,-20.3182264414497,5.73070747078052));
#3823=CARTESIAN_POINT('',(55.,-20.3182264414497,5.73070747078052));
#3824=CARTESIAN_POINT('',(55.,-20.3182264414498,10.2970002174377));
#3825=CARTESIAN_POINT('',(55.,-16.8000000000003,10.2970002174377));
#3826=CARTESIAN_POINT('',(55.,-20.3182264414498,10.2970002174377));
#3827=CARTESIAN_POINT('',(62.,-3.65619604727538,5.73070747078044));
#3828=CARTESIAN_POINT('',(54.,-3.65619604727538,5.73070747078044));
#3829=CARTESIAN_POINT('',(49.1,-27.4682264414497,10.2970002174377));
#3830=CARTESIAN_POINT('',(54.8999999999992,-27.4682264414497,10.2970002174377));
#3831=CARTESIAN_POINT('',(49.1,-27.4682264414497,6.99700021743775));
#3832=CARTESIAN_POINT('',(54.9,-27.4682264414497,6.99700021743775));
#3833=CARTESIAN_POINT('',(54.9,-27.4682264414497,6.99700021743775));
#3834=CARTESIAN_POINT('',(54.8999999999992,-27.4682264414497,10.2940004348755));
#3835=CARTESIAN_POINT('',(54.8999999999992,-27.4682264414497,10.2970002174377));
#3836=CARTESIAN_POINT('',(37.1,2.49999999999967,10.2970002174377));
#3837=CARTESIAN_POINT('',(33.,2.49999999999967,10.2970002174377));
#3838=CARTESIAN_POINT('',(33.,2.49999999999967,10.2970002174377));
#3839=CARTESIAN_POINT('',(33.,-10.7452165559157,10.2970002174377));
#3840=CARTESIAN_POINT('',(33.,-10.7452165559157,10.2970002174377));
#3841=CARTESIAN_POINT('',(33.,-20.8452165559157,10.2970002174377));
#3842=CARTESIAN_POINT('',(54.8999999999914,-24.9182264414497,10.2970002174377));
#3843=CARTESIAN_POINT('',(54.8999999999992,-27.4682264414497,10.2970002174377));
#3844=CARTESIAN_POINT('',(54.8999999999984,-24.9182264414497,4.89700021743775));
#3845=CARTESIAN_POINT('',(54.9,-33.3452165559157,4.89700021743775));
#3846=CARTESIAN_POINT('',(54.9,-33.3452165559157,6.99700021743775));
#3847=CARTESIAN_POINT('',(54.9,-27.4682264414497,6.99700021743775));
#3848=CARTESIAN_POINT('',(33.,-36.,6.99700021743775));
#3849=CARTESIAN_POINT('',(33.,-20.8452165559157,6.99700021743775));
#3850=CARTESIAN_POINT('',(41.4970016479492,-36.,6.99700021743775));
#3851=CARTESIAN_POINT('',(33.,-36.,6.99700021743775));
#3852=CARTESIAN_POINT('',(64.,-33.3452165559157,6.99700021743775));
#3853=CARTESIAN_POINT('',(64.,-36.,6.99700021743775));
#3854=CARTESIAN_POINT('',(41.4970016479492,-34.5709991455117,6.99700021743774));
#3855=CARTESIAN_POINT('',(41.4970016479492,-36.,6.99700021743775));
#3856=CARTESIAN_POINT('',(54.502554151747,-33.5709991455117,6.99700021743774));
#3857=CARTESIAN_POINT('',(42.4970016479492,-33.5709991455117,6.99700021743775));
#3858=CARTESIAN_POINT('',(55.5026090138498,-34.5709991608988,6.99724721468315));
#3859=CARTESIAN_POINT('',(55.5027762518989,-36.,6.99750018119813));
#3860=CARTESIAN_POINT('',(64.,-36.,6.99700021743775));
#3861=CARTESIAN_POINT('',(55.5027762518989,-36.,6.99750018119813));
#3862=CARTESIAN_POINT('',(41.4970016479492,-34.5709991455117,-2.27852536675317E-15));
#3863=CARTESIAN_POINT('',(41.4970016479492,-34.5709991455117,6.99700021743774));
#3864=CARTESIAN_POINT('',(42.4970016479492,-33.5709991455117,-1.50693539895405E-15));
#3865=CARTESIAN_POINT('',(42.4970016479492,-33.5709991455117,6.99700021743775));
#3866=CARTESIAN_POINT('',(61.0603492775871,4.23034393431154,9.80012126664774));
#3867=CARTESIAN_POINT('',(61.0603492775871,2.49999999999967,9.80012126664774));
#3868=CARTESIAN_POINT('',(55.1017835256961,-3.65619604727538,10.2970002174377));
#3869=CARTESIAN_POINT('',(55.1017835256962,2.49999999999967,10.2970002174377));
#3870=CARTESIAN_POINT('',(58.060349277592,-3.65619604727539,9.80012126665168));
#3871=CARTESIAN_POINT('',(55.1017835256961,-3.65619604727538,10.2970002174377));
#3872=CARTESIAN_POINT('',(60.4602583228213,-3.65619604727538,8.00000000000007));
#3873=CARTESIAN_POINT('',(58.060349277587,2.49999999999966,9.80012126664777));
#3874=CARTESIAN_POINT('',(61.0603492775871,2.49999999999967,9.80012126664774));
#3875=CARTESIAN_POINT('',(60.4602583228142,2.49999999999967,8.0000000000001));
#3876=CARTESIAN_POINT('',(60.4602583228213,-3.65619604727538,8.00000000000006));
#3877=CARTESIAN_POINT('',(62.,-3.65619604727538,8.00000000000003));
#3878=CARTESIAN_POINT('',(55.1017835256962,2.49999999999967,10.2970002174377));
#3879=CARTESIAN_POINT('',(49.1,2.49999999999967,10.2970002174377));
#3880=CARTESIAN_POINT('',(55.,-20.3182264414498,10.2970002174377));
#3881=CARTESIAN_POINT('',(53.5999999999813,-20.3182264414498,10.2970002174377));
#3882=CARTESIAN_POINT('',(53.5999999999813,-20.3182264414498,10.2970002174377));
#3883=CARTESIAN_POINT('',(53.5999999999813,-18.7682264414497,10.2970002174377));
#3884=CARTESIAN_POINT('',(53.5999999999813,-18.7682264414497,10.2970002174377));
#3885=CARTESIAN_POINT('',(49.8999999999813,-18.7682264414497,10.2970002174377));
#3886=CARTESIAN_POINT('',(49.8999999999813,-26.4682264414496,10.2970002174377));
#3887=CARTESIAN_POINT('',(53.5999999999808,-26.4682264414484,10.2970002174377));
#3888=CARTESIAN_POINT('',(53.5999999999808,-26.4682264414484,10.2970002174377));
#3889=CARTESIAN_POINT('',(53.5999999999812,-24.9182264414497,10.2970002174377));
#3890=CARTESIAN_POINT('',(54.8999999999914,-24.9182264414497,10.2970002174377));
#3891=CARTESIAN_POINT('',(53.5999999999812,-24.9182264414497,10.2970002174377));
#3892=CARTESIAN_POINT('',(55.1017835256961,-3.65619604727538,10.2970002174377));
#3893=CARTESIAN_POINT('',(54.,-3.65619604727538,10.2970002174377));
#3894=CARTESIAN_POINT('',(53.5999999999813,-20.3182264414497,4.29400043487547));
#3895=CARTESIAN_POINT('',(53.5999999999813,-18.7682264414497,4.29400043487547));
#3896=CARTESIAN_POINT('',(53.5999999999813,-18.7682264414497,4.29400043487547));
#3897=CARTESIAN_POINT('',(49.8999999999813,-18.7682264414497,4.29400043487547));
#3898=CARTESIAN_POINT('',(49.8999999999813,-18.7682264414497,4.29400043487547));
#3899=CARTESIAN_POINT('',(49.8999999999813,-26.4682264414497,4.29400043487547));
#3900=CARTESIAN_POINT('',(49.8999999999813,-26.4682264414497,4.29400043487547));
#3901=CARTESIAN_POINT('',(53.5999999999808,-26.4682264414483,4.29400043487547));
#3902=CARTESIAN_POINT('',(53.5999999999808,-26.4682264414483,4.29400043487547));
#3903=CARTESIAN_POINT('',(53.5999999999812,-24.9182264414497,4.29400043487547));
#3904=CARTESIAN_POINT('',(49.8999999999813,-18.7682264414497,10.2970002174377));
#3905=CARTESIAN_POINT('',(49.8999999999813,-26.4682264414496,10.2970002174377));
#3906=CARTESIAN_POINT('',(53.5999999999813,-20.3182264414497,4.29400043487547));
#3907=CARTESIAN_POINT('',(53.5999999999813,-20.3182264414498,10.2940004348755));
#3908=CARTESIAN_POINT('',(53.5999999999813,-20.3182264414498,10.2970002174377));
#3909=CARTESIAN_POINT('',(53.5999999999813,-18.7682264414497,4.29400043487547));
#3910=CARTESIAN_POINT('',(53.5999999999813,-18.7682264414497,10.2940004348755));
#3911=CARTESIAN_POINT('',(53.5999999999813,-18.7682264414497,10.2970002174377));
#3912=CARTESIAN_POINT('',(49.8999999999813,-18.7682264414497,4.29400043487547));
#3913=CARTESIAN_POINT('',(49.8999999999813,-18.7682264414497,10.2940004348755));
#3914=CARTESIAN_POINT('',(49.8999999999813,-18.7682264414497,10.2970002174377));
#3915=CARTESIAN_POINT('',(49.8999999999813,-26.4682264414497,4.29400043487547));
#3916=CARTESIAN_POINT('',(49.8999999999813,-26.4682264414496,10.2940004348755));
#3917=CARTESIAN_POINT('',(49.8999999999813,-26.4682264414496,10.2970002174377));
#3918=CARTESIAN_POINT('',(53.5999999999808,-26.4682264414483,4.29400043487547));
#3919=CARTESIAN_POINT('',(53.5999999999808,-26.4682264414484,10.2940004348755));
#3920=CARTESIAN_POINT('',(53.5999999999808,-26.4682264414484,10.2970002174377));
#3921=CARTESIAN_POINT('',(53.5999999999812,-24.9182264414497,4.29400043487547));
#3922=CARTESIAN_POINT('',(53.5999999999812,-24.9182264414497,10.2940004348755));
#3923=CARTESIAN_POINT('',(53.5999999999812,-24.9182264414497,10.2970002174377));
#3924=CARTESIAN_POINT('',(61.,-20.3182264414497,5.73070747078044));
#3925=CARTESIAN_POINT('',(61.,-20.3182264414497,4.29400043487547));
#3926=CARTESIAN_POINT('',(54.8999999999984,-24.9182264414497,4.89700021743775));
#3927=CARTESIAN_POINT('',(60.9999999999999,-24.9182264414496,4.89700021743775));
#3928=CARTESIAN_POINT('',(60.9999999999999,-24.9182264414496,4.89700021743775));
#3929=CARTESIAN_POINT('',(60.9999999999999,-24.9182264414496,4.29400043487545));
#3930=CARTESIAN_POINT('',(61.,-20.3182264414497,5.73070747078044));
#3931=CARTESIAN_POINT('',(61.,-21.7452165559157,5.73118384039579));
#3932=CARTESIAN_POINT('',(61.,-21.7452165559157,4.89700021743775));
#3933=CARTESIAN_POINT('',(60.9999999999999,-24.9182264414496,4.89700021743775));
#3934=CARTESIAN_POINT('',(61.,-21.7452165559157,4.89700021743775));
#3935=CARTESIAN_POINT('',(61.,-21.7452165559157,5.73118384039579));
#3936=CARTESIAN_POINT('',(54.9,-33.3452165559157,4.89700021743775));
#3937=CARTESIAN_POINT('',(64.,-33.3452165559157,4.89700021743775));
#3938=CARTESIAN_POINT('',(64.,-33.3452165559157,4.89700021743775));
#3939=CARTESIAN_POINT('',(64.,-33.3452165559157,6.99700021743775));
#3940=CARTESIAN_POINT('',(54.9,-33.3452165559157,4.89700021743775));
#3941=CARTESIAN_POINT('',(54.9,-33.3452165559157,6.99700021743775));
#3942=CARTESIAN_POINT('',(64.,-33.3452165559157,4.89700021743775));
#3943=CARTESIAN_POINT('',(64.,-21.7452165559157,4.89700021743775));
#3944=CARTESIAN_POINT('',(64.,-21.7452165559157,4.89700021743775));
#3945=CARTESIAN_POINT('',(61.,-21.7452165559157,4.89700021743775));
#3946=CARTESIAN_POINT('',(55.5027762518989,-36.,6.99750018119813));
#3947=CARTESIAN_POINT('',(55.5027763257791,-36.,7.00049946483076));
#3948=CARTESIAN_POINT('',(55.5028009543164,-36.,8.00033314289017));
#3949=CARTESIAN_POINT('',(55.5028502852828,-36.,10.0030002593994));
#3950=CARTESIAN_POINT('',(60.9999999999999,-24.9182264414496,4.29400043487545));
#3951=CARTESIAN_POINT('',(53.5999999999812,-24.9182264414497,4.29400043487547));
#3952=CARTESIAN_POINT('',(61.,-20.3182264414497,4.29400043487547));
#3953=CARTESIAN_POINT('',(53.5999999999813,-20.3182264414497,4.29400043487547));
#3954=CARTESIAN_POINT('',(60.9999999999999,-24.9182264414496,4.29400043487545));
#3955=CARTESIAN_POINT('',(61.,-20.3182264414497,4.29400043487547));
#3956=CARTESIAN_POINT('',(64.,2.49999999999967,8.00000000000012));
#3957=CARTESIAN_POINT('',(64.,2.49999999999967,12.0386281234103));
#3958=CARTESIAN_POINT('',(64.,2.49999999999967,13.5400449226184));
#3959=CARTESIAN_POINT('',(37.1,2.49999999999967,6.99700021743775));
#3960=CARTESIAN_POINT('',(49.1,2.49999999999967,6.99700021743775));
#3961=CARTESIAN_POINT('',(33.,2.49999999999967,13.5400449226184));
#3962=CARTESIAN_POINT('',(33.,2.49999999999967,12.0386281234103));
#3963=CARTESIAN_POINT('',(33.,2.49999999999967,10.2970002174377));
#3964=CARTESIAN_POINT('',(41.4970016479492,-35.0709991455117,4.5));
#3965=CARTESIAN_POINT('',(41.4970016479492,-37.,4.5));
#3966=CARTESIAN_POINT('',(41.4970016479492,-38.,4.5));
#3967=CARTESIAN_POINT('',(41.4970016479492,-34.5709991455117,-2.27852536675317E-15));
#3968=CARTESIAN_POINT('',(41.4970016479492,-35.0709991455104,-2.86166424780325E-16));
#3969=CARTESIAN_POINT('',(47.5995480899927,-20.8452165559157,3.));
#3970=CARTESIAN_POINT('',(47.4995480899927,-20.8452165559157,3.));
#3971=CARTESIAN_POINT('',(47.0971657863331,-20.8452165559157,2.99999999999997));
#3972=CARTESIAN_POINT('',(47.0971657863331,-30.8452165559157,2.99999999999999));
#3973=CARTESIAN_POINT('',(47.4995480899927,-30.8452165559157,3.00000000000001));
#3974=CARTESIAN_POINT('',(47.5995480899927,-30.8452165559157,3.00000000000002));
#3975=CARTESIAN_POINT('',(42.9019303936523,-20.8452165559157,2.99999999999998));
#3976=CARTESIAN_POINT('',(42.4995480899927,-20.8452165559157,3.));
#3977=CARTESIAN_POINT('',(42.3995480899927,-20.8452165559157,3.));
#3978=CARTESIAN_POINT('',(42.3995480899927,-30.8452165559157,3.00000000000002));
#3979=CARTESIAN_POINT('',(42.4995480899927,-30.8452165559157,3.00000000000001));
#3980=CARTESIAN_POINT('',(42.9019303936523,-30.8452165559157,3.));
#3981=CARTESIAN_POINT('',(42.3995480899927,-13.7952165559157,6.));
#3982=CARTESIAN_POINT('',(42.4995480899927,-13.7952165559157,6.));
#3983=CARTESIAN_POINT('',(47.4995480899927,-13.7952165559157,6.));
#3984=CARTESIAN_POINT('',(47.5995480899927,-13.7952165559157,6.));
#3985=CARTESIAN_POINT('',(47.5995480899927,-13.7952165559157,6.));
#3986=CARTESIAN_POINT('',(47.5995480899927,-13.8952165559157,6.));
#3987=CARTESIAN_POINT('',(47.5995480899927,-20.8452165559157,6.));
#3988=CARTESIAN_POINT('',(47.5995480899927,-20.8452165559157,6.));
#3989=CARTESIAN_POINT('',(47.4995480899927,-20.8452165559157,6.));
#3990=CARTESIAN_POINT('',(42.4995480899927,-20.8452165559157,6.));
#3991=CARTESIAN_POINT('',(42.3995480899927,-20.8452165559157,6.));
#3992=CARTESIAN_POINT('',(42.3995480899927,-20.8452165559157,6.));
#3993=CARTESIAN_POINT('',(42.3995480899927,-13.8952165559157,6.));
#3994=CARTESIAN_POINT('',(42.3995480899927,-13.7952165559157,6.));
#3995=CARTESIAN_POINT('',(42.3995480899927,-20.8452165559157,3.));
#3996=CARTESIAN_POINT('',(42.3995480899927,-13.8952165559157,3.));
#3997=CARTESIAN_POINT('',(42.3995480899927,-13.7952165559157,3.));
#3998=CARTESIAN_POINT('',(42.3995480899927,-13.7952165559157,3.));
#3999=CARTESIAN_POINT('',(42.4995480899927,-13.7952165559157,3.));
#4000=CARTESIAN_POINT('',(47.4995480899927,-13.7952165559157,3.));
#4001=CARTESIAN_POINT('',(47.5995480899927,-13.7952165559157,3.));
#4002=CARTESIAN_POINT('',(47.5995480899927,-13.7952165559157,3.));
#4003=CARTESIAN_POINT('',(47.5995480899927,-13.8952165559157,3.));
#4004=CARTESIAN_POINT('',(47.5995480899927,-20.8452165559157,3.));
#4005=CARTESIAN_POINT('',(42.3995480899927,-13.7952165559157,3.));
#4006=CARTESIAN_POINT('',(42.3995480899927,-13.7952165559157,3.1));
#4007=CARTESIAN_POINT('',(42.3995480899927,-13.7952165559157,5.9));
#4008=CARTESIAN_POINT('',(42.3995480899927,-13.7952165559157,6.));
#4009=CARTESIAN_POINT('',(42.3995480899927,-20.8452165559157,6.));
#4010=CARTESIAN_POINT('',(42.3995480899927,-20.8452165559157,5.9));
#4011=CARTESIAN_POINT('',(42.3995480899927,-20.8452165559157,4.50000000000002));
#4012=CARTESIAN_POINT('',(42.3995480899927,-20.8452165559157,4.50000000000002));
#4013=CARTESIAN_POINT('',(42.3995480899927,-20.8452165559157,3.1));
#4014=CARTESIAN_POINT('',(42.3995480899927,-20.8452165559157,3.));
#4015=CARTESIAN_POINT('',(47.5995480899927,-13.7952165559157,3.));
#4016=CARTESIAN_POINT('',(47.5995480899927,-13.7952165559157,3.1));
#4017=CARTESIAN_POINT('',(47.5995480899927,-13.7952165559157,5.9));
#4018=CARTESIAN_POINT('',(47.5995480899927,-13.7952165559157,6.));
#4019=CARTESIAN_POINT('',(47.5995480899927,-20.8452165559157,3.));
#4020=CARTESIAN_POINT('',(47.5995480899927,-20.8452165559157,3.1));
#4021=CARTESIAN_POINT('',(47.5995480899927,-20.8452165559157,4.5));
#4022=CARTESIAN_POINT('',(47.5995480899927,-20.8452165559157,4.5));
#4023=CARTESIAN_POINT('',(47.5995480899927,-20.8452165559157,5.9));
#4024=CARTESIAN_POINT('',(47.5995480899927,-20.8452165559157,6.));
#4025=CARTESIAN_POINT('',(42.3995480899927,-30.8452165559157,3.00000000000002));
#4026=CARTESIAN_POINT('',(42.3995480899927,-30.8452165559157,3.10000000000001));
#4027=CARTESIAN_POINT('',(42.3995480899927,-30.8452165559157,4.50000000000001));
#4028=CARTESIAN_POINT('',(47.5995480899927,-30.8452165559157,4.50000000000001));
#4029=CARTESIAN_POINT('',(47.5995480899927,-30.8452165559157,3.10000000000001));
#4030=CARTESIAN_POINT('',(47.5995480899927,-30.8452165559157,3.00000000000002));
#4031=CARTESIAN_POINT('',(41.8995480877807,-20.8451744912317,6.99700021743774));
#4032=CARTESIAN_POINT('',(42.3995480899927,-20.8452165559157,6.99700021743775));
#4033=CARTESIAN_POINT('',(47.5995480899927,-20.8452165559157,6.99700021743775));
#4034=CARTESIAN_POINT('',(48.0995480904538,-20.8452077876541,6.99700021743774));
#4035=CARTESIAN_POINT('',(61.,-12.7970016479492,7.00000000000003));
#4036=CARTESIAN_POINT('',(61.,-16.8000000000003,7.00000000000003));
#4037=CARTESIAN_POINT('',(61.,-21.7452165559157,7.00000000000003));
#4038=CARTESIAN_POINT('',(61.,-20.3182264414497,5.73070747078044));
#4039=CARTESIAN_POINT('',(61.,-16.8000000000003,5.73070747078044));
#4040=CARTESIAN_POINT('',(61.,-11.7561960472754,5.73070747078044));
#4041=CARTESIAN_POINT('',(49.0999999999903,-18.8698703947027,6.99700021743775));
#4042=CARTESIAN_POINT('',(49.1,-20.8452165559157,6.99700021743775));
#4043=CARTESIAN_POINT('',(49.1,-27.4682264414497,6.99700021743775));
#4044=CARTESIAN_POINT('',(54.8999999999914,-24.9182264414497,10.2970002174377));
#4045=CARTESIAN_POINT('',(54.8999999999914,-24.9182264414497,10.2940004348755));
#4046=CARTESIAN_POINT('',(54.8999999999836,-24.9182264414497,5.72770768822897));
#4047=CARTESIAN_POINT('',(54.8999999999984,-24.9182264414497,4.89700021743775));
#4048=CARTESIAN_POINT('',(64.,-21.7452165559157,6.99955003261569));
#4049=CARTESIAN_POINT('',(64.,-17.7970016479492,7.00016761904875));
#4050=CARTESIAN_POINT('',(64.,-12.7970016479492,7.00000000000003));
#4051=CARTESIAN_POINT('',(54.9,-33.3452165559157,6.99700021743775));
#4052=CARTESIAN_POINT('',(55.,-33.3452165559157,6.99700021743775));
#4053=CARTESIAN_POINT('',(64.,-33.3452165559157,6.99700021743775));
#4054=CARTESIAN_POINT('',(55.5026335443925,-35.0709991455104,1.07085034030246E-14));
#4055=CARTESIAN_POINT('',(55.5025796105628,-34.5709991018993,1.89111632876239E-15));
#4056=CARTESIAN_POINT('',(55.5028502852828,-38.,4.5));
#4057=CARTESIAN_POINT('',(55.5027762518989,-37.,4.5));
#4058=CARTESIAN_POINT('',(55.502554151747,-35.0709991455117,4.5));
#4059=CARTESIAN_POINT('',(41.4970016479492,-36.,10.0030002593994));
#4060=CARTESIAN_POINT('',(41.4970016479492,-36.,8.00000000000003));
#4061=CARTESIAN_POINT('',(41.4970016479492,-36.,6.99700021743775));
#4062=CARTESIAN_POINT('',(58.0603492775871,2.49999999999967,9.80012126664774));
#4063=CARTESIAN_POINT('',(55.1017835256962,2.49999999999967,10.2970002174377));
#4064=CARTESIAN_POINT('',(61.0603492775871,2.49999999999967,9.80012126664773));
#4065=CARTESIAN_POINT('',(55.,-20.3182264414497,5.73070747078052));
#4066=CARTESIAN_POINT('',(60.8999999999813,-20.3182264414497,5.73070747078044));
#4067=CARTESIAN_POINT('',(61.,-20.3182264414497,5.73070747078044));
#4068=CARTESIAN_POINT('',(64.,-36.,6.99700021743775));
#4069=CARTESIAN_POINT('',(64.,-36.,7.00000000000003));
#4070=CARTESIAN_POINT('',(64.,-36.,8.00000000000003));
#4071=CARTESIAN_POINT('',(64.,-36.,10.5892163587044));
#4072=CARTESIAN_POINT('',(64.,-36.,12.0906331579125));
#4073=CARTESIAN_POINT('',(37.1,2.49999999999967,10.2970002174377));
#4074=CARTESIAN_POINT('',(37.1,2.49999999999967,8.00000000000005));
#4075=CARTESIAN_POINT('',(37.1,2.49999999999967,6.99700021743775));
#4076=CARTESIAN_POINT('',(49.1,2.49999999999967,6.99700021743775));
#4077=CARTESIAN_POINT('',(49.1,2.49999999999967,8.00000000000012));
#4078=CARTESIAN_POINT('',(49.1,2.49999999999967,10.2970002174377));
#4079=CARTESIAN_POINT('',(33.,-36.,12.0906331579125));
#4080=CARTESIAN_POINT('',(33.,-36.,10.5892163587044));
#4081=CARTESIAN_POINT('',(33.,-36.,8.00000000000003));
#4082=CARTESIAN_POINT('',(33.,-36.,6.99700021743775));
#4083=CARTESIAN_POINT('',(33.,-20.8452165559157,6.99700021743775));
#4084=CARTESIAN_POINT('',(33.,-20.8452165559157,8.00000000000003));
#4085=CARTESIAN_POINT('',(33.,-20.8452165559157,10.2970002174377));
#4086=CARTESIAN_POINT('',(61.,-21.7452165559157,7.00000000000003));
#4087=CARTESIAN_POINT('',(61.,-21.7452165559157,5.73118384039579));
#4088=CARTESIAN_POINT('',(61.,-21.7452165559157,7.00000000000003));
#4089=CARTESIAN_POINT('',(64.,-21.7452165559157,6.99955003261569));
#4090=CARTESIAN_POINT('',(64.,-21.7452165559157,4.89700021743775));
#4091=CARTESIAN_POINT('',(64.,-21.7452165559157,6.00133925980329));
#4092=CARTESIAN_POINT('',(64.,-21.7452165559157,6.99955003261569));
#4093=CARTESIAN_POINT('',(45.0653298930159,-14.4987351939641,3.00000360082215));
#4094=CARTESIAN_POINT('',(45.0653222477186,-14.4987349819505,3.00000279114809));
#4095=CARTESIAN_POINT('',(45.0653146024486,-14.4987347699692,3.0000019816271));
#4096=CARTESIAN_POINT('',(45.0653069572061,-14.4987345580202,3.00000117225916));
#4097=CARTESIAN_POINT('',(45.042687432659,-14.4981074772027,2.99760654343029));
#4098=CARTESIAN_POINT('',(45.0203081726258,-14.4977633626605,2.99655165857083));
#4099=CARTESIAN_POINT('',(44.999331534077,-14.4977657445412,2.99655896864385));
#4100=CARTESIAN_POINT('',(44.9784831361988,-14.4977675487101,2.99656603245972));
#4101=CARTESIAN_POINT('',(44.9562551372449,-14.4981111062607,2.99762273034872));
#4102=CARTESIAN_POINT('',(44.933788086453,-14.4987340216176,3.00000136555784));
#4103=CARTESIAN_POINT('',(44.933781118863,-14.4987342147991,3.00000210323165));
#4104=CARTESIAN_POINT('',(44.93377415125,-14.4987344080075,3.00000284103259));
#4105=CARTESIAN_POINT('',(44.9337671836141,-14.4987346012427,3.00000357896069));
#4106=CARTESIAN_POINT('',(45.0653298930159,-14.4987351939641,3.00000360082215));
#4107=CARTESIAN_POINT('',(45.0653228139199,-14.4987350077657,3.00000360082097));
#4108=CARTESIAN_POINT('',(45.0653157348274,-14.4987348215976,3.00000360081979));
#4109=CARTESIAN_POINT('',(45.065308655738,-14.4987346354595,3.00000360081862));
#4110=CARTESIAN_POINT('',(45.0433224473031,-14.4980448735371,3.00000359716522));
#4111=CARTESIAN_POINT('',(45.0213272102661,-14.4977010120865,3.00000359351032));
#4112=CARTESIAN_POINT('',(44.9993283860947,-14.4977032212498,3.00000358985484));
#4113=CARTESIAN_POINT('',(44.9774760502077,-14.4977054157025,3.00000358622369));
#4114=CARTESIAN_POINT('',(44.9556273134495,-14.498049086862,3.00000358259313));
#4115=CARTESIAN_POINT('',(44.9337875092901,-14.4987340668913,3.00000357896407));
#4116=CARTESIAN_POINT('',(44.9337807340666,-14.4987342449808,3.00000357896295));
#4117=CARTESIAN_POINT('',(44.9337739588413,-14.498734423098,3.00000357896182));
#4118=CARTESIAN_POINT('',(44.9337671836141,-14.4987346012427,3.00000357896069));
#4119=CARTESIAN_POINT('',(54.502554151747,-33.5709991455117,-2.21747813471415E-15));
#4120=CARTESIAN_POINT('',(54.502554151747,-33.5709991455117,6.99700021743774));
#4121=CARTESIAN_POINT('',(55.5025796105628,-34.5709991018993,1.89111632876239E-15));
#4122=CARTESIAN_POINT('',(55.5025668811549,-33.5709991237055,-1.65812557214775E-13));
#4123=CARTESIAN_POINT('',(54.502554151747,-33.5709991455117,-2.21747813471415E-15));
#4124=CARTESIAN_POINT('',(55.5025796105628,-34.5709991018993,1.89111632876239E-15));
#4125=CARTESIAN_POINT('',(55.5026090138498,-34.5709991608988,6.99724721468315));
#4126=CARTESIAN_POINT('',(55.5026090138498,-34.5709991608988,6.99724721468315));
#4127=CARTESIAN_POINT('',(55.50260823947,-34.5428084021471,6.99724808486012));
#4128=CARTESIAN_POINT('',(55.5001817009847,-34.4855005208072,6.99679330295432));
#4129=CARTESIAN_POINT('',(55.4890133954002,-34.3989166773663,6.99698558351501));
#4130=CARTESIAN_POINT('',(55.4697011539876,-34.3112406967868,6.99693598499716));
#4131=CARTESIAN_POINT('',(55.4418445867314,-34.2235821858788,6.99695425797067));
#4132=CARTESIAN_POINT('',(55.4052389988492,-34.1371523097743,6.99695399210568));
#4133=CARTESIAN_POINT('',(55.3599076883485,-34.0532323052613,6.99695909884642));
#4134=CARTESIAN_POINT('',(55.3061222862828,-33.9731160379329,6.99696292834558));
#4135=CARTESIAN_POINT('',(55.2444074905562,-33.8980506633229,6.99696723379613));
#4136=CARTESIAN_POINT('',(55.1755281838483,-33.8291751342509,6.99697146460582));
#4137=CARTESIAN_POINT('',(55.1004590585201,-33.7674640893866,6.99697569346331));
#4138=CARTESIAN_POINT('',(55.020339118703,-33.7136823592396,6.99697982594324));
#4139=CARTESIAN_POINT('',(54.9364155718204,-33.6683545932074,6.99698381683784));
#4140=CARTESIAN_POINT('',(54.8499823143416,-33.6317523790547,6.99698761530246));
#4141=CARTESIAN_POINT('',(54.7623206625626,-33.6038989803317,6.99699118171984));
#4142=CARTESIAN_POINT('',(54.6746416514917,-33.5845896699055,6.99699448484912));
#4143=CARTESIAN_POINT('',(54.5880556595509,-33.5734240794027,6.99699750281434));
#4144=CARTESIAN_POINT('',(54.5307454957203,-33.5709991457286,6.99699934706368));
#4145=CARTESIAN_POINT('',(54.502554151747,-33.5709991455117,6.99700021743774));
#4146=CARTESIAN_POINT('',(42.4970016479492,-34.5709991455117,2.82563389916453E-13));
#4147=CARTESIAN_POINT('',(42.4970016479492,-33.5709991455117,-1.50693539895403E-15));
#4148=CARTESIAN_POINT('',(41.4970016479492,-34.5709991455117,-2.27852536674951E-15));
#4149=CARTESIAN_POINT('',(42.4970016479492,-34.5709991455117,6.99700021743803));
#4150=CARTESIAN_POINT('',(42.4970016479492,-33.5709991455117,6.99700021743775));
#4151=CARTESIAN_POINT('',(41.4970016479492,-34.5709991455117,6.99700021743774));
#4152=CARTESIAN_POINT('',(0.,0.,0.));
ENDSEC;
END-ISO-10303-21;
