ISO-10303-21;
HEADER;
/* Generated by software containing ST-Developer
 * from STEP Tools, Inc. (www.steptools.com) 
 */
/* OPTION: using custom schema-name function */

FILE_DESCRIPTION(
/* description */ (''),
/* implementation_level */ '2;1');

FILE_NAME(
/* name */ 'RN4871U_fixture',
/* time_stamp */ '2026-04-06T16:25:15+02:00',
/* author */ (''),
/* organization */ (''),
/* preprocessor_version */ 'ST-DEVELOPER v19.2',
/* originating_system */ 'Rhino 8.30',
/* authorisation */ '');

FILE_SCHEMA (('CONFIG_CONTROL_DESIGN'));
ENDSEC;

DATA;
#10=SHAPE_REPRESENTATION_RELATIONSHIP('','',#994,#12);
#11=MANIFOLD_SOLID_BREP('brep_1',#13);
#12=ADVANCED_BREP_SHAPE_REPRESENTATION('brep_rep_0',(#11,#1063),#993);
#13=CLOSED_SHELL('',(#35,#36,#37,#38,#39,#40,#41,#42,#43,#44,#45,#46,#47,
#48,#49,#50,#51,#52,#53,#54,#55,#56,#57,#58,#59,#60,#61,#62,#63,#64,#65,
#66,#67,#68,#69,#70,#71,#72,#73,#74,#75));
#14=FACE_BOUND('',#119,.T.);
#15=FACE_BOUND('',#122,.T.);
#16=FACE_BOUND('',#128,.T.);
#17=FACE_BOUND('',#129,.T.);
#18=FACE_BOUND('',#130,.T.);
#19=FACE_BOUND('',#131,.T.);
#20=FACE_BOUND('',#132,.T.);
#21=FACE_BOUND('',#133,.T.);
#22=FACE_BOUND('',#134,.T.);
#23=FACE_BOUND('',#135,.T.);
#24=FACE_BOUND('',#136,.T.);
#25=FACE_BOUND('',#137,.T.);
#26=FACE_BOUND('',#138,.T.);
#27=FACE_BOUND('',#139,.T.);
#28=FACE_BOUND('',#140,.T.);
#29=FACE_BOUND('',#141,.T.);
#30=FACE_BOUND('',#142,.T.);
#31=FACE_BOUND('',#143,.T.);
#32=FACE_BOUND('',#144,.T.);
#33=FACE_BOUND('',#145,.T.);
#34=FACE_BOUND('',#171,.T.);
#35=ADVANCED_FACE('',(#76),#903,.F.);
#36=ADVANCED_FACE('',(#77,#14),#885,.T.);
#37=ADVANCED_FACE('',(#78),#904,.T.);
#38=ADVANCED_FACE('',(#79,#15),#886,.T.);
#39=ADVANCED_FACE('',(#80),#887,.T.);
#40=ADVANCED_FACE('',(#81),#888,.T.);
#41=ADVANCED_FACE('',(#82),#889,.T.);
#42=ADVANCED_FACE('',(#83),#890,.T.);
#43=ADVANCED_FACE('',(#84,#16,#17,#18,#19,#20,#21,#22,#23,#24,#25,#26,#27,
#28,#29,#30,#31,#32,#33),#891,.T.);
#44=ADVANCED_FACE('',(#85),#867,.T.);
#45=ADVANCED_FACE('',(#86),#868,.T.);
#46=ADVANCED_FACE('',(#87),#869,.T.);
#47=ADVANCED_FACE('',(#88),#870,.T.);
#48=ADVANCED_FACE('',(#89),#871,.T.);
#49=ADVANCED_FACE('',(#90),#872,.T.);
#50=ADVANCED_FACE('',(#91),#873,.T.);
#51=ADVANCED_FACE('',(#92),#874,.T.);
#52=ADVANCED_FACE('',(#93),#875,.T.);
#53=ADVANCED_FACE('',(#94),#876,.T.);
#54=ADVANCED_FACE('',(#95),#877,.T.);
#55=ADVANCED_FACE('',(#96),#878,.T.);
#56=ADVANCED_FACE('',(#97),#879,.T.);
#57=ADVANCED_FACE('',(#98),#880,.T.);
#58=ADVANCED_FACE('',(#99),#881,.T.);
#59=ADVANCED_FACE('',(#100),#882,.T.);
#60=ADVANCED_FACE('',(#101),#883,.T.);
#61=ADVANCED_FACE('',(#102),#884,.T.);
#62=ADVANCED_FACE('',(#103),#905,.F.);
#63=ADVANCED_FACE('',(#104),#906,.F.);
#64=ADVANCED_FACE('',(#105),#892,.T.);
#65=ADVANCED_FACE('',(#106),#893,.T.);
#66=ADVANCED_FACE('',(#107),#894,.T.);
#67=ADVANCED_FACE('',(#108),#895,.T.);
#68=ADVANCED_FACE('',(#109,#34),#896,.T.);
#69=ADVANCED_FACE('',(#110),#897,.T.);
#70=ADVANCED_FACE('',(#111),#898,.T.);
#71=ADVANCED_FACE('',(#112),#899,.T.);
#72=ADVANCED_FACE('',(#113),#907,.F.);
#73=ADVANCED_FACE('',(#114),#900,.T.);
#74=ADVANCED_FACE('',(#115),#901,.T.);
#75=ADVANCED_FACE('',(#116),#902,.T.);
#76=FACE_OUTER_BOUND('',#117,.T.);
#77=FACE_OUTER_BOUND('',#118,.T.);
#78=FACE_OUTER_BOUND('',#120,.T.);
#79=FACE_OUTER_BOUND('',#121,.T.);
#80=FACE_OUTER_BOUND('',#123,.T.);
#81=FACE_OUTER_BOUND('',#124,.T.);
#82=FACE_OUTER_BOUND('',#125,.T.);
#83=FACE_OUTER_BOUND('',#126,.T.);
#84=FACE_OUTER_BOUND('',#127,.T.);
#85=FACE_OUTER_BOUND('',#146,.T.);
#86=FACE_OUTER_BOUND('',#147,.T.);
#87=FACE_OUTER_BOUND('',#148,.T.);
#88=FACE_OUTER_BOUND('',#149,.T.);
#89=FACE_OUTER_BOUND('',#150,.T.);
#90=FACE_OUTER_BOUND('',#151,.T.);
#91=FACE_OUTER_BOUND('',#152,.T.);
#92=FACE_OUTER_BOUND('',#153,.T.);
#93=FACE_OUTER_BOUND('',#154,.T.);
#94=FACE_OUTER_BOUND('',#155,.T.);
#95=FACE_OUTER_BOUND('',#156,.T.);
#96=FACE_OUTER_BOUND('',#157,.T.);
#97=FACE_OUTER_BOUND('',#158,.T.);
#98=FACE_OUTER_BOUND('',#159,.T.);
#99=FACE_OUTER_BOUND('',#160,.T.);
#100=FACE_OUTER_BOUND('',#161,.T.);
#101=FACE_OUTER_BOUND('',#162,.T.);
#102=FACE_OUTER_BOUND('',#163,.T.);
#103=FACE_OUTER_BOUND('',#164,.T.);
#104=FACE_OUTER_BOUND('',#165,.T.);
#105=FACE_OUTER_BOUND('',#166,.T.);
#106=FACE_OUTER_BOUND('',#167,.T.);
#107=FACE_OUTER_BOUND('',#168,.T.);
#108=FACE_OUTER_BOUND('',#169,.T.);
#109=FACE_OUTER_BOUND('',#170,.T.);
#110=FACE_OUTER_BOUND('',#172,.T.);
#111=FACE_OUTER_BOUND('',#173,.T.);
#112=FACE_OUTER_BOUND('',#174,.T.);
#113=FACE_OUTER_BOUND('',#175,.T.);
#114=FACE_OUTER_BOUND('',#176,.T.);
#115=FACE_OUTER_BOUND('',#177,.T.);
#116=FACE_OUTER_BOUND('',#178,.T.);
#117=EDGE_LOOP('',(#179,#180,#181,#182));
#118=EDGE_LOOP('',(#183,#184,#185,#186));
#119=EDGE_LOOP('',(#187));
#120=EDGE_LOOP('',(#188,#189,#190,#191));
#121=EDGE_LOOP('',(#192,#193,#194,#195));
#122=EDGE_LOOP('',(#196));
#123=EDGE_LOOP('',(#197,#198,#199,#200));
#124=EDGE_LOOP('',(#201,#202,#203,#204));
#125=EDGE_LOOP('',(#205,#206,#207,#208));
#126=EDGE_LOOP('',(#209,#210,#211,#212));
#127=EDGE_LOOP('',(#213,#214,#215,#216));
#128=EDGE_LOOP('',(#217));
#129=EDGE_LOOP('',(#218));
#130=EDGE_LOOP('',(#219));
#131=EDGE_LOOP('',(#220));
#132=EDGE_LOOP('',(#221));
#133=EDGE_LOOP('',(#222));
#134=EDGE_LOOP('',(#223));
#135=EDGE_LOOP('',(#224));
#136=EDGE_LOOP('',(#225));
#137=EDGE_LOOP('',(#226));
#138=EDGE_LOOP('',(#227));
#139=EDGE_LOOP('',(#228));
#140=EDGE_LOOP('',(#229));
#141=EDGE_LOOP('',(#230));
#142=EDGE_LOOP('',(#231));
#143=EDGE_LOOP('',(#232));
#144=EDGE_LOOP('',(#233));
#145=EDGE_LOOP('',(#234));
#146=EDGE_LOOP('',(#235,#236,#237,#238,#239));
#147=EDGE_LOOP('',(#240,#241,#242,#243,#244));
#148=EDGE_LOOP('',(#245,#246,#247,#248,#249));
#149=EDGE_LOOP('',(#250,#251,#252,#253,#254));
#150=EDGE_LOOP('',(#255,#256,#257,#258,#259));
#151=EDGE_LOOP('',(#260,#261,#262,#263,#264));
#152=EDGE_LOOP('',(#265,#266,#267,#268,#269));
#153=EDGE_LOOP('',(#270,#271,#272,#273,#274));
#154=EDGE_LOOP('',(#275,#276,#277,#278,#279));
#155=EDGE_LOOP('',(#280,#281,#282,#283,#284));
#156=EDGE_LOOP('',(#285,#286,#287,#288,#289));
#157=EDGE_LOOP('',(#290,#291,#292,#293,#294));
#158=EDGE_LOOP('',(#295,#296,#297,#298,#299));
#159=EDGE_LOOP('',(#300,#301,#302,#303,#304));
#160=EDGE_LOOP('',(#305,#306,#307,#308,#309));
#161=EDGE_LOOP('',(#310,#311,#312,#313,#314));
#162=EDGE_LOOP('',(#315,#316,#317,#318,#319));
#163=EDGE_LOOP('',(#320,#321,#322,#323,#324));
#164=EDGE_LOOP('',(#325,#326,#327,#328));
#165=EDGE_LOOP('',(#329,#330,#331,#332));
#166=EDGE_LOOP('',(#333,#334,#335,#336));
#167=EDGE_LOOP('',(#337,#338,#339,#340,#341,#342,#343,#344));
#168=EDGE_LOOP('',(#345,#346,#347,#348,#349,#350,#351,#352,#353,#354,#355,
#356,#357,#358,#359,#360,#361,#362,#363,#364,#365,#366,#367,#368,#369,#370,
#371,#372,#373,#374,#375,#376,#377,#378,#379,#380,#381,#382,#383,#384));
#169=EDGE_LOOP('',(#385,#386,#387,#388,#389,#390,#391,#392,#393,#394,#395,
#396,#397,#398,#399));
#170=EDGE_LOOP('',(#400,#401,#402,#403,#404,#405,#406,#407,#408,#409,#410,
#411));
#171=EDGE_LOOP('',(#412,#413,#414,#415));
#172=EDGE_LOOP('',(#416,#417,#418,#419,#420,#421,#422,#423,#424,#425,#426,
#427,#428,#429,#430));
#173=EDGE_LOOP('',(#431,#432,#433,#434,#435,#436,#437,#438,#439,#440,#441,
#442,#443,#444,#445,#446));
#174=EDGE_LOOP('',(#447,#448,#449,#450));
#175=EDGE_LOOP('',(#451,#452,#453,#454));
#176=EDGE_LOOP('',(#455,#456,#457,#458));
#177=EDGE_LOOP('',(#459,#460,#461,#462));
#178=EDGE_LOOP('',(#463,#464,#465,#466));
#179=ORIENTED_EDGE('',*,*,#467,.T.);
#180=ORIENTED_EDGE('',*,*,#468,.T.);
#181=ORIENTED_EDGE('',*,*,#469,.T.);
#182=ORIENTED_EDGE('',*,*,#468,.F.);
#183=ORIENTED_EDGE('',*,*,#471,.T.);
#184=ORIENTED_EDGE('',*,*,#564,.F.);
#185=ORIENTED_EDGE('',*,*,#561,.T.);
#186=ORIENTED_EDGE('',*,*,#470,.T.);
#187=ORIENTED_EDGE('',*,*,#469,.F.);
#188=ORIENTED_EDGE('',*,*,#610,.T.);
#189=ORIENTED_EDGE('',*,*,#472,.F.);
#190=ORIENTED_EDGE('',*,*,#565,.F.);
#191=ORIENTED_EDGE('',*,*,#471,.F.);
#192=ORIENTED_EDGE('',*,*,#566,.T.);
#193=ORIENTED_EDGE('',*,*,#472,.T.);
#194=ORIENTED_EDGE('',*,*,#473,.F.);
#195=ORIENTED_EDGE('',*,*,#558,.F.);
#196=ORIENTED_EDGE('',*,*,#467,.F.);
#197=ORIENTED_EDGE('',*,*,#477,.T.);
#198=ORIENTED_EDGE('',*,*,#476,.T.);
#199=ORIENTED_EDGE('',*,*,#475,.F.);
#200=ORIENTED_EDGE('',*,*,#474,.F.);
#201=ORIENTED_EDGE('',*,*,#475,.T.);
#202=ORIENTED_EDGE('',*,*,#480,.T.);
#203=ORIENTED_EDGE('',*,*,#479,.F.);
#204=ORIENTED_EDGE('',*,*,#478,.F.);
#205=ORIENTED_EDGE('',*,*,#479,.T.);
#206=ORIENTED_EDGE('',*,*,#483,.T.);
#207=ORIENTED_EDGE('',*,*,#482,.F.);
#208=ORIENTED_EDGE('',*,*,#481,.F.);
#209=ORIENTED_EDGE('',*,*,#482,.T.);
#210=ORIENTED_EDGE('',*,*,#485,.T.);
#211=ORIENTED_EDGE('',*,*,#477,.F.);
#212=ORIENTED_EDGE('',*,*,#484,.F.);
#213=ORIENTED_EDGE('',*,*,#474,.T.);
#214=ORIENTED_EDGE('',*,*,#478,.T.);
#215=ORIENTED_EDGE('',*,*,#481,.T.);
#216=ORIENTED_EDGE('',*,*,#484,.T.);
#217=ORIENTED_EDGE('',*,*,#551,.T.);
#218=ORIENTED_EDGE('',*,*,#547,.T.);
#219=ORIENTED_EDGE('',*,*,#544,.T.);
#220=ORIENTED_EDGE('',*,*,#540,.T.);
#221=ORIENTED_EDGE('',*,*,#536,.T.);
#222=ORIENTED_EDGE('',*,*,#532,.T.);
#223=ORIENTED_EDGE('',*,*,#528,.T.);
#224=ORIENTED_EDGE('',*,*,#524,.T.);
#225=ORIENTED_EDGE('',*,*,#520,.T.);
#226=ORIENTED_EDGE('',*,*,#516,.T.);
#227=ORIENTED_EDGE('',*,*,#512,.T.);
#228=ORIENTED_EDGE('',*,*,#508,.T.);
#229=ORIENTED_EDGE('',*,*,#488,.T.);
#230=ORIENTED_EDGE('',*,*,#492,.T.);
#231=ORIENTED_EDGE('',*,*,#496,.T.);
#232=ORIENTED_EDGE('',*,*,#500,.T.);
#233=ORIENTED_EDGE('',*,*,#504,.T.);
#234=ORIENTED_EDGE('',*,*,#555,.T.);
#235=ORIENTED_EDGE('',*,*,#487,.F.);
#236=ORIENTED_EDGE('',*,*,#486,.F.);
#237=ORIENTED_EDGE('',*,*,#488,.F.);
#238=ORIENTED_EDGE('',*,*,#486,.T.);
#239=ORIENTED_EDGE('',*,*,#489,.F.);
#240=ORIENTED_EDGE('',*,*,#491,.F.);
#241=ORIENTED_EDGE('',*,*,#490,.F.);
#242=ORIENTED_EDGE('',*,*,#492,.F.);
#243=ORIENTED_EDGE('',*,*,#490,.T.);
#244=ORIENTED_EDGE('',*,*,#493,.F.);
#245=ORIENTED_EDGE('',*,*,#495,.F.);
#246=ORIENTED_EDGE('',*,*,#494,.F.);
#247=ORIENTED_EDGE('',*,*,#496,.F.);
#248=ORIENTED_EDGE('',*,*,#494,.T.);
#249=ORIENTED_EDGE('',*,*,#497,.F.);
#250=ORIENTED_EDGE('',*,*,#499,.F.);
#251=ORIENTED_EDGE('',*,*,#498,.F.);
#252=ORIENTED_EDGE('',*,*,#500,.F.);
#253=ORIENTED_EDGE('',*,*,#498,.T.);
#254=ORIENTED_EDGE('',*,*,#501,.F.);
#255=ORIENTED_EDGE('',*,*,#503,.F.);
#256=ORIENTED_EDGE('',*,*,#502,.F.);
#257=ORIENTED_EDGE('',*,*,#504,.F.);
#258=ORIENTED_EDGE('',*,*,#502,.T.);
#259=ORIENTED_EDGE('',*,*,#505,.F.);
#260=ORIENTED_EDGE('',*,*,#509,.T.);
#261=ORIENTED_EDGE('',*,*,#507,.F.);
#262=ORIENTED_EDGE('',*,*,#506,.F.);
#263=ORIENTED_EDGE('',*,*,#508,.F.);
#264=ORIENTED_EDGE('',*,*,#506,.T.);
#265=ORIENTED_EDGE('',*,*,#513,.T.);
#266=ORIENTED_EDGE('',*,*,#511,.F.);
#267=ORIENTED_EDGE('',*,*,#510,.F.);
#268=ORIENTED_EDGE('',*,*,#512,.F.);
#269=ORIENTED_EDGE('',*,*,#510,.T.);
#270=ORIENTED_EDGE('',*,*,#517,.T.);
#271=ORIENTED_EDGE('',*,*,#515,.F.);
#272=ORIENTED_EDGE('',*,*,#514,.F.);
#273=ORIENTED_EDGE('',*,*,#516,.F.);
#274=ORIENTED_EDGE('',*,*,#514,.T.);
#275=ORIENTED_EDGE('',*,*,#521,.T.);
#276=ORIENTED_EDGE('',*,*,#519,.F.);
#277=ORIENTED_EDGE('',*,*,#518,.F.);
#278=ORIENTED_EDGE('',*,*,#520,.F.);
#279=ORIENTED_EDGE('',*,*,#518,.T.);
#280=ORIENTED_EDGE('',*,*,#525,.T.);
#281=ORIENTED_EDGE('',*,*,#522,.F.);
#282=ORIENTED_EDGE('',*,*,#524,.F.);
#283=ORIENTED_EDGE('',*,*,#522,.T.);
#284=ORIENTED_EDGE('',*,*,#523,.F.);
#285=ORIENTED_EDGE('',*,*,#529,.T.);
#286=ORIENTED_EDGE('',*,*,#526,.F.);
#287=ORIENTED_EDGE('',*,*,#528,.F.);
#288=ORIENTED_EDGE('',*,*,#526,.T.);
#289=ORIENTED_EDGE('',*,*,#527,.F.);
#290=ORIENTED_EDGE('',*,*,#533,.T.);
#291=ORIENTED_EDGE('',*,*,#530,.F.);
#292=ORIENTED_EDGE('',*,*,#532,.F.);
#293=ORIENTED_EDGE('',*,*,#530,.T.);
#294=ORIENTED_EDGE('',*,*,#531,.F.);
#295=ORIENTED_EDGE('',*,*,#537,.T.);
#296=ORIENTED_EDGE('',*,*,#534,.F.);
#297=ORIENTED_EDGE('',*,*,#536,.F.);
#298=ORIENTED_EDGE('',*,*,#534,.T.);
#299=ORIENTED_EDGE('',*,*,#535,.F.);
#300=ORIENTED_EDGE('',*,*,#541,.T.);
#301=ORIENTED_EDGE('',*,*,#538,.F.);
#302=ORIENTED_EDGE('',*,*,#540,.F.);
#303=ORIENTED_EDGE('',*,*,#538,.T.);
#304=ORIENTED_EDGE('',*,*,#539,.F.);
#305=ORIENTED_EDGE('',*,*,#545,.T.);
#306=ORIENTED_EDGE('',*,*,#542,.F.);
#307=ORIENTED_EDGE('',*,*,#544,.F.);
#308=ORIENTED_EDGE('',*,*,#542,.T.);
#309=ORIENTED_EDGE('',*,*,#543,.F.);
#310=ORIENTED_EDGE('',*,*,#549,.T.);
#311=ORIENTED_EDGE('',*,*,#546,.T.);
#312=ORIENTED_EDGE('',*,*,#547,.F.);
#313=ORIENTED_EDGE('',*,*,#546,.F.);
#314=ORIENTED_EDGE('',*,*,#548,.F.);
#315=ORIENTED_EDGE('',*,*,#553,.T.);
#316=ORIENTED_EDGE('',*,*,#550,.T.);
#317=ORIENTED_EDGE('',*,*,#551,.F.);
#318=ORIENTED_EDGE('',*,*,#550,.F.);
#319=ORIENTED_EDGE('',*,*,#552,.F.);
#320=ORIENTED_EDGE('',*,*,#557,.T.);
#321=ORIENTED_EDGE('',*,*,#554,.T.);
#322=ORIENTED_EDGE('',*,*,#555,.F.);
#323=ORIENTED_EDGE('',*,*,#554,.F.);
#324=ORIENTED_EDGE('',*,*,#556,.F.);
#325=ORIENTED_EDGE('',*,*,#573,.T.);
#326=ORIENTED_EDGE('',*,*,#559,.F.);
#327=ORIENTED_EDGE('',*,*,#558,.T.);
#328=ORIENTED_EDGE('',*,*,#560,.T.);
#329=ORIENTED_EDGE('',*,*,#563,.T.);
#330=ORIENTED_EDGE('',*,*,#561,.F.);
#331=ORIENTED_EDGE('',*,*,#562,.T.);
#332=ORIENTED_EDGE('',*,*,#597,.F.);
#333=ORIENTED_EDGE('',*,*,#565,.T.);
#334=ORIENTED_EDGE('',*,*,#566,.F.);
#335=ORIENTED_EDGE('',*,*,#483,.F.);
#336=ORIENTED_EDGE('',*,*,#564,.T.);
#337=ORIENTED_EDGE('',*,*,#559,.T.);
#338=ORIENTED_EDGE('',*,*,#569,.T.);
#339=ORIENTED_EDGE('',*,*,#567,.T.);
#340=ORIENTED_EDGE('',*,*,#568,.T.);
#341=ORIENTED_EDGE('',*,*,#562,.F.);
#342=ORIENTED_EDGE('',*,*,#480,.F.);
#343=ORIENTED_EDGE('',*,*,#476,.F.);
#344=ORIENTED_EDGE('',*,*,#485,.F.);
#345=ORIENTED_EDGE('',*,*,#556,.T.);
#346=ORIENTED_EDGE('',*,*,#579,.F.);
#347=ORIENTED_EDGE('',*,*,#552,.T.);
#348=ORIENTED_EDGE('',*,*,#580,.F.);
#349=ORIENTED_EDGE('',*,*,#548,.T.);
#350=ORIENTED_EDGE('',*,*,#574,.F.);
#351=ORIENTED_EDGE('',*,*,#543,.T.);
#352=ORIENTED_EDGE('',*,*,#581,.F.);
#353=ORIENTED_EDGE('',*,*,#591,.F.);
#354=ORIENTED_EDGE('',*,*,#539,.T.);
#355=ORIENTED_EDGE('',*,*,#592,.F.);
#356=ORIENTED_EDGE('',*,*,#535,.T.);
#357=ORIENTED_EDGE('',*,*,#593,.F.);
#358=ORIENTED_EDGE('',*,*,#531,.T.);
#359=ORIENTED_EDGE('',*,*,#594,.F.);
#360=ORIENTED_EDGE('',*,*,#527,.T.);
#361=ORIENTED_EDGE('',*,*,#577,.F.);
#362=ORIENTED_EDGE('',*,*,#523,.T.);
#363=ORIENTED_EDGE('',*,*,#595,.F.);
#364=ORIENTED_EDGE('',*,*,#587,.F.);
#365=ORIENTED_EDGE('',*,*,#519,.T.);
#366=ORIENTED_EDGE('',*,*,#588,.F.);
#367=ORIENTED_EDGE('',*,*,#515,.T.);
#368=ORIENTED_EDGE('',*,*,#589,.F.);
#369=ORIENTED_EDGE('',*,*,#511,.T.);
#370=ORIENTED_EDGE('',*,*,#576,.F.);
#371=ORIENTED_EDGE('',*,*,#507,.T.);
#372=ORIENTED_EDGE('',*,*,#590,.F.);
#373=ORIENTED_EDGE('',*,*,#582,.F.);
#374=ORIENTED_EDGE('',*,*,#487,.T.);
#375=ORIENTED_EDGE('',*,*,#583,.F.);
#376=ORIENTED_EDGE('',*,*,#491,.T.);
#377=ORIENTED_EDGE('',*,*,#584,.F.);
#378=ORIENTED_EDGE('',*,*,#495,.T.);
#379=ORIENTED_EDGE('',*,*,#585,.F.);
#380=ORIENTED_EDGE('',*,*,#499,.T.);
#381=ORIENTED_EDGE('',*,*,#575,.F.);
#382=ORIENTED_EDGE('',*,*,#503,.T.);
#383=ORIENTED_EDGE('',*,*,#586,.F.);
#384=ORIENTED_EDGE('',*,*,#578,.F.);
#385=ORIENTED_EDGE('',*,*,#597,.T.);
#386=ORIENTED_EDGE('',*,*,#568,.F.);
#387=ORIENTED_EDGE('',*,*,#571,.T.);
#388=ORIENTED_EDGE('',*,*,#586,.T.);
#389=ORIENTED_EDGE('',*,*,#505,.T.);
#390=ORIENTED_EDGE('',*,*,#575,.T.);
#391=ORIENTED_EDGE('',*,*,#501,.T.);
#392=ORIENTED_EDGE('',*,*,#585,.T.);
#393=ORIENTED_EDGE('',*,*,#497,.T.);
#394=ORIENTED_EDGE('',*,*,#584,.T.);
#395=ORIENTED_EDGE('',*,*,#493,.T.);
#396=ORIENTED_EDGE('',*,*,#583,.T.);
#397=ORIENTED_EDGE('',*,*,#489,.T.);
#398=ORIENTED_EDGE('',*,*,#582,.T.);
#399=ORIENTED_EDGE('',*,*,#570,.T.);
#400=ORIENTED_EDGE('',*,*,#579,.T.);
#401=ORIENTED_EDGE('',*,*,#557,.F.);
#402=ORIENTED_EDGE('',*,*,#578,.T.);
#403=ORIENTED_EDGE('',*,*,#571,.F.);
#404=ORIENTED_EDGE('',*,*,#567,.F.);
#405=ORIENTED_EDGE('',*,*,#572,.F.);
#406=ORIENTED_EDGE('',*,*,#581,.T.);
#407=ORIENTED_EDGE('',*,*,#545,.F.);
#408=ORIENTED_EDGE('',*,*,#574,.T.);
#409=ORIENTED_EDGE('',*,*,#549,.F.);
#410=ORIENTED_EDGE('',*,*,#580,.T.);
#411=ORIENTED_EDGE('',*,*,#553,.F.);
#412=ORIENTED_EDGE('',*,*,#598,.T.);
#413=ORIENTED_EDGE('',*,*,#601,.F.);
#414=ORIENTED_EDGE('',*,*,#599,.T.);
#415=ORIENTED_EDGE('',*,*,#600,.T.);
#416=ORIENTED_EDGE('',*,*,#596,.F.);
#417=ORIENTED_EDGE('',*,*,#595,.T.);
#418=ORIENTED_EDGE('',*,*,#525,.F.);
#419=ORIENTED_EDGE('',*,*,#577,.T.);
#420=ORIENTED_EDGE('',*,*,#529,.F.);
#421=ORIENTED_EDGE('',*,*,#594,.T.);
#422=ORIENTED_EDGE('',*,*,#533,.F.);
#423=ORIENTED_EDGE('',*,*,#593,.T.);
#424=ORIENTED_EDGE('',*,*,#537,.F.);
#425=ORIENTED_EDGE('',*,*,#592,.T.);
#426=ORIENTED_EDGE('',*,*,#541,.F.);
#427=ORIENTED_EDGE('',*,*,#591,.T.);
#428=ORIENTED_EDGE('',*,*,#572,.T.);
#429=ORIENTED_EDGE('',*,*,#569,.F.);
#430=ORIENTED_EDGE('',*,*,#573,.F.);
#431=ORIENTED_EDGE('',*,*,#470,.F.);
#432=ORIENTED_EDGE('',*,*,#563,.F.);
#433=ORIENTED_EDGE('',*,*,#570,.F.);
#434=ORIENTED_EDGE('',*,*,#590,.T.);
#435=ORIENTED_EDGE('',*,*,#509,.F.);
#436=ORIENTED_EDGE('',*,*,#576,.T.);
#437=ORIENTED_EDGE('',*,*,#513,.F.);
#438=ORIENTED_EDGE('',*,*,#589,.T.);
#439=ORIENTED_EDGE('',*,*,#517,.F.);
#440=ORIENTED_EDGE('',*,*,#588,.T.);
#441=ORIENTED_EDGE('',*,*,#521,.F.);
#442=ORIENTED_EDGE('',*,*,#587,.T.);
#443=ORIENTED_EDGE('',*,*,#596,.T.);
#444=ORIENTED_EDGE('',*,*,#560,.F.);
#445=ORIENTED_EDGE('',*,*,#473,.T.);
#446=ORIENTED_EDGE('',*,*,#610,.F.);
#447=ORIENTED_EDGE('',*,*,#602,.T.);
#448=ORIENTED_EDGE('',*,*,#603,.T.);
#449=ORIENTED_EDGE('',*,*,#604,.F.);
#450=ORIENTED_EDGE('',*,*,#598,.F.);
#451=ORIENTED_EDGE('',*,*,#605,.T.);
#452=ORIENTED_EDGE('',*,*,#606,.T.);
#453=ORIENTED_EDGE('',*,*,#607,.F.);
#454=ORIENTED_EDGE('',*,*,#603,.F.);
#455=ORIENTED_EDGE('',*,*,#609,.F.);
#456=ORIENTED_EDGE('',*,*,#606,.F.);
#457=ORIENTED_EDGE('',*,*,#608,.T.);
#458=ORIENTED_EDGE('',*,*,#599,.F.);
#459=ORIENTED_EDGE('',*,*,#608,.F.);
#460=ORIENTED_EDGE('',*,*,#605,.F.);
#461=ORIENTED_EDGE('',*,*,#602,.F.);
#462=ORIENTED_EDGE('',*,*,#600,.F.);
#463=ORIENTED_EDGE('',*,*,#601,.T.);
#464=ORIENTED_EDGE('',*,*,#604,.T.);
#465=ORIENTED_EDGE('',*,*,#607,.T.);
#466=ORIENTED_EDGE('',*,*,#609,.T.);
#467=EDGE_CURVE('',#784,#784,#735,.T.);
#468=EDGE_CURVE('',#784,#783,#709,.T.);
#469=EDGE_CURVE('',#783,#783,#736,.T.);
#470=EDGE_CURVE('',#786,#785,#710,.T.);
#471=EDGE_CURVE('',#785,#781,#685,.T.);
#472=EDGE_CURVE('',#782,#787,#686,.T.);
#473=EDGE_CURVE('',#788,#787,#711,.T.);
#474=EDGE_CURVE('',#789,#790,#611,.T.);
#475=EDGE_CURVE('',#790,#791,#612,.T.);
#476=EDGE_CURVE('',#792,#791,#613,.T.);
#477=EDGE_CURVE('',#789,#792,#614,.T.);
#478=EDGE_CURVE('',#790,#793,#615,.T.);
#479=EDGE_CURVE('',#793,#780,#616,.T.);
#480=EDGE_CURVE('',#791,#780,#617,.T.);
#481=EDGE_CURVE('',#793,#794,#618,.T.);
#482=EDGE_CURVE('',#794,#779,#619,.T.);
#483=EDGE_CURVE('',#780,#779,#620,.T.);
#484=EDGE_CURVE('',#794,#789,#621,.T.);
#485=EDGE_CURVE('',#779,#792,#622,.T.);
#486=EDGE_CURVE('',#808,#813,#712,.T.);
#487=EDGE_CURVE('',#813,#814,#687,.T.);
#488=EDGE_CURVE('',#808,#808,#740,.T.);
#489=EDGE_CURVE('',#814,#813,#623,.T.);
#490=EDGE_CURVE('',#809,#815,#713,.T.);
#491=EDGE_CURVE('',#815,#816,#688,.T.);
#492=EDGE_CURVE('',#809,#809,#742,.T.);
#493=EDGE_CURVE('',#816,#815,#624,.T.);
#494=EDGE_CURVE('',#810,#817,#714,.T.);
#495=EDGE_CURVE('',#817,#818,#689,.T.);
#496=EDGE_CURVE('',#810,#810,#744,.T.);
#497=EDGE_CURVE('',#818,#817,#625,.T.);
#498=EDGE_CURVE('',#811,#819,#715,.T.);
#499=EDGE_CURVE('',#819,#820,#690,.T.);
#500=EDGE_CURVE('',#811,#811,#746,.T.);
#501=EDGE_CURVE('',#820,#819,#626,.T.);
#502=EDGE_CURVE('',#812,#821,#716,.T.);
#503=EDGE_CURVE('',#821,#822,#691,.T.);
#504=EDGE_CURVE('',#812,#812,#748,.T.);
#505=EDGE_CURVE('',#822,#821,#627,.T.);
#506=EDGE_CURVE('',#807,#823,#717,.T.);
#507=EDGE_CURVE('',#823,#824,#692,.T.);
#508=EDGE_CURVE('',#807,#807,#750,.T.);
#509=EDGE_CURVE('',#823,#824,#628,.T.);
#510=EDGE_CURVE('',#806,#825,#718,.T.);
#511=EDGE_CURVE('',#825,#826,#693,.T.);
#512=EDGE_CURVE('',#806,#806,#752,.T.);
#513=EDGE_CURVE('',#825,#826,#629,.T.);
#514=EDGE_CURVE('',#805,#827,#719,.T.);
#515=EDGE_CURVE('',#827,#828,#694,.T.);
#516=EDGE_CURVE('',#805,#805,#754,.T.);
#517=EDGE_CURVE('',#827,#828,#630,.T.);
#518=EDGE_CURVE('',#804,#829,#720,.T.);
#519=EDGE_CURVE('',#829,#830,#695,.T.);
#520=EDGE_CURVE('',#804,#804,#756,.T.);
#521=EDGE_CURVE('',#829,#830,#631,.T.);
#522=EDGE_CURVE('',#803,#831,#721,.T.);
#523=EDGE_CURVE('',#832,#831,#696,.T.);
#524=EDGE_CURVE('',#803,#803,#758,.T.);
#525=EDGE_CURVE('',#832,#831,#632,.T.);
#526=EDGE_CURVE('',#802,#833,#722,.T.);
#527=EDGE_CURVE('',#834,#833,#697,.T.);
#528=EDGE_CURVE('',#802,#802,#760,.T.);
#529=EDGE_CURVE('',#834,#833,#633,.T.);
#530=EDGE_CURVE('',#801,#835,#723,.T.);
#531=EDGE_CURVE('',#836,#835,#698,.T.);
#532=EDGE_CURVE('',#801,#801,#762,.T.);
#533=EDGE_CURVE('',#836,#835,#634,.T.);
#534=EDGE_CURVE('',#800,#837,#724,.T.);
#535=EDGE_CURVE('',#838,#837,#699,.T.);
#536=EDGE_CURVE('',#800,#800,#764,.T.);
#537=EDGE_CURVE('',#838,#837,#635,.T.);
#538=EDGE_CURVE('',#799,#839,#725,.T.);
#539=EDGE_CURVE('',#840,#839,#700,.T.);
#540=EDGE_CURVE('',#799,#799,#766,.T.);
#541=EDGE_CURVE('',#840,#839,#636,.T.);
#542=EDGE_CURVE('',#798,#841,#726,.T.);
#543=EDGE_CURVE('',#842,#841,#701,.T.);
#544=EDGE_CURVE('',#798,#798,#768,.T.);
#545=EDGE_CURVE('',#842,#841,#637,.T.);
#546=EDGE_CURVE('',#843,#797,#727,.T.);
#547=EDGE_CURVE('',#797,#797,#769,.T.);
#548=EDGE_CURVE('',#844,#843,#702,.T.);
#549=EDGE_CURVE('',#844,#843,#638,.T.);
#550=EDGE_CURVE('',#845,#796,#728,.T.);
#551=EDGE_CURVE('',#796,#796,#771,.T.);
#552=EDGE_CURVE('',#846,#845,#703,.T.);
#553=EDGE_CURVE('',#846,#845,#639,.T.);
#554=EDGE_CURVE('',#847,#795,#729,.T.);
#555=EDGE_CURVE('',#795,#795,#773,.T.);
#556=EDGE_CURVE('',#848,#847,#704,.T.);
#557=EDGE_CURVE('',#848,#847,#640,.T.);
#558=EDGE_CURVE('',#779,#788,#705,.T.);
#559=EDGE_CURVE('',#779,#849,#730,.T.);
#560=EDGE_CURVE('',#788,#850,#641,.T.);
#561=EDGE_CURVE('',#780,#786,#706,.T.);
#562=EDGE_CURVE('',#780,#851,#731,.T.);
#563=EDGE_CURVE('',#852,#786,#732,.T.);
#564=EDGE_CURVE('',#780,#781,#642,.T.);
#565=EDGE_CURVE('',#781,#782,#733,.T.);
#566=EDGE_CURVE('',#779,#782,#643,.T.);
#567=EDGE_CURVE('',#853,#854,#644,.T.);
#568=EDGE_CURVE('',#854,#851,#645,.T.);
#569=EDGE_CURVE('',#849,#853,#646,.T.);
#570=EDGE_CURVE('',#856,#852,#647,.T.);
#571=EDGE_CURVE('',#854,#855,#648,.T.);
#572=EDGE_CURVE('',#857,#853,#649,.T.);
#573=EDGE_CURVE('',#850,#849,#650,.T.);
#574=EDGE_CURVE('',#842,#843,#651,.T.);
#575=EDGE_CURVE('',#821,#820,#652,.T.);
#576=EDGE_CURVE('',#823,#826,#653,.T.);
#577=EDGE_CURVE('',#832,#833,#654,.T.);
#578=EDGE_CURVE('',#848,#855,#655,.T.);
#579=EDGE_CURVE('',#846,#847,#656,.T.);
#580=EDGE_CURVE('',#844,#845,#657,.T.);
#581=EDGE_CURVE('',#857,#841,#658,.T.);
#582=EDGE_CURVE('',#813,#856,#659,.T.);
#583=EDGE_CURVE('',#815,#814,#660,.T.);
#584=EDGE_CURVE('',#817,#816,#661,.T.);
#585=EDGE_CURVE('',#819,#818,#662,.T.);
#586=EDGE_CURVE('',#855,#822,#663,.T.);
#587=EDGE_CURVE('',#829,#858,#664,.T.);
#588=EDGE_CURVE('',#827,#830,#665,.T.);
#589=EDGE_CURVE('',#825,#828,#666,.T.);
#590=EDGE_CURVE('',#856,#824,#667,.T.);
#591=EDGE_CURVE('',#840,#857,#668,.T.);
#592=EDGE_CURVE('',#838,#839,#669,.T.);
#593=EDGE_CURVE('',#836,#837,#670,.T.);
#594=EDGE_CURVE('',#834,#835,#671,.T.);
#595=EDGE_CURVE('',#858,#831,#672,.T.);
#596=EDGE_CURVE('',#858,#850,#673,.T.);
#597=EDGE_CURVE('',#852,#851,#674,.T.);
#598=EDGE_CURVE('',#859,#860,#675,.T.);
#599=EDGE_CURVE('',#861,#862,#676,.T.);
#600=EDGE_CURVE('',#862,#859,#677,.T.);
#601=EDGE_CURVE('',#861,#860,#678,.T.);
#602=EDGE_CURVE('',#859,#863,#679,.T.);
#603=EDGE_CURVE('',#863,#864,#680,.T.);
#604=EDGE_CURVE('',#860,#864,#681,.T.);
#605=EDGE_CURVE('',#863,#865,#707,.T.);
#606=EDGE_CURVE('',#865,#866,#734,.T.);
#607=EDGE_CURVE('',#864,#866,#708,.T.);
#608=EDGE_CURVE('',#865,#862,#682,.T.);
#609=EDGE_CURVE('',#866,#861,#683,.T.);
#610=EDGE_CURVE('',#785,#787,#684,.T.);
#611=B_SPLINE_CURVE_WITH_KNOTS('',1,(#1957,#1958),.UNSPECIFIED.,.F.,.F.,
(2,2),(0.,6.),.UNSPECIFIED.);
#612=B_SPLINE_CURVE_WITH_KNOTS('',1,(#1959,#1960),.UNSPECIFIED.,.F.,.F.,
(2,2),(0.,4.),.UNSPECIFIED.);
#613=B_SPLINE_CURVE_WITH_KNOTS('',1,(#1961,#1962),.UNSPECIFIED.,.F.,.F.,
(2,2),(0.,6.),.UNSPECIFIED.);
#614=B_SPLINE_CURVE_WITH_KNOTS('',1,(#1963,#1964),.UNSPECIFIED.,.F.,.F.,
(2,2),(0.,4.),.UNSPECIFIED.);
#615=B_SPLINE_CURVE_WITH_KNOTS('',1,(#1965,#1966),.UNSPECIFIED.,.F.,.F.,
(2,2),(6.,14.),.UNSPECIFIED.);
#616=B_SPLINE_CURVE_WITH_KNOTS('',1,(#1967,#1968),.UNSPECIFIED.,.F.,.F.,
(2,2),(0.,4.),.UNSPECIFIED.);
#617=B_SPLINE_CURVE_WITH_KNOTS('',1,(#1969,#1970),.UNSPECIFIED.,.F.,.F.,
(2,2),(6.,14.),.UNSPECIFIED.);
#618=B_SPLINE_CURVE_WITH_KNOTS('',1,(#1971,#1972),.UNSPECIFIED.,.F.,.F.,
(2,2),(14.,20.),.UNSPECIFIED.);
#619=B_SPLINE_CURVE_WITH_KNOTS('',1,(#1973,#1974),.UNSPECIFIED.,.F.,.F.,
(2,2),(0.,4.),.UNSPECIFIED.);
#620=B_SPLINE_CURVE_WITH_KNOTS('',1,(#1975,#1976),.UNSPECIFIED.,.F.,.F.,
(2,2),(14.,20.),.UNSPECIFIED.);
#621=B_SPLINE_CURVE_WITH_KNOTS('',1,(#1977,#1978),.UNSPECIFIED.,.F.,.F.,
(2,2),(20.,28.),.UNSPECIFIED.);
#622=B_SPLINE_CURVE_WITH_KNOTS('',1,(#1979,#1980),.UNSPECIFIED.,.F.,.F.,
(2,2),(20.,28.),.UNSPECIFIED.);
#623=B_SPLINE_CURVE_WITH_KNOTS('',3,(#1989,#1990,#1991,#1992,#1993,#1994,
#1995,#1996,#1997,#1998,#1999,#2000,#2001,#2002,#2003),.UNSPECIFIED.,.F.,
 .F.,(4,2,2,3,2,2,4),(0.,0.771752908590532,1.16834805132454,1.51905985985705,
1.87316288617169,2.27796983823616,3.06906332877208),.UNSPECIFIED.);
#624=B_SPLINE_CURVE_WITH_KNOTS('',3,(#2012,#2013,#2014,#2015,#2016,#2017,
#2018,#2019,#2020,#2021,#2022,#2023,#2024,#2025,#2026,#2027,#2028,#2029,
#2030),.UNSPECIFIED.,.F.,.F.,(4,2,2,2,3,2,2,2,4),(0.,0.395346255451065,
0.789001335194272,1.18751916539072,1.53796349382945,1.89162019313829,2.29748097432083,
2.69983074825999,3.10377657637727),.UNSPECIFIED.);
#625=B_SPLINE_CURVE_WITH_KNOTS('',3,(#2039,#2040,#2041,#2042,#2043,#2044,
#2045,#2046,#2047,#2048,#2049,#2050,#2051,#2052,#2053,#2054,#2055,#2056,
#2057),.UNSPECIFIED.,.F.,.F.,(4,2,2,2,3,2,2,2,4),(0.,0.395705939064895,
0.789725828133395,1.18853862281765,1.53913901985358,1.89261149453624,2.29800379794257,
2.69981413004057,3.10322530056862),.UNSPECIFIED.);
#626=B_SPLINE_CURVE_WITH_KNOTS('',3,(#2066,#2067,#2068,#2069,#2070,#2071,
#2072,#2073,#2074,#2075,#2076,#2077,#2078,#2079,#2080,#2081,#2082,#2083,
#2084),.UNSPECIFIED.,.F.,.F.,(4,2,2,2,3,2,2,2,4),(0.,0.396075981515795,
0.790471024608458,1.18958899524657,1.54034614221199,1.89363662646227,2.29856942684494,
2.69984928707776,3.10273479339447),.UNSPECIFIED.);
#627=B_SPLINE_CURVE_WITH_KNOTS('',3,(#2093,#2094,#2095,#2096,#2097,#2098,
#2099,#2100,#2101,#2102,#2103,#2104,#2105,#2106,#2107),.UNSPECIFIED.,.F.,
 .F.,(4,2,2,3,2,2,4),(0.,0.774766375734493,1.17258565994967,1.52388417110374,
1.87727786909314,2.28021216812949,3.06702456909728),.UNSPECIFIED.);
#628=B_SPLINE_CURVE_WITH_KNOTS('',3,(#2116,#2117,#2118,#2119,#2120,#2121,
#2122,#2123,#2124,#2125,#2126,#2127,#2128,#2129,#2130),.UNSPECIFIED.,.F.,
 .F.,(4,2,2,3,2,2,4),(0.,0.697948944319894,1.05763604347644,1.39822697412163,
1.73955013039324,2.10333310517615,2.81090838926703),.UNSPECIFIED.);
#629=B_SPLINE_CURVE_WITH_KNOTS('',3,(#2139,#2140,#2141,#2142,#2143,#2144,
#2145,#2146,#2147,#2148,#2149,#2150,#2151,#2152,#2153),.UNSPECIFIED.,.F.,
 .F.,(4,2,2,3,2,2,4),(0.,0.69887805463085,1.05895453972291,1.39960293334238,
1.7408325570993,2.10416209703856,2.8106857219885),.UNSPECIFIED.);
#630=B_SPLINE_CURVE_WITH_KNOTS('',3,(#2162,#2163,#2164,#2165,#2166,#2167,
#2168,#2169,#2170,#2171,#2172,#2173,#2174,#2175,#2176,#2177,#2178,#2179,
#2180),.UNSPECIFIED.,.F.,.F.,(4,2,2,2,3,2,2,2,4),(0.,0.35728245222207,0.713112590740754,
1.07443992274049,1.41485283337046,1.75571623280479,2.11943801385159,2.47809254269757,
2.83816958390153),.UNSPECIFIED.);
#631=B_SPLINE_CURVE_WITH_KNOTS('',3,(#2189,#2190,#2191,#2192,#2193,#2194,
#2195,#2196,#2197,#2198,#2199,#2200,#2201,#2202,#2203),.UNSPECIFIED.,.F.,
 .F.,(4,2,2,3,2,2,4),(0.,0.700779543735505,1.06165727975606,1.4024327625792,
1.74348794405212,2.10593224820293,2.81039370174908),.UNSPECIFIED.);
#632=B_SPLINE_CURVE_WITH_KNOTS('',3,(#2212,#2213,#2214,#2215,#2216,#2217,
#2218,#2219,#2220,#2221,#2222,#2223,#2224,#2225,#2226),.UNSPECIFIED.,.F.,
 .F.,(4,2,2,3,2,2,4),(0.,0.778592574676248,1.17800502039215,1.52999766515011,
1.88262575272103,2.28359674120533,3.06585957566133),.UNSPECIFIED.);
#633=B_SPLINE_CURVE_WITH_KNOTS('',3,(#2235,#2236,#2237,#2238,#2239,#2240,
#2241,#2242,#2243,#2244,#2245,#2246,#2247,#2248,#2249,#2250,#2251,#2252,
#2253),.UNSPECIFIED.,.F.,.F.,(4,2,2,2,3,2,2,2,4),(0.,0.398759046371142,
0.795870353978072,1.19724204058716,1.54905467237642,1.90120021448547,2.30334124535052,
2.70136336802674,3.10102327520478),.UNSPECIFIED.);
#634=B_SPLINE_CURVE_WITH_KNOTS('',3,(#2262,#2263,#2264,#2265,#2266,#2267,
#2268,#2269,#2270,#2271,#2272,#2273,#2274,#2275,#2276,#2277,#2278,#2279,
#2280),.UNSPECIFIED.,.F.,.F.,(4,2,2,2,3,2,2,2,4),(0.,0.399204664095085,
0.796766575982182,1.19851816155462,1.55049644468067,1.90247472780681,2.30422631337936,
2.70178822526657,3.10099288936121),.UNSPECIFIED.);
#635=B_SPLINE_CURVE_WITH_KNOTS('',3,(#2289,#2290,#2291,#2292,#2293,#2294,
#2295,#2296,#2297,#2298,#2299,#2300,#2301,#2302,#2303,#2304,#2305,#2306,
#2307),.UNSPECIFIED.,.F.,.F.,(4,2,2,2,3,2,2,2,4),(0.,0.39965990708076,0.797682029773786,
1.19982306065297,1.5519686027777,1.90378123455132,2.30515292114573,2.70226422873523,
3.10102327520492),.UNSPECIFIED.);
#636=B_SPLINE_CURVE_WITH_KNOTS('',3,(#2316,#2317,#2318,#2319,#2320,#2321,
#2322,#2323,#2324,#2325,#2326,#2327,#2328,#2329,#2330),.UNSPECIFIED.,.F.,
 .F.,(4,2,2,3,2,2,4),(0.,0.782262834319065,1.18323382282651,1.53586191042294,
1.88785455515627,2.287267000848,3.06585957566185),.UNSPECIFIED.);
#637=B_SPLINE_CURVE_WITH_KNOTS('',3,(#2339,#2340,#2341,#2342,#2343,#2344,
#2345,#2346,#2347,#2348,#2349,#2350,#2351,#2352,#2353),.UNSPECIFIED.,.F.,
 .F.,(4,2,2,3,2,2,4),(0.,0.780903067295705,1.18164385533211,1.53366189153122,
1.88728889268908,2.29178793666185,3.08154528537726),.UNSPECIFIED.);
#638=B_SPLINE_CURVE_WITH_KNOTS('',3,(#2362,#2363,#2364,#2365,#2366,#2367,
#2368,#2369,#2370,#2371,#2372,#2373,#2374,#2375,#2376),.UNSPECIFIED.,.F.,
 .F.,(4,2,2,3,2,2,4),(0.,0.781732040199004,1.1828175904159,1.53499447934175,
1.88844807958189,2.29251891716838,3.08128408324706),.UNSPECIFIED.);
#639=B_SPLINE_CURVE_WITH_KNOTS('',3,(#2385,#2386,#2387,#2388,#2389,#2390,
#2391,#2392,#2393,#2394,#2395,#2396,#2397,#2398,#2399,#2400,#2401,#2402,
#2403),.UNSPECIFIED.,.F.,.F.,(4,2,2,2,3,2,2,2,4),(0.,0.400426278510797,
0.799183654087981,1.20226450499663,1.55424539698612,1.90721666783534,2.31247996595085,
2.71382243728373,3.11680542822472),.UNSPECIFIED.);
#640=B_SPLINE_CURVE_WITH_KNOTS('',3,(#2412,#2413,#2414,#2415,#2416,#2417,
#2418,#2419,#2420,#2421,#2422,#2423,#2424,#2425,#2426),.UNSPECIFIED.,.F.,
 .F.,(4,2,2,3,2,2,4),(0.,0.783447884508238,1.18525244318626,1.5377510666888,
1.89086377481862,2.29410619268033,3.08094152344396),.UNSPECIFIED.);
#641=B_SPLINE_CURVE_WITH_KNOTS('',1,(#2432,#2433),.UNSPECIFIED.,.F.,.F.,
(2,2),(-4.67901023376135,0.),.UNSPECIFIED.);
#642=B_SPLINE_CURVE_WITH_KNOTS('',1,(#2441,#2442),.UNSPECIFIED.,.F.,.F.,
(2,2),(3.73312492030209E-15,0.200000000000003),.UNSPECIFIED.);
#643=B_SPLINE_CURVE_WITH_KNOTS('',1,(#2445,#2446),.UNSPECIFIED.,.F.,.F.,
(2,2),(-1.51267887105178E-15,0.199999999999998),.UNSPECIFIED.);
#644=B_SPLINE_CURVE_WITH_KNOTS('',1,(#2447,#2448),.UNSPECIFIED.,.F.,.F.,
(2,2),(0.,17.0000000000001),.UNSPECIFIED.);
#645=B_SPLINE_CURVE_WITH_KNOTS('',1,(#2449,#2450),.UNSPECIFIED.,.F.,.F.,
(2,2),(0.,13.6200000000001),.UNSPECIFIED.);
#646=B_SPLINE_CURVE_WITH_KNOTS('',1,(#2451,#2452),.UNSPECIFIED.,.F.,.F.,
(2,2),(5.92000000000005,19.5400000000001),.UNSPECIFIED.);
#647=B_SPLINE_CURVE_WITH_KNOTS('',1,(#2453,#2454),.UNSPECIFIED.,.F.,.F.,
(2,2),(0.,13.0778452460029),.UNSPECIFIED.);
#648=B_SPLINE_CURVE_WITH_KNOTS('',1,(#2455,#2456),.UNSPECIFIED.,.F.,.F.,
(2,2),(-19.1831227906199,0.),.UNSPECIFIED.);
#649=B_SPLINE_CURVE_WITH_KNOTS('',1,(#2457,#2458),.UNSPECIFIED.,.F.,.F.,
(2,2),(0.,19.1831227906199),.UNSPECIFIED.);
#650=B_SPLINE_CURVE_WITH_KNOTS('',3,(#2459,#2460,#2461,#2462,#2463,#2464,
#2465,#2466,#2467),.UNSPECIFIED.,.F.,.F.,(4,3,2,4),(0.,3.20653070608575,
5.61025859470723,8.01291760458403),.UNSPECIFIED.);
#651=B_SPLINE_CURVE_WITH_KNOTS('',1,(#2468,#2469),.UNSPECIFIED.,.F.,.F.,
(2,2),(1.7503466296833,2.0596533703167),.UNSPECIFIED.);
#652=B_SPLINE_CURVE_WITH_KNOTS('',1,(#2470,#2471),.UNSPECIFIED.,.F.,.F.,
(2,2),(3.0203466296833,3.3296533703167),.UNSPECIFIED.);
#653=B_SPLINE_CURVE_WITH_KNOTS('',1,(#2472,#2473),.UNSPECIFIED.,.F.,.F.,
(2,2),(1.7503466296833,2.0596533703167),.UNSPECIFIED.);
#654=B_SPLINE_CURVE_WITH_KNOTS('',1,(#2474,#2475),.UNSPECIFIED.,.F.,.F.,
(2,2),(3.0203466296833,3.32965337031669),.UNSPECIFIED.);
#655=B_SPLINE_CURVE_WITH_KNOTS('',1,(#2476,#2477),.UNSPECIFIED.,.F.,.F.,
(2,2),(5.5603466296833,7.62),.UNSPECIFIED.);
#656=B_SPLINE_CURVE_WITH_KNOTS('',1,(#2478,#2479),.UNSPECIFIED.,.F.,.F.,
(2,2),(4.2903466296833,4.5996533703167),.UNSPECIFIED.);
#657=B_SPLINE_CURVE_WITH_KNOTS('',1,(#2480,#2481),.UNSPECIFIED.,.F.,.F.,
(2,2),(3.0203466296833,3.3296533703167),.UNSPECIFIED.);
#658=B_SPLINE_CURVE_WITH_KNOTS('',1,(#2482,#2483),.UNSPECIFIED.,.F.,.F.,
(2,2),(0.,0.789653370316698),.UNSPECIFIED.);
#659=B_SPLINE_CURVE_WITH_KNOTS('',1,(#2484,#2485),.UNSPECIFIED.,.F.,.F.,
(2,2),(8.10034662968329,10.16),.UNSPECIFIED.);
#660=B_SPLINE_CURVE_WITH_KNOTS('',1,(#2486,#2487),.UNSPECIFIED.,.F.,.F.,
(2,2),(6.8303466296833,7.1396533703167),.UNSPECIFIED.);
#661=B_SPLINE_CURVE_WITH_KNOTS('',1,(#2488,#2489),.UNSPECIFIED.,.F.,.F.,
(2,2),(5.5603466296833,5.86965337031669),.UNSPECIFIED.);
#662=B_SPLINE_CURVE_WITH_KNOTS('',1,(#2490,#2491),.UNSPECIFIED.,.F.,.F.,
(2,2),(4.2903466296833,4.5996533703167),.UNSPECIFIED.);
#663=B_SPLINE_CURVE_WITH_KNOTS('',1,(#2492,#2493),.UNSPECIFIED.,.F.,.F.,
(2,2),(0.,2.0596533703167),.UNSPECIFIED.);
#664=B_SPLINE_CURVE_WITH_KNOTS('',1,(#2494,#2495),.UNSPECIFIED.,.F.,.F.,
(2,2),(5.5603466296833,7.62),.UNSPECIFIED.);
#665=B_SPLINE_CURVE_WITH_KNOTS('',1,(#2496,#2497),.UNSPECIFIED.,.F.,.F.,
(2,2),(4.2903466296833,4.5996533703167),.UNSPECIFIED.);
#666=B_SPLINE_CURVE_WITH_KNOTS('',1,(#2498,#2499),.UNSPECIFIED.,.F.,.F.,
(2,2),(3.0203466296833,3.3296533703167),.UNSPECIFIED.);
#667=B_SPLINE_CURVE_WITH_KNOTS('',1,(#2500,#2501),.UNSPECIFIED.,.F.,.F.,
(2,2),(0.,0.789653370316699),.UNSPECIFIED.);
#668=B_SPLINE_CURVE_WITH_KNOTS('',1,(#2502,#2503),.UNSPECIFIED.,.F.,.F.,
(2,2),(8.10034662968329,10.16),.UNSPECIFIED.);
#669=B_SPLINE_CURVE_WITH_KNOTS('',1,(#2504,#2505),.UNSPECIFIED.,.F.,.F.,
(2,2),(6.8303466296833,7.13965337031669),.UNSPECIFIED.);
#670=B_SPLINE_CURVE_WITH_KNOTS('',1,(#2506,#2507),.UNSPECIFIED.,.F.,.F.,
(2,2),(5.5603466296833,5.86965337031669),.UNSPECIFIED.);
#671=B_SPLINE_CURVE_WITH_KNOTS('',1,(#2508,#2509),.UNSPECIFIED.,.F.,.F.,
(2,2),(4.2903466296833,4.5996533703167),.UNSPECIFIED.);
#672=B_SPLINE_CURVE_WITH_KNOTS('',1,(#2510,#2511),.UNSPECIFIED.,.F.,.F.,
(2,2),(0.,2.0596533703167),.UNSPECIFIED.);
#673=B_SPLINE_CURVE_WITH_KNOTS('',1,(#2512,#2513),.UNSPECIFIED.,.F.,.F.,
(2,2),(0.,13.0778452460029),.UNSPECIFIED.);
#674=B_SPLINE_CURVE_WITH_KNOTS('',3,(#2514,#2515,#2516,#2517,#2518,#2519,
#2520,#2521,#2522),.UNSPECIFIED.,.F.,.F.,(4,3,2,4),(0.,3.20653070608575,
5.61025859470727,8.01291760458404),.UNSPECIFIED.);
#675=B_SPLINE_CURVE_WITH_KNOTS('',3,(#2523,#2524,#2525,#2526),
 .UNSPECIFIED.,.F.,.F.,(4,4),(0.,0.930048520239665),.UNSPECIFIED.);
#676=B_SPLINE_CURVE_WITH_KNOTS('',3,(#2527,#2528,#2529,#2530),
 .UNSPECIFIED.,.F.,.F.,(4,4),(0.,0.930048520239669),.UNSPECIFIED.);
#677=B_SPLINE_CURVE_WITH_KNOTS('',1,(#2531,#2532),.UNSPECIFIED.,.F.,.F.,
(2,2),(0.,4.2),.UNSPECIFIED.);
#678=B_SPLINE_CURVE_WITH_KNOTS('',1,(#2533,#2534),.UNSPECIFIED.,.F.,.F.,
(2,2),(0.,4.2),.UNSPECIFIED.);
#679=B_SPLINE_CURVE_WITH_KNOTS('',1,(#2535,#2536),.UNSPECIFIED.,.F.,.F.,
(2,2),(-2.51183333331652,0.),.UNSPECIFIED.);
#680=B_SPLINE_CURVE_WITH_KNOTS('',1,(#2537,#2538),.UNSPECIFIED.,.F.,.F.,
(2,2),(0.,0.899999999999999),.UNSPECIFIED.);
#681=B_SPLINE_CURVE_WITH_KNOTS('',1,(#2539,#2540),.UNSPECIFIED.,.F.,.F.,
(2,2),(-2.27733333331809,0.),.UNSPECIFIED.);
#682=B_SPLINE_CURVE_WITH_KNOTS('',1,(#2549,#2550),.UNSPECIFIED.,.F.,.F.,
(2,2),(6.59734457253857,9.10917790587176),.UNSPECIFIED.);
#683=B_SPLINE_CURVE_WITH_KNOTS('',1,(#2551,#2552),.UNSPECIFIED.,.F.,.F.,
(2,2),(6.59734457253857,8.87467790587177),.UNSPECIFIED.);
#684=B_SPLINE_CURVE_WITH_KNOTS('',1,(#2553,#2554,#2555,#2556),
 .UNSPECIFIED.,.F.,.F.,(2,1,1,2),(-12.2936889675099,-12.0528198267155,-4.94718017328462,
-4.70631103249051),.UNSPECIFIED.);
#685=TRIMMED_CURVE($,#737,(#1948),(#1949),.T.,.CARTESIAN.);
#686=TRIMMED_CURVE($,#738,(#1951),(#1952),.T.,.CARTESIAN.);
#687=TRIMMED_CURVE($,#739,(#1986),(#1987),.T.,.CARTESIAN.);
#688=TRIMMED_CURVE($,#741,(#2009),(#2010),.T.,.CARTESIAN.);
#689=TRIMMED_CURVE($,#743,(#2036),(#2037),.T.,.CARTESIAN.);
#690=TRIMMED_CURVE($,#745,(#2063),(#2064),.T.,.CARTESIAN.);
#691=TRIMMED_CURVE($,#747,(#2090),(#2091),.T.,.CARTESIAN.);
#692=TRIMMED_CURVE($,#749,(#2113),(#2114),.T.,.CARTESIAN.);
#693=TRIMMED_CURVE($,#751,(#2136),(#2137),.T.,.CARTESIAN.);
#694=TRIMMED_CURVE($,#753,(#2159),(#2160),.T.,.CARTESIAN.);
#695=TRIMMED_CURVE($,#755,(#2186),(#2187),.T.,.CARTESIAN.);
#696=TRIMMED_CURVE($,#757,(#2209),(#2210),.T.,.CARTESIAN.);
#697=TRIMMED_CURVE($,#759,(#2232),(#2233),.T.,.CARTESIAN.);
#698=TRIMMED_CURVE($,#761,(#2259),(#2260),.T.,.CARTESIAN.);
#699=TRIMMED_CURVE($,#763,(#2286),(#2287),.T.,.CARTESIAN.);
#700=TRIMMED_CURVE($,#765,(#2313),(#2314),.T.,.CARTESIAN.);
#701=TRIMMED_CURVE($,#767,(#2336),(#2337),.T.,.CARTESIAN.);
#702=TRIMMED_CURVE($,#770,(#2360),(#2361),.T.,.CARTESIAN.);
#703=TRIMMED_CURVE($,#772,(#2383),(#2384),.T.,.CARTESIAN.);
#704=TRIMMED_CURVE($,#774,(#2410),(#2411),.T.,.CARTESIAN.);
#705=TRIMMED_CURVE($,#775,(#2428),(#2429),.T.,.CARTESIAN.);
#706=TRIMMED_CURVE($,#776,(#2435),(#2436),.T.,.CARTESIAN.);
#707=TRIMMED_CURVE($,#777,(#2542),(#2543),.T.,.CARTESIAN.);
#708=TRIMMED_CURVE($,#778,(#2547),(#2548),.T.,.CARTESIAN.);
#709=(
BOUNDED_CURVE()
B_SPLINE_CURVE(1,(#1940,#1941),.UNSPECIFIED.,.F.,.F.)
B_SPLINE_CURVE_WITH_KNOTS((2,2),(1.5689267163591,7.46892671635909),
 .UNSPECIFIED.)
CURVE()
GEOMETRIC_REPRESENTATION_ITEM()
RATIONAL_B_SPLINE_CURVE((1.,1.))
REPRESENTATION_ITEM('')
);
#710=(
BOUNDED_CURVE()
B_SPLINE_CURVE(3,(#1943,#1944,#1945,#1946),.UNSPECIFIED.,.F.,.F.)
B_SPLINE_CURVE_WITH_KNOTS((4,4),(7.79017512722868,7.99017512723342),
 .UNSPECIFIED.)
CURVE()
GEOMETRIC_REPRESENTATION_ITEM()
RATIONAL_B_SPLINE_CURVE((1.,1.,1.,1.))
REPRESENTATION_ITEM('')
);
#711=(
BOUNDED_CURVE()
B_SPLINE_CURVE(3,(#1953,#1954,#1955,#1956),.UNSPECIFIED.,.F.,.F.)
B_SPLINE_CURVE_WITH_KNOTS((4,4),(7.79017512722869,7.99017512723334),
 .UNSPECIFIED.)
CURVE()
GEOMETRIC_REPRESENTATION_ITEM()
RATIONAL_B_SPLINE_CURVE((1.,1.,1.,1.))
REPRESENTATION_ITEM('')
);
#712=(
BOUNDED_CURVE()
B_SPLINE_CURVE(3,(#1981,#1982,#1983,#1984),.UNSPECIFIED.,.F.,.F.)
B_SPLINE_CURVE_WITH_KNOTS((4,4),(0.,14.111929207683),.UNSPECIFIED.)
CURVE()
GEOMETRIC_REPRESENTATION_ITEM()
RATIONAL_B_SPLINE_CURVE((1.,1.,1.,1.))
REPRESENTATION_ITEM('')
);
#713=(
BOUNDED_CURVE()
B_SPLINE_CURVE(3,(#2004,#2005,#2006,#2007),.UNSPECIFIED.,.F.,.F.)
B_SPLINE_CURVE_WITH_KNOTS((4,4),(0.,14.0969255480269),.UNSPECIFIED.)
CURVE()
GEOMETRIC_REPRESENTATION_ITEM()
RATIONAL_B_SPLINE_CURVE((1.,1.,1.,1.))
REPRESENTATION_ITEM('')
);
#714=(
BOUNDED_CURVE()
B_SPLINE_CURVE(3,(#2031,#2032,#2033,#2034),.UNSPECIFIED.,.F.,.F.)
B_SPLINE_CURVE_WITH_KNOTS((4,4),(0.,14.0937720254947),.UNSPECIFIED.)
CURVE()
GEOMETRIC_REPRESENTATION_ITEM()
RATIONAL_B_SPLINE_CURVE((1.,1.,1.,1.))
REPRESENTATION_ITEM('')
);
#715=(
BOUNDED_CURVE()
B_SPLINE_CURVE(3,(#2058,#2059,#2060,#2061),.UNSPECIFIED.,.F.,.F.)
B_SPLINE_CURVE_WITH_KNOTS((4,4),(0.,14.0909655420314),.UNSPECIFIED.)
CURVE()
GEOMETRIC_REPRESENTATION_ITEM()
RATIONAL_B_SPLINE_CURVE((1.,1.,1.,1.))
REPRESENTATION_ITEM('')
);
#716=(
BOUNDED_CURVE()
B_SPLINE_CURVE(3,(#2085,#2086,#2087,#2088),.UNSPECIFIED.,.F.,.F.)
B_SPLINE_CURVE_WITH_KNOTS((4,4),(0.,14.0986292228227),.UNSPECIFIED.)
CURVE()
GEOMETRIC_REPRESENTATION_ITEM()
RATIONAL_B_SPLINE_CURVE((1.,1.,1.,1.))
REPRESENTATION_ITEM('')
);
#717=(
BOUNDED_CURVE()
B_SPLINE_CURVE(3,(#2108,#2109,#2110,#2111),.UNSPECIFIED.,.F.,.F.)
B_SPLINE_CURVE_WITH_KNOTS((4,4),(0.,14.1697740527068),.UNSPECIFIED.)
CURVE()
GEOMETRIC_REPRESENTATION_ITEM()
RATIONAL_B_SPLINE_CURVE((1.,1.,1.,1.))
REPRESENTATION_ITEM('')
);
#718=(
BOUNDED_CURVE()
B_SPLINE_CURVE(3,(#2131,#2132,#2133,#2134),.UNSPECIFIED.,.F.,.F.)
B_SPLINE_CURVE_WITH_KNOTS((4,4),(0.,14.1679213967646),.UNSPECIFIED.)
CURVE()
GEOMETRIC_REPRESENTATION_ITEM()
RATIONAL_B_SPLINE_CURVE((1.,1.,1.,1.))
REPRESENTATION_ITEM('')
);
#719=(
BOUNDED_CURVE()
B_SPLINE_CURVE(3,(#2154,#2155,#2156,#2157),.UNSPECIFIED.,.F.,.F.)
B_SPLINE_CURVE_WITH_KNOTS((4,4),(0.,14.1548069802748),.UNSPECIFIED.)
CURVE()
GEOMETRIC_REPRESENTATION_ITEM()
RATIONAL_B_SPLINE_CURVE((1.,1.,1.,1.))
REPRESENTATION_ITEM('')
);
#720=(
BOUNDED_CURVE()
B_SPLINE_CURVE(3,(#2181,#2182,#2183,#2184),.UNSPECIFIED.,.F.,.F.)
B_SPLINE_CURVE_WITH_KNOTS((4,4),(0.,14.1652531465166),.UNSPECIFIED.)
CURVE()
GEOMETRIC_REPRESENTATION_ITEM()
RATIONAL_B_SPLINE_CURVE((1.,1.,1.,1.))
REPRESENTATION_ITEM('')
);
#721=(
BOUNDED_CURVE()
B_SPLINE_CURVE(3,(#2204,#2205,#2206,#2207),.UNSPECIFIED.,.F.,.F.)
B_SPLINE_CURVE_WITH_KNOTS((4,4),(0.,14.0902287406166),.UNSPECIFIED.)
CURVE()
GEOMETRIC_REPRESENTATION_ITEM()
RATIONAL_B_SPLINE_CURVE((1.,1.,1.,1.))
REPRESENTATION_ITEM('')
);
#722=(
BOUNDED_CURVE()
B_SPLINE_CURVE(3,(#2227,#2228,#2229,#2230),.UNSPECIFIED.,.F.,.F.)
B_SPLINE_CURVE_WITH_KNOTS((4,4),(0.,14.0811686271681),.UNSPECIFIED.)
CURVE()
GEOMETRIC_REPRESENTATION_ITEM()
RATIONAL_B_SPLINE_CURVE((1.,1.,1.,1.))
REPRESENTATION_ITEM('')
);
#723=(
BOUNDED_CURVE()
B_SPLINE_CURVE(3,(#2254,#2255,#2256,#2257),.UNSPECIFIED.,.F.,.F.)
B_SPLINE_CURVE_WITH_KNOTS((4,4),(0.,14.0809946348478),.UNSPECIFIED.)
CURVE()
GEOMETRIC_REPRESENTATION_ITEM()
RATIONAL_B_SPLINE_CURVE((1.,1.,1.,1.))
REPRESENTATION_ITEM('')
);
#724=(
BOUNDED_CURVE()
B_SPLINE_CURVE(3,(#2281,#2282,#2283,#2284),.UNSPECIFIED.,.F.,.F.)
B_SPLINE_CURVE_WITH_KNOTS((4,4),(0.,14.0811686271675),.UNSPECIFIED.)
CURVE()
GEOMETRIC_REPRESENTATION_ITEM()
RATIONAL_B_SPLINE_CURVE((1.,1.,1.,1.))
REPRESENTATION_ITEM('')
);
#725=(
BOUNDED_CURVE()
B_SPLINE_CURVE(3,(#2308,#2309,#2310,#2311),.UNSPECIFIED.,.F.,.F.)
B_SPLINE_CURVE_WITH_KNOTS((4,4),(0.,14.0902287406087),.UNSPECIFIED.)
CURVE()
GEOMETRIC_REPRESENTATION_ITEM()
RATIONAL_B_SPLINE_CURVE((1.,1.,1.,1.))
REPRESENTATION_ITEM('')
);
#726=(
BOUNDED_CURVE()
B_SPLINE_CURVE(3,(#2331,#2332,#2333,#2334),.UNSPECIFIED.,.F.,.F.)
B_SPLINE_CURVE_WITH_KNOTS((4,4),(0.,14.0913008299982),.UNSPECIFIED.)
CURVE()
GEOMETRIC_REPRESENTATION_ITEM()
RATIONAL_B_SPLINE_CURVE((1.,1.,1.,1.))
REPRESENTATION_ITEM('')
);
#727=(
BOUNDED_CURVE()
B_SPLINE_CURVE(3,(#2354,#2355,#2356,#2357),.UNSPECIFIED.,.F.,.F.)
B_SPLINE_CURVE_WITH_KNOTS((4,4),(0.,14.0894378554116),.UNSPECIFIED.)
CURVE()
GEOMETRIC_REPRESENTATION_ITEM()
RATIONAL_B_SPLINE_CURVE((1.,1.,1.,1.))
REPRESENTATION_ITEM('')
);
#728=(
BOUNDED_CURVE()
B_SPLINE_CURVE(3,(#2377,#2378,#2379,#2380),.UNSPECIFIED.,.F.,.F.)
B_SPLINE_CURVE_WITH_KNOTS((4,4),(0.,14.0792337513692),.UNSPECIFIED.)
CURVE()
GEOMETRIC_REPRESENTATION_ITEM()
RATIONAL_B_SPLINE_CURVE((1.,1.,1.,1.))
REPRESENTATION_ITEM('')
);
#729=(
BOUNDED_CURVE()
B_SPLINE_CURVE(3,(#2404,#2405,#2406,#2407),.UNSPECIFIED.,.F.,.F.)
B_SPLINE_CURVE_WITH_KNOTS((4,4),(0.,14.0867547391658),.UNSPECIFIED.)
CURVE()
GEOMETRIC_REPRESENTATION_ITEM()
RATIONAL_B_SPLINE_CURVE((1.,1.,1.,1.))
REPRESENTATION_ITEM('')
);
#730=(
BOUNDED_CURVE()
B_SPLINE_CURVE(1,(#2430,#2431),.UNSPECIFIED.,.F.,.F.)
B_SPLINE_CURVE_WITH_KNOTS((2,2),(0.,5.35000000000005),.UNSPECIFIED.)
CURVE()
GEOMETRIC_REPRESENTATION_ITEM()
RATIONAL_B_SPLINE_CURVE((1.,1.))
REPRESENTATION_ITEM('')
);
#731=(
BOUNDED_CURVE()
B_SPLINE_CURVE(1,(#2437,#2438),.UNSPECIFIED.,.F.,.F.)
B_SPLINE_CURVE_WITH_KNOTS((2,2),(0.,5.35000000000007),.UNSPECIFIED.)
CURVE()
GEOMETRIC_REPRESENTATION_ITEM()
RATIONAL_B_SPLINE_CURVE((1.,1.))
REPRESENTATION_ITEM('')
);
#732=(
BOUNDED_CURVE()
B_SPLINE_CURVE(1,(#2439,#2440),.UNSPECIFIED.,.F.,.F.)
B_SPLINE_CURVE_WITH_KNOTS((2,2),(-3.85734669236158,0.),.UNSPECIFIED.)
CURVE()
GEOMETRIC_REPRESENTATION_ITEM()
RATIONAL_B_SPLINE_CURVE((1.,1.))
REPRESENTATION_ITEM('')
);
#733=(
BOUNDED_CURVE()
B_SPLINE_CURVE(1,(#2443,#2444),.UNSPECIFIED.,.F.,.F.)
B_SPLINE_CURVE_WITH_KNOTS((2,2),(0.,5.89999999999999),.UNSPECIFIED.)
CURVE()
GEOMETRIC_REPRESENTATION_ITEM()
RATIONAL_B_SPLINE_CURVE((1.,1.))
REPRESENTATION_ITEM('')
);
#734=(
BOUNDED_CURVE()
B_SPLINE_CURVE(1,(#2544,#2545),.UNSPECIFIED.,.F.,.F.)
B_SPLINE_CURVE_WITH_KNOTS((2,2),(0.,0.899999999999999),.UNSPECIFIED.)
CURVE()
GEOMETRIC_REPRESENTATION_ITEM()
RATIONAL_B_SPLINE_CURVE((1.,1.))
REPRESENTATION_ITEM('')
);
#735=CIRCLE('',#1019,1.60000000000082);
#736=CIRCLE('',#1020,1.60000000000082);
#737=CIRCLE('',#1021,5.71999999999975);
#738=CIRCLE('',#1022,5.71999999999985);
#739=CIRCLE('',#1023,0.480346629683299);
#740=CIRCLE('',#1024,0.410346629683301);
#741=CIRCLE('',#1025,0.480346629683301);
#742=CIRCLE('',#1026,0.4803466296833);
#743=CIRCLE('',#1027,0.480346629683299);
#744=CIRCLE('',#1028,0.4803466296833);
#745=CIRCLE('',#1029,0.4803466296833);
#746=CIRCLE('',#1030,0.480346629683299);
#747=CIRCLE('',#1031,0.4803466296833);
#748=CIRCLE('',#1032,0.4103466296833);
#749=CIRCLE('',#1033,0.480346629683302);
#750=CIRCLE('',#1034,0.410346629683298);
#751=CIRCLE('',#1035,0.4803466296833);
#752=CIRCLE('',#1036,0.410346629683302);
#753=CIRCLE('',#1037,0.480346629683299);
#754=CIRCLE('',#1038,0.4803466296833);
#755=CIRCLE('',#1039,0.480346629683301);
#756=CIRCLE('',#1040,0.410346629683298);
#757=CIRCLE('',#1041,0.480346629683297);
#758=CIRCLE('',#1042,0.410346629683302);
#759=CIRCLE('',#1043,0.480346629683301);
#760=CIRCLE('',#1044,0.480346629683299);
#761=CIRCLE('',#1045,0.4803466296833);
#762=CIRCLE('',#1046,0.480346629683301);
#763=CIRCLE('',#1047,0.480346629683301);
#764=CIRCLE('',#1048,0.4803466296833);
#765=CIRCLE('',#1049,0.4803466296833);
#766=CIRCLE('',#1050,0.4103466296833);
#767=CIRCLE('',#1051,0.4803466296833);
#768=CIRCLE('',#1052,0.4103466296833);
#769=CIRCLE('',#1053,0.4103466296833);
#770=CIRCLE('',#1054,0.4803466296833);
#771=CIRCLE('',#1055,0.4803466296833);
#772=CIRCLE('',#1056,0.4803466296833);
#773=CIRCLE('',#1057,0.410346629683299);
#774=CIRCLE('',#1058,0.4803466296833);
#775=CIRCLE('',#1059,5.91999999999095);
#776=CIRCLE('',#1060,5.91999999999091);
#777=CIRCLE('',#1061,2.1);
#778=CIRCLE('',#1062,2.1);
#779=VERTEX_POINT('',#1851);
#780=VERTEX_POINT('',#1852);
#781=VERTEX_POINT('',#1853);
#782=VERTEX_POINT('',#1854);
#783=VERTEX_POINT('',#1855);
#784=VERTEX_POINT('',#1856);
#785=VERTEX_POINT('',#1857);
#786=VERTEX_POINT('',#1858);
#787=VERTEX_POINT('',#1859);
#788=VERTEX_POINT('',#1860);
#789=VERTEX_POINT('',#1861);
#790=VERTEX_POINT('',#1862);
#791=VERTEX_POINT('',#1863);
#792=VERTEX_POINT('',#1864);
#793=VERTEX_POINT('',#1865);
#794=VERTEX_POINT('',#1866);
#795=VERTEX_POINT('',#1867);
#796=VERTEX_POINT('',#1868);
#797=VERTEX_POINT('',#1869);
#798=VERTEX_POINT('',#1870);
#799=VERTEX_POINT('',#1871);
#800=VERTEX_POINT('',#1872);
#801=VERTEX_POINT('',#1873);
#802=VERTEX_POINT('',#1874);
#803=VERTEX_POINT('',#1875);
#804=VERTEX_POINT('',#1876);
#805=VERTEX_POINT('',#1877);
#806=VERTEX_POINT('',#1878);
#807=VERTEX_POINT('',#1879);
#808=VERTEX_POINT('',#1880);
#809=VERTEX_POINT('',#1881);
#810=VERTEX_POINT('',#1882);
#811=VERTEX_POINT('',#1883);
#812=VERTEX_POINT('',#1884);
#813=VERTEX_POINT('',#1885);
#814=VERTEX_POINT('',#1886);
#815=VERTEX_POINT('',#1887);
#816=VERTEX_POINT('',#1888);
#817=VERTEX_POINT('',#1889);
#818=VERTEX_POINT('',#1890);
#819=VERTEX_POINT('',#1891);
#820=VERTEX_POINT('',#1892);
#821=VERTEX_POINT('',#1893);
#822=VERTEX_POINT('',#1894);
#823=VERTEX_POINT('',#1895);
#824=VERTEX_POINT('',#1896);
#825=VERTEX_POINT('',#1897);
#826=VERTEX_POINT('',#1898);
#827=VERTEX_POINT('',#1899);
#828=VERTEX_POINT('',#1900);
#829=VERTEX_POINT('',#1901);
#830=VERTEX_POINT('',#1902);
#831=VERTEX_POINT('',#1903);
#832=VERTEX_POINT('',#1904);
#833=VERTEX_POINT('',#1905);
#834=VERTEX_POINT('',#1906);
#835=VERTEX_POINT('',#1907);
#836=VERTEX_POINT('',#1908);
#837=VERTEX_POINT('',#1909);
#838=VERTEX_POINT('',#1910);
#839=VERTEX_POINT('',#1911);
#840=VERTEX_POINT('',#1912);
#841=VERTEX_POINT('',#1913);
#842=VERTEX_POINT('',#1914);
#843=VERTEX_POINT('',#1915);
#844=VERTEX_POINT('',#1916);
#845=VERTEX_POINT('',#1917);
#846=VERTEX_POINT('',#1918);
#847=VERTEX_POINT('',#1919);
#848=VERTEX_POINT('',#1920);
#849=VERTEX_POINT('',#1921);
#850=VERTEX_POINT('',#1922);
#851=VERTEX_POINT('',#1923);
#852=VERTEX_POINT('',#1924);
#853=VERTEX_POINT('',#1925);
#854=VERTEX_POINT('',#1926);
#855=VERTEX_POINT('',#1927);
#856=VERTEX_POINT('',#1928);
#857=VERTEX_POINT('',#1929);
#858=VERTEX_POINT('',#1930);
#859=VERTEX_POINT('',#1931);
#860=VERTEX_POINT('',#1932);
#861=VERTEX_POINT('',#1933);
#862=VERTEX_POINT('',#1934);
#863=VERTEX_POINT('',#1935);
#864=VERTEX_POINT('',#1936);
#865=VERTEX_POINT('',#1937);
#866=VERTEX_POINT('',#1938);
#867=(
BOUNDED_SURFACE()
B_SPLINE_SURFACE(2,3,((#1189,#1190,#1191,#1192),(#1193,#1194,#1195,#1196),
(#1197,#1198,#1199,#1200),(#1201,#1202,#1203,#1204),(#1205,#1206,#1207,
#1208),(#1209,#1210,#1211,#1212),(#1213,#1214,#1215,#1216),(#1217,#1218,
#1219,#1220),(#1221,#1222,#1223,#1224)),.UNSPECIFIED.,.T.,.F.,.F.)
B_SPLINE_SURFACE_WITH_KNOTS((3,2,2,2,3),(4,4),(0.,0.960693259366601,1.9213865187332,
2.8820797780998,3.8427730374664),(0.,14.111929207683),.UNSPECIFIED.)
GEOMETRIC_REPRESENTATION_ITEM()
RATIONAL_B_SPLINE_SURFACE(((1.,1.,1.,1.),(0.707106781186548,0.707106781186548,
0.707106781186548,0.707106781186548),(1.,1.,1.,1.),(0.707106781186548,0.707106781186548,
0.707106781186548,0.707106781186548),(1.,1.,1.,1.),(0.707106781186548,0.707106781186548,
0.707106781186548,0.707106781186548),(1.,1.,1.,1.),(0.707106781186548,0.707106781186548,
0.707106781186548,0.707106781186548),(1.,1.,1.,1.)))
REPRESENTATION_ITEM('')
SURFACE()
);
#868=(
BOUNDED_SURFACE()
B_SPLINE_SURFACE(2,3,((#1225,#1226,#1227,#1228),(#1229,#1230,#1231,#1232),
(#1233,#1234,#1235,#1236),(#1237,#1238,#1239,#1240),(#1241,#1242,#1243,
#1244),(#1245,#1246,#1247,#1248),(#1249,#1250,#1251,#1252),(#1253,#1254,
#1255,#1256),(#1257,#1258,#1259,#1260)),.UNSPECIFIED.,.T.,.F.,.F.)
B_SPLINE_SURFACE_WITH_KNOTS((3,2,2,2,3),(4,4),(0.,0.960693259366601,1.9213865187332,
2.8820797780998,3.8427730374664),(0.,14.0969255480269),.UNSPECIFIED.)
GEOMETRIC_REPRESENTATION_ITEM()
RATIONAL_B_SPLINE_SURFACE(((1.,1.,1.,1.),(0.707106781186548,0.707106781186548,
0.707106781186548,0.707106781186548),(1.,1.,1.,1.),(0.707106781186548,0.707106781186548,
0.707106781186548,0.707106781186548),(1.,1.,1.,1.),(0.707106781186548,0.707106781186548,
0.707106781186548,0.707106781186548),(1.,1.,1.,1.),(0.707106781186548,0.707106781186548,
0.707106781186548,0.707106781186548),(1.,1.,1.,1.)))
REPRESENTATION_ITEM('')
SURFACE()
);
#869=(
BOUNDED_SURFACE()
B_SPLINE_SURFACE(2,3,((#1261,#1262,#1263,#1264),(#1265,#1266,#1267,#1268),
(#1269,#1270,#1271,#1272),(#1273,#1274,#1275,#1276),(#1277,#1278,#1279,
#1280),(#1281,#1282,#1283,#1284),(#1285,#1286,#1287,#1288),(#1289,#1290,
#1291,#1292),(#1293,#1294,#1295,#1296)),.UNSPECIFIED.,.T.,.F.,.F.)
B_SPLINE_SURFACE_WITH_KNOTS((3,2,2,2,3),(4,4),(0.,0.960693259366601,1.9213865187332,
2.8820797780998,3.8427730374664),(0.,14.0937720254947),.UNSPECIFIED.)
GEOMETRIC_REPRESENTATION_ITEM()
RATIONAL_B_SPLINE_SURFACE(((1.,1.,1.,1.),(0.707106781186548,0.707106781186548,
0.707106781186548,0.707106781186548),(1.,1.,1.,1.),(0.707106781186548,0.707106781186548,
0.707106781186548,0.707106781186548),(1.,1.,1.,1.),(0.707106781186548,0.707106781186548,
0.707106781186548,0.707106781186548),(1.,1.,1.,1.),(0.707106781186548,0.707106781186548,
0.707106781186548,0.707106781186548),(1.,1.,1.,1.)))
REPRESENTATION_ITEM('')
SURFACE()
);
#870=(
BOUNDED_SURFACE()
B_SPLINE_SURFACE(2,3,((#1297,#1298,#1299,#1300),(#1301,#1302,#1303,#1304),
(#1305,#1306,#1307,#1308),(#1309,#1310,#1311,#1312),(#1313,#1314,#1315,
#1316),(#1317,#1318,#1319,#1320),(#1321,#1322,#1323,#1324),(#1325,#1326,
#1327,#1328),(#1329,#1330,#1331,#1332)),.UNSPECIFIED.,.T.,.F.,.F.)
B_SPLINE_SURFACE_WITH_KNOTS((3,2,2,2,3),(4,4),(0.,0.960693259366601,1.9213865187332,
2.8820797780998,3.8427730374664),(0.,14.0909655420314),.UNSPECIFIED.)
GEOMETRIC_REPRESENTATION_ITEM()
RATIONAL_B_SPLINE_SURFACE(((1.,1.,1.,1.),(0.707106781186548,0.707106781186548,
0.707106781186548,0.707106781186548),(1.,1.,1.,1.),(0.707106781186548,0.707106781186548,
0.707106781186548,0.707106781186548),(1.,1.,1.,1.),(0.707106781186548,0.707106781186548,
0.707106781186548,0.707106781186548),(1.,1.,1.,1.),(0.707106781186548,0.707106781186548,
0.707106781186548,0.707106781186548),(1.,1.,1.,1.)))
REPRESENTATION_ITEM('')
SURFACE()
);
#871=(
BOUNDED_SURFACE()
B_SPLINE_SURFACE(2,3,((#1333,#1334,#1335,#1336),(#1337,#1338,#1339,#1340),
(#1341,#1342,#1343,#1344),(#1345,#1346,#1347,#1348),(#1349,#1350,#1351,
#1352),(#1353,#1354,#1355,#1356),(#1357,#1358,#1359,#1360),(#1361,#1362,
#1363,#1364),(#1365,#1366,#1367,#1368)),.UNSPECIFIED.,.T.,.F.,.F.)
B_SPLINE_SURFACE_WITH_KNOTS((3,2,2,2,3),(4,4),(0.,0.9606932593666,1.9213865187332,
2.8820797780998,3.8427730374664),(0.,14.0986292228227),.UNSPECIFIED.)
GEOMETRIC_REPRESENTATION_ITEM()
RATIONAL_B_SPLINE_SURFACE(((1.,1.,1.,1.),(0.707106781186548,0.707106781186548,
0.707106781186548,0.707106781186548),(1.,1.,1.,1.),(0.707106781186548,0.707106781186548,
0.707106781186548,0.707106781186548),(1.,1.,1.,1.),(0.707106781186548,0.707106781186548,
0.707106781186548,0.707106781186548),(1.,1.,1.,1.),(0.707106781186548,0.707106781186548,
0.707106781186548,0.707106781186548),(1.,1.,1.,1.)))
REPRESENTATION_ITEM('')
SURFACE()
);
#872=(
BOUNDED_SURFACE()
B_SPLINE_SURFACE(2,3,((#1369,#1370,#1371,#1372),(#1373,#1374,#1375,#1376),
(#1377,#1378,#1379,#1380),(#1381,#1382,#1383,#1384),(#1385,#1386,#1387,
#1388),(#1389,#1390,#1391,#1392),(#1393,#1394,#1395,#1396),(#1397,#1398,
#1399,#1400),(#1401,#1402,#1403,#1404)),.UNSPECIFIED.,.T.,.F.,.F.)
B_SPLINE_SURFACE_WITH_KNOTS((3,2,2,2,3),(4,4),(0.,0.960693259366601,1.9213865187332,
2.8820797780998,3.8427730374664),(0.,14.1697740527068),.UNSPECIFIED.)
GEOMETRIC_REPRESENTATION_ITEM()
RATIONAL_B_SPLINE_SURFACE(((1.,1.,1.,1.),(0.707106781186548,0.707106781186548,
0.707106781186548,0.707106781186548),(1.,1.,1.,1.),(0.707106781186548,0.707106781186548,
0.707106781186548,0.707106781186548),(1.,1.,1.,1.),(0.707106781186548,0.707106781186548,
0.707106781186548,0.707106781186548),(1.,1.,1.,1.),(0.707106781186548,0.707106781186548,
0.707106781186548,0.707106781186548),(1.,1.,1.,1.)))
REPRESENTATION_ITEM('')
SURFACE()
);
#873=(
BOUNDED_SURFACE()
B_SPLINE_SURFACE(2,3,((#1405,#1406,#1407,#1408),(#1409,#1410,#1411,#1412),
(#1413,#1414,#1415,#1416),(#1417,#1418,#1419,#1420),(#1421,#1422,#1423,
#1424),(#1425,#1426,#1427,#1428),(#1429,#1430,#1431,#1432),(#1433,#1434,
#1435,#1436),(#1437,#1438,#1439,#1440)),.UNSPECIFIED.,.T.,.F.,.F.)
B_SPLINE_SURFACE_WITH_KNOTS((3,2,2,2,3),(4,4),(0.,0.960693259366601,1.9213865187332,
2.8820797780998,3.8427730374664),(0.,14.1679213967646),.UNSPECIFIED.)
GEOMETRIC_REPRESENTATION_ITEM()
RATIONAL_B_SPLINE_SURFACE(((1.,1.,1.,1.),(0.707106781186548,0.707106781186548,
0.707106781186548,0.707106781186548),(1.,1.,1.,1.),(0.707106781186548,0.707106781186548,
0.707106781186548,0.707106781186548),(1.,1.,1.,1.),(0.707106781186548,0.707106781186548,
0.707106781186548,0.707106781186548),(1.,1.,1.,1.),(0.707106781186548,0.707106781186548,
0.707106781186548,0.707106781186548),(1.,1.,1.,1.)))
REPRESENTATION_ITEM('')
SURFACE()
);
#874=(
BOUNDED_SURFACE()
B_SPLINE_SURFACE(2,3,((#1441,#1442,#1443,#1444),(#1445,#1446,#1447,#1448),
(#1449,#1450,#1451,#1452),(#1453,#1454,#1455,#1456),(#1457,#1458,#1459,
#1460),(#1461,#1462,#1463,#1464),(#1465,#1466,#1467,#1468),(#1469,#1470,
#1471,#1472),(#1473,#1474,#1475,#1476)),.UNSPECIFIED.,.T.,.F.,.F.)
B_SPLINE_SURFACE_WITH_KNOTS((3,2,2,2,3),(4,4),(0.,0.960693259366601,1.9213865187332,
2.8820797780998,3.8427730374664),(0.,14.1548069802748),.UNSPECIFIED.)
GEOMETRIC_REPRESENTATION_ITEM()
RATIONAL_B_SPLINE_SURFACE(((1.,1.,1.,1.),(0.707106781186548,0.707106781186548,
0.707106781186548,0.707106781186548),(1.,1.,1.,1.),(0.707106781186548,0.707106781186548,
0.707106781186548,0.707106781186548),(1.,1.,1.,1.),(0.707106781186548,0.707106781186548,
0.707106781186548,0.707106781186548),(1.,1.,1.,1.),(0.707106781186548,0.707106781186548,
0.707106781186548,0.707106781186548),(1.,1.,1.,1.)))
REPRESENTATION_ITEM('')
SURFACE()
);
#875=(
BOUNDED_SURFACE()
B_SPLINE_SURFACE(2,3,((#1477,#1478,#1479,#1480),(#1481,#1482,#1483,#1484),
(#1485,#1486,#1487,#1488),(#1489,#1490,#1491,#1492),(#1493,#1494,#1495,
#1496),(#1497,#1498,#1499,#1500),(#1501,#1502,#1503,#1504),(#1505,#1506,
#1507,#1508),(#1509,#1510,#1511,#1512)),.UNSPECIFIED.,.T.,.F.,.F.)
B_SPLINE_SURFACE_WITH_KNOTS((3,2,2,2,3),(4,4),(0.,0.960693259366601,1.9213865187332,
2.8820797780998,3.8427730374664),(0.,14.1652531465166),.UNSPECIFIED.)
GEOMETRIC_REPRESENTATION_ITEM()
RATIONAL_B_SPLINE_SURFACE(((1.,1.,1.,1.),(0.707106781186548,0.707106781186548,
0.707106781186548,0.707106781186548),(1.,1.,1.,1.),(0.707106781186548,0.707106781186548,
0.707106781186548,0.707106781186548),(1.,1.,1.,1.),(0.707106781186548,0.707106781186548,
0.707106781186548,0.707106781186548),(1.,1.,1.,1.),(0.707106781186548,0.707106781186548,
0.707106781186548,0.707106781186548),(1.,1.,1.,1.)))
REPRESENTATION_ITEM('')
SURFACE()
);
#876=(
BOUNDED_SURFACE()
B_SPLINE_SURFACE(2,3,((#1513,#1514,#1515,#1516),(#1517,#1518,#1519,#1520),
(#1521,#1522,#1523,#1524),(#1525,#1526,#1527,#1528),(#1529,#1530,#1531,
#1532),(#1533,#1534,#1535,#1536),(#1537,#1538,#1539,#1540),(#1541,#1542,
#1543,#1544),(#1545,#1546,#1547,#1548)),.UNSPECIFIED.,.T.,.F.,.F.)
B_SPLINE_SURFACE_WITH_KNOTS((3,2,2,2,3),(4,4),(0.,0.960693259366601,1.9213865187332,
2.8820797780998,3.8427730374664),(0.,14.0902287406166),.UNSPECIFIED.)
GEOMETRIC_REPRESENTATION_ITEM()
RATIONAL_B_SPLINE_SURFACE(((1.,1.,1.,1.),(0.707106781186548,0.707106781186548,
0.707106781186548,0.707106781186548),(1.,1.,1.,1.),(0.707106781186548,0.707106781186548,
0.707106781186548,0.707106781186548),(1.,1.,1.,1.),(0.707106781186548,0.707106781186548,
0.707106781186548,0.707106781186548),(1.,1.,1.,1.),(0.707106781186548,0.707106781186548,
0.707106781186548,0.707106781186548),(1.,1.,1.,1.)))
REPRESENTATION_ITEM('')
SURFACE()
);
#877=(
BOUNDED_SURFACE()
B_SPLINE_SURFACE(2,3,((#1549,#1550,#1551,#1552),(#1553,#1554,#1555,#1556),
(#1557,#1558,#1559,#1560),(#1561,#1562,#1563,#1564),(#1565,#1566,#1567,
#1568),(#1569,#1570,#1571,#1572),(#1573,#1574,#1575,#1576),(#1577,#1578,
#1579,#1580),(#1581,#1582,#1583,#1584)),.UNSPECIFIED.,.T.,.F.,.F.)
B_SPLINE_SURFACE_WITH_KNOTS((3,2,2,2,3),(4,4),(0.,0.9606932593666,1.9213865187332,
2.8820797780998,3.8427730374664),(0.,14.0811686271681),.UNSPECIFIED.)
GEOMETRIC_REPRESENTATION_ITEM()
RATIONAL_B_SPLINE_SURFACE(((1.,1.,1.,1.),(0.707106781186548,0.707106781186548,
0.707106781186548,0.707106781186548),(1.,1.,1.,1.),(0.707106781186548,0.707106781186548,
0.707106781186548,0.707106781186548),(1.,1.,1.,1.),(0.707106781186548,0.707106781186548,
0.707106781186548,0.707106781186548),(1.,1.,1.,1.),(0.707106781186548,0.707106781186548,
0.707106781186548,0.707106781186548),(1.,1.,1.,1.)))
REPRESENTATION_ITEM('')
SURFACE()
);
#878=(
BOUNDED_SURFACE()
B_SPLINE_SURFACE(2,3,((#1585,#1586,#1587,#1588),(#1589,#1590,#1591,#1592),
(#1593,#1594,#1595,#1596),(#1597,#1598,#1599,#1600),(#1601,#1602,#1603,
#1604),(#1605,#1606,#1607,#1608),(#1609,#1610,#1611,#1612),(#1613,#1614,
#1615,#1616),(#1617,#1618,#1619,#1620)),.UNSPECIFIED.,.T.,.F.,.F.)
B_SPLINE_SURFACE_WITH_KNOTS((3,2,2,2,3),(4,4),(0.,0.9606932593666,1.9213865187332,
2.8820797780998,3.8427730374664),(0.,14.0809946348478),.UNSPECIFIED.)
GEOMETRIC_REPRESENTATION_ITEM()
RATIONAL_B_SPLINE_SURFACE(((1.,1.,1.,1.),(0.707106781186548,0.707106781186548,
0.707106781186548,0.707106781186548),(1.,1.,1.,1.),(0.707106781186548,0.707106781186548,
0.707106781186548,0.707106781186548),(1.,1.,1.,1.),(0.707106781186548,0.707106781186548,
0.707106781186548,0.707106781186548),(1.,1.,1.,1.),(0.707106781186548,0.707106781186548,
0.707106781186548,0.707106781186548),(1.,1.,1.,1.)))
REPRESENTATION_ITEM('')
SURFACE()
);
#879=(
BOUNDED_SURFACE()
B_SPLINE_SURFACE(2,3,((#1621,#1622,#1623,#1624),(#1625,#1626,#1627,#1628),
(#1629,#1630,#1631,#1632),(#1633,#1634,#1635,#1636),(#1637,#1638,#1639,
#1640),(#1641,#1642,#1643,#1644),(#1645,#1646,#1647,#1648),(#1649,#1650,
#1651,#1652),(#1653,#1654,#1655,#1656)),.UNSPECIFIED.,.T.,.F.,.F.)
B_SPLINE_SURFACE_WITH_KNOTS((3,2,2,2,3),(4,4),(0.,0.9606932593666,1.9213865187332,
2.8820797780998,3.8427730374664),(0.,14.0811686271675),.UNSPECIFIED.)
GEOMETRIC_REPRESENTATION_ITEM()
RATIONAL_B_SPLINE_SURFACE(((1.,1.,1.,1.),(0.707106781186548,0.707106781186548,
0.707106781186548,0.707106781186548),(1.,1.,1.,1.),(0.707106781186548,0.707106781186548,
0.707106781186548,0.707106781186548),(1.,1.,1.,1.),(0.707106781186548,0.707106781186548,
0.707106781186548,0.707106781186548),(1.,1.,1.,1.),(0.707106781186548,0.707106781186548,
0.707106781186548,0.707106781186548),(1.,1.,1.,1.)))
REPRESENTATION_ITEM('')
SURFACE()
);
#880=(
BOUNDED_SURFACE()
B_SPLINE_SURFACE(2,3,((#1657,#1658,#1659,#1660),(#1661,#1662,#1663,#1664),
(#1665,#1666,#1667,#1668),(#1669,#1670,#1671,#1672),(#1673,#1674,#1675,
#1676),(#1677,#1678,#1679,#1680),(#1681,#1682,#1683,#1684),(#1685,#1686,
#1687,#1688),(#1689,#1690,#1691,#1692)),.UNSPECIFIED.,.T.,.F.,.F.)
B_SPLINE_SURFACE_WITH_KNOTS((3,2,2,2,3),(4,4),(0.,0.9606932593666,1.9213865187332,
2.8820797780998,3.8427730374664),(0.,14.0902287406087),.UNSPECIFIED.)
GEOMETRIC_REPRESENTATION_ITEM()
RATIONAL_B_SPLINE_SURFACE(((1.,1.,1.,1.),(0.707106781186548,0.707106781186548,
0.707106781186548,0.707106781186548),(1.,1.,1.,1.),(0.707106781186548,0.707106781186548,
0.707106781186548,0.707106781186548),(1.,1.,1.,1.),(0.707106781186548,0.707106781186548,
0.707106781186548,0.707106781186548),(1.,1.,1.,1.),(0.707106781186548,0.707106781186548,
0.707106781186548,0.707106781186548),(1.,1.,1.,1.)))
REPRESENTATION_ITEM('')
SURFACE()
);
#881=(
BOUNDED_SURFACE()
B_SPLINE_SURFACE(2,3,((#1693,#1694,#1695,#1696),(#1697,#1698,#1699,#1700),
(#1701,#1702,#1703,#1704),(#1705,#1706,#1707,#1708),(#1709,#1710,#1711,
#1712),(#1713,#1714,#1715,#1716),(#1717,#1718,#1719,#1720),(#1721,#1722,
#1723,#1724),(#1725,#1726,#1727,#1728)),.UNSPECIFIED.,.T.,.F.,.F.)
B_SPLINE_SURFACE_WITH_KNOTS((3,2,2,2,3),(4,4),(0.,0.9606932593666,1.9213865187332,
2.8820797780998,3.8427730374664),(0.,14.0913008299982),.UNSPECIFIED.)
GEOMETRIC_REPRESENTATION_ITEM()
RATIONAL_B_SPLINE_SURFACE(((1.,1.,1.,1.),(0.707106781186548,0.707106781186548,
0.707106781186548,0.707106781186548),(1.,1.,1.,1.),(0.707106781186548,0.707106781186548,
0.707106781186548,0.707106781186548),(1.,1.,1.,1.),(0.707106781186548,0.707106781186548,
0.707106781186548,0.707106781186548),(1.,1.,1.,1.),(0.707106781186548,0.707106781186548,
0.707106781186548,0.707106781186548),(1.,1.,1.,1.)))
REPRESENTATION_ITEM('')
SURFACE()
);
#882=(
BOUNDED_SURFACE()
B_SPLINE_SURFACE(2,3,((#1729,#1730,#1731,#1732),(#1733,#1734,#1735,#1736),
(#1737,#1738,#1739,#1740),(#1741,#1742,#1743,#1744),(#1745,#1746,#1747,
#1748),(#1749,#1750,#1751,#1752),(#1753,#1754,#1755,#1756),(#1757,#1758,
#1759,#1760),(#1761,#1762,#1763,#1764)),.UNSPECIFIED.,.T.,.F.,.F.)
B_SPLINE_SURFACE_WITH_KNOTS((3,2,2,2,3),(4,4),(0.,0.9606932593666,1.9213865187332,
2.8820797780998,3.8427730374664),(0.,14.0894378554116),.UNSPECIFIED.)
GEOMETRIC_REPRESENTATION_ITEM()
RATIONAL_B_SPLINE_SURFACE(((1.,1.,1.,1.),(0.707106781186548,0.707106781186548,
0.707106781186548,0.707106781186548),(1.,1.,1.,1.),(0.707106781186548,0.707106781186548,
0.707106781186548,0.707106781186548),(1.,1.,1.,1.),(0.707106781186548,0.707106781186548,
0.707106781186548,0.707106781186548),(1.,1.,1.,1.),(0.707106781186548,0.707106781186548,
0.707106781186548,0.707106781186548),(1.,1.,1.,1.)))
REPRESENTATION_ITEM('')
SURFACE()
);
#883=(
BOUNDED_SURFACE()
B_SPLINE_SURFACE(2,3,((#1765,#1766,#1767,#1768),(#1769,#1770,#1771,#1772),
(#1773,#1774,#1775,#1776),(#1777,#1778,#1779,#1780),(#1781,#1782,#1783,
#1784),(#1785,#1786,#1787,#1788),(#1789,#1790,#1791,#1792),(#1793,#1794,
#1795,#1796),(#1797,#1798,#1799,#1800)),.UNSPECIFIED.,.T.,.F.,.F.)
B_SPLINE_SURFACE_WITH_KNOTS((3,2,2,2,3),(4,4),(0.,0.9606932593666,1.9213865187332,
2.8820797780998,3.8427730374664),(0.,14.0792337513692),.UNSPECIFIED.)
GEOMETRIC_REPRESENTATION_ITEM()
RATIONAL_B_SPLINE_SURFACE(((1.,1.,1.,1.),(0.707106781186548,0.707106781186548,
0.707106781186548,0.707106781186548),(1.,1.,1.,1.),(0.707106781186548,0.707106781186548,
0.707106781186548,0.707106781186548),(1.,1.,1.,1.),(0.707106781186548,0.707106781186548,
0.707106781186548,0.707106781186548),(1.,1.,1.,1.),(0.707106781186548,0.707106781186548,
0.707106781186548,0.707106781186548),(1.,1.,1.,1.)))
REPRESENTATION_ITEM('')
SURFACE()
);
#884=(
BOUNDED_SURFACE()
B_SPLINE_SURFACE(2,3,((#1801,#1802,#1803,#1804),(#1805,#1806,#1807,#1808),
(#1809,#1810,#1811,#1812),(#1813,#1814,#1815,#1816),(#1817,#1818,#1819,
#1820),(#1821,#1822,#1823,#1824),(#1825,#1826,#1827,#1828),(#1829,#1830,
#1831,#1832),(#1833,#1834,#1835,#1836)),.UNSPECIFIED.,.T.,.F.,.F.)
B_SPLINE_SURFACE_WITH_KNOTS((3,2,2,2,3),(4,4),(0.,0.9606932593666,1.9213865187332,
2.8820797780998,3.8427730374664),(0.,14.0867547391658),.UNSPECIFIED.)
GEOMETRIC_REPRESENTATION_ITEM()
RATIONAL_B_SPLINE_SURFACE(((1.,1.,1.,1.),(0.707106781186548,0.707106781186548,
0.707106781186548,0.707106781186548),(1.,1.,1.,1.),(0.707106781186548,0.707106781186548,
0.707106781186548,0.707106781186548),(1.,1.,1.,1.),(0.707106781186548,0.707106781186548,
0.707106781186548,0.707106781186548),(1.,1.,1.,1.),(0.707106781186548,0.707106781186548,
0.707106781186548,0.707106781186548),(1.,1.,1.,1.)))
REPRESENTATION_ITEM('')
SURFACE()
);
#885=PLANE('',#997);
#886=PLANE('',#999);
#887=PLANE('',#1000);
#888=PLANE('',#1001);
#889=PLANE('',#1002);
#890=PLANE('',#1003);
#891=PLANE('',#1004);
#892=PLANE('',#1007);
#893=PLANE('',#1008);
#894=PLANE('',#1009);
#895=PLANE('',#1010);
#896=PLANE('',#1011);
#897=PLANE('',#1012);
#898=PLANE('',#1013);
#899=PLANE('',#1014);
#900=PLANE('',#1016);
#901=PLANE('',#1017);
#902=PLANE('',#1018);
#903=CYLINDRICAL_SURFACE('',#996,1.6);
#904=CYLINDRICAL_SURFACE('',#998,5.72000000000005);
#905=CYLINDRICAL_SURFACE('',#1005,5.92000000000004);
#906=CYLINDRICAL_SURFACE('',#1006,5.92000000000004);
#907=CYLINDRICAL_SURFACE('',#1015,2.1);
#908=SHAPE_DEFINITION_REPRESENTATION(#909,#994);
#909=PRODUCT_DEFINITION_SHAPE($,$,#911);
#910=PRODUCT_DEFINITION_CONTEXT('3D Mechanical Parts',#983,'design');
#911=PRODUCT_DEFINITION('A','First version',#953,#910);
#912=DATE_TIME_ROLE('classification_date');
#913=DATE_TIME_ROLE('creation_date');
#914=APPLIED_DATE_AND_TIME_ASSIGNMENT(#938,#912,(#917));
#915=APPLIED_DATE_AND_TIME_ASSIGNMENT(#940,#913,(#911));
#916=SECURITY_CLASSIFICATION_LEVEL('unclassified');
#917=SECURITY_CLASSIFICATION('A','Security for version',#916);
#918=APPLIED_SECURITY_CLASSIFICATION_ASSIGNMENT(#917,(#953));
#919=APPROVAL_ROLE('Version approval');
#920=APPROVAL_ROLE('Version Security approval');
#921=APPROVAL_ROLE('Definition approval');
#922=APPROVAL_PERSON_ORGANIZATION(#971,#947,#919);
#923=APPROVAL_PERSON_ORGANIZATION(#972,#948,#920);
#924=APPROVAL_PERSON_ORGANIZATION(#975,#949,#921);
#925=COORDINATED_UNIVERSAL_TIME_OFFSET(5,0,.BEHIND.);
#926=LOCAL_TIME(0,0,0.,#925);
#927=LOCAL_TIME(0,0,0.,#925);
#928=LOCAL_TIME(0,0,0.,#925);
#929=LOCAL_TIME(0,0,0.,#925);
#930=LOCAL_TIME(0,0,0.,#925);
#931=CALENDAR_DATE(1999,1,1);
#932=CALENDAR_DATE(1999,1,1);
#933=CALENDAR_DATE(1999,1,1);
#934=CALENDAR_DATE(1999,1,1);
#935=CALENDAR_DATE(1999,1,1);
#936=DATE_AND_TIME(#931,#926);
#937=DATE_AND_TIME(#932,#927);
#938=DATE_AND_TIME(#933,#928);
#939=DATE_AND_TIME(#934,#929);
#940=DATE_AND_TIME(#935,#930);
#941=APPROVAL_DATE_TIME(#936,#947);
#942=APPROVAL_DATE_TIME(#937,#948);
#943=APPROVAL_DATE_TIME(#939,#949);
#944=APPROVAL_STATUS('not_yet_approved');
#945=APPROVAL_STATUS('not_yet_approved');
#946=APPROVAL_STATUS('approved');
#947=APPROVAL(#944,'Version approval');
#948=APPROVAL(#945,'Version Security approval');
#949=APPROVAL(#946,'Definition approval');
#950=APPLIED_APPROVAL_ASSIGNMENT(#947,(#953));
#951=APPLIED_APPROVAL_ASSIGNMENT(#948,(#917));
#952=APPLIED_APPROVAL_ASSIGNMENT(#949,(#911));
#953=PRODUCT_DEFINITION_FORMATION_WITH_SPECIFIED_SOURCE('A',
'First version',#985,.MADE.);
#954=PERSON_AND_ORGANIZATION_ROLE('design_owner');
#955=PERSON_AND_ORGANIZATION_ROLE('creator');
#956=PERSON_AND_ORGANIZATION_ROLE('design_supplier');
#957=PERSON_AND_ORGANIZATION_ROLE('classification_officer');
#958=PERSON_AND_ORGANIZATION_ROLE('creator');
#959=ORGANIZATION('STI','lab','lab');
#960=ORGANIZATION('STI','unknown','unknown');
#961=ORGANIZATION('STI','unknown','unknown');
#962=ORGANIZATION('STI','unknown','unknown');
#963=ORGANIZATION('STI','unknown','unknown');
#964=ORGANIZATION('STI','unknown','unknown');
#965=ORGANIZATION('STI','unknown','unknown');
#966=PERSON('1','Box','vc60',$,$,$);
#967=PERSON('2','last','first',$,$,$);
#968=PERSON('3','President','Mr.',$,$,$);
#969=PERSON_AND_ORGANIZATION(#966,#959);
#970=PERSON_AND_ORGANIZATION(#967,#960);
#971=PERSON_AND_ORGANIZATION(#968,#961);
#972=PERSON_AND_ORGANIZATION(#968,#962);
#973=PERSON_AND_ORGANIZATION(#968,#963);
#974=PERSON_AND_ORGANIZATION(#967,#964);
#975=PERSON_AND_ORGANIZATION(#968,#965);
#976=APPLIED_PERSON_AND_ORGANIZATION_ASSIGNMENT(#969,#954,(#985));
#977=APPLIED_PERSON_AND_ORGANIZATION_ASSIGNMENT(#970,#955,(#953));
#978=APPLIED_PERSON_AND_ORGANIZATION_ASSIGNMENT(#970,#956,(#953));
#979=APPLIED_PERSON_AND_ORGANIZATION_ASSIGNMENT(#973,#957,(#917));
#980=APPLIED_PERSON_AND_ORGANIZATION_ASSIGNMENT(#974,#958,(#911));
#981=PRODUCT_RELATED_PRODUCT_CATEGORY('detail','detail',(#985));
#982=APPLICATION_PROTOCOL_DEFINITION('International Standard',
'config_control_design',1994,#983);
#983=APPLICATION_CONTEXT(
'configuration controlled 3d designs of mechanical parts and assemblie
s');
#984=PRODUCT_CONTEXT('3D Mechanical Parts',#983,'mechanical');
#985=PRODUCT('Document','Document','',(#984));
#986=(
LENGTH_UNIT()
NAMED_UNIT(*)
SI_UNIT(.MILLI.,.METRE.)
);
#987=(
NAMED_UNIT(*)
PLANE_ANGLE_UNIT()
SI_UNIT($,.RADIAN.)
);
#988=DIMENSIONAL_EXPONENTS(0.,0.,0.,0.,0.,0.,0.);
#989=PLANE_ANGLE_MEASURE_WITH_UNIT(PLANE_ANGLE_MEASURE(0.01745329252),#987);
#990=(
CONVERSION_BASED_UNIT('DEGREES',#989)
NAMED_UNIT(#988)
PLANE_ANGLE_UNIT()
);
#991=(
NAMED_UNIT(*)
SI_UNIT($,.STERADIAN.)
SOLID_ANGLE_UNIT()
);
#992=UNCERTAINTY_MEASURE_WITH_UNIT(LENGTH_MEASURE(0.001),#986,
'DISTANCE_ACCURACY_VALUE',
'Maximum model space distance between geometric entities at asserted c
onnectivities');
#993=(
GEOMETRIC_REPRESENTATION_CONTEXT(3)
GLOBAL_UNCERTAINTY_ASSIGNED_CONTEXT((#992))
GLOBAL_UNIT_ASSIGNED_CONTEXT((#991,#990,#986))
REPRESENTATION_CONTEXT('ID1','3D')
);
#994=SHAPE_REPRESENTATION('Document',(#995,#1063),#993);
#995=AXIS2_PLACEMENT_3D($,#1179,#1064,#1065);
#996=AXIS2_PLACEMENT_3D('',#1180,#1066,$);
#997=AXIS2_PLACEMENT_3D('',#1181,#1067,$);
#998=AXIS2_PLACEMENT_3D('',#1182,#1068,$);
#999=AXIS2_PLACEMENT_3D('',#1183,#1069,$);
#1000=AXIS2_PLACEMENT_3D('',#1184,#1070,$);
#1001=AXIS2_PLACEMENT_3D('',#1185,#1071,$);
#1002=AXIS2_PLACEMENT_3D('',#1186,#1072,$);
#1003=AXIS2_PLACEMENT_3D('',#1187,#1073,$);
#1004=AXIS2_PLACEMENT_3D('',#1188,#1074,$);
#1005=AXIS2_PLACEMENT_3D('',#1837,#1075,$);
#1006=AXIS2_PLACEMENT_3D('',#1838,#1076,$);
#1007=AXIS2_PLACEMENT_3D('',#1839,#1077,$);
#1008=AXIS2_PLACEMENT_3D('',#1840,#1078,$);
#1009=AXIS2_PLACEMENT_3D('',#1841,#1079,$);
#1010=AXIS2_PLACEMENT_3D('',#1842,#1080,$);
#1011=AXIS2_PLACEMENT_3D('',#1843,#1081,$);
#1012=AXIS2_PLACEMENT_3D('',#1844,#1082,$);
#1013=AXIS2_PLACEMENT_3D('',#1845,#1083,$);
#1014=AXIS2_PLACEMENT_3D('',#1846,#1084,$);
#1015=AXIS2_PLACEMENT_3D('',#1847,#1085,$);
#1016=AXIS2_PLACEMENT_3D('',#1848,#1086,$);
#1017=AXIS2_PLACEMENT_3D('',#1849,#1087,$);
#1018=AXIS2_PLACEMENT_3D('',#1850,#1088,$);
#1019=AXIS2_PLACEMENT_3D($,#1939,#1089,#1090);
#1020=AXIS2_PLACEMENT_3D($,#1942,#1091,#1092);
#1021=AXIS2_PLACEMENT_3D($,#1947,#1093,#1094);
#1022=AXIS2_PLACEMENT_3D($,#1950,#1095,#1096);
#1023=AXIS2_PLACEMENT_3D($,#1985,#1097,#1098);
#1024=AXIS2_PLACEMENT_3D($,#1988,#1099,#1100);
#1025=AXIS2_PLACEMENT_3D($,#2008,#1101,#1102);
#1026=AXIS2_PLACEMENT_3D($,#2011,#1103,#1104);
#1027=AXIS2_PLACEMENT_3D($,#2035,#1105,#1106);
#1028=AXIS2_PLACEMENT_3D($,#2038,#1107,#1108);
#1029=AXIS2_PLACEMENT_3D($,#2062,#1109,#1110);
#1030=AXIS2_PLACEMENT_3D($,#2065,#1111,#1112);
#1031=AXIS2_PLACEMENT_3D($,#2089,#1113,#1114);
#1032=AXIS2_PLACEMENT_3D($,#2092,#1115,#1116);
#1033=AXIS2_PLACEMENT_3D($,#2112,#1117,#1118);
#1034=AXIS2_PLACEMENT_3D($,#2115,#1119,#1120);
#1035=AXIS2_PLACEMENT_3D($,#2135,#1121,#1122);
#1036=AXIS2_PLACEMENT_3D($,#2138,#1123,#1124);
#1037=AXIS2_PLACEMENT_3D($,#2158,#1125,#1126);
#1038=AXIS2_PLACEMENT_3D($,#2161,#1127,#1128);
#1039=AXIS2_PLACEMENT_3D($,#2185,#1129,#1130);
#1040=AXIS2_PLACEMENT_3D($,#2188,#1131,#1132);
#1041=AXIS2_PLACEMENT_3D($,#2208,#1133,#1134);
#1042=AXIS2_PLACEMENT_3D($,#2211,#1135,#1136);
#1043=AXIS2_PLACEMENT_3D($,#2231,#1137,#1138);
#1044=AXIS2_PLACEMENT_3D($,#2234,#1139,#1140);
#1045=AXIS2_PLACEMENT_3D($,#2258,#1141,#1142);
#1046=AXIS2_PLACEMENT_3D($,#2261,#1143,#1144);
#1047=AXIS2_PLACEMENT_3D($,#2285,#1145,#1146);
#1048=AXIS2_PLACEMENT_3D($,#2288,#1147,#1148);
#1049=AXIS2_PLACEMENT_3D($,#2312,#1149,#1150);
#1050=AXIS2_PLACEMENT_3D($,#2315,#1151,#1152);
#1051=AXIS2_PLACEMENT_3D($,#2335,#1153,#1154);
#1052=AXIS2_PLACEMENT_3D($,#2338,#1155,#1156);
#1053=AXIS2_PLACEMENT_3D($,#2358,#1157,#1158);
#1054=AXIS2_PLACEMENT_3D($,#2359,#1159,#1160);
#1055=AXIS2_PLACEMENT_3D($,#2381,#1161,#1162);
#1056=AXIS2_PLACEMENT_3D($,#2382,#1163,#1164);
#1057=AXIS2_PLACEMENT_3D($,#2408,#1165,#1166);
#1058=AXIS2_PLACEMENT_3D($,#2409,#1167,#1168);
#1059=AXIS2_PLACEMENT_3D($,#2427,#1169,#1170);
#1060=AXIS2_PLACEMENT_3D($,#2434,#1171,#1172);
#1061=AXIS2_PLACEMENT_3D($,#2541,#1173,#1174);
#1062=AXIS2_PLACEMENT_3D($,#2546,#1175,#1176);
#1063=AXIS2_PLACEMENT_3D($,#2557,#1177,#1178);
#1064=DIRECTION('',(0.,0.,1.));
#1065=DIRECTION('',(1.,0.,0.));
#1066=DIRECTION('',(1.,1.52655665885959E-14,-2.77555756156289E-16));
#1067=DIRECTION('',(1.,0.,0.));
#1068=DIRECTION('',(-1.,0.,-2.46112376787533E-14));
#1069=DIRECTION('',(-1.,0.,0.));
#1070=DIRECTION('',(0.,1.,0.));
#1071=DIRECTION('',(-1.,0.,0.));
#1072=DIRECTION('',(0.,-1.,0.));
#1073=DIRECTION('',(1.,0.,0.));
#1074=DIRECTION('',(0.,0.,1.));
#1075=DIRECTION('',(-1.,0.,0.));
#1076=DIRECTION('',(1.,0.,0.));
#1077=DIRECTION('',(0.,0.,1.));
#1078=DIRECTION('',(0.,0.,1.));
#1079=DIRECTION('',(0.,0.,-1.));
#1080=DIRECTION('',(0.967691448794599,-7.06830438154475E-17,-0.25213738304704));
#1081=DIRECTION('',(-7.41836172304586E-17,-0.967691448794599,-0.25213738304704));
#1082=DIRECTION('',(-0.967691448794599,0.,-0.25213738304704));
#1083=DIRECTION('',(0.,0.967691448794599,-0.25213738304704));
#1084=DIRECTION('',(-1.,0.,0.));
#1085=DIRECTION('',(0.,0.,1.));
#1086=DIRECTION('',(1.,0.,0.));
#1087=DIRECTION('',(0.,0.,-1.));
#1088=DIRECTION('',(0.,0.,1.));
#1089=DIRECTION('',(-1.,-1.52308721190684E-14,-1.0408340855242E-16));
#1090=DIRECTION('',(-1.52655665885881E-14,1.,2.97761815204315E-12));
#1091=DIRECTION('',(1.,1.52655665885875E-14,2.77555756149832E-16));
#1092=DIRECTION('',(-1.55431223447442E-14,1.,9.57012247226394E-13));
#1093=DIRECTION('',(1.,4.81725041740934E-15,1.8164340297298E-14));
#1094=DIRECTION('',(1.89436655950035E-14,-0.252137383047009,-0.967691448794607));
#1095=DIRECTION('',(-1.,2.37916470990394E-16,-2.4827861723785E-14));
#1096=DIRECTION('',(-2.32913921250039E-16,-1.,-2.47820412210042E-13));
#1097=DIRECTION('',(0.,0.,1.));
#1098=DIRECTION('',(1.84903643497138E-15,1.,0.));
#1099=DIRECTION('',(0.,0.,-1.));
#1100=DIRECTION('',(2.99236444608575E-11,1.,0.));
#1101=DIRECTION('',(0.,0.,1.));
#1102=DIRECTION('',(0.,1.,0.));
#1103=DIRECTION('',(-3.69807286994275E-15,5.47029718056264E-29,-1.));
#1104=DIRECTION('',(1.10942186098283E-14,1.,3.69807286994275E-15));
#1105=DIRECTION('',(0.,0.,1.));
#1106=DIRECTION('',(3.18034266815077E-13,1.,0.));
#1107=DIRECTION('',(-3.69807286994275E-15,-3.07020429259078E-27,-1.));
#1108=DIRECTION('',(-8.3206639573712E-13,1.,3.69807286994276E-15));
#1109=DIRECTION('',(0.,0.,1.));
#1110=DIRECTION('',(5.54710930491413E-15,1.,0.));
#1111=DIRECTION('',(5.54710930501212E-15,1.84903643467739E-15,-1.));
#1112=DIRECTION('',(5.29952332627147E-11,1.,0.));
#1113=DIRECTION('',(0.,0.,1.));
#1114=DIRECTION('',(-1.92410731423121E-11,1.,0.));
#1115=DIRECTION('',(4.32891782435552E-15,-1.49728840944883E-26,-1.));
#1116=DIRECTION('',(3.45880534166006E-12,1.,0.));
#1117=DIRECTION('',(0.,0.,1.));
#1118=DIRECTION('',(-1.,3.77129471276761E-11,0.));
#1119=DIRECTION('',(2.16445891217095E-15,-2.16445891218458E-15,-1.));
#1120=DIRECTION('',(-1.,3.15145217613083E-12,0.));
#1121=DIRECTION('',(0.,0.,1.));
#1122=DIRECTION('',(-1.,7.39614573988551E-15,0.));
#1123=DIRECTION('',(0.,0.,-1.));
#1124=DIRECTION('',(-1.,-2.16445891217775E-15,0.));
#1125=DIRECTION('',(0.,0.,1.));
#1126=DIRECTION('',(-1.,0.,0.));
#1127=DIRECTION('',(0.,0.,-1.));
#1128=DIRECTION('',(-1.,0.,0.));
#1129=DIRECTION('',(0.,0.,1.));
#1130=DIRECTION('',(-1.,0.,0.));
#1131=DIRECTION('',(0.,0.,-1.));
#1132=DIRECTION('',(-1.,-6.4933767365333E-15,0.));
#1133=DIRECTION('',(0.,0.,1.));
#1134=DIRECTION('',(7.43293578670262E-11,-1.,0.));
#1135=DIRECTION('',(0.,0.,-1.));
#1136=DIRECTION('',(4.08108727891114E-12,1.,0.));
#1137=DIRECTION('',(0.,0.,1.));
#1138=DIRECTION('',(3.84187878955321E-11,-1.,0.));
#1139=DIRECTION('',(5.54710930491559E-15,1.84903643496699E-15,-1.));
#1140=DIRECTION('',(7.89538557732779E-13,1.,0.));
#1141=DIRECTION('',(0.,0.,1.));
#1142=DIRECTION('',(-5.42865540829878E-14,-1.,0.));
#1143=DIRECTION('',(3.69807286994275E-15,-4.61556324609974E-29,-1.));
#1144=DIRECTION('',(1.29432550447996E-14,1.,0.));
#1145=DIRECTION('',(0.,0.,1.));
#1146=DIRECTION('',(-7.80062246003549E-16,-1.,0.));
#1147=DIRECTION('',(1.84903643483494E-15,1.84903643510782E-15,-1.));
#1148=DIRECTION('',(-7.37904215286202E-11,1.,3.69807286994275E-15));
#1149=DIRECTION('',(0.,0.,1.));
#1150=DIRECTION('',(2.0801659893428E-15,-1.,0.));
#1151=DIRECTION('',(4.32891782435552E-15,-7.02732357375859E-30,-1.));
#1152=DIRECTION('',(2.16445891217776E-15,1.,0.));
#1153=DIRECTION('',(0.,0.,1.));
#1154=DIRECTION('',(1.,4.62259108742844E-16,0.));
#1155=DIRECTION('',(0.,0.,-1.));
#1156=DIRECTION('',(-1.,2.50292617456956E-12,0.));
#1157=DIRECTION('',(0.,0.,-1.));
#1158=DIRECTION('',(-1.,2.16445891217776E-15,0.));
#1159=DIRECTION('',(0.,0.,1.));
#1160=DIRECTION('',(1.,-3.69807286994276E-15,0.));
#1161=DIRECTION('',(0.,0.,-1.));
#1162=DIRECTION('',(-1.,1.59419298832145E-11,0.));
#1163=DIRECTION('',(0.,0.,1.));
#1164=DIRECTION('',(1.,-7.67828558690671E-11,0.));
#1165=DIRECTION('',(0.,0.,-1.));
#1166=DIRECTION('',(-1.,5.29480761391486E-13,0.));
#1167=DIRECTION('',(0.,0.,1.));
#1168=DIRECTION('',(1.,-3.36905994929503E-11,0.));
#1169=DIRECTION('',(1.,-4.78962126178386E-15,6.12404020044047E-15));
#1170=DIRECTION('',(-4.78221066351094E-15,-1.,1.18823869662766E-12));
#1171=DIRECTION('',(1.,-2.09314924672166E-16,-3.16804438209317E-16));
#1172=DIRECTION('',(-3.00060276926179E-16,-1.,1.19183941995078E-12));
#1173=DIRECTION('',(0.,0.,1.));
#1174=DIRECTION('',(1.,4.22942104619107E-16,0.));
#1175=DIRECTION('',(0.,0.,1.));
#1176=DIRECTION('',(1.,4.22942104619107E-16,0.));
#1177=DIRECTION('',(0.,0.,1.));
#1178=DIRECTION('',(1.,0.,0.));
#1179=CARTESIAN_POINT('',(0.,0.,0.));
#1180=CARTESIAN_POINT('',(6.39532645385516,14.07,18.0000000000048));
#1181=CARTESIAN_POINT('',(6.84999999999998,8.0336,12.1567792893706));
#1182=CARTESIAN_POINT('',(3.69999999999999,14.0700000000001,17.9999999999999));
#1183=CARTESIAN_POINT('',(0.550000000000143,8.0336,12.1567792893706));
#1184=CARTESIAN_POINT('',(0.55,-0.15,14.));
#1185=CARTESIAN_POINT('',(6.85,-0.15,14.));
#1186=CARTESIAN_POINT('',(6.84999999999999,8.15,14.));
#1187=CARTESIAN_POINT('',(0.549999999999999,8.15,14.));
#1188=CARTESIAN_POINT('',(0.549999999999999,8.15,14.));
#1189=CARTESIAN_POINT('',(6.00188531385151,6.5103466296833,14.));
#1190=CARTESIAN_POINT('',(6.50459020923434,6.7803466296833,9.33333333333333));
#1191=CARTESIAN_POINT('',(7.00729510461717,7.0503466296833,4.66666666666667));
#1192=CARTESIAN_POINT('',(7.51,7.3203466296833,0.));
#1193=CARTESIAN_POINT('',(5.59153868416821,6.51034662969558,14.));
#1194=CARTESIAN_POINT('',(6.07091024621771,6.78034662969148,9.33333333333333));
#1195=CARTESIAN_POINT('',(6.5502818082672,7.05034662968739,4.66666666666667));
#1196=CARTESIAN_POINT('',(7.0296533703167,7.3203466296833,0.));
#1197=CARTESIAN_POINT('',(5.59153868415593,6.10000000001228,14.));
#1198=CARTESIAN_POINT('',(6.07091024620952,6.34666666667485,9.33333333333333));
#1199=CARTESIAN_POINT('',(6.55028180826311,6.59333333333742,4.66666666666667));
#1200=CARTESIAN_POINT('',(7.0296533703167,6.84,0.));
#1201=CARTESIAN_POINT('',(5.59153868414366,5.68965337032898,14.));
#1202=CARTESIAN_POINT('',(6.07091024620134,5.91298670365822,9.33333333333333));
#1203=CARTESIAN_POINT('',(6.55028180825902,6.13632003698746,4.66666666666667));
#1204=CARTESIAN_POINT('',(7.0296533703167,6.3596533703167,0.));
#1205=CARTESIAN_POINT('',(6.00188531382696,5.6896533703167,14.));
#1206=CARTESIAN_POINT('',(6.50459020921797,5.91298670365003,9.33333333333333));
#1207=CARTESIAN_POINT('',(7.00729510460898,6.13632003698336,4.66666666666667));
#1208=CARTESIAN_POINT('',(7.51,6.3596533703167,0.));
#1209=CARTESIAN_POINT('',(6.41223194351026,5.68965337030442,14.));
#1210=CARTESIAN_POINT('',(6.9382701722346,5.91298670364185,9.33333333333333));
#1211=CARTESIAN_POINT('',(7.46430840095895,6.13632003697927,4.66666666666667));
#1212=CARTESIAN_POINT('',(7.9903466296833,6.3596533703167,0.));
#1213=CARTESIAN_POINT('',(6.41223194352253,6.09999999998772,14.));
#1214=CARTESIAN_POINT('',(6.93827017224279,6.34666666665848,9.33333333333333));
#1215=CARTESIAN_POINT('',(7.46430840096304,6.59333333332924,4.66666666666667));
#1216=CARTESIAN_POINT('',(7.9903466296833,6.84,0.));
#1217=CARTESIAN_POINT('',(6.41223194353481,6.51034662967102,14.));
#1218=CARTESIAN_POINT('',(6.93827017225097,6.78034662967511,9.33333333333333));
#1219=CARTESIAN_POINT('',(7.46430840096714,7.0503466296792,4.66666666666667));
#1220=CARTESIAN_POINT('',(7.9903466296833,7.3203466296833,0.));
#1221=CARTESIAN_POINT('',(6.00188531385151,6.5103466296833,14.));
#1222=CARTESIAN_POINT('',(6.50459020923434,6.7803466296833,9.33333333333333));
#1223=CARTESIAN_POINT('',(7.00729510461717,7.0503466296833,4.66666666666667));
#1224=CARTESIAN_POINT('',(7.51,7.3203466296833,0.));
#1225=CARTESIAN_POINT('',(6.00188531383924,5.3803466296833,14.));
#1226=CARTESIAN_POINT('',(6.50459020922616,5.60367996301663,9.33333333333333));
#1227=CARTESIAN_POINT('',(7.00729510461308,5.82701329634996,4.66666666666667));
#1228=CARTESIAN_POINT('',(7.51,6.0503466296833,0.));
#1229=CARTESIAN_POINT('',(5.52153868415594,5.3803466296833,14.));
#1230=CARTESIAN_POINT('',(6.02424357954286,5.60367996301663,9.33333333333333));
#1231=CARTESIAN_POINT('',(6.52694847492978,5.82701329634997,4.66666666666667));
#1232=CARTESIAN_POINT('',(7.0296533703167,6.0503466296833,0.));
#1233=CARTESIAN_POINT('',(5.52153868415594,4.9,14.));
#1234=CARTESIAN_POINT('',(6.02424357954286,5.12333333333334,9.33333333333333));
#1235=CARTESIAN_POINT('',(6.52694847492978,5.34666666666667,4.66666666666667));
#1236=CARTESIAN_POINT('',(7.0296533703167,5.57,0.));
#1237=CARTESIAN_POINT('',(5.52153868415593,4.41965337031671,14.));
#1238=CARTESIAN_POINT('',(6.02424357954285,4.64298670365004,9.33333333333333));
#1239=CARTESIAN_POINT('',(6.52694847492977,4.86632003698337,4.66666666666667));
#1240=CARTESIAN_POINT('',(7.0296533703167,5.0896533703167,0.));
#1241=CARTESIAN_POINT('',(6.00188531383923,4.4196533703167,14.));
#1242=CARTESIAN_POINT('',(6.50459020922615,4.64298670365003,9.33333333333333));
#1243=CARTESIAN_POINT('',(7.00729510461307,4.86632003698336,4.66666666666667));
#1244=CARTESIAN_POINT('',(7.51,5.0896533703167,0.));
#1245=CARTESIAN_POINT('',(6.48223194352253,4.41965337031669,14.));
#1246=CARTESIAN_POINT('',(6.98493683890945,4.64298670365002,9.33333333333333));
#1247=CARTESIAN_POINT('',(7.48764173429637,4.86632003698336,4.66666666666667));
#1248=CARTESIAN_POINT('',(7.9903466296833,5.0896533703167,0.));
#1249=CARTESIAN_POINT('',(6.48223194352254,4.89999999999999,14.));
#1250=CARTESIAN_POINT('',(6.98493683890946,5.12333333333333,9.33333333333333));
#1251=CARTESIAN_POINT('',(7.48764173429638,5.34666666666666,4.66666666666667));
#1252=CARTESIAN_POINT('',(7.9903466296833,5.57,0.));
#1253=CARTESIAN_POINT('',(6.48223194352255,5.38034662968329,14.));
#1254=CARTESIAN_POINT('',(6.98493683890946,5.60367996301663,9.33333333333333));
#1255=CARTESIAN_POINT('',(7.48764173429638,5.82701329634996,4.66666666666667));
#1256=CARTESIAN_POINT('',(7.9903466296833,6.0503466296833,0.));
#1257=CARTESIAN_POINT('',(6.00188531383924,5.3803466296833,14.));
#1258=CARTESIAN_POINT('',(6.50459020922616,5.60367996301663,9.33333333333333));
#1259=CARTESIAN_POINT('',(7.00729510461308,5.82701329634996,4.66666666666667));
#1260=CARTESIAN_POINT('',(7.51,6.0503466296833,0.));
#1261=CARTESIAN_POINT('',(6.00188531383884,4.18034662968329,14.));
#1262=CARTESIAN_POINT('',(6.504590209226,4.38034662968329,9.33333333333333));
#1263=CARTESIAN_POINT('',(7.00729510461317,4.58034662968329,4.66666666666667));
#1264=CARTESIAN_POINT('',(7.51000000000034,4.7803466296833,0.));
#1265=CARTESIAN_POINT('',(5.52153868415554,4.18034662968289,14.));
#1266=CARTESIAN_POINT('',(6.0242435795427,4.38034662968314,9.33333333333333));
#1267=CARTESIAN_POINT('',(6.52694847492987,4.58034662968339,4.66666666666667));
#1268=CARTESIAN_POINT('',(7.02965337031703,4.78034662968364,0.));
#1269=CARTESIAN_POINT('',(5.52153868415594,3.69999999999959,14.));
#1270=CARTESIAN_POINT('',(6.02424357954286,3.89999999999984,9.33333333333333));
#1271=CARTESIAN_POINT('',(6.52694847492978,4.10000000000009,4.66666666666667));
#1272=CARTESIAN_POINT('',(7.0296533703167,4.30000000000034,0.));
#1273=CARTESIAN_POINT('',(5.52153868415634,3.21965337031629,14.));
#1274=CARTESIAN_POINT('',(6.02424357954301,3.41965337031654,9.33333333333333));
#1275=CARTESIAN_POINT('',(6.52694847492968,3.61965337031679,4.66666666666667));
#1276=CARTESIAN_POINT('',(7.02965337031636,3.81965337031704,0.));
#1277=CARTESIAN_POINT('',(6.00188531383964,3.21965337031669,14.));
#1278=CARTESIAN_POINT('',(6.50459020922631,3.41965337031669,9.33333333333333));
#1279=CARTESIAN_POINT('',(7.00729510461298,3.61965337031669,4.66666666666667));
#1280=CARTESIAN_POINT('',(7.50999999999966,3.8196533703167,0.));
#1281=CARTESIAN_POINT('',(6.48223194352294,3.21965337031709,14.));
#1282=CARTESIAN_POINT('',(6.98493683890961,3.41965337031685,9.33333333333333));
#1283=CARTESIAN_POINT('',(7.48764173429629,3.6196533703166,4.66666666666667));
#1284=CARTESIAN_POINT('',(7.99034662968296,3.81965337031636,0.));
#1285=CARTESIAN_POINT('',(6.48223194352254,3.70000000000039,14.));
#1286=CARTESIAN_POINT('',(6.98493683890946,3.90000000000015,9.33333333333333));
#1287=CARTESIAN_POINT('',(7.48764173429638,4.0999999999999,4.66666666666667));
#1288=CARTESIAN_POINT('',(7.9903466296833,4.29999999999966,0.));
#1289=CARTESIAN_POINT('',(6.48223194352214,4.18034662968369,14.));
#1290=CARTESIAN_POINT('',(6.9849368389093,4.38034662968345,9.33333333333333));
#1291=CARTESIAN_POINT('',(7.48764173429647,4.5803466296832,4.66666666666667));
#1292=CARTESIAN_POINT('',(7.99034662968364,4.78034662968296,0.));
#1293=CARTESIAN_POINT('',(6.00188531383884,4.18034662968329,14.));
#1294=CARTESIAN_POINT('',(6.504590209226,4.38034662968329,9.33333333333333));
#1295=CARTESIAN_POINT('',(7.00729510461317,4.58034662968329,4.66666666666667));
#1296=CARTESIAN_POINT('',(7.51000000000034,4.7803466296833,0.));
#1297=CARTESIAN_POINT('',(6.0018853138647,2.9803466296833,14.));
#1298=CARTESIAN_POINT('',(6.50459020924314,3.15701329634997,9.33333333333333));
#1299=CARTESIAN_POINT('',(7.00729510462157,3.33367996301663,4.66666666666667));
#1300=CARTESIAN_POINT('',(7.51000000000001,3.5103466296833,0.));
#1301=CARTESIAN_POINT('',(5.5215386841814,2.98034662970876,14.));
#1302=CARTESIAN_POINT('',(6.02424357955984,3.15701329636694,9.33333333333333));
#1303=CARTESIAN_POINT('',(6.52694847493827,3.33367996302512,4.66666666666667));
#1304=CARTESIAN_POINT('',(7.02965337031671,3.51034662968331,0.));
#1305=CARTESIAN_POINT('',(5.52153868415594,2.50000000002546,14.));
#1306=CARTESIAN_POINT('',(6.02424357954286,2.67666666668364,9.33333333333333));
#1307=CARTESIAN_POINT('',(6.52694847492978,2.85333333334182,4.66666666666667));
#1308=CARTESIAN_POINT('',(7.0296533703167,3.03000000000001,0.));
#1309=CARTESIAN_POINT('',(5.52153868413048,2.01965337034216,14.));
#1310=CARTESIAN_POINT('',(6.02424357952588,2.19632003700034,9.33333333333333));
#1311=CARTESIAN_POINT('',(6.52694847492128,2.37298670365852,4.66666666666667));
#1312=CARTESIAN_POINT('',(7.02965337031668,2.54965337031671,0.));
#1313=CARTESIAN_POINT('',(6.00188531381378,2.0196533703167,14.));
#1314=CARTESIAN_POINT('',(6.50459020920919,2.19632003698336,9.33333333333333));
#1315=CARTESIAN_POINT('',(7.00729510460459,2.37298670365003,4.66666666666667));
#1316=CARTESIAN_POINT('',(7.50999999999999,2.5496533703167,0.));
#1317=CARTESIAN_POINT('',(6.48223194349709,2.01965337029124,14.));
#1318=CARTESIAN_POINT('',(6.98493683889249,2.19632003696639,9.33333333333333));
#1319=CARTESIAN_POINT('',(7.48764173428789,2.37298670364154,4.66666666666667));
#1320=CARTESIAN_POINT('',(7.99034662968329,2.54965337031669,0.));
#1321=CARTESIAN_POINT('',(6.48223194352254,2.49999999997454,14.));
#1322=CARTESIAN_POINT('',(6.98493683890946,2.67666666664969,9.33333333333333));
#1323=CARTESIAN_POINT('',(7.48764173429638,2.85333333332484,4.66666666666667));
#1324=CARTESIAN_POINT('',(7.9903466296833,3.02999999999999,0.));
#1325=CARTESIAN_POINT('',(6.482231943548,2.98034662965784,14.));
#1326=CARTESIAN_POINT('',(6.98493683892644,3.15701329633299,9.33333333333333));
#1327=CARTESIAN_POINT('',(7.48764173430487,3.33367996300814,4.66666666666667));
#1328=CARTESIAN_POINT('',(7.99034662968331,3.51034662968329,0.));
#1329=CARTESIAN_POINT('',(6.0018853138647,2.9803466296833,14.));
#1330=CARTESIAN_POINT('',(6.50459020924314,3.15701329634997,9.33333333333333));
#1331=CARTESIAN_POINT('',(7.00729510462157,3.33367996301663,4.66666666666667));
#1332=CARTESIAN_POINT('',(7.51000000000001,3.5103466296833,0.));
#1333=CARTESIAN_POINT('',(6.00188531384066,1.7103466296833,14.));
#1334=CARTESIAN_POINT('',(6.50459020922026,1.88701329634996,9.33333333333333));
#1335=CARTESIAN_POINT('',(7.00729510459986,2.06367996301663,4.66666666666667));
#1336=CARTESIAN_POINT('',(7.50999999997946,2.2403466296833,0.));
#1337=CARTESIAN_POINT('',(5.59153868415736,1.71034662968472,14.));
#1338=CARTESIAN_POINT('',(6.07091024620363,1.88701329634406,9.33333333333333));
#1339=CARTESIAN_POINT('',(6.55028180824989,2.06367996300341,4.66666666666667));
#1340=CARTESIAN_POINT('',(7.02965337029616,2.24034662966276,0.));
#1341=CARTESIAN_POINT('',(5.59153868415594,1.30000000000142,14.));
#1342=CARTESIAN_POINT('',(6.07091024620953,1.45333333332743,9.33333333333333));
#1343=CARTESIAN_POINT('',(6.55028180826311,1.60666666665345,4.66666666666667));
#1344=CARTESIAN_POINT('',(7.0296533703167,1.75999999997946,0.));
#1345=CARTESIAN_POINT('',(5.59153868415452,0.889653370318116,14.));
#1346=CARTESIAN_POINT('',(6.07091024621543,1.0196533703108,9.33333333333333));
#1347=CARTESIAN_POINT('',(6.55028180827633,1.14965337030348,4.66666666666667));
#1348=CARTESIAN_POINT('',(7.02965337033723,1.27965337029616,0.));
#1349=CARTESIAN_POINT('',(6.00188531383782,0.889653370316696,14.));
#1350=CARTESIAN_POINT('',(6.50459020923206,1.0196533703167,9.33333333333333));
#1351=CARTESIAN_POINT('',(7.0072951046263,1.1496533703167,4.66666666666667));
#1352=CARTESIAN_POINT('',(7.51000000002053,1.2796533703167,0.));
#1353=CARTESIAN_POINT('',(6.41223194352112,0.889653370315277,14.));
#1354=CARTESIAN_POINT('',(6.93827017224869,1.0196533703226,9.33333333333333));
#1355=CARTESIAN_POINT('',(7.46430840097626,1.14965337032991,4.66666666666667));
#1356=CARTESIAN_POINT('',(7.99034662970383,1.27965337033723,0.));
#1357=CARTESIAN_POINT('',(6.41223194352254,1.29999999999858,14.));
#1358=CARTESIAN_POINT('',(6.93827017224279,1.45333333333923,9.33333333333333));
#1359=CARTESIAN_POINT('',(7.46430840096305,1.60666666667988,4.66666666666667));
#1360=CARTESIAN_POINT('',(7.9903466296833,1.76000000002053,0.));
#1361=CARTESIAN_POINT('',(6.41223194352396,1.71034662968188,14.));
#1362=CARTESIAN_POINT('',(6.9382701722369,1.88701329635586,9.33333333333333));
#1363=CARTESIAN_POINT('',(7.46430840094983,2.06367996302985,4.66666666666667));
#1364=CARTESIAN_POINT('',(7.99034662966276,2.24034662970383,0.));
#1365=CARTESIAN_POINT('',(6.00188531384066,1.7103466296833,14.));
#1366=CARTESIAN_POINT('',(6.50459020922026,1.88701329634996,9.33333333333333));
#1367=CARTESIAN_POINT('',(7.00729510459986,2.06367996301663,4.66666666666667));
#1368=CARTESIAN_POINT('',(7.50999999997946,2.2403466296833,0.));
#1369=CARTESIAN_POINT('',(5.48965337031668,7.30188531384054,14.));
#1370=CARTESIAN_POINT('',(5.57965337031668,7.99459020924044,9.33333333333333));
#1371=CARTESIAN_POINT('',(5.66965337031669,8.68729510464035,4.66666666666667));
#1372=CARTESIAN_POINT('',(5.7596533703167,9.38000000004025,0.));
#1373=CARTESIAN_POINT('',(5.48965337031539,6.89153868415724,14.));
#1374=CARTESIAN_POINT('',(5.5796533703024,7.56091024622381,9.33333333333333));
#1375=CARTESIAN_POINT('',(5.66965337028942,8.23028180829038,4.66666666666667));
#1376=CARTESIAN_POINT('',(5.75965337027644,8.89965337035695,0.));
#1377=CARTESIAN_POINT('',(5.89999999999869,6.89153868415595,14.));
#1378=CARTESIAN_POINT('',(6.01333333331904,7.56091024620953,9.33333333333333));
#1379=CARTESIAN_POINT('',(6.12666666663939,8.23028180826311,4.66666666666667));
#1380=CARTESIAN_POINT('',(6.23999999995974,8.8996533703167,0.));
#1381=CARTESIAN_POINT('',(6.31034662968199,6.89153868415465,14.));
#1382=CARTESIAN_POINT('',(6.44701329633567,7.56091024619525,9.33333333333333));
#1383=CARTESIAN_POINT('',(6.58367996298935,8.23028180823584,4.66666666666667));
#1384=CARTESIAN_POINT('',(6.72034662964304,8.89965337027644,0.));
#1385=CARTESIAN_POINT('',(6.31034662968328,7.30188531383796,14.));
#1386=CARTESIAN_POINT('',(6.44701329634995,7.99459020921188,9.33333333333333));
#1387=CARTESIAN_POINT('',(6.58367996301662,8.68729510458581,4.66666666666667));
#1388=CARTESIAN_POINT('',(6.7203466296833,9.37999999995974,0.));
#1389=CARTESIAN_POINT('',(6.31034662968457,7.71223194352125,14.));
#1390=CARTESIAN_POINT('',(6.44701329636423,8.42827017222852,9.33333333333333));
#1391=CARTESIAN_POINT('',(6.58367996304389,9.14430840093578,4.66666666666667));
#1392=CARTESIAN_POINT('',(6.72034662972356,9.86034662964304,0.));
#1393=CARTESIAN_POINT('',(5.90000000000127,7.71223194352255,14.));
#1394=CARTESIAN_POINT('',(6.0133333333476,8.4282701722428,9.33333333333333));
#1395=CARTESIAN_POINT('',(6.12666666669393,9.14430840096305,4.66666666666667));
#1396=CARTESIAN_POINT('',(6.24000000004026,9.8603466296833,0.));
#1397=CARTESIAN_POINT('',(5.48965337031797,7.71223194352384,14.));
#1398=CARTESIAN_POINT('',(5.57965337033097,8.42827017225708,9.33333333333333));
#1399=CARTESIAN_POINT('',(5.66965337034396,9.14430840099032,4.66666666666667));
#1400=CARTESIAN_POINT('',(5.75965337035696,9.86034662972355,0.));
#1401=CARTESIAN_POINT('',(5.48965337031668,7.30188531384054,14.));
#1402=CARTESIAN_POINT('',(5.57965337031668,7.99459020924044,9.33333333333333));
#1403=CARTESIAN_POINT('',(5.66965337031669,8.68729510464035,4.66666666666667));
#1404=CARTESIAN_POINT('',(5.7596533703167,9.38000000004025,0.));
#1405=CARTESIAN_POINT('',(4.28965337031668,7.30188531383925,14.));
#1406=CARTESIAN_POINT('',(4.35632003698335,7.99459020922616,9.33333333333333));
#1407=CARTESIAN_POINT('',(4.42298670365002,8.68729510461308,4.66666666666667));
#1408=CARTESIAN_POINT('',(4.4896533703167,9.38,0.));
#1409=CARTESIAN_POINT('',(4.28965337031668,6.89153868415594,14.));
#1410=CARTESIAN_POINT('',(4.35632003698335,7.56091024620953,9.33333333333333));
#1411=CARTESIAN_POINT('',(4.42298670365002,8.23028180826311,4.66666666666667));
#1412=CARTESIAN_POINT('',(4.4896533703167,8.8996533703167,0.));
#1413=CARTESIAN_POINT('',(4.69999999999998,6.89153868415594,14.));
#1414=CARTESIAN_POINT('',(4.78999999999998,7.56091024620953,9.33333333333333));
#1415=CARTESIAN_POINT('',(4.87999999999999,8.23028180826311,4.66666666666667));
#1416=CARTESIAN_POINT('',(4.97,8.8996533703167,0.));
#1417=CARTESIAN_POINT('',(5.11034662968328,6.89153868415595,14.));
#1418=CARTESIAN_POINT('',(5.22367996301662,7.56091024620953,9.33333333333333));
#1419=CARTESIAN_POINT('',(5.33701329634996,8.23028180826311,4.66666666666667));
#1420=CARTESIAN_POINT('',(5.4503466296833,8.89965337031669,0.));
#1421=CARTESIAN_POINT('',(5.11034662968328,7.30188531383925,14.));
#1422=CARTESIAN_POINT('',(5.22367996301662,7.99459020922616,9.33333333333333));
#1423=CARTESIAN_POINT('',(5.33701329634996,8.68729510461308,4.66666666666667));
#1424=CARTESIAN_POINT('',(5.4503466296833,9.37999999999999,0.));
#1425=CARTESIAN_POINT('',(5.11034662968328,7.71223194352255,14.));
#1426=CARTESIAN_POINT('',(5.22367996301662,8.4282701722428,9.33333333333333));
#1427=CARTESIAN_POINT('',(5.33701329634996,9.14430840096304,4.66666666666667));
#1428=CARTESIAN_POINT('',(5.4503466296833,9.86034662968329,0.));
#1429=CARTESIAN_POINT('',(4.69999999999998,7.71223194352255,14.));
#1430=CARTESIAN_POINT('',(4.78999999999998,8.4282701722428,9.33333333333333));
#1431=CARTESIAN_POINT('',(4.87999999999999,9.14430840096305,4.66666666666667));
#1432=CARTESIAN_POINT('',(4.97,9.8603466296833,0.));
#1433=CARTESIAN_POINT('',(4.28965337031668,7.71223194352255,14.));
#1434=CARTESIAN_POINT('',(4.35632003698335,8.4282701722428,9.33333333333333));
#1435=CARTESIAN_POINT('',(4.42298670365003,9.14430840096305,4.66666666666667));
#1436=CARTESIAN_POINT('',(4.4896533703167,9.8603466296833,0.));
#1437=CARTESIAN_POINT('',(4.28965337031668,7.30188531383925,14.));
#1438=CARTESIAN_POINT('',(4.35632003698335,7.99459020922616,9.33333333333333));
#1439=CARTESIAN_POINT('',(4.42298670365002,8.68729510461308,4.66666666666667));
#1440=CARTESIAN_POINT('',(4.4896533703167,9.38,0.));
#1441=CARTESIAN_POINT('',(3.01965337031669,7.30188531383925,14.));
#1442=CARTESIAN_POINT('',(3.08632003698336,7.99459020922616,9.33333333333333));
#1443=CARTESIAN_POINT('',(3.15298670365003,8.68729510461308,4.66666666666667));
#1444=CARTESIAN_POINT('',(3.2196533703167,9.38,0.));
#1445=CARTESIAN_POINT('',(3.01965337031669,6.82153868415595,14.));
#1446=CARTESIAN_POINT('',(3.08632003698336,7.51424357954287,9.33333333333333));
#1447=CARTESIAN_POINT('',(3.15298670365003,8.20694847492978,4.66666666666667));
#1448=CARTESIAN_POINT('',(3.2196533703167,8.8996533703167,0.));
#1449=CARTESIAN_POINT('',(3.49999999999999,6.82153868415595,14.));
#1450=CARTESIAN_POINT('',(3.56666666666666,7.51424357954286,9.33333333333333));
#1451=CARTESIAN_POINT('',(3.63333333333333,8.20694847492978,4.66666666666667));
#1452=CARTESIAN_POINT('',(3.7,8.8996533703167,0.));
#1453=CARTESIAN_POINT('',(3.98034662968329,6.82153868415595,14.));
#1454=CARTESIAN_POINT('',(4.04701329634996,7.51424357954286,9.33333333333333));
#1455=CARTESIAN_POINT('',(4.11367996301663,8.20694847492978,4.66666666666667));
#1456=CARTESIAN_POINT('',(4.1803466296833,8.8996533703167,0.));
#1457=CARTESIAN_POINT('',(3.98034662968329,7.30188531383925,14.));
#1458=CARTESIAN_POINT('',(4.04701329634996,7.99459020922616,9.33333333333333));
#1459=CARTESIAN_POINT('',(4.11367996301663,8.68729510461308,4.66666666666667));
#1460=CARTESIAN_POINT('',(4.1803466296833,9.38,0.));
#1461=CARTESIAN_POINT('',(3.98034662968329,7.78223194352255,14.));
#1462=CARTESIAN_POINT('',(4.04701329634996,8.47493683890946,9.33333333333333));
#1463=CARTESIAN_POINT('',(4.11367996301663,9.16764173429638,4.66666666666667));
#1464=CARTESIAN_POINT('',(4.1803466296833,9.8603466296833,0.));
#1465=CARTESIAN_POINT('',(3.49999999999999,7.78223194352255,14.));
#1466=CARTESIAN_POINT('',(3.56666666666666,8.47493683890946,9.33333333333333));
#1467=CARTESIAN_POINT('',(3.63333333333333,9.16764173429638,4.66666666666667));
#1468=CARTESIAN_POINT('',(3.7,9.8603466296833,0.));
#1469=CARTESIAN_POINT('',(3.01965337031669,7.78223194352255,14.));
#1470=CARTESIAN_POINT('',(3.08632003698336,8.47493683890947,9.33333333333333));
#1471=CARTESIAN_POINT('',(3.15298670365003,9.16764173429638,4.66666666666667));
#1472=CARTESIAN_POINT('',(3.2196533703167,9.8603466296833,0.));
#1473=CARTESIAN_POINT('',(3.01965337031669,7.30188531383925,14.));
#1474=CARTESIAN_POINT('',(3.08632003698336,7.99459020922616,9.33333333333333));
#1475=CARTESIAN_POINT('',(3.15298670365003,8.68729510461308,4.66666666666667));
#1476=CARTESIAN_POINT('',(3.2196533703167,9.38,0.));
#1477=CARTESIAN_POINT('',(1.8896533703167,7.30188531383924,14.));
#1478=CARTESIAN_POINT('',(1.9096533703167,7.99459020922616,9.33333333333333));
#1479=CARTESIAN_POINT('',(1.9296533703167,8.68729510461307,4.66666666666667));
#1480=CARTESIAN_POINT('',(1.9496533703167,9.37999999999999,0.));
#1481=CARTESIAN_POINT('',(1.8896533703167,6.89153868415595,14.));
#1482=CARTESIAN_POINT('',(1.9096533703167,7.56091024620953,9.33333333333333));
#1483=CARTESIAN_POINT('',(1.92965337031671,8.23028180826311,4.66666666666667));
#1484=CARTESIAN_POINT('',(1.94965337031671,8.89965337031668,0.));
#1485=CARTESIAN_POINT('',(2.3,6.89153868415595,14.));
#1486=CARTESIAN_POINT('',(2.34333333333334,7.56091024620953,9.33333333333333));
#1487=CARTESIAN_POINT('',(2.38666666666667,8.23028180826311,4.66666666666667));
#1488=CARTESIAN_POINT('',(2.43000000000001,8.8996533703167,0.));
#1489=CARTESIAN_POINT('',(2.7103466296833,6.89153868415595,14.));
#1490=CARTESIAN_POINT('',(2.77701329634997,7.56091024620954,9.33333333333333));
#1491=CARTESIAN_POINT('',(2.84367996301664,8.23028180826312,4.66666666666667));
#1492=CARTESIAN_POINT('',(2.91034662968331,8.89965337031671,0.));
#1493=CARTESIAN_POINT('',(2.71034662968329,7.30188531383925,14.));
#1494=CARTESIAN_POINT('',(2.77701329634996,7.99459020922617,9.33333333333333));
#1495=CARTESIAN_POINT('',(2.84367996301663,8.68729510461309,4.66666666666667));
#1496=CARTESIAN_POINT('',(2.9103466296833,9.38000000000001,0.));
#1497=CARTESIAN_POINT('',(2.71034662968329,7.71223194352255,14.));
#1498=CARTESIAN_POINT('',(2.77701329634996,8.4282701722428,9.33333333333333));
#1499=CARTESIAN_POINT('',(2.84367996301662,9.14430840096306,4.66666666666667));
#1500=CARTESIAN_POINT('',(2.91034662968329,9.86034662968331,0.));
#1501=CARTESIAN_POINT('',(2.29999999999999,7.71223194352255,14.));
#1502=CARTESIAN_POINT('',(2.34333333333332,8.4282701722428,9.33333333333333));
#1503=CARTESIAN_POINT('',(2.38666666666666,9.14430840096305,4.66666666666667));
#1504=CARTESIAN_POINT('',(2.42999999999999,9.8603466296833,0.));
#1505=CARTESIAN_POINT('',(1.88965337031669,7.71223194352254,14.));
#1506=CARTESIAN_POINT('',(1.90965337031669,8.42827017224279,9.33333333333333));
#1507=CARTESIAN_POINT('',(1.92965337031669,9.14430840096304,4.66666666666667));
#1508=CARTESIAN_POINT('',(1.94965337031669,9.86034662968329,0.));
#1509=CARTESIAN_POINT('',(1.8896533703167,7.30188531383924,14.));
#1510=CARTESIAN_POINT('',(1.9096533703167,7.99459020922616,9.33333333333333));
#1511=CARTESIAN_POINT('',(1.9296533703167,8.68729510461307,4.66666666666667));
#1512=CARTESIAN_POINT('',(1.9496533703167,9.37999999999999,0.));
#1513=CARTESIAN_POINT('',(1.39811468616243,7.1103466296833,14.));
#1514=CARTESIAN_POINT('',(0.895409790748503,7.1803466296833,9.33333333333333));
#1515=CARTESIAN_POINT('',(0.39270489533458,7.2503466296833,4.66666666666667));
#1516=CARTESIAN_POINT('',(-0.110000000079343,7.3203466296833,0.));
#1517=CARTESIAN_POINT('',(0.987768056479125,7.11034662968497,14.));
#1518=CARTESIAN_POINT('',(0.461729827731869,7.18034662965797,9.33333333333333));
#1519=CARTESIAN_POINT('',(-0.0643084010153866,7.25034662963096,4.66666666666667));
#1520=CARTESIAN_POINT('',(-0.590346629762643,7.32034662960396,0.));
#1521=CARTESIAN_POINT('',(0.987768056477449,6.70000000000167,14.));
#1522=CARTESIAN_POINT('',(0.461729827757199,6.74666666664133,9.33333333333333));
#1523=CARTESIAN_POINT('',(-0.0643084009630517,6.793333333281,4.66666666666667));
#1524=CARTESIAN_POINT('',(-0.590346629683302,6.83999999992066,0.));
#1525=CARTESIAN_POINT('',(0.987768056475773,6.28965337031837,14.));
#1526=CARTESIAN_POINT('',(0.461729827782528,6.3129867036247,9.33333333333333));
#1527=CARTESIAN_POINT('',(-0.0643084009107167,6.33632003693103,4.66666666666667));
#1528=CARTESIAN_POINT('',(-0.590346629603962,6.35965337023736,0.));
#1529=CARTESIAN_POINT('',(1.39811468615907,6.2896533703167,14.));
#1530=CARTESIAN_POINT('',(0.895409790799162,6.31298670365003,9.33333333333333));
#1531=CARTESIAN_POINT('',(0.39270489543925,6.33632003698336,4.66666666666667));
#1532=CARTESIAN_POINT('',(-0.109999999920662,6.3596533703167,0.));
#1533=CARTESIAN_POINT('',(1.80846131584237,6.28965337031502,14.));
#1534=CARTESIAN_POINT('',(1.3290897538158,6.31298670367536,9.33333333333333));
#1535=CARTESIAN_POINT('',(0.849718191789217,6.3363200370357,4.66666666666667));
#1536=CARTESIAN_POINT('',(0.370346629762638,6.35965337039604,0.));
#1537=CARTESIAN_POINT('',(1.80846131584405,6.69999999999832,14.));
#1538=CARTESIAN_POINT('',(1.32908975379047,6.74666666669199,9.33333333333333));
#1539=CARTESIAN_POINT('',(0.849718191736882,6.79333333338567,4.66666666666667));
#1540=CARTESIAN_POINT('',(0.370346629683298,6.84000000007934,0.));
#1541=CARTESIAN_POINT('',(1.80846131584573,7.11034662968162,14.));
#1542=CARTESIAN_POINT('',(1.32908975376514,7.18034662970863,9.33333333333333));
#1543=CARTESIAN_POINT('',(0.849718191684548,7.25034662973563,4.66666666666667));
#1544=CARTESIAN_POINT('',(0.370346629603957,7.32034662976264,0.));
#1545=CARTESIAN_POINT('',(1.39811468616243,7.1103466296833,14.));
#1546=CARTESIAN_POINT('',(0.895409790748503,7.1803466296833,9.33333333333333));
#1547=CARTESIAN_POINT('',(0.39270489533458,7.2503466296833,4.66666666666667));
#1548=CARTESIAN_POINT('',(-0.110000000079343,7.3203466296833,0.));
#1549=CARTESIAN_POINT('',(1.39811468616113,5.98034662968329,14.));
#1550=CARTESIAN_POINT('',(0.895409790760416,6.00367996301663,9.33333333333333));
#1551=CARTESIAN_POINT('',(0.392704895359703,6.02701329634996,4.66666666666667));
#1552=CARTESIAN_POINT('',(-0.11000000004101,6.0503466296833,0.));
#1553=CARTESIAN_POINT('',(0.917768056477829,5.98034662968367,14.));
#1554=CARTESIAN_POINT('',(0.415063161077116,6.00367996300321,9.33333333333333));
#1555=CARTESIAN_POINT('',(-0.0876417343235969,6.02701329632275,4.66666666666667));
#1556=CARTESIAN_POINT('',(-0.59034662972431,6.05034662964229,0.));
#1557=CARTESIAN_POINT('',(0.917768056477449,5.50000000000037,14.));
#1558=CARTESIAN_POINT('',(0.415063161090532,5.52333333331991,9.33333333333333));
#1559=CARTESIAN_POINT('',(-0.0876417342963851,5.54666666663945,4.66666666666667));
#1560=CARTESIAN_POINT('',(-0.590346629683302,5.56999999995899,0.));
#1561=CARTESIAN_POINT('',(0.917768056477069,5.01965337031707,14.));
#1562=CARTESIAN_POINT('',(0.415063161103948,5.04298670363661,9.33333333333333));
#1563=CARTESIAN_POINT('',(-0.0876417342691731,5.06632003695615,4.66666666666667));
#1564=CARTESIAN_POINT('',(-0.590346629642294,5.08965337027569,0.));
#1565=CARTESIAN_POINT('',(1.39811468616037,5.01965337031669,14.));
#1566=CARTESIAN_POINT('',(0.895409790787248,5.04298670365003,9.33333333333333));
#1567=CARTESIAN_POINT('',(0.392704895414127,5.06632003698336,4.66666666666667));
#1568=CARTESIAN_POINT('',(-0.109999999958994,5.0896533703167,0.));
#1569=CARTESIAN_POINT('',(1.87846131584367,5.01965337031631,14.));
#1570=CARTESIAN_POINT('',(1.37575642047055,5.04298670366344,9.33333333333333));
#1571=CARTESIAN_POINT('',(0.873051525097427,5.06632003701057,4.66666666666667));
#1572=CARTESIAN_POINT('',(0.370346629724306,5.08965337035771,0.));
#1573=CARTESIAN_POINT('',(1.87846131584405,5.49999999999961,14.));
#1574=CARTESIAN_POINT('',(1.37575642045713,5.52333333334674,9.33333333333333));
#1575=CARTESIAN_POINT('',(0.873051525070215,5.54666666669388,4.66666666666667));
#1576=CARTESIAN_POINT('',(0.370346629683298,5.57000000004101,0.));
#1577=CARTESIAN_POINT('',(1.87846131584443,5.98034662968291,14.));
#1578=CARTESIAN_POINT('',(1.37575642044372,6.00367996303004,9.33333333333333));
#1579=CARTESIAN_POINT('',(0.873051525043003,6.02701329637717,4.66666666666667));
#1580=CARTESIAN_POINT('',(0.37034662964229,6.05034662972431,0.));
#1581=CARTESIAN_POINT('',(1.39811468616113,5.98034662968329,14.));
#1582=CARTESIAN_POINT('',(0.895409790760416,6.00367996301663,9.33333333333333));
#1583=CARTESIAN_POINT('',(0.392704895359703,6.02701329634996,4.66666666666667));
#1584=CARTESIAN_POINT('',(-0.11000000004101,6.0503466296833,0.));
#1585=CARTESIAN_POINT('',(1.39811468616076,4.7803466296833,14.));
#1586=CARTESIAN_POINT('',(0.895409790773855,4.7803466296833,9.33333333333333));
#1587=CARTESIAN_POINT('',(0.392704895386955,4.7803466296833,4.66666666666667));
#1588=CARTESIAN_POINT('',(-0.109999999999946,4.7803466296833,0.));
#1589=CARTESIAN_POINT('',(0.917768056477455,4.7803466296833,14.));
#1590=CARTESIAN_POINT('',(0.415063161090555,4.78034662968332,9.33333333333333));
#1591=CARTESIAN_POINT('',(-0.0876417342963454,4.78034662968334,4.66666666666667));
#1592=CARTESIAN_POINT('',(-0.590346629683246,4.78034662968336,0.));
#1593=CARTESIAN_POINT('',(0.917768056477449,4.3,14.));
#1594=CARTESIAN_POINT('',(0.415063161090532,4.30000000000002,9.33333333333333));
#1595=CARTESIAN_POINT('',(-0.0876417342963849,4.30000000000004,4.66666666666667));
#1596=CARTESIAN_POINT('',(-0.590346629683302,4.30000000000005,0.));
#1597=CARTESIAN_POINT('',(0.917768056477443,3.8196533703167,14.));
#1598=CARTESIAN_POINT('',(0.415063161090509,3.81965337031672,9.33333333333333));
#1599=CARTESIAN_POINT('',(-0.0876417342964245,3.81965337031674,4.66666666666667));
#1600=CARTESIAN_POINT('',(-0.590346629683359,3.81965337031676,0.));
#1601=CARTESIAN_POINT('',(1.39811468616074,3.8196533703167,14.));
#1602=CARTESIAN_POINT('',(0.895409790773809,3.8196533703167,9.33333333333333));
#1603=CARTESIAN_POINT('',(0.392704895386876,3.8196533703167,4.66666666666667));
#1604=CARTESIAN_POINT('',(-0.110000000000059,3.8196533703167,0.));
#1605=CARTESIAN_POINT('',(1.87846131584404,3.81965337031669,14.));
#1606=CARTESIAN_POINT('',(1.37575642045711,3.81965337031668,9.33333333333333));
#1607=CARTESIAN_POINT('',(0.873051525070175,3.81965337031666,4.66666666666667));
#1608=CARTESIAN_POINT('',(0.370346629683242,3.81965337031664,0.));
#1609=CARTESIAN_POINT('',(1.87846131584405,4.29999999999999,14.));
#1610=CARTESIAN_POINT('',(1.37575642045713,4.29999999999998,9.33333333333333));
#1611=CARTESIAN_POINT('',(0.873051525070215,4.29999999999996,4.66666666666667));
#1612=CARTESIAN_POINT('',(0.370346629683298,4.29999999999994,0.));
#1613=CARTESIAN_POINT('',(1.87846131584406,4.78034662968329,14.));
#1614=CARTESIAN_POINT('',(1.37575642045715,4.78034662968327,9.33333333333333));
#1615=CARTESIAN_POINT('',(0.873051525070255,4.78034662968326,4.66666666666667));
#1616=CARTESIAN_POINT('',(0.370346629683354,4.78034662968324,0.));
#1617=CARTESIAN_POINT('',(1.39811468616076,4.7803466296833,14.));
#1618=CARTESIAN_POINT('',(0.895409790773855,4.7803466296833,9.33333333333333));
#1619=CARTESIAN_POINT('',(0.392704895386955,4.7803466296833,4.66666666666667));
#1620=CARTESIAN_POINT('',(-0.109999999999946,4.7803466296833,0.));
#1621=CARTESIAN_POINT('',(1.3981146861253,3.5803466296833,14.));
#1622=CARTESIAN_POINT('',(0.895409790750203,3.55701329634997,9.33333333333333));
#1623=CARTESIAN_POINT('',(0.392704895375101,3.53367996301663,4.66666666666667));
#1624=CARTESIAN_POINT('',(-0.110000000000001,3.5103466296833,0.));
#1625=CARTESIAN_POINT('',(0.917768056442004,3.58034662964786,14.));
#1626=CARTESIAN_POINT('',(0.415063161066903,3.55701329632634,9.33333333333333));
#1627=CARTESIAN_POINT('',(-0.087641734308199,3.53367996300482,4.66666666666667));
#1628=CARTESIAN_POINT('',(-0.590346629683301,3.5103466296833,0.));
#1629=CARTESIAN_POINT('',(0.91776805647745,3.09999999996456,14.));
#1630=CARTESIAN_POINT('',(0.415063161090532,3.07666666664304,9.33333333333333));
#1631=CARTESIAN_POINT('',(-0.0876417342963848,3.05333333332152,4.66666666666667));
#1632=CARTESIAN_POINT('',(-0.590346629683302,3.03,0.));
#1633=CARTESIAN_POINT('',(0.917768056512895,2.61965337028126,14.));
#1634=CARTESIAN_POINT('',(0.415063161114162,2.59632003695974,9.33333333333333));
#1635=CARTESIAN_POINT('',(-0.0876417342845706,2.57298670363822,4.66666666666667));
#1636=CARTESIAN_POINT('',(-0.590346629683303,2.5496533703167,0.));
#1637=CARTESIAN_POINT('',(1.39811468619619,2.6196533703167,14.));
#1638=CARTESIAN_POINT('',(0.895409790797462,2.59632003698337,9.33333333333333));
#1639=CARTESIAN_POINT('',(0.392704895398729,2.57298670365003,4.66666666666667));
#1640=CARTESIAN_POINT('',(-0.110000000000003,2.5496533703167,0.));
#1641=CARTESIAN_POINT('',(1.87846131587949,2.61965337035215,14.));
#1642=CARTESIAN_POINT('',(1.37575642048076,2.596320037007,9.33333333333333));
#1643=CARTESIAN_POINT('',(0.873051525082029,2.57298670366185,4.66666666666667));
#1644=CARTESIAN_POINT('',(0.370346629683296,2.5496533703167,0.));
#1645=CARTESIAN_POINT('',(1.87846131584405,3.10000000003545,14.));
#1646=CARTESIAN_POINT('',(1.37575642045713,3.0766666666903,9.33333333333333));
#1647=CARTESIAN_POINT('',(0.873051525070215,3.05333333334515,4.66666666666667));
#1648=CARTESIAN_POINT('',(0.370346629683298,3.03,0.));
#1649=CARTESIAN_POINT('',(1.8784613158086,3.58034662971875,14.));
#1650=CARTESIAN_POINT('',(1.3757564204335,3.5570132963736,9.33333333333333));
#1651=CARTESIAN_POINT('',(0.873051525058401,3.53367996302845,4.66666666666667));
#1652=CARTESIAN_POINT('',(0.370346629683299,3.5103466296833,0.));
#1653=CARTESIAN_POINT('',(1.3981146861253,3.5803466296833,14.));
#1654=CARTESIAN_POINT('',(0.895409790750203,3.55701329634997,9.33333333333333));
#1655=CARTESIAN_POINT('',(0.392704895375101,3.53367996301663,4.66666666666667));
#1656=CARTESIAN_POINT('',(-0.110000000000001,3.5103466296833,0.));
#1657=CARTESIAN_POINT('',(1.39811468616075,2.3103466296833,14.));
#1658=CARTESIAN_POINT('',(0.895409790773832,2.28701329634997,9.33333333333333));
#1659=CARTESIAN_POINT('',(0.392704895386914,2.26367996301663,4.66666666666667));
#1660=CARTESIAN_POINT('',(-0.110000000000004,2.2403466296833,0.));
#1661=CARTESIAN_POINT('',(0.98776805647745,2.3103466296833,14.));
#1662=CARTESIAN_POINT('',(0.461729827757198,2.28701329634997,9.33333333333333));
#1663=CARTESIAN_POINT('',(-0.0643084009630528,2.26367996301663,4.66666666666667));
#1664=CARTESIAN_POINT('',(-0.590346629683304,2.2403466296833,0.));
#1665=CARTESIAN_POINT('',(0.987768056477449,1.9,14.));
#1666=CARTESIAN_POINT('',(0.461729827757199,1.85333333333333,9.33333333333333));
#1667=CARTESIAN_POINT('',(-0.0643084009630517,1.80666666666667,4.66666666666667));
#1668=CARTESIAN_POINT('',(-0.590346629683302,1.76,0.));
#1669=CARTESIAN_POINT('',(0.987768056477449,1.4896533703167,14.));
#1670=CARTESIAN_POINT('',(0.461729827757199,1.4196533703167,9.33333333333333));
#1671=CARTESIAN_POINT('',(-0.0643084009630504,1.3496533703167,4.66666666666667));
#1672=CARTESIAN_POINT('',(-0.5903466296833,1.2796533703167,0.));
#1673=CARTESIAN_POINT('',(1.39811468616075,1.4896533703167,14.));
#1674=CARTESIAN_POINT('',(0.895409790773832,1.4196533703167,9.33333333333333));
#1675=CARTESIAN_POINT('',(0.392704895386916,1.3496533703167,4.66666666666667));
#1676=CARTESIAN_POINT('',(-0.11,1.2796533703167,0.));
#1677=CARTESIAN_POINT('',(1.80846131584405,1.4896533703167,14.));
#1678=CARTESIAN_POINT('',(1.32908975379047,1.4196533703167,9.33333333333333));
#1679=CARTESIAN_POINT('',(0.849718191736883,1.3496533703167,4.66666666666667));
#1680=CARTESIAN_POINT('',(0.3703466296833,1.2796533703167,0.));
#1681=CARTESIAN_POINT('',(1.80846131584405,1.9,14.));
#1682=CARTESIAN_POINT('',(1.32908975379047,1.85333333333333,9.33333333333333));
#1683=CARTESIAN_POINT('',(0.849718191736882,1.80666666666667,4.66666666666667));
#1684=CARTESIAN_POINT('',(0.370346629683298,1.76,0.));
#1685=CARTESIAN_POINT('',(1.80846131584405,2.3103466296833,14.));
#1686=CARTESIAN_POINT('',(1.32908975379047,2.28701329634997,9.33333333333333));
#1687=CARTESIAN_POINT('',(0.849718191736881,2.26367996301663,4.66666666666667));
#1688=CARTESIAN_POINT('',(0.370346629683296,2.2403466296833,0.));
#1689=CARTESIAN_POINT('',(1.39811468616075,2.3103466296833,14.));
#1690=CARTESIAN_POINT('',(0.895409790773832,2.28701329634997,9.33333333333333));
#1691=CARTESIAN_POINT('',(0.392704895386914,2.26367996301663,4.66666666666667));
#1692=CARTESIAN_POINT('',(-0.110000000000004,2.2403466296833,0.));
#1693=CARTESIAN_POINT('',(1.08965337031668,0.698114686161779,14.));
#1694=CARTESIAN_POINT('',(0.952986703650017,0.205409790774519,9.33333333333333));
#1695=CARTESIAN_POINT('',(0.816320036983357,-0.28729510461274,4.66666666666667));
#1696=CARTESIAN_POINT('',(0.679653370316697,-0.779999999999999,0.));
#1697=CARTESIAN_POINT('',(1.08965337031565,0.287768056478479,14.));
#1698=CARTESIAN_POINT('',(0.952986703649333,-0.228270172242114,9.33333333333333));
#1699=CARTESIAN_POINT('',(0.816320036983015,-0.744308400962707,4.66666666666667));
#1700=CARTESIAN_POINT('',(0.679653370316697,-1.2603466296833,0.));
#1701=CARTESIAN_POINT('',(1.49999999999895,0.287768056477452,14.));
#1702=CARTESIAN_POINT('',(1.38666666666597,-0.228270172242799,9.33333333333333));
#1703=CARTESIAN_POINT('',(1.27333333333298,-0.744308400963049,4.66666666666667));
#1704=CARTESIAN_POINT('',(1.16,-1.2603466296833,0.));
#1705=CARTESIAN_POINT('',(1.91034662968225,0.287768056476425,14.));
#1706=CARTESIAN_POINT('',(1.8203466296826,-0.228270172243484,9.33333333333333));
#1707=CARTESIAN_POINT('',(1.73034662968295,-0.744308400963392,4.66666666666667));
#1708=CARTESIAN_POINT('',(1.6403466296833,-1.2603466296833,0.));
#1709=CARTESIAN_POINT('',(1.91034662968328,0.698114686159725,14.));
#1710=CARTESIAN_POINT('',(1.82034662968328,0.20540979077315,9.33333333333333));
#1711=CARTESIAN_POINT('',(1.73034662968329,-0.287295104613425,4.66666666666667));
#1712=CARTESIAN_POINT('',(1.6403466296833,-0.78,0.));
#1713=CARTESIAN_POINT('',(1.9103466296843,1.10846131584302,14.));
#1714=CARTESIAN_POINT('',(1.82034662968397,0.639089753789783,9.33333333333333));
#1715=CARTESIAN_POINT('',(1.73034662968363,0.169718191736542,4.66666666666667));
#1716=CARTESIAN_POINT('',(1.6403466296833,-0.2996533703167,0.));
#1717=CARTESIAN_POINT('',(1.500000000001,1.10846131584405,14.));
#1718=CARTESIAN_POINT('',(1.38666666666734,0.639089753790468,9.33333333333333));
#1719=CARTESIAN_POINT('',(1.27333333333367,0.169718191736884,4.66666666666667));
#1720=CARTESIAN_POINT('',(1.16,-0.2996533703167,0.));
#1721=CARTESIAN_POINT('',(1.0896533703177,1.10846131584508,14.));
#1722=CARTESIAN_POINT('',(0.952986703650702,0.639089753791153,9.33333333333333));
#1723=CARTESIAN_POINT('',(0.8163200369837,0.169718191737227,4.66666666666667));
#1724=CARTESIAN_POINT('',(0.679653370316698,-0.299653370316699,0.));
#1725=CARTESIAN_POINT('',(1.08965337031668,0.698114686161779,14.));
#1726=CARTESIAN_POINT('',(0.952986703650017,0.205409790774519,9.33333333333333));
#1727=CARTESIAN_POINT('',(0.816320036983357,-0.28729510461274,4.66666666666667));
#1728=CARTESIAN_POINT('',(0.679653370316697,-0.779999999999999,0.));
#1729=CARTESIAN_POINT('',(1.9496533703167,-0.779999999999995,0.));
#1730=CARTESIAN_POINT('',(2.06298670365002,-0.287295104613079,4.66666666666667));
#1731=CARTESIAN_POINT('',(2.17632003698335,0.205409790773837,9.33333333333333));
#1732=CARTESIAN_POINT('',(2.28965337031668,0.698114686160753,14.));
#1733=CARTESIAN_POINT('',(1.9496533703167,-0.299653370316695,0.));
#1734=CARTESIAN_POINT('',(2.06298670365003,0.169718191736887,4.66666666666667));
#1735=CARTESIAN_POINT('',(2.17632003698335,0.63908975379047,9.33333333333333));
#1736=CARTESIAN_POINT('',(2.28965337031668,1.10846131584405,14.));
#1737=CARTESIAN_POINT('',(2.43,-0.2996533703167,0.));
#1738=CARTESIAN_POINT('',(2.51999999999999,0.169718191736884,4.66666666666667));
#1739=CARTESIAN_POINT('',(2.60999999999999,0.639089753790468,9.33333333333333));
#1740=CARTESIAN_POINT('',(2.69999999999998,1.10846131584405,14.));
#1741=CARTESIAN_POINT('',(2.9103466296833,-0.299653370316704,0.));
#1742=CARTESIAN_POINT('',(2.97701329634996,0.169718191736881,4.66666666666667));
#1743=CARTESIAN_POINT('',(3.04367996301662,0.639089753790466,9.33333333333333));
#1744=CARTESIAN_POINT('',(3.11034662968328,1.10846131584405,14.));
#1745=CARTESIAN_POINT('',(2.9103466296833,-0.780000000000005,0.));
#1746=CARTESIAN_POINT('',(2.97701329634996,-0.287295104613086,4.66666666666667));
#1747=CARTESIAN_POINT('',(3.04367996301662,0.205409790773833,9.33333333333333));
#1748=CARTESIAN_POINT('',(3.11034662968328,0.698114686160752,14.));
#1749=CARTESIAN_POINT('',(2.91034662968329,-1.2603466296833,0.));
#1750=CARTESIAN_POINT('',(2.97701329634995,-0.744308400963052,4.66666666666667));
#1751=CARTESIAN_POINT('',(3.04367996301662,-0.2282701722428,9.33333333333333));
#1752=CARTESIAN_POINT('',(3.11034662968328,0.287768056477452,14.));
#1753=CARTESIAN_POINT('',(2.42999999999999,-1.2603466296833,0.));
#1754=CARTESIAN_POINT('',(2.51999999999999,-0.744308400963049,4.66666666666667));
#1755=CARTESIAN_POINT('',(2.60999999999998,-0.228270172242799,9.33333333333333));
#1756=CARTESIAN_POINT('',(2.69999999999998,0.287768056477452,14.));
#1757=CARTESIAN_POINT('',(1.94965337031669,-1.2603466296833,0.));
#1758=CARTESIAN_POINT('',(2.06298670365002,-0.744308400963046,4.66666666666667));
#1759=CARTESIAN_POINT('',(2.17632003698335,-0.228270172242797,9.33333333333333));
#1760=CARTESIAN_POINT('',(2.28965337031668,0.287768056477453,14.));
#1761=CARTESIAN_POINT('',(1.9496533703167,-0.779999999999995,0.));
#1762=CARTESIAN_POINT('',(2.06298670365002,-0.287295104613079,4.66666666666667));
#1763=CARTESIAN_POINT('',(2.17632003698335,0.205409790773837,9.33333333333333));
#1764=CARTESIAN_POINT('',(2.28965337031668,0.698114686160753,14.));
#1765=CARTESIAN_POINT('',(3.2196533703167,-0.779999999918041,0.));
#1766=CARTESIAN_POINT('',(3.28632003698336,-0.28729510455589,4.66666666666667));
#1767=CARTESIAN_POINT('',(3.35298670365003,0.20540979080626,9.33333333333333));
#1768=CARTESIAN_POINT('',(3.41965337031669,0.698114686168411,14.));
#1769=CARTESIAN_POINT('',(3.21965337039866,-0.299653370234741,0.));
#1770=CARTESIAN_POINT('',(3.28632003704056,0.19305152512741,4.66666666666667));
#1771=CARTESIAN_POINT('',(3.35298670368245,0.68575642048956,9.33333333333333));
#1772=CARTESIAN_POINT('',(3.41965337032435,1.17846131585171,14.));
#1773=CARTESIAN_POINT('',(3.70000000008196,-0.2996533703167,0.));
#1774=CARTESIAN_POINT('',(3.76666666672386,0.193051525070217,4.66666666666667));
#1775=CARTESIAN_POINT('',(3.83333333336575,0.685756420457135,9.33333333333333));
#1776=CARTESIAN_POINT('',(3.90000000000765,1.17846131584405,14.));
#1777=CARTESIAN_POINT('',(4.18034662976526,-0.29965337039866,0.));
#1778=CARTESIAN_POINT('',(4.24701329640716,0.193051525013025,4.66666666666667));
#1779=CARTESIAN_POINT('',(4.31367996304905,0.685756420424709,9.33333333333333));
#1780=CARTESIAN_POINT('',(4.38034662969095,1.17846131583639,14.));
#1781=CARTESIAN_POINT('',(4.1803466296833,-0.78000000008196,0.));
#1782=CARTESIAN_POINT('',(4.24701329634996,-0.287295104670276,4.66666666666667));
#1783=CARTESIAN_POINT('',(4.31367996301663,0.205409790741409,9.33333333333333));
#1784=CARTESIAN_POINT('',(4.38034662968329,0.698114686153094,14.));
#1785=CARTESIAN_POINT('',(4.18034662960134,-1.26034662976526,0.));
#1786=CARTESIAN_POINT('',(4.24701329629277,-0.767641734353576,4.66666666666667));
#1787=CARTESIAN_POINT('',(4.3136799629842,-0.274936838941891,9.33333333333333));
#1788=CARTESIAN_POINT('',(4.38034662967564,0.217768056469794,14.));
#1789=CARTESIAN_POINT('',(3.69999999991804,-1.2603466296833,0.));
#1790=CARTESIAN_POINT('',(3.76666666660947,-0.767641734296383,4.66666666666667));
#1791=CARTESIAN_POINT('',(3.8333333333009,-0.274936838909465,9.33333333333333));
#1792=CARTESIAN_POINT('',(3.89999999999234,0.217768056477452,14.));
#1793=CARTESIAN_POINT('',(3.21965337023474,-1.26034662960134,0.));
#1794=CARTESIAN_POINT('',(3.28632003692617,-0.76764173423919,4.66666666666667));
#1795=CARTESIAN_POINT('',(3.3529867036176,-0.27493683887704,9.33333333333333));
#1796=CARTESIAN_POINT('',(3.41965337030904,0.21776805648511,14.));
#1797=CARTESIAN_POINT('',(3.2196533703167,-0.779999999918041,0.));
#1798=CARTESIAN_POINT('',(3.28632003698336,-0.28729510455589,4.66666666666667));
#1799=CARTESIAN_POINT('',(3.35298670365003,0.20540979080626,9.33333333333333));
#1800=CARTESIAN_POINT('',(3.41965337031669,0.698114686168411,14.));
#1801=CARTESIAN_POINT('',(4.4896533703167,-0.77999999996404,0.));
#1802=CARTESIAN_POINT('',(4.55632003698336,-0.287295104589037,4.66666666666667));
#1803=CARTESIAN_POINT('',(4.62298670365003,0.205409790785967,9.33333333333333));
#1804=CARTESIAN_POINT('',(4.68965337031669,0.69811468616097,14.));
#1805=CARTESIAN_POINT('',(4.48965337035266,-0.29965337028074,0.));
#1806=CARTESIAN_POINT('',(4.55632003700741,0.16971819176093,4.66666666666667));
#1807=CARTESIAN_POINT('',(4.62298670366216,0.6390897538026,9.33333333333333));
#1808=CARTESIAN_POINT('',(4.68965337031691,1.10846131584427,14.));
#1809=CARTESIAN_POINT('',(4.97000000003596,-0.2996533703167,0.));
#1810=CARTESIAN_POINT('',(5.01333333335738,0.169718191736884,4.66666666666667));
#1811=CARTESIAN_POINT('',(5.05666666667879,0.639089753790468,9.33333333333333));
#1812=CARTESIAN_POINT('',(5.10000000000021,1.10846131584405,14.));
#1813=CARTESIAN_POINT('',(5.45034662971926,-0.299653370352661,0.));
#1814=CARTESIAN_POINT('',(5.47034662970734,0.169718191712838,4.66666666666667));
#1815=CARTESIAN_POINT('',(5.49034662969543,0.639089753778336,9.33333333333333));
#1816=CARTESIAN_POINT('',(5.51034662968351,1.10846131584383,14.));
#1817=CARTESIAN_POINT('',(5.4503466296833,-0.780000000035961,0.));
#1818=CARTESIAN_POINT('',(5.4703466296833,-0.287295104637129,4.66666666666667));
#1819=CARTESIAN_POINT('',(5.49034662968329,0.205409790761703,9.33333333333333));
#1820=CARTESIAN_POINT('',(5.51034662968329,0.698114686160535,14.));
#1821=CARTESIAN_POINT('',(5.45034662964734,-1.26034662971926,0.));
#1822=CARTESIAN_POINT('',(5.47034662965925,-0.744308400987095,4.66666666666667));
#1823=CARTESIAN_POINT('',(5.49034662967116,-0.22827017225493,9.33333333333333));
#1824=CARTESIAN_POINT('',(5.51034662968307,0.287768056477235,14.));
#1825=CARTESIAN_POINT('',(4.96999999996404,-1.2603466296833,0.));
#1826=CARTESIAN_POINT('',(5.01333333330928,-0.744308400963049,4.66666666666667));
#1827=CARTESIAN_POINT('',(5.05666666665453,-0.228270172242798,9.33333333333333));
#1828=CARTESIAN_POINT('',(5.09999999999977,0.287768056477453,14.));
#1829=CARTESIAN_POINT('',(4.48965337028074,-1.26034662964734,0.));
#1830=CARTESIAN_POINT('',(4.55632003695932,-0.744308400939003,4.66666666666667));
#1831=CARTESIAN_POINT('',(4.6229867036379,-0.228270172230666,9.33333333333333));
#1832=CARTESIAN_POINT('',(4.68965337031648,0.28776805647767,14.));
#1833=CARTESIAN_POINT('',(4.4896533703167,-0.77999999996404,0.));
#1834=CARTESIAN_POINT('',(4.55632003698336,-0.287295104589037,4.66666666666667));
#1835=CARTESIAN_POINT('',(4.62298670365003,0.205409790785967,9.33333333333333));
#1836=CARTESIAN_POINT('',(4.68965337031669,0.69811468616097,14.));
#1837=CARTESIAN_POINT('',(-2.12500000000003,14.07,18.));
#1838=CARTESIAN_POINT('',(9.52500000000002,14.07,18.));
#1839=CARTESIAN_POINT('',(-4.80000000000005,-5.47000000000005,18.));
#1840=CARTESIAN_POINT('',(-4.80000000000005,-5.47000000000005,18.));
#1841=CARTESIAN_POINT('',(-0.11,-0.779999999999999,0.));
#1842=CARTESIAN_POINT('',(7.51,-0.780000000000001,0.));
#1843=CARTESIAN_POINT('',(7.51,-0.780000000000001,0.));
#1844=CARTESIAN_POINT('',(-0.11,-0.779999999999999,0.));
#1845=CARTESIAN_POINT('',(-0.11,9.38,0.));
#1846=CARTESIAN_POINT('',(5.8,-5.47000000000005,17.7));
#1847=CARTESIAN_POINT('',(3.7,-2.88,17.25));
#1848=CARTESIAN_POINT('',(1.6,-2.88,17.7));
#1849=CARTESIAN_POINT('',(1.6,-0.78,17.7));
#1850=CARTESIAN_POINT('',(1.6,-0.78,16.8));
#1851=CARTESIAN_POINT('',(0.549999999999999,8.15,18.));
#1852=CARTESIAN_POINT('',(6.84999999999999,8.15,18.));
#1853=CARTESIAN_POINT('',(6.84999999999999,8.35,17.9999999999999));
#1854=CARTESIAN_POINT('',(0.549999999999999,8.35,18.));
#1855=CARTESIAN_POINT('',(6.84999999999997,15.67,18.0000000000056));
#1856=CARTESIAN_POINT('',(0.549999999999985,15.67,18.0000000000048));
#1857=CARTESIAN_POINT('',(6.85000000000007,12.6277741689709,12.464804912897));
#1858=CARTESIAN_POINT('',(6.84999999999998,12.577346692354,12.2712666231379));
#1859=CARTESIAN_POINT('',(0.550000000000138,12.627774168971,12.4648049128964));
#1860=CARTESIAN_POINT('',(0.550000000000056,12.577346692354,12.2712666231379));
#1861=CARTESIAN_POINT('',(0.55,-0.15,14.));
#1862=CARTESIAN_POINT('',(6.85,-0.15,14.));
#1863=CARTESIAN_POINT('',(6.85,-0.15,18.));
#1864=CARTESIAN_POINT('',(0.55,-0.15,18.));
#1865=CARTESIAN_POINT('',(6.84999999999999,8.15,14.));
#1866=CARTESIAN_POINT('',(0.549999999999999,8.15,14.));
#1867=CARTESIAN_POINT('',(4.68965337031669,0.69811468616097,14.));
#1868=CARTESIAN_POINT('',(3.41965337031669,0.698114686168411,14.));
#1869=CARTESIAN_POINT('',(2.28965337031668,0.698114686160753,14.));
#1870=CARTESIAN_POINT('',(1.08965337031668,0.698114686161779,14.));
#1871=CARTESIAN_POINT('',(1.39811468616075,2.3103466296833,14.));
#1872=CARTESIAN_POINT('',(1.3981146861253,3.5803466296833,14.));
#1873=CARTESIAN_POINT('',(1.39811468616076,4.7803466296833,14.));
#1874=CARTESIAN_POINT('',(1.39811468616113,5.98034662968329,14.));
#1875=CARTESIAN_POINT('',(1.39811468616243,7.1103466296833,14.));
#1876=CARTESIAN_POINT('',(1.8896533703167,7.30188531383924,14.));
#1877=CARTESIAN_POINT('',(3.01965337031669,7.30188531383925,14.));
#1878=CARTESIAN_POINT('',(4.28965337031668,7.30188531383925,14.));
#1879=CARTESIAN_POINT('',(5.48965337031668,7.30188531384054,14.));
#1880=CARTESIAN_POINT('',(6.00188531385151,6.5103466296833,14.));
#1881=CARTESIAN_POINT('',(6.00188531383924,5.3803466296833,14.));
#1882=CARTESIAN_POINT('',(6.00188531383884,4.18034662968329,14.));
#1883=CARTESIAN_POINT('',(6.0018853138647,2.9803466296833,14.));
#1884=CARTESIAN_POINT('',(6.00188531384066,1.7103466296833,14.));
#1885=CARTESIAN_POINT('',(7.51,7.32034662968329,0.));
#1886=CARTESIAN_POINT('',(7.51,6.3596533703167,0.));
#1887=CARTESIAN_POINT('',(7.51,6.0503466296833,0.));
#1888=CARTESIAN_POINT('',(7.51,5.0896533703167,0.));
#1889=CARTESIAN_POINT('',(7.51000000000017,4.7803466296833,0.));
#1890=CARTESIAN_POINT('',(7.50999999999986,3.8196533703167,0.));
#1891=CARTESIAN_POINT('',(7.51,3.5103466296833,0.));
#1892=CARTESIAN_POINT('',(7.50999999999999,2.5496533703167,0.));
#1893=CARTESIAN_POINT('',(7.50999999998973,2.2403466296833,0.));
#1894=CARTESIAN_POINT('',(7.51000000000821,1.2796533703167,0.));
#1895=CARTESIAN_POINT('',(5.7596533703167,9.38000000002012,0.));
#1896=CARTESIAN_POINT('',(6.7203466296833,9.37999999998389,0.));
#1897=CARTESIAN_POINT('',(4.4896533703167,9.38,0.));
#1898=CARTESIAN_POINT('',(5.4503466296833,9.38,0.));
#1899=CARTESIAN_POINT('',(3.2196533703167,9.38,0.));
#1900=CARTESIAN_POINT('',(4.1803466296833,9.38,0.));
#1901=CARTESIAN_POINT('',(1.9496533703167,9.37999999999999,0.));
#1902=CARTESIAN_POINT('',(2.9103466296833,9.38,0.));
#1903=CARTESIAN_POINT('',(-0.110000000039671,7.3203466296833,0.));
#1904=CARTESIAN_POINT('',(-0.109999999968265,6.3596533703167,0.));
#1905=CARTESIAN_POINT('',(-0.110000000020505,6.0503466296833,0.));
#1906=CARTESIAN_POINT('',(-0.109999999983598,5.0896533703167,0.));
#1907=CARTESIAN_POINT('',(-0.109999999999973,4.7803466296833,0.));
#1908=CARTESIAN_POINT('',(-0.110000000000024,3.8196533703167,0.));
#1909=CARTESIAN_POINT('',(-0.110000000000001,3.5103466296833,0.));
#1910=CARTESIAN_POINT('',(-0.110000000000002,2.5496533703167,0.));
#1911=CARTESIAN_POINT('',(-0.110000000000002,2.2403466296833,0.));
#1912=CARTESIAN_POINT('',(-0.11,1.2796533703167,0.));
#1913=CARTESIAN_POINT('',(0.679653370316698,-0.779999999999999,0.));
#1914=CARTESIAN_POINT('',(1.6403466296833,-0.78,0.));
#1915=CARTESIAN_POINT('',(1.9496533703167,-0.779999999999997,0.));
#1916=CARTESIAN_POINT('',(2.9103466296833,-0.780000000000002,0.));
#1917=CARTESIAN_POINT('',(3.2196533703167,-0.77999999995902,0.));
#1918=CARTESIAN_POINT('',(4.1803466296833,-0.780000000032784,0.));
#1919=CARTESIAN_POINT('',(4.4896533703167,-0.77999999998202,0.));
#1920=CARTESIAN_POINT('',(5.4503466296833,-0.780000000014384,0.));
#1921=CARTESIAN_POINT('',(-4.80000000000005,8.15,18.));
#1922=CARTESIAN_POINT('',(-3.30734669236156,12.5773466923616,12.2712666231359));
#1923=CARTESIAN_POINT('',(12.2000000000001,8.15,18.));
#1924=CARTESIAN_POINT('',(10.7073466923616,12.5773466923616,12.2712666231359));
#1925=CARTESIAN_POINT('',(-4.80000000000005,-5.47000000000005,18.));
#1926=CARTESIAN_POINT('',(12.2000000000001,-5.47000000000005,18.));
#1927=CARTESIAN_POINT('',(7.51,-0.780000000000001,0.));
#1928=CARTESIAN_POINT('',(7.51,9.38,0.));
#1929=CARTESIAN_POINT('',(-0.11,-0.779999999999999,0.));
#1930=CARTESIAN_POINT('',(-0.11,9.38,0.));
#1931=CARTESIAN_POINT('',(5.8,-5.39183333333339,17.7));
#1932=CARTESIAN_POINT('',(5.8,-5.15733333333338,16.8));
#1933=CARTESIAN_POINT('',(1.6,-5.15733333333338,16.8));
#1934=CARTESIAN_POINT('',(1.6,-5.39183333333338,17.7));
#1935=CARTESIAN_POINT('',(5.8,-2.88,17.7));
#1936=CARTESIAN_POINT('',(5.8,-2.88,16.8));
#1937=CARTESIAN_POINT('',(1.6,-2.88,17.7));
#1938=CARTESIAN_POINT('',(1.6,-2.88,16.8));
#1939=CARTESIAN_POINT('',(0.549999999999998,14.0699999999992,18.));
#1940=CARTESIAN_POINT('',(0.549999999999985,15.67,18.0000000000048));
#1941=CARTESIAN_POINT('',(6.84999999999997,15.67,18.0000000000056));
#1942=CARTESIAN_POINT('',(6.84999999999999,14.0699999999991,18.0000000000033));
#1943=CARTESIAN_POINT('',(6.84999999999998,12.577346692354,12.2712666231379));
#1944=CARTESIAN_POINT('',(6.85000000000001,12.5941558512263,12.3357793863909));
#1945=CARTESIAN_POINT('',(6.85000000000004,12.6109650100986,12.4002921496439));
#1946=CARTESIAN_POINT('',(6.85000000000007,12.6277741689709,12.464804912897));
#1947=CARTESIAN_POINT('',(6.84999999999996,14.0699999999998,18.0000000000019));
#1948=CARTESIAN_POINT('',(6.85000000000007,12.6277741689709,12.464804912897));
#1949=CARTESIAN_POINT('',(6.84999999999999,8.35000000000001,17.9999999999999));
#1950=CARTESIAN_POINT('',(0.550000000000001,14.0699999999998,18.0000000000014));
#1951=CARTESIAN_POINT('',(0.549999999999999,8.35,18.));
#1952=CARTESIAN_POINT('',(0.550000000000138,12.627774168971,12.4648049128964));
#1953=CARTESIAN_POINT('',(0.550000000000056,12.577346692354,12.2712666231379));
#1954=CARTESIAN_POINT('',(0.550000000000083,12.5941558512263,12.3357793863907));
#1955=CARTESIAN_POINT('',(0.550000000000111,12.6109650100986,12.4002921496435));
#1956=CARTESIAN_POINT('',(0.550000000000138,12.627774168971,12.4648049128964));
#1957=CARTESIAN_POINT('',(0.55,-0.15,14.));
#1958=CARTESIAN_POINT('',(6.85,-0.15,14.));
#1959=CARTESIAN_POINT('',(6.85,-0.15,14.));
#1960=CARTESIAN_POINT('',(6.85,-0.15,18.));
#1961=CARTESIAN_POINT('',(0.55,-0.15,18.));
#1962=CARTESIAN_POINT('',(6.85,-0.15,18.));
#1963=CARTESIAN_POINT('',(0.55,-0.15,14.));
#1964=CARTESIAN_POINT('',(0.55,-0.15,18.));
#1965=CARTESIAN_POINT('',(6.85,-0.15,14.));
#1966=CARTESIAN_POINT('',(6.84999999999999,8.15,14.));
#1967=CARTESIAN_POINT('',(6.84999999999999,8.15,14.));
#1968=CARTESIAN_POINT('',(6.84999999999999,8.15,18.));
#1969=CARTESIAN_POINT('',(6.85,-0.15,18.));
#1970=CARTESIAN_POINT('',(6.84999999999999,8.15,18.));
#1971=CARTESIAN_POINT('',(6.84999999999999,8.15,14.));
#1972=CARTESIAN_POINT('',(0.549999999999999,8.15,14.));
#1973=CARTESIAN_POINT('',(0.549999999999999,8.15,14.));
#1974=CARTESIAN_POINT('',(0.549999999999999,8.15,18.));
#1975=CARTESIAN_POINT('',(6.84999999999999,8.15,18.));
#1976=CARTESIAN_POINT('',(0.549999999999999,8.15,18.));
#1977=CARTESIAN_POINT('',(0.549999999999999,8.15,14.));
#1978=CARTESIAN_POINT('',(0.55,-0.15,14.));
#1979=CARTESIAN_POINT('',(0.549999999999999,8.15,18.));
#1980=CARTESIAN_POINT('',(0.55,-0.15,18.));
#1981=CARTESIAN_POINT('',(6.00188531385151,6.5103466296833,14.));
#1982=CARTESIAN_POINT('',(6.50459020923434,6.7803466296833,9.33333333333333));
#1983=CARTESIAN_POINT('',(7.00729510461717,7.0503466296833,4.66666666666667));
#1984=CARTESIAN_POINT('',(7.51,7.32034662968329,0.));
#1985=CARTESIAN_POINT('',(7.51,6.84,0.));
#1986=CARTESIAN_POINT('',(7.51,7.32034662968329,0.));
#1987=CARTESIAN_POINT('',(7.51,6.3596533703167,0.));
#1988=CARTESIAN_POINT('',(6.00188531383923,6.1,14.));
#1989=CARTESIAN_POINT('',(7.51,6.3596533703167,0.));
#1990=CARTESIAN_POINT('',(7.56884750869918,6.34884464422909,0.225853977949935));
#1991=CARTESIAN_POINT('',(7.63247398238727,6.35897434796845,0.47004939935411));
#1992=CARTESIAN_POINT('',(7.72042161471025,6.42188716904194,0.807588286734422));
#1993=CARTESIAN_POINT('',(7.7527355574039,6.45449285798331,0.931607683000037));
#1994=CARTESIAN_POINT('',(7.8052550306211,6.54625231405559,1.13317495760763));
#1995=CARTESIAN_POINT('',(7.84529158387378,6.63561976929357,1.28683337094413));
#1996=CARTESIAN_POINT('',(7.84529158387401,6.77198166467749,1.286833370945));
#1997=CARTESIAN_POINT('',(7.84529158387423,6.9053443616393,1.28683337094585));
#1998=CARTESIAN_POINT('',(7.80693874186786,7.00903341655898,1.13963696239264));
#1999=CARTESIAN_POINT('',(7.75575080038903,7.12187947029832,0.943180044137015));
#2000=CARTESIAN_POINT('',(7.72380280267971,7.16819971122527,0.820565127555368));
#2001=CARTESIAN_POINT('',(7.63544533280532,7.26935112580416,0.481453302877561));
#2002=CARTESIAN_POINT('',(7.57062753756153,7.30688410306668,0.232685645225479));
#2003=CARTESIAN_POINT('',(7.51,7.32034662968329,0.));
#2004=CARTESIAN_POINT('',(6.00188531383924,5.3803466296833,14.));
#2005=CARTESIAN_POINT('',(6.50459020922616,5.60367996301663,9.33333333333333));
#2006=CARTESIAN_POINT('',(7.00729510461308,5.82701329634996,4.66666666666667));
#2007=CARTESIAN_POINT('',(7.51,6.0503466296833,0.));
#2008=CARTESIAN_POINT('',(7.51,5.57,0.));
#2009=CARTESIAN_POINT('',(7.51,6.0503466296833,0.));
#2010=CARTESIAN_POINT('',(7.51,5.08965337031669,0.));
#2011=CARTESIAN_POINT('',(6.00188531383924,4.9,14.));
#2012=CARTESIAN_POINT('',(7.51,5.0896533703167,0.));
#2013=CARTESIAN_POINT('',(7.54044070792257,5.08406221988194,0.116830009084501));
#2014=CARTESIAN_POINT('',(7.57134803458578,5.08416923956747,0.235450879007249));
#2015=CARTESIAN_POINT('',(7.63208269930644,5.09709232504718,0.468547673244324));
#2016=CARTESIAN_POINT('',(7.66310546885882,5.11012335487084,0.587611607560514));
#2017=CARTESIAN_POINT('',(7.72321969681566,5.15337086350362,0.81832719460168));
#2018=CARTESIAN_POINT('',(7.75593588990684,5.18650751447028,0.94389040902411));
#2019=CARTESIAN_POINT('',(7.80900898083771,5.27918555514892,1.14758244244749));
#2020=CARTESIAN_POINT('',(7.84984373678164,5.36982435459544,1.30430432027069));
#2021=CARTESIAN_POINT('',(7.84984373678164,5.50757972181561,1.30430432027069));
#2022=CARTESIAN_POINT('',(7.84984373678164,5.64252732391698,1.30430432027069));
#2023=CARTESIAN_POINT('',(7.81060120959959,5.74642360600567,1.15369334174682));
#2024=CARTESIAN_POINT('',(7.7587282021029,5.85849391827695,0.954607172249935));
#2025=CARTESIAN_POINT('',(7.72634359838158,5.90422220231378,0.830316582274704));
#2026=CARTESIAN_POINT('',(7.66601643165889,5.97108499425667,0.598783746238821));
#2027=CARTESIAN_POINT('',(7.63463905820052,5.9962762856179,0.478358858765308));
#2028=CARTESIAN_POINT('',(7.57285526418127,6.03270400111747,0.24123555549314));
#2029=CARTESIAN_POINT('',(7.54125731226546,6.04460549069576,0.119964098246988));
#2030=CARTESIAN_POINT('',(7.51,6.0503466296833,0.));
#2031=CARTESIAN_POINT('',(6.00188531383884,4.18034662968329,14.));
#2032=CARTESIAN_POINT('',(6.50459020922595,4.38034662968329,9.33333333333333));
#2033=CARTESIAN_POINT('',(7.00729510461306,4.58034662968329,4.66666666666667));
#2034=CARTESIAN_POINT('',(7.51000000000017,4.7803466296833,0.));
#2035=CARTESIAN_POINT('',(7.51000000000001,4.3,0.));
#2036=CARTESIAN_POINT('',(7.51000000000017,4.7803466296833,0.));
#2037=CARTESIAN_POINT('',(7.50999999999986,3.8196533703167,0.));
#2038=CARTESIAN_POINT('',(6.00188531383924,3.69999999999999,14.));
#2039=CARTESIAN_POINT('',(7.50999999999986,3.8196533703167,0.));
#2040=CARTESIAN_POINT('',(7.54048521893573,3.814639048591,0.117000840265578));
#2041=CARTESIAN_POINT('',(7.57143080812001,3.81534978028826,0.235768559948739));
#2042=CARTESIAN_POINT('',(7.6322249457922,3.82948396564299,0.469093608584009));
#2043=CARTESIAN_POINT('',(7.66326869155063,3.8431459879212,0.58823804859505));
#2044=CARTESIAN_POINT('',(7.72339826378719,3.8876310230364,0.819012526262001));
#2045=CARTESIAN_POINT('',(7.75609837135089,3.92143733771504,0.944514005184524));
#2046=CARTESIAN_POINT('',(7.80911173388397,4.01517244557372,1.14797680381899));
#2047=CARTESIAN_POINT('',(7.84984373678161,4.10652495286236,1.30430432027048));
#2048=CARTESIAN_POINT('',(7.84984373678166,4.2441012434167,1.30430432027069));
#2049=CARTESIAN_POINT('',(7.84984373678171,4.37916499662048,1.30430432027089));
#2050=CARTESIAN_POINT('',(7.81053621626518,4.48238381439849,1.15344390037806));
#2051=CARTESIAN_POINT('',(7.75859887615884,4.59348334205752,0.954110825343076));
#2052=CARTESIAN_POINT('',(7.72619610551946,4.6385658756813,0.829750511588519));
#2053=CARTESIAN_POINT('',(7.66587610947596,4.70420042116167,0.598245196283005));
#2054=CARTESIAN_POINT('',(7.63451482475152,4.72875321052606,0.477882056615647));
#2055=CARTESIAN_POINT('',(7.5727809817473,4.7639381808668,0.240950462996042));
#2056=CARTESIAN_POINT('',(7.54121674979292,4.77521198305272,0.119808421379437));
#2057=CARTESIAN_POINT('',(7.51000000000017,4.7803466296833,0.));
#2058=CARTESIAN_POINT('',(6.0018853138647,2.9803466296833,14.));
#2059=CARTESIAN_POINT('',(6.50459020924313,3.15701329634997,9.33333333333333));
#2060=CARTESIAN_POINT('',(7.00729510462157,3.33367996301663,4.66666666666667));
#2061=CARTESIAN_POINT('',(7.51,3.5103466296833,0.));
#2062=CARTESIAN_POINT('',(7.51,3.03,0.));
#2063=CARTESIAN_POINT('',(7.51,3.5103466296833,0.));
#2064=CARTESIAN_POINT('',(7.50999999999999,2.5496533703167,0.));
#2065=CARTESIAN_POINT('',(6.00188531383924,2.5,14.));
#2066=CARTESIAN_POINT('',(7.50999999999999,2.5496533703167,0.));
#2067=CARTESIAN_POINT('',(7.54052955419985,2.54521761114724,0.11717099692907));
#2068=CARTESIAN_POINT('',(7.57151318605907,2.54653351257125,0.236084722614786));
#2069=CARTESIAN_POINT('',(7.63236630716706,2.5618808462037,0.469636146909824));
#2070=CARTESIAN_POINT('',(7.66343075908619,2.57617443997247,0.588860056194316));
#2071=CARTESIAN_POINT('',(7.72357518341812,2.62189675417802,0.819691535506632));
#2072=CARTESIAN_POINT('',(7.75625902392569,2.65637145312945,0.945130582230784));
#2073=CARTESIAN_POINT('',(7.80921216926195,2.75115861035884,1.14836227008851));
#2074=CARTESIAN_POINT('',(7.84984373678116,2.8432217717077,1.30430432026884));
#2075=CARTESIAN_POINT('',(7.84984373678164,2.98062276501594,1.30430432027069));
#2076=CARTESIAN_POINT('',(7.84984373678212,3.11580582820025,1.30430432027251));
#2077=CARTESIAN_POINT('',(7.81046936619566,3.2183461346297,1.1531873329471));
#2078=CARTESIAN_POINT('',(7.75846774492489,3.32847044758595,0.95360754981832));
#2079=CARTESIAN_POINT('',(7.72604685975592,3.37290590743164,0.829177713348926));
#2080=CARTESIAN_POINT('',(7.66573443846576,3.4373114649076,0.597701469591387));
#2081=CARTESIAN_POINT('',(7.63438950710279,3.46122600763141,0.477401093358253));
#2082=CARTESIAN_POINT('',(7.57270616636836,3.49516966664841,0.24066332508112));
#2083=CARTESIAN_POINT('',(7.54117593118986,3.50581695585522,0.119651761496256));
#2084=CARTESIAN_POINT('',(7.51,3.5103466296833,0.));
#2085=CARTESIAN_POINT('',(6.00188531384066,1.7103466296833,14.));
#2086=CARTESIAN_POINT('',(6.50459020922368,1.88701329634996,9.33333333333333));
#2087=CARTESIAN_POINT('',(7.00729510460671,2.06367996301663,4.66666666666667));
#2088=CARTESIAN_POINT('',(7.50999999998973,2.2403466296833,0.));
#2089=CARTESIAN_POINT('',(7.50999999999897,1.76,0.));
#2090=CARTESIAN_POINT('',(7.50999999998973,2.2403466296833,0.));
#2091=CARTESIAN_POINT('',(7.51000000000821,1.2796533703167,0.));
#2092=CARTESIAN_POINT('',(6.00188531383924,1.3,14.));
#2093=CARTESIAN_POINT('',(7.51000000000821,1.2796533703167,0.));
#2094=CARTESIAN_POINT('',(7.56919844672946,1.27332420346095,0.227200861616754));
#2095=CARTESIAN_POINT('',(7.63307035793922,1.28857002219934,0.47233826075536));
#2096=CARTESIAN_POINT('',(7.72111924228525,1.35873658730073,0.81026574864997));
#2097=CARTESIAN_POINT('',(7.75336819142194,1.39398180231616,0.934035702692409));
#2098=CARTESIAN_POINT('',(7.80564499909295,1.48989471930284,1.13467163831598));
#2099=CARTESIAN_POINT('',(7.8452915838763,1.58204368164973,1.28683337095921));
#2100=CARTESIAN_POINT('',(7.84529158387289,1.71771833211604,1.28683337094501));
#2101=CARTESIAN_POINT('',(7.84529158386953,1.85153405983998,1.286833370931));
#2102=CARTESIAN_POINT('',(7.8066876673693,1.95256860756997,1.13867335024699));
#2103=CARTESIAN_POINT('',(7.75524225161702,2.0615839541949,0.941228257806677));
#2104=CARTESIAN_POINT('',(7.72322189849241,2.10535471120843,0.818335644534889));
#2105=CARTESIAN_POINT('',(7.63491926743742,2.19929778709621,0.479434288672747));
#2106=CARTESIAN_POINT('',(7.5703064241594,2.23158447180423,0.231453227090499));
#2107=CARTESIAN_POINT('',(7.50999999998973,2.2403466296833,0.));
#2108=CARTESIAN_POINT('',(5.48965337031668,7.30188531384054,14.));
#2109=CARTESIAN_POINT('',(5.57965337031668,7.99459020923373,9.33333333333333));
#2110=CARTESIAN_POINT('',(5.66965337031669,8.68729510462693,4.66666666666667));
#2111=CARTESIAN_POINT('',(5.7596533703167,9.38000000002012,0.));
#2112=CARTESIAN_POINT('',(6.24,9.38000000000201,0.));
#2113=CARTESIAN_POINT('',(5.7596533703167,9.38000000002012,0.));
#2114=CARTESIAN_POINT('',(6.7203466296833,9.37999999998389,0.));
#2115=CARTESIAN_POINT('',(5.89999999999998,7.30188531383925,14.));
#2116=CARTESIAN_POINT('',(5.7596533703167,9.38000000002012,0.));
#2117=CARTESIAN_POINT('',(5.75561850497197,9.43451219323113,0.209215240468721));
#2118=CARTESIAN_POINT('',(5.77436186587041,9.49328510289552,0.43478291106704));
#2119=CARTESIAN_POINT('',(5.85139756754874,9.57380816341235,0.743826640128261));
#2120=CARTESIAN_POINT('',(5.88954775172885,9.6031113188747,0.856290776062846));
#2121=CARTESIAN_POINT('',(5.99464659011189,9.65143457582714,1.04175316948205));
#2122=CARTESIAN_POINT('',(6.08576444491084,9.68231716208246,1.16027908687838));
#2123=CARTESIAN_POINT('',(6.21182179364199,9.68231716207679,1.16027908685462));
#2124=CARTESIAN_POINT('',(6.33690360432458,9.68231716207118,1.16027908683105));
#2125=CARTESIAN_POINT('',(6.43305196515592,9.65189382949252,1.04351576349992));
#2126=CARTESIAN_POINT('',(6.54663635894968,9.60432147327746,0.860935291883768));
#2127=CARTESIAN_POINT('',(6.59049299987994,9.57522678717496,0.749271251517461));
#2128=CARTESIAN_POINT('',(6.68369885623024,9.49459112706986,0.439795370515593));
#2129=CARTESIAN_POINT('',(6.71412948913506,9.43531401744664,0.212292604334736));
#2130=CARTESIAN_POINT('',(6.7203466296833,9.37999999998389,0.));
#2131=CARTESIAN_POINT('',(4.28965337031668,7.30188531383925,14.));
#2132=CARTESIAN_POINT('',(4.35632003698335,7.99459020922616,9.33333333333333));
#2133=CARTESIAN_POINT('',(4.42298670365002,8.68729510461308,4.66666666666667));
#2134=CARTESIAN_POINT('',(4.4896533703167,9.38,0.));
#2135=CARTESIAN_POINT('',(4.97,9.37999999999999,0.));
#2136=CARTESIAN_POINT('',(4.4896533703167,9.38,0.));
#2137=CARTESIAN_POINT('',(5.4503466296833,9.38,0.));
#2138=CARTESIAN_POINT('',(4.69999999999998,7.30188531383925,14.));
#2139=CARTESIAN_POINT('',(4.4896533703167,9.38,0.));
#2140=CARTESIAN_POINT('',(4.48665994607168,9.43459673220225,0.20953969715152));
#2141=CARTESIAN_POINT('',(4.5065988938696,9.4934242458022,0.4353169350093));
#2142=CARTESIAN_POINT('',(4.58530428237759,9.5739618500076,0.744416482066288));
#2143=CARTESIAN_POINT('',(4.62404855078736,9.60324370890237,0.856798882780942));
#2144=CARTESIAN_POINT('',(4.73004160595088,9.65148866054694,1.04196074410341));
#2145=CARTESIAN_POINT('',(4.82168015987785,9.6823171620749,1.16027908685462));
#2146=CARTESIAN_POINT('',(4.94762318903923,9.6823171620749,1.16027908685462));
#2147=CARTESIAN_POINT('',(5.07279196001292,9.6823171620749,1.16027908685462));
#2148=CARTESIAN_POINT('',(5.16842438981548,9.65185312008155,1.04335952270107));
#2149=CARTESIAN_POINT('',(5.28115528733937,9.60420464520771,0.860486911244951));
#2150=CARTESIAN_POINT('',(5.32443109429557,9.57508841729702,0.748740194434499));
#2151=CARTESIAN_POINT('',(5.41597792602886,9.49446149762105,0.439297858791137));
#2152=CARTESIAN_POINT('',(5.44519844956687,9.43523357948439,0.211983887146943));
#2153=CARTESIAN_POINT('',(5.4503466296833,9.38,0.));
#2154=CARTESIAN_POINT('',(3.01965337031669,7.30188531383925,14.));
#2155=CARTESIAN_POINT('',(3.08632003698336,7.99459020922616,9.33333333333333));
#2156=CARTESIAN_POINT('',(3.15298670365003,8.68729510461308,4.66666666666667));
#2157=CARTESIAN_POINT('',(3.2196533703167,9.38,0.));
#2158=CARTESIAN_POINT('',(3.7,9.38,0.));
#2159=CARTESIAN_POINT('',(3.2196533703167,9.38,0.));
#2160=CARTESIAN_POINT('',(4.1803466296833,9.38,0.));
#2161=CARTESIAN_POINT('',(3.49999999999999,7.30188531383925,14.));
#2162=CARTESIAN_POINT('',(3.2196533703167,9.38,0.));
#2163=CARTESIAN_POINT('',(3.21810750758025,9.40819481868753,0.1082103915513));
#2164=CARTESIAN_POINT('',(3.22265994505725,9.43677801326139,0.217911351536262));
#2165=CARTESIAN_POINT('',(3.24495574794543,9.49278339941964,0.432857396493298));
#2166=CARTESIAN_POINT('',(3.26309141038748,9.52128713428819,0.542253394027042));
#2167=CARTESIAN_POINT('',(3.31703923988534,9.57626908475271,0.753271540799194));
#2168=CARTESIAN_POINT('',(3.35631868814048,9.6058773060558,0.866906505118203));
#2169=CARTESIAN_POINT('',(3.46326082465374,9.65459967401783,1.05390066787226));
#2170=CARTESIAN_POINT('',(3.55605786385812,9.68601304031196,1.17446369416106));
#2171=CARTESIAN_POINT('',(3.68322194722627,9.68601304031196,1.17446369416106));
#2172=CARTESIAN_POINT('',(3.80978688470633,9.68601304031196,1.17446369416106));
#2173=CARTESIAN_POINT('',(3.90560409063967,9.65488442197725,1.05499351718348));
#2174=CARTESIAN_POINT('',(4.01761631142311,9.60660596529512,0.869703065098555));
#2175=CARTESIAN_POINT('',(4.06029703662664,9.57712082891274,0.756540494897215));
#2176=CARTESIAN_POINT('',(4.12072428945821,9.52210717739803,0.545400680981479));
#2177=CARTESIAN_POINT('',(4.1422119256284,9.49351139267789,0.435651400469543));
#2178=CARTESIAN_POINT('',(4.17098682789678,9.43721314885664,0.219581381539365));
#2179=CARTESIAN_POINT('',(4.17878774391242,9.40843234436547,0.109122003961312));
#2180=CARTESIAN_POINT('',(4.1803466296833,9.38,0.));
#2181=CARTESIAN_POINT('',(1.8896533703167,7.30188531383924,14.));
#2182=CARTESIAN_POINT('',(1.9096533703167,7.99459020922616,9.33333333333333));
#2183=CARTESIAN_POINT('',(1.9296533703167,8.68729510461308,4.66666666666667));
#2184=CARTESIAN_POINT('',(1.9496533703167,9.37999999999999,0.));
#2185=CARTESIAN_POINT('',(2.43,9.37999999999999,0.));
#2186=CARTESIAN_POINT('',(1.9496533703167,9.37999999999999,0.));
#2187=CARTESIAN_POINT('',(2.9103466296833,9.38,0.));
#2188=CARTESIAN_POINT('',(2.3,7.30188531383925,14.));
#2189=CARTESIAN_POINT('',(1.9496533703167,9.37999999999999,0.));
#2190=CARTESIAN_POINT('',(1.94875258356008,9.43476449855474,0.210183576542757));
#2191=CARTESIAN_POINT('',(1.97108818324691,9.49369936847515,0.436372842909804));
#2192=CARTESIAN_POINT('',(2.05312970036692,9.57426396740046,0.745575994435504));
#2193=CARTESIAN_POINT('',(2.09305752588249,9.60350307010834,0.857794298923272));
#2194=CARTESIAN_POINT('',(2.20082435140102,9.65159199430272,1.04235733421086));
#2195=CARTESIAN_POINT('',(2.29350175905261,9.6823171620749,1.16027908685462));
#2196=CARTESIAN_POINT('',(2.41922597990777,9.6823171620749,1.16027908685462));
#2197=CARTESIAN_POINT('',(2.54457768371663,9.6823171620749,1.16027908685463));
#2198=CARTESIAN_POINT('',(2.63917747674147,9.65176732208592,1.04303023401846));
#2199=CARTESIAN_POINT('',(2.75018801438356,9.60396569971459,0.859569849650876));
#2200=CARTESIAN_POINT('',(2.79229765409887,9.57480639690985,0.747657813427377));
#2201=CARTESIAN_POINT('',(2.88052236493409,9.49419885862883,0.438289862668668));
#2202=CARTESIAN_POINT('',(2.90732719165386,9.43507119472577,0.211360662060511));
#2203=CARTESIAN_POINT('',(2.9103466296833,9.38,0.));
#2204=CARTESIAN_POINT('',(1.39811468616243,7.1103466296833,14.));
#2205=CARTESIAN_POINT('',(0.895409790761727,7.1803466296833,9.33333333333333));
#2206=CARTESIAN_POINT('',(0.392704895361028,7.2503466296833,4.66666666666667));
#2207=CARTESIAN_POINT('',(-0.110000000039671,7.3203466296833,0.));
#2208=CARTESIAN_POINT('',(-0.110000000003969,6.84,0.));
#2209=CARTESIAN_POINT('',(-0.109999999968265,6.3596533703167,0.));
#2210=CARTESIAN_POINT('',(-0.110000000039671,7.32034662968329,0.));
#2211=CARTESIAN_POINT('',(1.39811468616075,6.69999999999999,14.));
#2212=CARTESIAN_POINT('',(-0.109999999968265,6.3596533703167,0.));
#2213=CARTESIAN_POINT('',(-0.169592250786792,6.35850980898644,0.22871226326936));
#2214=CARTESIAN_POINT('',(-0.233733448065106,6.37964511657745,0.474883169516427));
#2215=CARTESIAN_POINT('',(-0.321883972777069,6.45809435686146,0.813200748370793));
#2216=CARTESIAN_POINT('',(-0.354055593306204,6.49633080519135,0.936673918846301));
#2217=CARTESIAN_POINT('',(-0.406047648847966,6.59689400946609,1.13621698915902));
#2218=CARTESIAN_POINT('',(-0.445291583864908,6.69217098028758,1.28683337089017));
#2219=CARTESIAN_POINT('',(-0.445291583878084,6.82713166621865,1.28683337094502));
#2220=CARTESIAN_POINT('',(-0.445291583891206,6.96152754160565,1.28683337099964));
#2221=CARTESIAN_POINT('',(-0.406364293296382,7.05950586327926,1.13743225571344));
#2222=CARTESIAN_POINT('',(-0.354625909441031,7.16405580413606,0.93886276544036));
#2223=CARTESIAN_POINT('',(-0.322524056269738,7.2048870291602,0.815657358814087));
#2224=CARTESIAN_POINT('',(-0.234296482271165,7.29057374378399,0.477044068417168));
#2225=CARTESIAN_POINT('',(-0.169929718121437,7.31689651796737,0.230007446795576));
#2226=CARTESIAN_POINT('',(-0.110000000039671,7.3203466296833,0.));
#2227=CARTESIAN_POINT('',(1.39811468616113,5.98034662968329,14.));
#2228=CARTESIAN_POINT('',(0.895409790767251,6.00367996301663,9.33333333333333));
#2229=CARTESIAN_POINT('',(0.392704895373373,6.02701329634996,4.66666666666667));
#2230=CARTESIAN_POINT('',(-0.110000000020505,6.0503466296833,0.));
#2231=CARTESIAN_POINT('',(-0.110000000002052,5.57,0.));
#2232=CARTESIAN_POINT('',(-0.109999999983598,5.0896533703167,0.));
#2233=CARTESIAN_POINT('',(-0.110000000020505,6.0503466296833,0.));
#2234=CARTESIAN_POINT('',(1.39811468616075,5.49999999999999,14.));
#2235=CARTESIAN_POINT('',(-0.109999999983598,5.0896533703167,0.));
#2236=CARTESIAN_POINT('',(-0.140816161038946,5.08906201541,0.118270980596206));
#2237=CARTESIAN_POINT('',(-0.172044040611541,5.0943899550639,0.238122117469993));
#2238=CARTESIAN_POINT('',(-0.23327224127582,5.11775789698854,0.473113079508117));
#2239=CARTESIAN_POINT('',(-0.264466022984744,5.13621482023873,0.592833350459513));
#2240=CARTESIAN_POINT('',(-0.324696114234379,5.19005927677295,0.823993615384367));
#2241=CARTESIAN_POINT('',(-0.357269119624287,5.22889384923545,0.949007282126657));
#2242=CARTESIAN_POINT('',(-0.409816547608234,5.33047136334382,1.15068184581937));
#2243=CARTESIAN_POINT('',(-0.449843736776847,5.42713799465054,1.30430432024207));
#2244=CARTESIAN_POINT('',(-0.449843736783726,5.56347847836149,1.3043043202707));
#2245=CARTESIAN_POINT('',(-0.44984373679059,5.69952670989045,1.30430432029927));
#2246=CARTESIAN_POINT('',(-0.40998208737239,5.79757492224911,1.15131717967666));
#2247=CARTESIAN_POINT('',(-0.357560810015335,5.90117744101291,0.950126776175808));
#2248=CARTESIAN_POINT('',(-0.325022676619286,5.9413276311038,0.825246946511456));
#2249=CARTESIAN_POINT('',(-0.264770494594543,5.9976402280618,0.594001898229786));
#2250=CARTESIAN_POINT('',(-0.23353967468908,6.01736819877216,0.474139476418097));
#2251=CARTESIAN_POINT('',(-0.172201754846908,6.04319293580516,0.238727417322766));
#2252=CARTESIAN_POINT('',(-0.140901619952065,6.0497536348408,0.118598967754378));
#2253=CARTESIAN_POINT('',(-0.110000000020505,6.0503466296833,0.));
#2254=CARTESIAN_POINT('',(1.39811468616076,4.7803466296833,14.));
#2255=CARTESIAN_POINT('',(0.895409790773846,4.7803466296833,9.33333333333333));
#2256=CARTESIAN_POINT('',(0.392704895386937,4.7803466296833,4.66666666666667));
#2257=CARTESIAN_POINT('',(-0.109999999999973,4.7803466296833,0.));
#2258=CARTESIAN_POINT('',(-0.109999999999998,4.3,0.));
#2259=CARTESIAN_POINT('',(-0.110000000000024,3.8196533703167,0.));
#2260=CARTESIAN_POINT('',(-0.109999999999973,4.7803466296833,0.));
#2261=CARTESIAN_POINT('',(1.39811468616075,4.3,14.));
#2262=CARTESIAN_POINT('',(-0.110000000000024,3.8196533703167,0.));
#2263=CARTESIAN_POINT('',(-0.140858999815625,3.8196533703167,0.118435393748573));
#2264=CARTESIAN_POINT('',(-0.172123132846043,3.82559702731676,0.238425669771611));
#2265=CARTESIAN_POINT('',(-0.233406456836031,3.85019249376376,0.473628192547683));
#2266=CARTESIAN_POINT('',(-0.264618892946574,3.86928473476867,0.59342005821714));
#2267=CARTESIAN_POINT('',(-0.324860255547048,3.92436352233163,0.824623582056908));
#2268=CARTESIAN_POINT('',(-0.357415881633699,3.9638565675815,0.949570547847897));
#2269=CARTESIAN_POINT('',(-0.409900356338007,4.06644897126703,1.15100349980473));
#2270=CARTESIAN_POINT('',(-0.449843736781655,4.16380737629605,1.30430432027074));
#2271=CARTESIAN_POINT('',(-0.449843736781645,4.30000000000005,1.3043043202707));
#2272=CARTESIAN_POINT('',(-0.449843736781636,4.43619262370402,1.30430432027066));
#2273=CARTESIAN_POINT('',(-0.409900356337998,4.533551028733,1.15100349980468));
#2274=CARTESIAN_POINT('',(-0.35741588163369,4.63614343241852,0.949570547847847));
#2275=CARTESIAN_POINT('',(-0.324860255547043,4.67563647766838,0.824623582056873));
#2276=CARTESIAN_POINT('',(-0.264618892946571,4.73071526523134,0.593420058217109));
#2277=CARTESIAN_POINT('',(-0.23340645683603,4.74980750623624,0.473628192547656));
#2278=CARTESIAN_POINT('',(-0.172123132846086,4.77440297268322,0.238425669771754));
#2279=CARTESIAN_POINT('',(-0.14085899981553,4.7803466296833,0.118435393748407));
#2280=CARTESIAN_POINT('',(-0.109999999999973,4.7803466296833,0.));
#2281=CARTESIAN_POINT('',(1.3981146861253,3.5803466296833,14.));
#2282=CARTESIAN_POINT('',(0.895409790750203,3.55701329634997,9.33333333333333));
#2283=CARTESIAN_POINT('',(0.392704895375101,3.53367996301663,4.66666666666667));
#2284=CARTESIAN_POINT('',(-0.110000000000001,3.5103466296833,0.));
#2285=CARTESIAN_POINT('',(-0.110000000000001,3.03,0.));
#2286=CARTESIAN_POINT('',(-0.110000000000002,2.5496533703167,0.));
#2287=CARTESIAN_POINT('',(-0.110000000000001,3.5103466296833,0.));
#2288=CARTESIAN_POINT('',(1.39811468616075,3.1,14.));
#2289=CARTESIAN_POINT('',(-0.110000000000002,2.5496533703167,0.));
#2290=CARTESIAN_POINT('',(-0.140901619922406,2.5502463651553,0.118598967719247));
#2291=CARTESIAN_POINT('',(-0.172201754853592,2.55680706419801,0.238727417348539));
#2292=CARTESIAN_POINT('',(-0.233539674686149,2.58263180122632,0.474139476407388));
#2293=CARTESIAN_POINT('',(-0.264770494591157,2.60235977193598,0.594001898217653));
#2294=CARTESIAN_POINT('',(-0.325022676614793,2.65867236889169,0.825246946495997));
#2295=CARTESIAN_POINT('',(-0.357560810009774,2.69882255898036,0.950126776156908));
#2296=CARTESIAN_POINT('',(-0.409982087366131,2.80242507773802,1.15131717965679));
#2297=CARTESIAN_POINT('',(-0.449843736780986,2.9004732900843,1.30430432026816));
#2298=CARTESIAN_POINT('',(-0.449843736781648,3.03652152159805,1.3043043202707));
#2299=CARTESIAN_POINT('',(-0.449843736782311,3.17286200532448,1.30430432027324));
#2300=CARTESIAN_POINT('',(-0.409816547610377,3.26952863664348,1.15068184583939));
#2301=CARTESIAN_POINT('',(-0.357269119625693,3.37110615075804,0.949007282145511));
#2302=CARTESIAN_POINT('',(-0.324696114234716,3.40994072322272,0.823993615399751));
#2303=CARTESIAN_POINT('',(-0.264466022983986,3.46378517975918,0.592833350471578));
#2304=CARTESIAN_POINT('',(-0.233272241274611,3.48224210301006,0.473113079518755));
#2305=CARTESIAN_POINT('',(-0.172044040600589,3.50561004493907,0.238122117443622));
#2306=CARTESIAN_POINT('',(-0.140816161064642,3.51093798458646,0.118270980631885));
#2307=CARTESIAN_POINT('',(-0.110000000000001,3.5103466296833,0.));
#2308=CARTESIAN_POINT('',(1.39811468616075,2.3103466296833,14.));
#2309=CARTESIAN_POINT('',(0.895409790773833,2.28701329634997,9.33333333333333));
#2310=CARTESIAN_POINT('',(0.392704895386915,2.26367996301663,4.66666666666667));
#2311=CARTESIAN_POINT('',(-0.110000000000002,2.2403466296833,0.));
#2312=CARTESIAN_POINT('',(-0.110000000000001,1.76,0.));
#2313=CARTESIAN_POINT('',(-0.11,1.2796533703167,0.));
#2314=CARTESIAN_POINT('',(-0.110000000000002,2.2403466296833,0.));
#2315=CARTESIAN_POINT('',(1.39811468616075,1.9,14.));
#2316=CARTESIAN_POINT('',(-0.11,1.2796533703167,0.));
#2317=CARTESIAN_POINT('',(-0.169929718066156,1.28310348201774,0.230007446735776));
#2318=CARTESIAN_POINT('',(-0.234296482279995,1.30942625622746,0.477044068451998));
#2319=CARTESIAN_POINT('',(-0.322524056261498,1.39511297083137,0.815657358786121));
#2320=CARTESIAN_POINT('',(-0.354625909430881,1.43594419585147,0.938862765406358));
#2321=CARTESIAN_POINT('',(-0.406364293284923,1.54049413669716,1.13743225567773));
#2322=CARTESIAN_POINT('',(-0.445291583874011,1.63847245834887,1.28683337094501));
#2323=CARTESIAN_POINT('',(-0.445291583874011,1.77286833370945,1.28683337094502));
#2324=CARTESIAN_POINT('',(-0.445291583874011,1.90782901966787,1.28683337094502));
#2325=CARTESIAN_POINT('',(-0.40604764885143,2.0031059905109,1.13621698919525));
#2326=CARTESIAN_POINT('',(-0.354055593308213,2.10366919479699,0.936673918880129));
#2327=CARTESIAN_POINT('',(-0.321883972777173,2.14190564313078,0.813200748398522));
#2328=CARTESIAN_POINT('',(-0.233733448047918,2.22035488343353,0.474883169480275));
#2329=CARTESIAN_POINT('',(-0.169592250834357,2.24149019099995,0.228712263330144));
#2330=CARTESIAN_POINT('',(-0.110000000000002,2.2403466296833,0.));
#2331=CARTESIAN_POINT('',(1.08965337031668,0.698114686161779,14.));
#2332=CARTESIAN_POINT('',(0.952986703650018,0.205409790774519,9.33333333333333));
#2333=CARTESIAN_POINT('',(0.816320036983358,-0.28729510461274,4.66666666666667));
#2334=CARTESIAN_POINT('',(0.679653370316698,-0.779999999999999,0.));
#2335=CARTESIAN_POINT('',(1.16,-0.78,0.));
#2336=CARTESIAN_POINT('',(1.6403466296833,-0.78,0.));
#2337=CARTESIAN_POINT('',(0.679653370316698,-0.779999999999999,0.));
#2338=CARTESIAN_POINT('',(1.49999999999998,0.698114686160752,14.));
#2339=CARTESIAN_POINT('',(1.6403466296833,-0.78,0.));
#2340=CARTESIAN_POINT('',(1.64476058685094,-0.839633832845086,0.228871853136788));
#2341=CARTESIAN_POINT('',(1.62737959373239,-0.903916127641619,0.47558428519171));
#2342=CARTESIAN_POINT('',(1.55430077074927,-0.992449847715583,0.815372549867901));
#2343=CARTESIAN_POINT('',(1.51802445644501,-1.02483903121446,0.939680716814553));
#2344=CARTESIAN_POINT('',(1.42077737689372,-1.07721189489999,1.14068531091681));
#2345=CARTESIAN_POINT('',(1.32733532513079,-1.11722748758759,1.29426327858776));
#2346=CARTESIAN_POINT('',(1.19143210819417,-1.11722748758757,1.29426327858769));
#2347=CARTESIAN_POINT('',(1.0569219206548,-1.11722748758755,1.29426327858762));
#2348=CARTESIAN_POINT('',(0.956821965474087,-1.07800063228024,1.14371244798384));
#2349=CARTESIAN_POINT('',(0.849827674430456,-1.02623332384807,0.945031946538433));
#2350=CARTESIAN_POINT('',(0.807216114992313,-0.994011110603057,0.821364603593815));
#2351=CARTESIAN_POINT('',(0.71648020172151,-0.905286186121845,0.480842505371683));
#2352=CARTESIAN_POINT('',(0.686448227220426,-0.840453970772199,0.23201950402976));
#2353=CARTESIAN_POINT('',(0.679653370316698,-0.779999999999999,0.));
#2354=CARTESIAN_POINT('',(1.9496533703167,-0.779999999999997,0.));
#2355=CARTESIAN_POINT('',(2.06298670365002,-0.287295104613081,4.66666666666667));
#2356=CARTESIAN_POINT('',(2.17632003698335,0.205409790773836,9.33333333333333));
#2357=CARTESIAN_POINT('',(2.28965337031668,0.698114686160753,14.));
#2358=CARTESIAN_POINT('',(2.69999999999998,0.698114686160752,14.));
#2359=CARTESIAN_POINT('',(2.43,-0.78,0.));
#2360=CARTESIAN_POINT('',(2.9103466296833,-0.780000000000002,0.));
#2361=CARTESIAN_POINT('',(1.9496533703167,-0.779999999999997,0.));
#2362=CARTESIAN_POINT('',(2.9103466296833,-0.780000000000002,0.));
#2363=CARTESIAN_POINT('',(2.91362095728071,-0.839720097235118,0.229202931819206));
#2364=CARTESIAN_POINT('',(2.89494622259872,-0.904061560282909,0.476142448846982));
#2365=CARTESIAN_POINT('',(2.82004720076656,-0.992617957616114,0.816017747780389));
#2366=CARTESIAN_POINT('',(2.7831130418207,-1.02499047454149,0.940261949199741));
#2367=CARTESIAN_POINT('',(2.68484186402479,-1.07730217123652,1.14103178726169));
#2368=CARTESIAN_POINT('',(2.59070548484573,-1.11722748758757,1.29426327858769));
#2369=CARTESIAN_POINT('',(2.45496079180133,-1.11722748758757,1.29426327858769));
#2370=CARTESIAN_POINT('',(2.3203219241811,-1.11722748758757,1.29426327858769));
#2371=CARTESIAN_POINT('',(2.22089967310042,-1.07792822354337,1.1434345466483));
#2372=CARTESIAN_POINT('',(2.11488845632811,-1.0260976881575,0.94451138312045));
#2373=CARTESIAN_POINT('',(2.07292334362437,-0.993857848638578,0.820776391363403));
#2374=CARTESIAN_POINT('',(1.98400202163663,-0.90514968751742,0.480318630130819));
#2375=CARTESIAN_POINT('',(1.95528044221995,-0.840371493654835,0.231702960722187));
#2376=CARTESIAN_POINT('',(1.9496533703167,-0.779999999999997,0.));
#2377=CARTESIAN_POINT('',(3.2196533703167,-0.77999999995902,0.));
#2378=CARTESIAN_POINT('',(3.28632003698336,-0.28729510458321,4.66666666666667));
#2379=CARTESIAN_POINT('',(3.35298670365003,0.2054097907926,9.33333333333333));
#2380=CARTESIAN_POINT('',(3.41965337031669,0.698114686168411,14.));
#2381=CARTESIAN_POINT('',(3.89999999999999,0.698114686160753,14.));
#2382=CARTESIAN_POINT('',(3.7,-0.779999999995901,0.));
#2383=CARTESIAN_POINT('',(4.1803466296833,-0.780000000032784,0.));
#2384=CARTESIAN_POINT('',(3.2196533703167,-0.77999999995902,0.));
#2385=CARTESIAN_POINT('',(4.1803466296833,-0.780000000032784,0.));
#2386=CARTESIAN_POINT('',(4.18204009070424,-0.810886847566453,0.118542271984286));
#2387=CARTESIAN_POINT('',(4.17787153029882,-0.84219960965407,0.238719184204777));
#2388=CARTESIAN_POINT('',(4.15684109047479,-0.90362739270938,0.474476134096533));
#2389=CARTESIAN_POINT('',(4.13960703824184,-0.934942712062201,0.594662860823212));
#2390=CARTESIAN_POINT('',(4.08817943989241,-0.995458220579611,0.826918543830777));
#2391=CARTESIAN_POINT('',(4.05065884344386,-1.02823696850076,0.952721840755085));
#2392=CARTESIAN_POINT('',(3.95139144531289,-1.08110842015679,1.15563999209692));
#2393=CARTESIAN_POINT('',(3.85587858303408,-1.12183271962228,1.31193794313406));
#2394=CARTESIAN_POINT('',(3.71874197054037,-1.12183271960822,1.31193794307558));
#2395=CARTESIAN_POINT('',(3.58245257980267,-1.12183271959424,1.31193794301747));
#2396=CARTESIAN_POINT('',(3.48293468973966,-1.0815930284125,1.15749989583483));
#2397=CARTESIAN_POINT('',(3.37784310065402,-1.02907587810181,0.955941536430034));
#2398=CARTESIAN_POINT('',(3.33654332175521,-0.996395382666912,0.830515327936528));
#2399=CARTESIAN_POINT('',(3.2780307822332,-0.935815086722441,0.598010993819377));
#2400=CARTESIAN_POINT('',(3.25714879432662,-0.904393240718873,0.477415422802867));
#2401=CARTESIAN_POINT('',(3.22906713430119,-0.842650953640221,0.240451421220769));
#2402=CARTESIAN_POINT('',(3.22136023536391,-0.811131322039601,0.119480553827444));
#2403=CARTESIAN_POINT('',(3.2196533703167,-0.77999999995902,0.));
#2404=CARTESIAN_POINT('',(4.4896533703167,-0.77999999998202,0.));
#2405=CARTESIAN_POINT('',(4.55632003698336,-0.287295104601023,4.66666666666667));
#2406=CARTESIAN_POINT('',(4.62298670365003,0.205409790779974,9.33333333333333));
#2407=CARTESIAN_POINT('',(4.68965337031669,0.69811468616097,14.));
#2408=CARTESIAN_POINT('',(5.09999999999999,0.698114686160753,14.));
#2409=CARTESIAN_POINT('',(4.97,-0.779999999998201,0.));
#2410=CARTESIAN_POINT('',(5.4503466296833,-0.780000000014384,0.));
#2411=CARTESIAN_POINT('',(4.4896533703167,-0.77999999998202,0.));
#2412=CARTESIAN_POINT('',(5.4503466296833,-0.780000000014384,0.));
#2413=CARTESIAN_POINT('',(5.45133174606624,-0.839891427901112,0.229860490823275));
#2414=CARTESIAN_POINT('',(5.43006334595142,-0.904349485121016,0.477247490883077));
#2415=CARTESIAN_POINT('',(5.35152538165535,-0.99294913200089,0.817288779546706));
#2416=CARTESIAN_POINT('',(5.31327942798515,-1.02528790578735,0.941403476381202));
#2417=CARTESIAN_POINT('',(5.21297453517141,-1.07747628915252,1.1417000436661));
#2418=CARTESIAN_POINT('',(5.11745645972444,-1.11722748759178,1.29426327861284));
#2419=CARTESIAN_POINT('',(4.9820181589828,-1.11722748758573,1.29426327858769));
#2420=CARTESIAN_POINT('',(4.84711203765666,-1.11722748757971,1.29426327856264));
#2421=CARTESIAN_POINT('',(4.74904972507806,-1.07777753357672,1.14285620562865));
#2422=CARTESIAN_POINT('',(4.64501839597437,-1.02582099671521,0.943449454346321));
#2423=CARTESIAN_POINT('',(4.60435011631991,-0.993546157319516,0.819580134703403));
#2424=CARTESIAN_POINT('',(4.5190603626984,-0.904873486420455,0.479258583277214));
#2425=CARTESIAN_POINT('',(4.49295429139734,-0.840205132918306,0.231064476088134));
#2426=CARTESIAN_POINT('',(4.4896533703167,-0.77999999998202,0.));
#2427=CARTESIAN_POINT('',(0.550000000000028,14.0699999999909,17.999999999993));
#2428=CARTESIAN_POINT('',(0.549999999999999,8.15,18.));
#2429=CARTESIAN_POINT('',(0.550000000000056,12.577346692354,12.2712666231379));
#2430=CARTESIAN_POINT('',(0.549999999999999,8.15,18.));
#2431=CARTESIAN_POINT('',(-4.80000000000005,8.15,18.));
#2432=CARTESIAN_POINT('',(0.550000000000056,12.577346692354,12.2712666231379));
#2433=CARTESIAN_POINT('',(-3.30734669236156,12.5773466923616,12.2712666231359));
#2434=CARTESIAN_POINT('',(6.84999999999999,14.0699999999909,17.9999999999929));
#2435=CARTESIAN_POINT('',(6.84999999999999,8.15,18.));
#2436=CARTESIAN_POINT('',(6.84999999999999,12.577346692354,12.2712666231379));
#2437=CARTESIAN_POINT('',(6.84999999999999,8.15,18.));
#2438=CARTESIAN_POINT('',(12.2000000000001,8.15,18.));
#2439=CARTESIAN_POINT('',(10.7073466923616,12.5773466923616,12.2712666231359));
#2440=CARTESIAN_POINT('',(6.84999999999998,12.577346692354,12.2712666231379));
#2441=CARTESIAN_POINT('',(6.84999999999999,8.15,18.));
#2442=CARTESIAN_POINT('',(6.84999999999999,8.35,17.9999999999999));
#2443=CARTESIAN_POINT('',(6.84999999999999,8.35,17.9999999999999));
#2444=CARTESIAN_POINT('',(0.549999999999999,8.35,18.));
#2445=CARTESIAN_POINT('',(0.549999999999999,8.15,18.));
#2446=CARTESIAN_POINT('',(0.549999999999999,8.35,18.));
#2447=CARTESIAN_POINT('',(-4.80000000000005,-5.47000000000005,18.));
#2448=CARTESIAN_POINT('',(12.2000000000001,-5.47000000000005,18.));
#2449=CARTESIAN_POINT('',(12.2000000000001,-5.47000000000005,18.));
#2450=CARTESIAN_POINT('',(12.2000000000001,8.15,18.));
#2451=CARTESIAN_POINT('',(-4.80000000000005,8.15,18.));
#2452=CARTESIAN_POINT('',(-4.80000000000005,-5.47000000000005,18.));
#2453=CARTESIAN_POINT('',(7.51,9.38,0.));
#2454=CARTESIAN_POINT('',(10.7073466923616,12.5773466923616,12.2712666231359));
#2455=CARTESIAN_POINT('',(12.2000000000001,-5.47000000000005,18.));
#2456=CARTESIAN_POINT('',(7.51,-0.780000000000001,0.));
#2457=CARTESIAN_POINT('',(-0.11,-0.779999999999999,0.));
#2458=CARTESIAN_POINT('',(-4.80000000000005,-5.47000000000005,18.));
#2459=CARTESIAN_POINT('',(-3.30734669236156,12.5773466923616,12.2712666231359));
#2460=CARTESIAN_POINT('',(-3.37706810249037,11.5503584134516,12.5388541246964));
#2461=CARTESIAN_POINT('',(-3.5168007806887,10.6227141217543,13.075141588997));
#2462=CARTESIAN_POINT('',(-3.7092956467618,9.88392785537565,13.8139278553756));
#2463=CARTESIAN_POINT('',(-3.85402213929956,9.3284743658917,14.3693813448596));
#2464=CARTESIAN_POINT('',(-4.02519771914963,8.89252498225137,15.026345190766));
#2465=CARTESIAN_POINT('',(-4.39907313005476,8.30106434753344,16.4612614799541));
#2466=CARTESIAN_POINT('',(-4.59881916428872,8.15,17.2278773895941));
#2467=CARTESIAN_POINT('',(-4.80000000000005,8.15,18.));
#2468=CARTESIAN_POINT('',(1.6403466296833,-0.78,0.));
#2469=CARTESIAN_POINT('',(1.9496533703167,-0.779999999999997,0.));
#2470=CARTESIAN_POINT('',(7.50999999998973,2.2403466296833,0.));
#2471=CARTESIAN_POINT('',(7.50999999999999,2.5496533703167,0.));
#2472=CARTESIAN_POINT('',(5.7596533703167,9.38000000002012,0.));
#2473=CARTESIAN_POINT('',(5.4503466296833,9.38,0.));
#2474=CARTESIAN_POINT('',(-0.109999999968265,6.3596533703167,0.));
#2475=CARTESIAN_POINT('',(-0.110000000020505,6.0503466296833,0.));
#2476=CARTESIAN_POINT('',(5.4503466296833,-0.780000000014384,0.));
#2477=CARTESIAN_POINT('',(7.51,-0.780000000000001,0.));
#2478=CARTESIAN_POINT('',(4.1803466296833,-0.780000000032784,0.));
#2479=CARTESIAN_POINT('',(4.4896533703167,-0.77999999998202,0.));
#2480=CARTESIAN_POINT('',(2.9103466296833,-0.780000000000002,0.));
#2481=CARTESIAN_POINT('',(3.2196533703167,-0.77999999995902,0.));
#2482=CARTESIAN_POINT('',(-0.11,-0.779999999999999,0.));
#2483=CARTESIAN_POINT('',(0.679653370316698,-0.779999999999999,0.));
#2484=CARTESIAN_POINT('',(7.51,7.32034662968329,0.));
#2485=CARTESIAN_POINT('',(7.51,9.38,0.));
#2486=CARTESIAN_POINT('',(7.51,6.0503466296833,0.));
#2487=CARTESIAN_POINT('',(7.51,6.3596533703167,0.));
#2488=CARTESIAN_POINT('',(7.51000000000017,4.7803466296833,0.));
#2489=CARTESIAN_POINT('',(7.51,5.0896533703167,0.));
#2490=CARTESIAN_POINT('',(7.51,3.5103466296833,0.));
#2491=CARTESIAN_POINT('',(7.50999999999986,3.8196533703167,0.));
#2492=CARTESIAN_POINT('',(7.51,-0.780000000000001,0.));
#2493=CARTESIAN_POINT('',(7.51000000000821,1.2796533703167,0.));
#2494=CARTESIAN_POINT('',(1.9496533703167,9.37999999999999,0.));
#2495=CARTESIAN_POINT('',(-0.11,9.38,0.));
#2496=CARTESIAN_POINT('',(3.2196533703167,9.38,0.));
#2497=CARTESIAN_POINT('',(2.9103466296833,9.38,0.));
#2498=CARTESIAN_POINT('',(4.4896533703167,9.38,0.));
#2499=CARTESIAN_POINT('',(4.1803466296833,9.38,0.));
#2500=CARTESIAN_POINT('',(7.51,9.38,0.));
#2501=CARTESIAN_POINT('',(6.7203466296833,9.37999999998389,0.));
#2502=CARTESIAN_POINT('',(-0.11,1.2796533703167,0.));
#2503=CARTESIAN_POINT('',(-0.11,-0.779999999999999,0.));
#2504=CARTESIAN_POINT('',(-0.110000000000002,2.5496533703167,0.));
#2505=CARTESIAN_POINT('',(-0.110000000000002,2.2403466296833,0.));
#2506=CARTESIAN_POINT('',(-0.110000000000024,3.8196533703167,0.));
#2507=CARTESIAN_POINT('',(-0.110000000000001,3.5103466296833,0.));
#2508=CARTESIAN_POINT('',(-0.109999999983598,5.0896533703167,0.));
#2509=CARTESIAN_POINT('',(-0.109999999999973,4.7803466296833,0.));
#2510=CARTESIAN_POINT('',(-0.11,9.38,0.));
#2511=CARTESIAN_POINT('',(-0.110000000039671,7.3203466296833,0.));
#2512=CARTESIAN_POINT('',(-0.11,9.38,0.));
#2513=CARTESIAN_POINT('',(-3.30734669236156,12.5773466923616,12.2712666231359));
#2514=CARTESIAN_POINT('',(10.7073466923616,12.5773466923616,12.2712666231359));
#2515=CARTESIAN_POINT('',(10.7770681024904,11.5503584134516,12.5388541246964));
#2516=CARTESIAN_POINT('',(10.9168007806887,10.6227141217543,13.075141588997));
#2517=CARTESIAN_POINT('',(11.1092956467618,9.88392785537565,13.8139278553756));
#2518=CARTESIAN_POINT('',(11.2540221392996,9.32847436589167,14.3693813448596));
#2519=CARTESIAN_POINT('',(11.4251977191496,8.89252498225139,15.026345190766));
#2520=CARTESIAN_POINT('',(11.7990731300548,8.30106434753344,16.4612614799541));
#2521=CARTESIAN_POINT('',(11.9988191642887,8.15,17.227877389594));
#2522=CARTESIAN_POINT('',(12.2000000000001,8.15,18.));
#2523=CARTESIAN_POINT('',(5.8,-5.39183333333339,17.7));
#2524=CARTESIAN_POINT('',(5.8,-5.31366666666672,17.4));
#2525=CARTESIAN_POINT('',(5.8,-5.23550000000005,17.1));
#2526=CARTESIAN_POINT('',(5.8,-5.15733333333338,16.8));
#2527=CARTESIAN_POINT('',(1.6,-5.15733333333338,16.8));
#2528=CARTESIAN_POINT('',(1.6,-5.23550000000005,17.1));
#2529=CARTESIAN_POINT('',(1.6,-5.31366666666672,17.4));
#2530=CARTESIAN_POINT('',(1.6,-5.39183333333338,17.7));
#2531=CARTESIAN_POINT('',(1.6,-5.39183333333338,17.7));
#2532=CARTESIAN_POINT('',(5.8,-5.39183333333339,17.7));
#2533=CARTESIAN_POINT('',(1.6,-5.15733333333338,16.8));
#2534=CARTESIAN_POINT('',(5.8,-5.15733333333338,16.8));
#2535=CARTESIAN_POINT('',(5.8,-5.39183333333339,17.7));
#2536=CARTESIAN_POINT('',(5.8,-2.88,17.7));
#2537=CARTESIAN_POINT('',(5.8,-2.88,17.7));
#2538=CARTESIAN_POINT('',(5.8,-2.88,16.8));
#2539=CARTESIAN_POINT('',(5.8,-5.15733333333338,16.8));
#2540=CARTESIAN_POINT('',(5.8,-2.88,16.8));
#2541=CARTESIAN_POINT('',(3.7,-2.88,17.7));
#2542=CARTESIAN_POINT('',(5.8,-2.88,17.7));
#2543=CARTESIAN_POINT('',(1.6,-2.88,17.7));
#2544=CARTESIAN_POINT('',(1.6,-2.88,17.7));
#2545=CARTESIAN_POINT('',(1.6,-2.88,16.8));
#2546=CARTESIAN_POINT('',(3.7,-2.88,16.8));
#2547=CARTESIAN_POINT('',(5.8,-2.88,16.8));
#2548=CARTESIAN_POINT('',(1.6,-2.88,16.8));
#2549=CARTESIAN_POINT('',(1.6,-2.88,17.7));
#2550=CARTESIAN_POINT('',(1.6,-5.39183333333338,17.7));
#2551=CARTESIAN_POINT('',(1.6,-2.88,16.8));
#2552=CARTESIAN_POINT('',(1.6,-5.15733333333338,16.8));
#2553=CARTESIAN_POINT('',(6.85000000000007,12.6277741689709,12.464804912897));
#2554=CARTESIAN_POINT('',(6.64999999999999,12.627774168971,12.4648049128948));
#2555=CARTESIAN_POINT('',(0.749999999999999,12.627774168971,12.4648049128948));
#2556=CARTESIAN_POINT('',(0.550000000000138,12.627774168971,12.4648049128964));
#2557=CARTESIAN_POINT('',(0.,0.,0.));
ENDSEC;
END-ISO-10303-21;
