ISO-10303-21;
HEADER;
/* Generated by software containing ST-Developer
 * from STEP Tools, Inc. (www.steptools.com) 
 */
/* OPTION: using custom schema-name function */

FILE_DESCRIPTION(
/* description */ (''),
/* implementation_level */ '2;1');

FILE_NAME(
/* name */ 'RN4871_fixture2',
/* time_stamp */ '2026-03-23T14:48:23+01:00',
/* author */ (''),
/* organization */ (''),
/* preprocessor_version */ 'ST-DEVELOPER v19.2',
/* originating_system */ 'Rhino 8.30',
/* authorisation */ '');

FILE_SCHEMA (('CONFIG_CONTROL_DESIGN'));
ENDSEC;

DATA;
#10=SHAPE_REPRESENTATION_RELATIONSHIP('','',#896,#12);
#11=MANIFOLD_SOLID_BREP('brep_1',#13);
#12=ADVANCED_BREP_SHAPE_REPRESENTATION('brep_rep_0',(#11,#916),#895);
#13=CLOSED_SHELL('',(#14,#15,#16,#17,#18,#19,#20,#21,#22,#23,#24,#25,#26,
#27,#28,#29,#30,#31,#32,#33,#34,#35,#36,#37,#38,#39,#40,#41,#42,#43,#44,
#45));
#14=ADVANCED_FACE('',(#62,#46,#47,#48,#49,#50,#51,#52,#53,#54,#55,#56,#57,
#58,#59,#60,#61),#795,.T.);
#15=ADVANCED_FACE('',(#63),#779,.T.);
#16=ADVANCED_FACE('',(#64),#780,.T.);
#17=ADVANCED_FACE('',(#65),#781,.T.);
#18=ADVANCED_FACE('',(#66),#782,.T.);
#19=ADVANCED_FACE('',(#67),#783,.T.);
#20=ADVANCED_FACE('',(#68),#784,.T.);
#21=ADVANCED_FACE('',(#69),#785,.T.);
#22=ADVANCED_FACE('',(#70),#786,.T.);
#23=ADVANCED_FACE('',(#71),#787,.T.);
#24=ADVANCED_FACE('',(#72),#788,.T.);
#25=ADVANCED_FACE('',(#73),#789,.T.);
#26=ADVANCED_FACE('',(#74),#790,.T.);
#27=ADVANCED_FACE('',(#75),#791,.T.);
#28=ADVANCED_FACE('',(#76),#792,.T.);
#29=ADVANCED_FACE('',(#77),#793,.T.);
#30=ADVANCED_FACE('',(#78),#794,.T.);
#31=ADVANCED_FACE('',(#79),#796,.T.);
#32=ADVANCED_FACE('',(#80),#797,.T.);
#33=ADVANCED_FACE('',(#81),#798,.T.);
#34=ADVANCED_FACE('',(#82),#799,.T.);
#35=ADVANCED_FACE('',(#83),#800,.T.);
#36=ADVANCED_FACE('',(#84),#801,.T.);
#37=ADVANCED_FACE('',(#85),#802,.T.);
#38=ADVANCED_FACE('',(#86),#803,.T.);
#39=ADVANCED_FACE('',(#87),#804,.T.);
#40=ADVANCED_FACE('',(#88),#805,.T.);
#41=ADVANCED_FACE('',(#89),#806,.T.);
#42=ADVANCED_FACE('',(#90),#807,.T.);
#43=ADVANCED_FACE('',(#91),#778,.F.);
#44=ADVANCED_FACE('',(#92),#808,.T.);
#45=ADVANCED_FACE('',(#93),#809,.T.);
#46=FACE_BOUND('',#95,.T.);
#47=FACE_BOUND('',#96,.T.);
#48=FACE_BOUND('',#97,.T.);
#49=FACE_BOUND('',#98,.T.);
#50=FACE_BOUND('',#99,.T.);
#51=FACE_BOUND('',#100,.T.);
#52=FACE_BOUND('',#101,.T.);
#53=FACE_BOUND('',#102,.T.);
#54=FACE_BOUND('',#103,.T.);
#55=FACE_BOUND('',#104,.T.);
#56=FACE_BOUND('',#105,.T.);
#57=FACE_BOUND('',#106,.T.);
#58=FACE_BOUND('',#107,.T.);
#59=FACE_BOUND('',#108,.T.);
#60=FACE_BOUND('',#109,.T.);
#61=FACE_BOUND('',#110,.T.);
#62=FACE_OUTER_BOUND('',#94,.T.);
#63=FACE_OUTER_BOUND('',#111,.T.);
#64=FACE_OUTER_BOUND('',#112,.T.);
#65=FACE_OUTER_BOUND('',#113,.T.);
#66=FACE_OUTER_BOUND('',#114,.T.);
#67=FACE_OUTER_BOUND('',#115,.T.);
#68=FACE_OUTER_BOUND('',#116,.T.);
#69=FACE_OUTER_BOUND('',#117,.T.);
#70=FACE_OUTER_BOUND('',#118,.T.);
#71=FACE_OUTER_BOUND('',#119,.T.);
#72=FACE_OUTER_BOUND('',#120,.T.);
#73=FACE_OUTER_BOUND('',#121,.T.);
#74=FACE_OUTER_BOUND('',#122,.T.);
#75=FACE_OUTER_BOUND('',#123,.T.);
#76=FACE_OUTER_BOUND('',#124,.T.);
#77=FACE_OUTER_BOUND('',#125,.T.);
#78=FACE_OUTER_BOUND('',#126,.T.);
#79=FACE_OUTER_BOUND('',#127,.T.);
#80=FACE_OUTER_BOUND('',#128,.T.);
#81=FACE_OUTER_BOUND('',#129,.T.);
#82=FACE_OUTER_BOUND('',#130,.T.);
#83=FACE_OUTER_BOUND('',#131,.T.);
#84=FACE_OUTER_BOUND('',#132,.T.);
#85=FACE_OUTER_BOUND('',#133,.T.);
#86=FACE_OUTER_BOUND('',#134,.T.);
#87=FACE_OUTER_BOUND('',#135,.T.);
#88=FACE_OUTER_BOUND('',#136,.T.);
#89=FACE_OUTER_BOUND('',#137,.T.);
#90=FACE_OUTER_BOUND('',#138,.T.);
#91=FACE_OUTER_BOUND('',#139,.T.);
#92=FACE_OUTER_BOUND('',#140,.T.);
#93=FACE_OUTER_BOUND('',#141,.T.);
#94=EDGE_LOOP('',(#142,#143,#144,#145,#146,#147));
#95=EDGE_LOOP('',(#148));
#96=EDGE_LOOP('',(#149));
#97=EDGE_LOOP('',(#150));
#98=EDGE_LOOP('',(#151));
#99=EDGE_LOOP('',(#152));
#100=EDGE_LOOP('',(#153));
#101=EDGE_LOOP('',(#154));
#102=EDGE_LOOP('',(#155));
#103=EDGE_LOOP('',(#156));
#104=EDGE_LOOP('',(#157));
#105=EDGE_LOOP('',(#158));
#106=EDGE_LOOP('',(#159));
#107=EDGE_LOOP('',(#160));
#108=EDGE_LOOP('',(#161));
#109=EDGE_LOOP('',(#162));
#110=EDGE_LOOP('',(#163));
#111=EDGE_LOOP('',(#164,#165,#166,#167,#168,#169));
#112=EDGE_LOOP('',(#170,#171,#172,#173,#174,#175));
#113=EDGE_LOOP('',(#176,#177,#178,#179,#180,#181));
#114=EDGE_LOOP('',(#182,#183,#184,#185,#186,#187));
#115=EDGE_LOOP('',(#188,#189,#190,#191,#192,#193));
#116=EDGE_LOOP('',(#194,#195,#196,#197,#198,#199));
#117=EDGE_LOOP('',(#200,#201,#202,#203,#204,#205));
#118=EDGE_LOOP('',(#206,#207,#208,#209,#210,#211));
#119=EDGE_LOOP('',(#212,#213,#214,#215,#216,#217));
#120=EDGE_LOOP('',(#218,#219,#220,#221,#222,#223));
#121=EDGE_LOOP('',(#224,#225,#226,#227,#228,#229));
#122=EDGE_LOOP('',(#230,#231,#232,#233,#234,#235));
#123=EDGE_LOOP('',(#236,#237,#238,#239,#240,#241));
#124=EDGE_LOOP('',(#242,#243,#244,#245,#246,#247));
#125=EDGE_LOOP('',(#248,#249,#250,#251,#252,#253));
#126=EDGE_LOOP('',(#254,#255,#256,#257,#258,#259));
#127=EDGE_LOOP('',(#260,#261,#262,#263,#264,#265,#266,#267,#268,#269,#270,
#271,#272,#273,#274,#275,#276,#277,#278,#279,#280,#281,#282,#283,#284,#285,
#286,#287,#288,#289,#290,#291,#292,#293,#294,#295,#296,#297,#298,#299,#300));
#128=EDGE_LOOP('',(#301,#302,#303,#304));
#129=EDGE_LOOP('',(#305,#306,#307,#308,#309,#310,#311,#312,#313,#314,#315,
#316));
#130=EDGE_LOOP('',(#317,#318,#319,#320,#321,#322,#323,#324,#325,#326,#327,
#328,#329,#330));
#131=EDGE_LOOP('',(#331,#332,#333,#334,#335,#336,#337,#338,#339,#340,#341,
#342,#343,#344,#345,#346,#347,#348,#349,#350,#351,#352));
#132=EDGE_LOOP('',(#353,#354,#355,#356,#357,#358,#359,#360,#361,#362,#363,
#364,#365,#366,#367,#368,#369,#370,#371));
#133=EDGE_LOOP('',(#372,#373,#374,#375,#376,#377,#378,#379));
#134=EDGE_LOOP('',(#380,#381,#382,#383));
#135=EDGE_LOOP('',(#384,#385,#386,#387));
#136=EDGE_LOOP('',(#388,#389,#390,#391));
#137=EDGE_LOOP('',(#392,#393,#394,#395));
#138=EDGE_LOOP('',(#396,#397,#398,#399));
#139=EDGE_LOOP('',(#400,#401,#402,#403));
#140=EDGE_LOOP('',(#404,#405,#406,#407,#408));
#141=EDGE_LOOP('',(#409,#410,#411,#412,#413));
#142=ORIENTED_EDGE('',*,*,#542,.T.);
#143=ORIENTED_EDGE('',*,*,#416,.T.);
#144=ORIENTED_EDGE('',*,*,#417,.T.);
#145=ORIENTED_EDGE('',*,*,#414,.T.);
#146=ORIENTED_EDGE('',*,*,#415,.T.);
#147=ORIENTED_EDGE('',*,*,#418,.T.);
#148=ORIENTED_EDGE('',*,*,#420,.F.);
#149=ORIENTED_EDGE('',*,*,#421,.F.);
#150=ORIENTED_EDGE('',*,*,#422,.F.);
#151=ORIENTED_EDGE('',*,*,#423,.F.);
#152=ORIENTED_EDGE('',*,*,#424,.F.);
#153=ORIENTED_EDGE('',*,*,#425,.F.);
#154=ORIENTED_EDGE('',*,*,#426,.F.);
#155=ORIENTED_EDGE('',*,*,#427,.F.);
#156=ORIENTED_EDGE('',*,*,#428,.F.);
#157=ORIENTED_EDGE('',*,*,#429,.F.);
#158=ORIENTED_EDGE('',*,*,#430,.F.);
#159=ORIENTED_EDGE('',*,*,#431,.F.);
#160=ORIENTED_EDGE('',*,*,#432,.F.);
#161=ORIENTED_EDGE('',*,*,#433,.F.);
#162=ORIENTED_EDGE('',*,*,#434,.F.);
#163=ORIENTED_EDGE('',*,*,#419,.F.);
#164=ORIENTED_EDGE('',*,*,#419,.T.);
#165=ORIENTED_EDGE('',*,*,#435,.T.);
#166=ORIENTED_EDGE('',*,*,#518,.F.);
#167=ORIENTED_EDGE('',*,*,#458,.F.);
#168=ORIENTED_EDGE('',*,*,#531,.F.);
#169=ORIENTED_EDGE('',*,*,#435,.F.);
#170=ORIENTED_EDGE('',*,*,#420,.T.);
#171=ORIENTED_EDGE('',*,*,#436,.T.);
#172=ORIENTED_EDGE('',*,*,#522,.F.);
#173=ORIENTED_EDGE('',*,*,#459,.F.);
#174=ORIENTED_EDGE('',*,*,#533,.F.);
#175=ORIENTED_EDGE('',*,*,#436,.F.);
#176=ORIENTED_EDGE('',*,*,#421,.T.);
#177=ORIENTED_EDGE('',*,*,#437,.T.);
#178=ORIENTED_EDGE('',*,*,#523,.F.);
#179=ORIENTED_EDGE('',*,*,#460,.F.);
#180=ORIENTED_EDGE('',*,*,#534,.F.);
#181=ORIENTED_EDGE('',*,*,#437,.F.);
#182=ORIENTED_EDGE('',*,*,#422,.T.);
#183=ORIENTED_EDGE('',*,*,#438,.T.);
#184=ORIENTED_EDGE('',*,*,#524,.F.);
#185=ORIENTED_EDGE('',*,*,#461,.F.);
#186=ORIENTED_EDGE('',*,*,#535,.F.);
#187=ORIENTED_EDGE('',*,*,#438,.F.);
#188=ORIENTED_EDGE('',*,*,#423,.T.);
#189=ORIENTED_EDGE('',*,*,#439,.T.);
#190=ORIENTED_EDGE('',*,*,#521,.F.);
#191=ORIENTED_EDGE('',*,*,#462,.F.);
#192=ORIENTED_EDGE('',*,*,#532,.F.);
#193=ORIENTED_EDGE('',*,*,#439,.F.);
#194=ORIENTED_EDGE('',*,*,#424,.T.);
#195=ORIENTED_EDGE('',*,*,#440,.T.);
#196=ORIENTED_EDGE('',*,*,#441,.F.);
#197=ORIENTED_EDGE('',*,*,#464,.F.);
#198=ORIENTED_EDGE('',*,*,#442,.F.);
#199=ORIENTED_EDGE('',*,*,#440,.F.);
#200=ORIENTED_EDGE('',*,*,#425,.T.);
#201=ORIENTED_EDGE('',*,*,#443,.T.);
#202=ORIENTED_EDGE('',*,*,#517,.F.);
#203=ORIENTED_EDGE('',*,*,#465,.F.);
#204=ORIENTED_EDGE('',*,*,#444,.F.);
#205=ORIENTED_EDGE('',*,*,#443,.F.);
#206=ORIENTED_EDGE('',*,*,#426,.T.);
#207=ORIENTED_EDGE('',*,*,#445,.T.);
#208=ORIENTED_EDGE('',*,*,#519,.F.);
#209=ORIENTED_EDGE('',*,*,#466,.F.);
#210=ORIENTED_EDGE('',*,*,#446,.F.);
#211=ORIENTED_EDGE('',*,*,#445,.F.);
#212=ORIENTED_EDGE('',*,*,#427,.T.);
#213=ORIENTED_EDGE('',*,*,#447,.T.);
#214=ORIENTED_EDGE('',*,*,#516,.F.);
#215=ORIENTED_EDGE('',*,*,#467,.F.);
#216=ORIENTED_EDGE('',*,*,#448,.F.);
#217=ORIENTED_EDGE('',*,*,#447,.F.);
#218=ORIENTED_EDGE('',*,*,#428,.T.);
#219=ORIENTED_EDGE('',*,*,#449,.T.);
#220=ORIENTED_EDGE('',*,*,#520,.F.);
#221=ORIENTED_EDGE('',*,*,#468,.F.);
#222=ORIENTED_EDGE('',*,*,#450,.F.);
#223=ORIENTED_EDGE('',*,*,#449,.F.);
#224=ORIENTED_EDGE('',*,*,#429,.T.);
#225=ORIENTED_EDGE('',*,*,#451,.T.);
#226=ORIENTED_EDGE('',*,*,#525,.F.);
#227=ORIENTED_EDGE('',*,*,#469,.F.);
#228=ORIENTED_EDGE('',*,*,#452,.F.);
#229=ORIENTED_EDGE('',*,*,#451,.F.);
#230=ORIENTED_EDGE('',*,*,#434,.T.);
#231=ORIENTED_EDGE('',*,*,#453,.T.);
#232=ORIENTED_EDGE('',*,*,#515,.F.);
#233=ORIENTED_EDGE('',*,*,#510,.T.);
#234=ORIENTED_EDGE('',*,*,#530,.F.);
#235=ORIENTED_EDGE('',*,*,#453,.F.);
#236=ORIENTED_EDGE('',*,*,#433,.T.);
#237=ORIENTED_EDGE('',*,*,#454,.T.);
#238=ORIENTED_EDGE('',*,*,#514,.F.);
#239=ORIENTED_EDGE('',*,*,#507,.T.);
#240=ORIENTED_EDGE('',*,*,#529,.F.);
#241=ORIENTED_EDGE('',*,*,#454,.F.);
#242=ORIENTED_EDGE('',*,*,#432,.T.);
#243=ORIENTED_EDGE('',*,*,#455,.T.);
#244=ORIENTED_EDGE('',*,*,#513,.F.);
#245=ORIENTED_EDGE('',*,*,#508,.T.);
#246=ORIENTED_EDGE('',*,*,#528,.F.);
#247=ORIENTED_EDGE('',*,*,#455,.F.);
#248=ORIENTED_EDGE('',*,*,#431,.T.);
#249=ORIENTED_EDGE('',*,*,#456,.T.);
#250=ORIENTED_EDGE('',*,*,#512,.F.);
#251=ORIENTED_EDGE('',*,*,#502,.T.);
#252=ORIENTED_EDGE('',*,*,#527,.F.);
#253=ORIENTED_EDGE('',*,*,#456,.F.);
#254=ORIENTED_EDGE('',*,*,#430,.T.);
#255=ORIENTED_EDGE('',*,*,#457,.T.);
#256=ORIENTED_EDGE('',*,*,#511,.F.);
#257=ORIENTED_EDGE('',*,*,#506,.T.);
#258=ORIENTED_EDGE('',*,*,#526,.F.);
#259=ORIENTED_EDGE('',*,*,#457,.F.);
#260=ORIENTED_EDGE('',*,*,#464,.T.);
#261=ORIENTED_EDGE('',*,*,#481,.F.);
#262=ORIENTED_EDGE('',*,*,#465,.T.);
#263=ORIENTED_EDGE('',*,*,#480,.F.);
#264=ORIENTED_EDGE('',*,*,#466,.T.);
#265=ORIENTED_EDGE('',*,*,#479,.F.);
#266=ORIENTED_EDGE('',*,*,#467,.T.);
#267=ORIENTED_EDGE('',*,*,#478,.F.);
#268=ORIENTED_EDGE('',*,*,#468,.T.);
#269=ORIENTED_EDGE('',*,*,#477,.F.);
#270=ORIENTED_EDGE('',*,*,#469,.T.);
#271=ORIENTED_EDGE('',*,*,#476,.F.);
#272=ORIENTED_EDGE('',*,*,#470,.T.);
#273=ORIENTED_EDGE('',*,*,#511,.T.);
#274=ORIENTED_EDGE('',*,*,#526,.T.);
#275=ORIENTED_EDGE('',*,*,#471,.T.);
#276=ORIENTED_EDGE('',*,*,#512,.T.);
#277=ORIENTED_EDGE('',*,*,#527,.T.);
#278=ORIENTED_EDGE('',*,*,#472,.T.);
#279=ORIENTED_EDGE('',*,*,#513,.T.);
#280=ORIENTED_EDGE('',*,*,#528,.T.);
#281=ORIENTED_EDGE('',*,*,#473,.T.);
#282=ORIENTED_EDGE('',*,*,#514,.T.);
#283=ORIENTED_EDGE('',*,*,#529,.T.);
#284=ORIENTED_EDGE('',*,*,#474,.T.);
#285=ORIENTED_EDGE('',*,*,#515,.T.);
#286=ORIENTED_EDGE('',*,*,#530,.T.);
#287=ORIENTED_EDGE('',*,*,#475,.T.);
#288=ORIENTED_EDGE('',*,*,#463,.F.);
#289=ORIENTED_EDGE('',*,*,#488,.F.);
#290=ORIENTED_EDGE('',*,*,#458,.T.);
#291=ORIENTED_EDGE('',*,*,#487,.F.);
#292=ORIENTED_EDGE('',*,*,#459,.T.);
#293=ORIENTED_EDGE('',*,*,#486,.F.);
#294=ORIENTED_EDGE('',*,*,#460,.T.);
#295=ORIENTED_EDGE('',*,*,#485,.F.);
#296=ORIENTED_EDGE('',*,*,#461,.T.);
#297=ORIENTED_EDGE('',*,*,#484,.F.);
#298=ORIENTED_EDGE('',*,*,#462,.T.);
#299=ORIENTED_EDGE('',*,*,#483,.F.);
#300=ORIENTED_EDGE('',*,*,#482,.F.);
#301=ORIENTED_EDGE('',*,*,#489,.T.);
#302=ORIENTED_EDGE('',*,*,#490,.T.);
#303=ORIENTED_EDGE('',*,*,#491,.T.);
#304=ORIENTED_EDGE('',*,*,#540,.T.);
#305=ORIENTED_EDGE('',*,*,#501,.F.);
#306=ORIENTED_EDGE('',*,*,#548,.T.);
#307=ORIENTED_EDGE('',*,*,#496,.F.);
#308=ORIENTED_EDGE('',*,*,#493,.F.);
#309=ORIENTED_EDGE('',*,*,#492,.F.);
#310=ORIENTED_EDGE('',*,*,#495,.F.);
#311=ORIENTED_EDGE('',*,*,#494,.F.);
#312=ORIENTED_EDGE('',*,*,#549,.T.);
#313=ORIENTED_EDGE('',*,*,#500,.F.);
#314=ORIENTED_EDGE('',*,*,#499,.F.);
#315=ORIENTED_EDGE('',*,*,#498,.F.);
#316=ORIENTED_EDGE('',*,*,#497,.F.);
#317=ORIENTED_EDGE('',*,*,#470,.F.);
#318=ORIENTED_EDGE('',*,*,#509,.F.);
#319=ORIENTED_EDGE('',*,*,#499,.T.);
#320=ORIENTED_EDGE('',*,*,#503,.F.);
#321=ORIENTED_EDGE('',*,*,#475,.F.);
#322=ORIENTED_EDGE('',*,*,#510,.F.);
#323=ORIENTED_EDGE('',*,*,#474,.F.);
#324=ORIENTED_EDGE('',*,*,#507,.F.);
#325=ORIENTED_EDGE('',*,*,#473,.F.);
#326=ORIENTED_EDGE('',*,*,#508,.F.);
#327=ORIENTED_EDGE('',*,*,#472,.F.);
#328=ORIENTED_EDGE('',*,*,#502,.F.);
#329=ORIENTED_EDGE('',*,*,#471,.F.);
#330=ORIENTED_EDGE('',*,*,#506,.F.);
#331=ORIENTED_EDGE('',*,*,#481,.T.);
#332=ORIENTED_EDGE('',*,*,#441,.T.);
#333=ORIENTED_EDGE('',*,*,#442,.T.);
#334=ORIENTED_EDGE('',*,*,#482,.T.);
#335=ORIENTED_EDGE('',*,*,#504,.T.);
#336=ORIENTED_EDGE('',*,*,#498,.T.);
#337=ORIENTED_EDGE('',*,*,#509,.T.);
#338=ORIENTED_EDGE('',*,*,#476,.T.);
#339=ORIENTED_EDGE('',*,*,#525,.T.);
#340=ORIENTED_EDGE('',*,*,#452,.T.);
#341=ORIENTED_EDGE('',*,*,#477,.T.);
#342=ORIENTED_EDGE('',*,*,#520,.T.);
#343=ORIENTED_EDGE('',*,*,#450,.T.);
#344=ORIENTED_EDGE('',*,*,#478,.T.);
#345=ORIENTED_EDGE('',*,*,#516,.T.);
#346=ORIENTED_EDGE('',*,*,#448,.T.);
#347=ORIENTED_EDGE('',*,*,#479,.T.);
#348=ORIENTED_EDGE('',*,*,#519,.T.);
#349=ORIENTED_EDGE('',*,*,#446,.T.);
#350=ORIENTED_EDGE('',*,*,#480,.T.);
#351=ORIENTED_EDGE('',*,*,#517,.T.);
#352=ORIENTED_EDGE('',*,*,#444,.T.);
#353=ORIENTED_EDGE('',*,*,#487,.T.);
#354=ORIENTED_EDGE('',*,*,#518,.T.);
#355=ORIENTED_EDGE('',*,*,#531,.T.);
#356=ORIENTED_EDGE('',*,*,#488,.T.);
#357=ORIENTED_EDGE('',*,*,#505,.T.);
#358=ORIENTED_EDGE('',*,*,#497,.T.);
#359=ORIENTED_EDGE('',*,*,#504,.F.);
#360=ORIENTED_EDGE('',*,*,#483,.T.);
#361=ORIENTED_EDGE('',*,*,#521,.T.);
#362=ORIENTED_EDGE('',*,*,#532,.T.);
#363=ORIENTED_EDGE('',*,*,#484,.T.);
#364=ORIENTED_EDGE('',*,*,#524,.T.);
#365=ORIENTED_EDGE('',*,*,#535,.T.);
#366=ORIENTED_EDGE('',*,*,#485,.T.);
#367=ORIENTED_EDGE('',*,*,#523,.T.);
#368=ORIENTED_EDGE('',*,*,#534,.T.);
#369=ORIENTED_EDGE('',*,*,#486,.T.);
#370=ORIENTED_EDGE('',*,*,#522,.T.);
#371=ORIENTED_EDGE('',*,*,#533,.T.);
#372=ORIENTED_EDGE('',*,*,#463,.T.);
#373=ORIENTED_EDGE('',*,*,#503,.T.);
#374=ORIENTED_EDGE('',*,*,#500,.T.);
#375=ORIENTED_EDGE('',*,*,#546,.T.);
#376=ORIENTED_EDGE('',*,*,#490,.F.);
#377=ORIENTED_EDGE('',*,*,#544,.T.);
#378=ORIENTED_EDGE('',*,*,#501,.T.);
#379=ORIENTED_EDGE('',*,*,#505,.F.);
#380=ORIENTED_EDGE('',*,*,#494,.T.);
#381=ORIENTED_EDGE('',*,*,#536,.F.);
#382=ORIENTED_EDGE('',*,*,#416,.F.);
#383=ORIENTED_EDGE('',*,*,#547,.F.);
#384=ORIENTED_EDGE('',*,*,#536,.T.);
#385=ORIENTED_EDGE('',*,*,#495,.T.);
#386=ORIENTED_EDGE('',*,*,#537,.F.);
#387=ORIENTED_EDGE('',*,*,#417,.F.);
#388=ORIENTED_EDGE('',*,*,#545,.T.);
#389=ORIENTED_EDGE('',*,*,#418,.F.);
#390=ORIENTED_EDGE('',*,*,#538,.T.);
#391=ORIENTED_EDGE('',*,*,#496,.T.);
#392=ORIENTED_EDGE('',*,*,#539,.T.);
#393=ORIENTED_EDGE('',*,*,#493,.T.);
#394=ORIENTED_EDGE('',*,*,#538,.F.);
#395=ORIENTED_EDGE('',*,*,#415,.F.);
#396=ORIENTED_EDGE('',*,*,#537,.T.);
#397=ORIENTED_EDGE('',*,*,#492,.T.);
#398=ORIENTED_EDGE('',*,*,#539,.F.);
#399=ORIENTED_EDGE('',*,*,#414,.F.);
#400=ORIENTED_EDGE('',*,*,#541,.F.);
#401=ORIENTED_EDGE('',*,*,#540,.F.);
#402=ORIENTED_EDGE('',*,*,#543,.T.);
#403=ORIENTED_EDGE('',*,*,#542,.F.);
#404=ORIENTED_EDGE('',*,*,#541,.T.);
#405=ORIENTED_EDGE('',*,*,#545,.F.);
#406=ORIENTED_EDGE('',*,*,#548,.F.);
#407=ORIENTED_EDGE('',*,*,#544,.F.);
#408=ORIENTED_EDGE('',*,*,#489,.F.);
#409=ORIENTED_EDGE('',*,*,#546,.F.);
#410=ORIENTED_EDGE('',*,*,#549,.F.);
#411=ORIENTED_EDGE('',*,*,#547,.T.);
#412=ORIENTED_EDGE('',*,*,#543,.F.);
#413=ORIENTED_EDGE('',*,*,#491,.F.);
#414=EDGE_CURVE('',#688,#689,#572,.T.);
#415=EDGE_CURVE('',#689,#690,#573,.T.);
#416=EDGE_CURVE('',#692,#691,#574,.T.);
#417=EDGE_CURVE('',#691,#688,#575,.T.);
#418=EDGE_CURVE('',#690,#693,#576,.T.);
#419=EDGE_CURVE('',#694,#694,#577,.T.);
#420=EDGE_CURVE('',#695,#695,#578,.T.);
#421=EDGE_CURVE('',#696,#696,#579,.T.);
#422=EDGE_CURVE('',#697,#697,#580,.T.);
#423=EDGE_CURVE('',#698,#698,#581,.T.);
#424=EDGE_CURVE('',#699,#699,#582,.T.);
#425=EDGE_CURVE('',#700,#700,#583,.T.);
#426=EDGE_CURVE('',#701,#701,#584,.T.);
#427=EDGE_CURVE('',#702,#702,#585,.T.);
#428=EDGE_CURVE('',#703,#703,#586,.T.);
#429=EDGE_CURVE('',#704,#704,#587,.T.);
#430=EDGE_CURVE('',#705,#705,#588,.T.);
#431=EDGE_CURVE('',#706,#706,#589,.T.);
#432=EDGE_CURVE('',#707,#707,#590,.T.);
#433=EDGE_CURVE('',#708,#708,#591,.T.);
#434=EDGE_CURVE('',#709,#709,#592,.T.);
#435=EDGE_CURVE('',#694,#712,#554,.T.);
#436=EDGE_CURVE('',#695,#715,#555,.T.);
#437=EDGE_CURVE('',#696,#718,#556,.T.);
#438=EDGE_CURVE('',#697,#721,#557,.T.);
#439=EDGE_CURVE('',#698,#724,#558,.T.);
#440=EDGE_CURVE('',#699,#727,#559,.T.);
#441=EDGE_CURVE('',#726,#727,#593,.T.);
#442=EDGE_CURVE('',#727,#725,#594,.T.);
#443=EDGE_CURVE('',#700,#730,#560,.T.);
#444=EDGE_CURVE('',#730,#728,#595,.T.);
#445=EDGE_CURVE('',#701,#733,#561,.T.);
#446=EDGE_CURVE('',#733,#731,#596,.T.);
#447=EDGE_CURVE('',#702,#736,#562,.T.);
#448=EDGE_CURVE('',#736,#734,#597,.T.);
#449=EDGE_CURVE('',#703,#739,#563,.T.);
#450=EDGE_CURVE('',#739,#737,#598,.T.);
#451=EDGE_CURVE('',#704,#742,#564,.T.);
#452=EDGE_CURVE('',#742,#740,#599,.T.);
#453=EDGE_CURVE('',#709,#744,#565,.T.);
#454=EDGE_CURVE('',#708,#747,#566,.T.);
#455=EDGE_CURVE('',#707,#750,#567,.T.);
#456=EDGE_CURVE('',#706,#753,#568,.T.);
#457=EDGE_CURVE('',#705,#756,#569,.T.);
#458=EDGE_CURVE('',#710,#711,#600,.T.);
#459=EDGE_CURVE('',#713,#714,#601,.T.);
#460=EDGE_CURVE('',#716,#717,#602,.T.);
#461=EDGE_CURVE('',#719,#720,#603,.T.);
#462=EDGE_CURVE('',#722,#723,#604,.T.);
#463=EDGE_CURVE('',#761,#759,#605,.T.);
#464=EDGE_CURVE('',#725,#726,#606,.T.);
#465=EDGE_CURVE('',#728,#729,#607,.T.);
#466=EDGE_CURVE('',#731,#732,#608,.T.);
#467=EDGE_CURVE('',#734,#735,#609,.T.);
#468=EDGE_CURVE('',#737,#738,#610,.T.);
#469=EDGE_CURVE('',#740,#741,#611,.T.);
#470=EDGE_CURVE('',#758,#755,#612,.T.);
#471=EDGE_CURVE('',#757,#752,#613,.T.);
#472=EDGE_CURVE('',#754,#749,#614,.T.);
#473=EDGE_CURVE('',#751,#746,#615,.T.);
#474=EDGE_CURVE('',#748,#743,#616,.T.);
#475=EDGE_CURVE('',#745,#759,#617,.T.);
#476=EDGE_CURVE('',#758,#741,#618,.T.);
#477=EDGE_CURVE('',#740,#738,#619,.T.);
#478=EDGE_CURVE('',#737,#735,#620,.T.);
#479=EDGE_CURVE('',#734,#732,#621,.T.);
#480=EDGE_CURVE('',#731,#729,#622,.T.);
#481=EDGE_CURVE('',#728,#726,#623,.T.);
#482=EDGE_CURVE('',#725,#760,#624,.T.);
#483=EDGE_CURVE('',#760,#723,#625,.T.);
#484=EDGE_CURVE('',#722,#720,#626,.T.);
#485=EDGE_CURVE('',#719,#717,#627,.T.);
#486=EDGE_CURVE('',#716,#714,#628,.T.);
#487=EDGE_CURVE('',#713,#711,#629,.T.);
#488=EDGE_CURVE('',#710,#761,#630,.T.);
#489=EDGE_CURVE('',#762,#763,#631,.T.);
#490=EDGE_CURVE('',#763,#764,#632,.T.);
#491=EDGE_CURVE('',#764,#765,#633,.T.);
#492=EDGE_CURVE('',#767,#766,#634,.T.);
#493=EDGE_CURVE('',#766,#768,#635,.T.);
#494=EDGE_CURVE('',#770,#769,#636,.T.);
#495=EDGE_CURVE('',#769,#767,#637,.T.);
#496=EDGE_CURVE('',#768,#771,#638,.T.);
#497=EDGE_CURVE('',#774,#775,#639,.T.);
#498=EDGE_CURVE('',#775,#776,#640,.T.);
#499=EDGE_CURVE('',#776,#777,#641,.T.);
#500=EDGE_CURVE('',#777,#772,#642,.T.);
#501=EDGE_CURVE('',#773,#774,#643,.T.);
#502=EDGE_CURVE('',#752,#754,#644,.T.);
#503=EDGE_CURVE('',#759,#777,#645,.T.);
#504=EDGE_CURVE('',#760,#775,#646,.T.);
#505=EDGE_CURVE('',#761,#774,#647,.T.);
#506=EDGE_CURVE('',#755,#757,#648,.T.);
#507=EDGE_CURVE('',#746,#748,#649,.T.);
#508=EDGE_CURVE('',#749,#751,#650,.T.);
#509=EDGE_CURVE('',#776,#758,#651,.T.);
#510=EDGE_CURVE('',#743,#745,#652,.T.);
#511=EDGE_CURVE('',#755,#756,#653,.T.);
#512=EDGE_CURVE('',#752,#753,#654,.T.);
#513=EDGE_CURVE('',#749,#750,#655,.T.);
#514=EDGE_CURVE('',#746,#747,#656,.T.);
#515=EDGE_CURVE('',#743,#744,#657,.T.);
#516=EDGE_CURVE('',#735,#736,#658,.T.);
#517=EDGE_CURVE('',#729,#730,#659,.T.);
#518=EDGE_CURVE('',#711,#712,#660,.T.);
#519=EDGE_CURVE('',#732,#733,#661,.T.);
#520=EDGE_CURVE('',#738,#739,#662,.T.);
#521=EDGE_CURVE('',#723,#724,#663,.T.);
#522=EDGE_CURVE('',#714,#715,#664,.T.);
#523=EDGE_CURVE('',#717,#718,#665,.T.);
#524=EDGE_CURVE('',#720,#721,#666,.T.);
#525=EDGE_CURVE('',#741,#742,#667,.T.);
#526=EDGE_CURVE('',#756,#757,#668,.T.);
#527=EDGE_CURVE('',#753,#754,#669,.T.);
#528=EDGE_CURVE('',#750,#751,#670,.T.);
#529=EDGE_CURVE('',#747,#748,#671,.T.);
#530=EDGE_CURVE('',#744,#745,#672,.T.);
#531=EDGE_CURVE('',#712,#710,#673,.T.);
#532=EDGE_CURVE('',#724,#722,#674,.T.);
#533=EDGE_CURVE('',#715,#713,#675,.T.);
#534=EDGE_CURVE('',#718,#716,#676,.T.);
#535=EDGE_CURVE('',#721,#719,#677,.T.);
#536=EDGE_CURVE('',#691,#769,#678,.T.);
#537=EDGE_CURVE('',#688,#767,#679,.T.);
#538=EDGE_CURVE('',#690,#768,#680,.T.);
#539=EDGE_CURVE('',#689,#766,#681,.T.);
#540=EDGE_CURVE('',#765,#762,#550,.T.);
#541=EDGE_CURVE('',#762,#693,#570,.T.);
#542=EDGE_CURVE('',#693,#692,#551,.T.);
#543=EDGE_CURVE('',#765,#692,#571,.T.);
#544=EDGE_CURVE('',#763,#773,#682,.T.);
#545=EDGE_CURVE('',#771,#693,#683,.T.);
#546=EDGE_CURVE('',#772,#764,#684,.T.);
#547=EDGE_CURVE('',#770,#692,#685,.T.);
#548=EDGE_CURVE('',#773,#771,#686,.T.);
#549=EDGE_CURVE('',#770,#772,#687,.T.);
#550=TRIMMED_CURVE($,#552,(#2705),(#2706),.T.,.CARTESIAN.);
#551=TRIMMED_CURVE($,#553,(#2710),(#2711),.T.,.CARTESIAN.);
#552=CIRCLE('',#914,3.5384206382854);
#553=CIRCLE('',#915,3.5384206382854);
#554=(
BOUNDED_CURVE()
B_SPLINE_CURVE(3,(#1970,#1971,#1972,#1973),.UNSPECIFIED.,.F.,.F.)
B_SPLINE_CURVE_WITH_KNOTS((4,4),(0.0150870498829498,11.8676966376201),
 .UNSPECIFIED.)
CURVE()
GEOMETRIC_REPRESENTATION_ITEM()
RATIONAL_B_SPLINE_CURVE((1.,1.,1.,1.))
REPRESENTATION_ITEM('')
);
#555=(
BOUNDED_CURVE()
B_SPLINE_CURVE(3,(#1974,#1975,#1976,#1977),.UNSPECIFIED.,.F.,.F.)
B_SPLINE_CURVE_WITH_KNOTS((4,4),(0.0150864898447553,11.867256103291),
 .UNSPECIFIED.)
CURVE()
GEOMETRIC_REPRESENTATION_ITEM()
RATIONAL_B_SPLINE_CURVE((1.,1.,1.,1.))
REPRESENTATION_ITEM('')
);
#556=(
BOUNDED_CURVE()
B_SPLINE_CURVE(3,(#1978,#1979,#1980,#1981),.UNSPECIFIED.,.F.,.F.)
B_SPLINE_CURVE_WITH_KNOTS((4,4),(0.0150863031607353,11.8671092548805),
 .UNSPECIFIED.)
CURVE()
GEOMETRIC_REPRESENTATION_ITEM()
RATIONAL_B_SPLINE_CURVE((1.,1.,1.,1.))
REPRESENTATION_ITEM('')
);
#557=(
BOUNDED_CURVE()
B_SPLINE_CURVE(3,(#1982,#1983,#1984,#1985),.UNSPECIFIED.,.F.,.F.)
B_SPLINE_CURVE_WITH_KNOTS((4,4),(0.0150864898447579,11.867256103291),
 .UNSPECIFIED.)
CURVE()
GEOMETRIC_REPRESENTATION_ITEM()
RATIONAL_B_SPLINE_CURVE((1.,1.,1.,1.))
REPRESENTATION_ITEM('')
);
#558=(
BOUNDED_CURVE()
B_SPLINE_CURVE(3,(#1986,#1987,#1988,#1989),.UNSPECIFIED.,.F.,.F.)
B_SPLINE_CURVE_WITH_KNOTS((4,4),(0.0150870498829485,11.8676966376201),
 .UNSPECIFIED.)
CURVE()
GEOMETRIC_REPRESENTATION_ITEM()
RATIONAL_B_SPLINE_CURVE((1.,1.,1.,1.))
REPRESENTATION_ITEM('')
);
#559=(
BOUNDED_CURVE()
B_SPLINE_CURVE(3,(#1990,#1991,#1992,#1993),.UNSPECIFIED.,.F.,.F.)
B_SPLINE_CURVE_WITH_KNOTS((4,4),(0.00913659455687479,13.628607784984),
 .UNSPECIFIED.)
CURVE()
GEOMETRIC_REPRESENTATION_ITEM()
RATIONAL_B_SPLINE_CURVE((1.,1.,1.,1.))
REPRESENTATION_ITEM('')
);
#560=(
BOUNDED_CURVE()
B_SPLINE_CURVE(3,(#2020,#2021,#2022,#2023),.UNSPECIFIED.,.F.,.F.)
B_SPLINE_CURVE_WITH_KNOTS((4,4),(0.00888637070122454,13.6298509706117),
 .UNSPECIFIED.)
CURVE()
GEOMETRIC_REPRESENTATION_ITEM()
RATIONAL_B_SPLINE_CURVE((1.,1.,1.,1.))
REPRESENTATION_ITEM('')
);
#561=(
BOUNDED_CURVE()
B_SPLINE_CURVE(3,(#2028,#2029,#2030,#2031),.UNSPECIFIED.,.F.,.F.)
B_SPLINE_CURVE_WITH_KNOTS((4,4),(0.00863639626635747,13.6314311613144),
 .UNSPECIFIED.)
CURVE()
GEOMETRIC_REPRESENTATION_ITEM()
RATIONAL_B_SPLINE_CURVE((1.,1.,1.,1.))
REPRESENTATION_ITEM('')
);
#562=(
BOUNDED_CURVE()
B_SPLINE_CURVE(3,(#2036,#2037,#2038,#2039),.UNSPECIFIED.,.F.,.F.)
B_SPLINE_CURVE_WITH_KNOTS((4,4),(0.00838667134412007,13.6333482286275),
 .UNSPECIFIED.)
CURVE()
GEOMETRIC_REPRESENTATION_ITEM()
RATIONAL_B_SPLINE_CURVE((1.,1.,1.,1.))
REPRESENTATION_ITEM('')
);
#563=(
BOUNDED_CURVE()
B_SPLINE_CURVE(3,(#2044,#2045,#2046,#2047),.UNSPECIFIED.,.F.,.F.)
B_SPLINE_CURVE_WITH_KNOTS((4,4),(0.0081371960074296,13.6356020191921),
 .UNSPECIFIED.)
CURVE()
GEOMETRIC_REPRESENTATION_ITEM()
RATIONAL_B_SPLINE_CURVE((1.,1.,1.,1.))
REPRESENTATION_ITEM('')
);
#564=(
BOUNDED_CURVE()
B_SPLINE_CURVE(3,(#2052,#2053,#2054,#2055),.UNSPECIFIED.,.F.,.F.)
B_SPLINE_CURVE_WITH_KNOTS((4,4),(0.00788797031029065,13.6381923548115),
 .UNSPECIFIED.)
CURVE()
GEOMETRIC_REPRESENTATION_ITEM()
RATIONAL_B_SPLINE_CURVE((1.,1.,1.,1.))
REPRESENTATION_ITEM('')
);
#565=(
BOUNDED_CURVE()
B_SPLINE_CURVE(3,(#2060,#2061,#2062,#2063),.UNSPECIFIED.,.F.,.F.)
B_SPLINE_CURVE_WITH_KNOTS((4,4),(0.0064487807146408,14.0259652541966),
 .UNSPECIFIED.)
CURVE()
GEOMETRIC_REPRESENTATION_ITEM()
RATIONAL_B_SPLINE_CURVE((1.,1.,1.,1.))
REPRESENTATION_ITEM('')
);
#566=(
BOUNDED_CURVE()
B_SPLINE_CURVE(3,(#2064,#2065,#2066,#2067),.UNSPECIFIED.,.F.,.F.)
B_SPLINE_CURVE_WITH_KNOTS((4,4),(0.00645304988192667,14.0237567019355),
 .UNSPECIFIED.)
CURVE()
GEOMETRIC_REPRESENTATION_ITEM()
RATIONAL_B_SPLINE_CURVE((1.,1.,1.,1.))
REPRESENTATION_ITEM('')
);
#567=(
BOUNDED_CURVE()
B_SPLINE_CURVE(3,(#2068,#2069,#2070,#2071),.UNSPECIFIED.,.F.,.F.)
B_SPLINE_CURVE_WITH_KNOTS((4,4),(0.00645404917686361,14.0220719412985),
 .UNSPECIFIED.)
CURVE()
GEOMETRIC_REPRESENTATION_ITEM()
RATIONAL_B_SPLINE_CURVE((1.,1.,1.,1.))
REPRESENTATION_ITEM('')
);
#568=(
BOUNDED_CURVE()
B_SPLINE_CURVE(3,(#2072,#2073,#2074,#2075),.UNSPECIFIED.,.F.,.F.)
B_SPLINE_CURVE_WITH_KNOTS((4,4),(0.00645304988193175,14.0237567019355),
 .UNSPECIFIED.)
CURVE()
GEOMETRIC_REPRESENTATION_ITEM()
RATIONAL_B_SPLINE_CURVE((1.,1.,1.,1.))
REPRESENTATION_ITEM('')
);
#569=(
BOUNDED_CURVE()
B_SPLINE_CURVE(3,(#2076,#2077,#2078,#2079),.UNSPECIFIED.,.F.,.F.)
B_SPLINE_CURVE_WITH_KNOTS((4,4),(0.00644878071463888,14.0259652541966),
 .UNSPECIFIED.)
CURVE()
GEOMETRIC_REPRESENTATION_ITEM()
RATIONAL_B_SPLINE_CURVE((1.,1.,1.,1.))
REPRESENTATION_ITEM('')
);
#570=(
BOUNDED_CURVE()
B_SPLINE_CURVE(1,(#2707,#2708),.UNSPECIFIED.,.F.,.F.)
B_SPLINE_CURVE_WITH_KNOTS((2,2),(0.,1.10646544948048),.UNSPECIFIED.)
CURVE()
GEOMETRIC_REPRESENTATION_ITEM()
RATIONAL_B_SPLINE_CURVE((1.,1.))
REPRESENTATION_ITEM('')
);
#571=(
BOUNDED_CURVE()
B_SPLINE_CURVE(1,(#2712,#2713),.UNSPECIFIED.,.F.,.F.)
B_SPLINE_CURVE_WITH_KNOTS((2,2),(0.,1.10646544948048),.UNSPECIFIED.)
CURVE()
GEOMETRIC_REPRESENTATION_ITEM()
RATIONAL_B_SPLINE_CURVE((1.,1.))
REPRESENTATION_ITEM('')
);
#572=B_SPLINE_CURVE_WITH_KNOTS('',1,(#1624,#1625),.UNSPECIFIED.,.F.,.F.,
(2,2),(0.,9.),.UNSPECIFIED.);
#573=B_SPLINE_CURVE_WITH_KNOTS('',1,(#1626,#1627),.UNSPECIFIED.,.F.,.F.,
(2,2),(9.,20.5),.UNSPECIFIED.);
#574=B_SPLINE_CURVE_WITH_KNOTS('',1,(#1628,#1629),.UNSPECIFIED.,.F.,.F.,
(2,2),(28.3878495472945,29.5),.UNSPECIFIED.);
#575=B_SPLINE_CURVE_WITH_KNOTS('',1,(#1630,#1631),.UNSPECIFIED.,.F.,.F.,
(2,2),(29.5,41.),.UNSPECIFIED.);
#576=B_SPLINE_CURVE_WITH_KNOTS('',1,(#1632,#1633),.UNSPECIFIED.,.F.,.F.,
(2,2),(20.5,21.6121504527055),.UNSPECIFIED.);
#577=B_SPLINE_CURVE_WITH_KNOTS('',3,(#1634,#1635,#1636,#1637,#1638,#1639,
#1640,#1641,#1642,#1643,#1644,#1645,#1646,#1647,#1648,#1649,#1650,#1651,
#1652,#1653,#1654),.UNSPECIFIED.,.T.,.F.,(4,2,3,2,3,2,3,2,4),(0.,0.362646145099489,
0.725225415887979,1.0879019445016,1.45067668008523,1.81337545307684,2.17597623218503,
2.53863135012832,2.90135350617801),.UNSPECIFIED.);
#578=B_SPLINE_CURVE_WITH_KNOTS('',3,(#1655,#1656,#1657,#1658,#1659,#1660,
#1661,#1662,#1663,#1664,#1665,#1666,#1667,#1668,#1669,#1670,#1671,#1672,
#1673,#1674,#1675),.UNSPECIFIED.,.T.,.F.,(4,2,3,2,3,2,3,2,4),(0.,0.362664366864404,
0.725261320053872,1.08791779381757,1.45067315609536,1.81339053595798,2.17600913465171,
2.53864401272192,2.90134638661771),.UNSPECIFIED.);
#579=B_SPLINE_CURVE_WITH_KNOTS('',3,(#1676,#1677,#1678,#1679,#1680,#1681,
#1682,#1683,#1684,#1685,#1686,#1687,#1688,#1689,#1690,#1691,#1692,#1693,
#1694,#1695,#1696),.UNSPECIFIED.,.T.,.F.,(4,2,3,2,3,2,3,2,4),(0.,0.362683110308077,
0.725298599686642,1.08793576336566,1.45067200669716,1.81340825002868,2.17604541370769,
2.53866090308623,2.90134401339432),.UNSPECIFIED.);
#580=B_SPLINE_CURVE_WITH_KNOTS('',3,(#1697,#1698,#1699,#1700,#1701,#1702,
#1703,#1704,#1705,#1706,#1707,#1708,#1709,#1710,#1711,#1712,#1713,#1714,
#1715,#1716,#1717),.UNSPECIFIED.,.T.,.F.,(4,2,3,2,3,2,3,2,4),(0.,0.362702373895763,
0.725337251966002,1.08795585065972,1.45067323052235,1.81342859280015,2.17608506656384,
2.53868201975329,2.90134638661771),.UNSPECIFIED.);
#581=B_SPLINE_CURVE_WITH_KNOTS('',3,(#1718,#1719,#1720,#1721,#1722,#1723,
#1724,#1725,#1726,#1727,#1728,#1729,#1730,#1731,#1732,#1733,#1734,#1735,
#1736,#1737,#1738),.UNSPECIFIED.,.T.,.F.,(4,2,3,2,3,2,3,2,4),(0.,0.362722156049685,
0.725377273992988,1.08797805310115,1.45067682609278,1.81345156167639,2.17612809029003,
2.53870736107853,2.90135350617801),.UNSPECIFIED.);
#582=B_SPLINE_CURVE_WITH_KNOTS('',3,(#1739,#1740,#1741,#1742,#1743,#1744,
#1745,#1746,#1747,#1748,#1749,#1750,#1751,#1752,#1753,#1754,#1755,#1756,
#1757,#1758,#1759),.UNSPECIFIED.,.T.,.F.,(4,2,3,2,3,2,3,2,4),(0.,0.362623787752661,
0.725312856077093,1.08811865232113,1.45082912958936,1.81340212356506,2.17607006150765,
2.53889650890622,2.9016575691903),.UNSPECIFIED.);
#583=B_SPLINE_CURVE_WITH_KNOTS('',3,(#1760,#1761,#1762,#1763,#1764,#1765,
#1766,#1767,#1768,#1769,#1770,#1771,#1772,#1773,#1774,#1775,#1776,#1777,
#1778,#1779,#1780),.UNSPECIFIED.,.T.,.F.,(4,2,3,2,3,2,3,2,4),(0.,0.362606961914594,
0.725277793545368,1.08810356290501,1.4508359949466,1.81339320723305,2.17604328912582,
2.53888920240711,2.90167111788714),.UNSPECIFIED.);
#584=B_SPLINE_CURVE_WITH_KNOTS('',3,(#1781,#1782,#1783,#1784,#1785,#1786,
#1787,#1788,#1789,#1790,#1791,#1792,#1793,#1794,#1795,#1796,#1797,#1798,
#1799,#1800,#1801),.UNSPECIFIED.,.T.,.F.,(4,2,3,2,3,2,3,2,4),(0.,0.362590622636243,
0.725243369427128,1.08808936226198,1.45084449237109,1.81338666919081,2.17601915573175,
2.53888468000126,2.90168793606423),.UNSPECIFIED.);
#585=B_SPLINE_CURVE_WITH_KNOTS('',3,(#1802,#1803,#1804,#1805,#1806,#1807,
#1808,#1809,#1810,#1811,#1812,#1813,#1814,#1815,#1816,#1817,#1818,#1819,
#1820,#1821,#1822),.UNSPECIFIED.,.T.,.F.,(4,2,3,2,3,2,3,2,4),(0.,0.362574769831057,
0.725209584443135,1.08807605001793,1.45085462100167,1.81338250871671,2.17599766172563,
2.53888294144842,2.90170802314377),.UNSPECIFIED.);
#586=B_SPLINE_CURVE_WITH_KNOTS('',3,(#1823,#1824,#1825,#1826,#1827,#1828,
#1829,#1830,#1831,#1832,#1833,#1834,#1835,#1836,#1837,#1838,#1839,#1840,
#1841,#1842,#1843),.UNSPECIFIED.,.T.,.F.,(4,2,3,2,3,2,3,2,4),(0.,0.362559403370958,
0.725176439287133,1.08806362577733,1.45086637992316,1.81338072500025,2.17597880741841,
2.53888398643691,2.90173137843603),.UNSPECIFIED.);
#587=B_SPLINE_CURVE_WITH_KNOTS('',3,(#1844,#1845,#1846,#1847,#1848,#1849,
#1850,#1851,#1852,#1853,#1854,#1855,#1856,#1857,#1858,#1859,#1860,#1861,
#1862,#1863,#1864),.UNSPECIFIED.,.T.,.F.,(4,2,3,2,3,2,3,2,4),(0.,0.362544523086383,
0.725143934625552,1.08805208912338,1.4508797681669,1.81338131714234,2.17596259303167,
2.53888781458381,2.90175800113958),.UNSPECIFIED.);
#588=B_SPLINE_CURVE_WITH_KNOTS('',3,(#1865,#1866,#1867,#1868,#1869,#1870,
#1871,#1872,#1873,#1874,#1875,#1876,#1877,#1878,#1879,#1880,#1881,#1882,
#1883,#1884,#1885),.UNSPECIFIED.,.T.,.F.,(4,2,3,2,3,2,3,2,4),(0.,0.362613526798083,
0.725195182244641,1.08784052173273,1.45053476282733,1.81316285193632,2.17574209873292,
2.5383600346943,2.90101301446079),.UNSPECIFIED.);
#589=B_SPLINE_CURVE_WITH_KNOTS('',3,(#1886,#1887,#1888,#1889,#1890,#1891,
#1892,#1893,#1894,#1895,#1896,#1897,#1898,#1899,#1900,#1901,#1902,#1903,
#1904,#1905,#1906),.UNSPECIFIED.,.T.,.F.,(4,2,3,2,3,2,3,2,4),(0.,0.362624147033562,
0.725215141857566,1.08784304282731,1.4505206039799,1.81316506392926,2.17575989961078,
2.53836900051468,2.90101284346986),.UNSPECIFIED.);
#590=B_SPLINE_CURVE_WITH_KNOTS('',3,(#1907,#1908,#1909,#1910,#1911,#1912,
#1913,#1914,#1915,#1916,#1917,#1918,#1919,#1920,#1921,#1922,#1923,#1924,
#1925,#1926,#1927),.UNSPECIFIED.,.T.,.F.,(4,2,3,2,3,2,3,2,4),(0.,0.362634245651051,
0.725234381008245,1.08784544224572,1.45050640255211,1.81316736285849,2.17577842409598,
2.53837855945317,2.90101280510422),.UNSPECIFIED.);
#591=B_SPLINE_CURVE_WITH_KNOTS('',3,(#1928,#1929,#1930,#1931,#1932,#1933,
#1934,#1935,#1936,#1937,#1938,#1939,#1940,#1941,#1942,#1943,#1944,#1945,
#1946,#1947,#1948),.UNSPECIFIED.,.T.,.F.,(4,2,3,2,3,2,3,2,4),(0.,0.362643842955191,
0.725252943859082,1.08784777954059,1.45049223948996,1.81316980064255,2.17579770161229,
2.53838869643628,2.90101284346986),.UNSPECIFIED.);
#592=B_SPLINE_CURVE_WITH_KNOTS('',3,(#1949,#1950,#1951,#1952,#1953,#1954,
#1955,#1956,#1957,#1958,#1959,#1960,#1961,#1962,#1963,#1964,#1965,#1966,
#1967,#1968,#1969),.UNSPECIFIED.,.T.,.F.,(4,2,3,2,3,2,3,2,4),(0.,0.3626529797665,
0.72527091572787,1.08785016252446,1.45047825163346,1.81317249272806,2.17581783221615,
2.5383994876627,2.90101301446079),.UNSPECIFIED.);
#593=B_SPLINE_CURVE_WITH_KNOTS('',3,(#1994,#1995,#1996,#1997,#1998,#1999,
#2000,#2001,#2002,#2003,#2004,#2005,#2006,#2007,#2008,#2009,#2010,#2011,
#2012,#2013,#2014,#2015),.UNSPECIFIED.,.F.,.F.,(4,3,2,2,2,3,2,2,2,4),(0.010376940513185,
0.44725124491542,0.989396792402205,1.52927428140913,2.06824053715247,2.40227141039569,
2.73075651733761,3.2689580591927,3.8076988586063,4.34874359977991),
 .UNSPECIFIED.);
#594=B_SPLINE_CURVE_WITH_KNOTS('',3,(#2016,#2017,#2018,#2019),
 .UNSPECIFIED.,.F.,.F.,(4,4),(4.34874359977991,4.78560219626385),
 .UNSPECIFIED.);
#595=B_SPLINE_CURVE_WITH_KNOTS('',3,(#2024,#2025,#2026,#2027),
 .UNSPECIFIED.,.F.,.F.,(4,4),(4.34917038999104,4.78602179659948),
 .UNSPECIFIED.);
#596=B_SPLINE_CURVE_WITH_KNOTS('',3,(#2032,#2033,#2034,#2035),
 .UNSPECIFIED.,.F.,.F.,(4,4),(4.34960243197642,4.78650132346794),
 .UNSPECIFIED.);
#597=B_SPLINE_CURVE_WITH_KNOTS('',3,(#2040,#2041,#2042,#2043),
 .UNSPECIFIED.,.F.,.F.,(4,4),(4.34997769690273,4.78691197207137),
 .UNSPECIFIED.);
#598=B_SPLINE_CURVE_WITH_KNOTS('',3,(#2048,#2049,#2050,#2051),
 .UNSPECIFIED.,.F.,.F.,(4,4),(4.35044977363304,4.78742995081411),
 .UNSPECIFIED.);
#599=B_SPLINE_CURVE_WITH_KNOTS('',3,(#2056,#2057,#2058,#2059),
 .UNSPECIFIED.,.F.,.F.,(4,4),(4.35101861835587,4.78805520727632),
 .UNSPECIFIED.);
#600=B_SPLINE_CURVE_WITH_KNOTS('',3,(#2080,#2081,#2082,#2083,#2084,#2085,
#2086,#2087,#2088,#2089,#2090),.UNSPECIFIED.,.F.,.F.,(4,2,3,2,4),(0.854330582557093,
1.10374306322786,1.45067668008523,1.79753815039273,2.04698445515001),
 .UNSPECIFIED.);
#601=B_SPLINE_CURVE_WITH_KNOTS('',3,(#2091,#2092,#2093,#2094,#2095,#2096,
#2097,#2098,#2099,#2100,#2101),.UNSPECIFIED.,.F.,.F.,(4,2,3,2,4),(0.854338117846897,
1.10375797145644,1.45067315609536,1.79755226643428,2.04698903376123),
 .UNSPECIFIED.);
#602=B_SPLINE_CURVE_WITH_KNOTS('',3,(#2102,#2103,#2104,#2105,#2106,#2107,
#2108,#2109,#2110,#2111,#2112),.UNSPECIFIED.,.F.,.F.,(4,2,3,2,4),(0.854347041525367,
1.10377499124079,1.45067200669716,1.79756902215354,2.04699697186894),
 .UNSPECIFIED.);
#603=B_SPLINE_CURVE_WITH_KNOTS('',3,(#2113,#2114,#2115,#2116,#2117,#2118,
#2119,#2120,#2121,#2122,#2123),.UNSPECIFIED.,.F.,.F.,(4,2,3,2,4),(0.854357352856483,
1.10379412018347,1.45067323052235,1.79758841516123,2.04700826877082),
 .UNSPECIFIED.);
#604=B_SPLINE_CURVE_WITH_KNOTS('',3,(#2124,#2125,#2126,#2127,#2128,#2129,
#2130,#2131,#2132,#2133,#2134),.UNSPECIFIED.,.F.,.F.,(4,2,3,2,4),(0.854369051028,
1.1038153557853,1.45067682609278,1.79761044295016,2.04702292362089),
 .UNSPECIFIED.);
#605=B_SPLINE_CURVE_WITH_KNOTS('',1,(#2135,#2136),.UNSPECIFIED.,.F.,.F.,
(2,2),(-12.8674327992108,-2.94216000141563),.UNSPECIFIED.);
#606=B_SPLINE_CURVE_WITH_KNOTS('',3,(#2137,#2138,#2139,#2140,#2141,#2142,
#2143,#2144,#2145,#2146,#2147),.UNSPECIFIED.,.F.,.F.,(4,2,3,2,4),(0.115193269421188,
0.362623787752654,0.725312856077093,1.08811865232112,1.3354737207314),
 .UNSPECIFIED.);
#607=B_SPLINE_CURVE_WITH_KNOTS('',3,(#2148,#2149,#2150,#2151,#2152,#2153,
#2154,#2155,#2156,#2157,#2158),.UNSPECIFIED.,.F.,.F.,(4,2,3,2,4),(0.10681277073788,
0.346783948807403,0.725277793545366,1.10393560450022,1.34379682881229),
 .UNSPECIFIED.);
#608=B_SPLINE_CURVE_WITH_KNOTS('',3,(#2159,#2160,#2161,#2162,#2163,#2164,
#2165,#2166,#2167,#2168,#2169),.UNSPECIFIED.,.F.,.F.,(4,2,3,2,4),(0.106789903111763,
0.346768285686896,0.725243369427129,1.10392261161948,1.34376787879919),
 .UNSPECIFIED.);
#609=B_SPLINE_CURVE_WITH_KNOTS('',3,(#2170,#2171,#2172,#2173,#2174,#2175,
#2176,#2177,#2178,#2179,#2180),.UNSPECIFIED.,.F.,.F.,(4,2,3,2,4),(0.106766395099043,
0.346753056106298,0.725209584443135,1.10391055869889,1.34375343068163),
 .UNSPECIFIED.);
#610=B_SPLINE_CURVE_WITH_KNOTS('',3,(#2181,#2182,#2183,#2184,#2185,#2186,
#2187,#2188,#2189,#2190,#2191),.UNSPECIFIED.,.F.,.F.,(4,2,3,2,4),(0.106741399097012,
0.346738259922715,0.725176439287133,1.10389944540099,1.34374067134831),
 .UNSPECIFIED.);
#611=B_SPLINE_CURVE_WITH_KNOTS('',3,(#2192,#2193,#2194,#2195,#2196,#2197,
#2198,#2199,#2200,#2201,#2202),.UNSPECIFIED.,.F.,.F.,(4,2,3,2,4),(0.106716395985862,
0.34672389695169,0.725143934625552,1.10388927137372,1.34372960176931),
 .UNSPECIFIED.);
#612=B_SPLINE_CURVE_WITH_KNOTS('',1,(#2203,#2204),.UNSPECIFIED.,.F.,.F.,
(2,2),(2.53256720078929,4.52546522206721),.UNSPECIFIED.);
#613=B_SPLINE_CURVE_WITH_KNOTS('',1,(#2205,#2206),.UNSPECIFIED.,.F.,.F.,
(2,2),(5.3947529052084,5.79539267691265),.UNSPECIFIED.);
#614=B_SPLINE_CURVE_WITH_KNOTS('',1,(#2207,#2208),.UNSPECIFIED.,.F.,.F.,
(2,2),(6.66470730394274,7.06536332350332),.UNSPECIFIED.);
#615=B_SPLINE_CURVE_WITH_KNOTS('',1,(#2209,#2210),.UNSPECIFIED.,.F.,.F.,
(2,2),(7.93463667567348,8.33529269605716),.UNSPECIFIED.);
#616=B_SPLINE_CURVE_WITH_KNOTS('',1,(#2211,#2212),.UNSPECIFIED.,.F.,.F.,
(2,2),(9.20460732308724,9.6052422229628),.UNSPECIFIED.);
#617=B_SPLINE_CURVE_WITH_KNOTS('',1,(#2213,#2214),.UNSPECIFIED.,.F.,.F.,
(2,2),(10.4745580210037,15.3674327992107),.UNSPECIFIED.);
#618=B_SPLINE_CURVE_WITH_KNOTS('',1,(#2215,#2216),.UNSPECIFIED.,.F.,.F.,
(2,2),(2.94216000141547,3.65947813131839),.UNSPECIFIED.);
#619=B_SPLINE_CURVE_WITH_KNOTS('',1,(#2217,#2218),.UNSPECIFIED.,.F.,.F.,
(2,2),(4.53153842428958,4.92943277188102),.UNSPECIFIED.);
#620=B_SPLINE_CURVE_WITH_KNOTS('',1,(#2219,#2220),.UNSPECIFIED.,.F.,.F.,
(2,2),(5.80147244344152,6.19938602825745),.UNSPECIFIED.);
#621=B_SPLINE_CURVE_WITH_KNOTS('',1,(#2221,#2222),.UNSPECIFIED.,.F.,.F.,
(2,2),(7.07140760640754,7.46933790028877),.UNSPECIFIED.);
#622=B_SPLINE_CURVE_WITH_KNOTS('',1,(#2223,#2224),.UNSPECIFIED.,.F.,.F.,
(2,2),(8.3413443017753,8.73928518949669),.UNSPECIFIED.);
#623=B_SPLINE_CURVE_WITH_KNOTS('',1,(#2225,#2226),.UNSPECIFIED.,.F.,.F.,
(2,2),(9.61128223572547,10.0092292256561),.UNSPECIFIED.);
#624=B_SPLINE_CURVE_WITH_KNOTS('',1,(#2227,#2228),.UNSPECIFIED.,.F.,.F.,
(2,2),(10.881219970514,12.8674327992108),.UNSPECIFIED.);
#625=B_SPLINE_CURVE_WITH_KNOTS('',1,(#2229,#2230),.UNSPECIFIED.,.F.,.F.,
(2,2),(2.53256720078933,4.52548688457196),.UNSPECIFIED.);
#626=B_SPLINE_CURVE_WITH_KNOTS('',1,(#2231,#2232),.UNSPECIFIED.,.F.,.F.,
(2,2),(5.39474082391906,5.79543202662174),.UNSPECIFIED.);
#627=B_SPLINE_CURVE_WITH_KNOTS('',1,(#2233,#2234),.UNSPECIFIED.,.F.,.F.,
(2,2),(6.66468182805029,7.06537578853779),.UNSPECIFIED.);
#628=B_SPLINE_CURVE_WITH_KNOTS('',1,(#2235,#2236),.UNSPECIFIED.,.F.,.F.,
(2,2),(7.93462421072666,8.33531817133849),.UNSPECIFIED.);
#629=B_SPLINE_CURVE_WITH_KNOTS('',1,(#2237,#2238),.UNSPECIFIED.,.F.,.F.,
(2,2),(9.20456797276513,9.60525917546041),.UNSPECIFIED.);
#630=B_SPLINE_CURVE_WITH_KNOTS('',1,(#2239,#2240),.UNSPECIFIED.,.F.,.F.,
(2,2),(10.4745131150311,15.3674327992106),.UNSPECIFIED.);
#631=B_SPLINE_CURVE_WITH_KNOTS('',1,(#2241,#2242),.UNSPECIFIED.,.F.,.F.,
(2,2),(0.,2.50640036399327),.UNSPECIFIED.);
#632=B_SPLINE_CURVE_WITH_KNOTS('',1,(#2243,#2244),.UNSPECIFIED.,.F.,.F.,
(2,2),(0.,7.07684127657081),.UNSPECIFIED.);
#633=B_SPLINE_CURVE_WITH_KNOTS('',1,(#2245,#2246),.UNSPECIFIED.,.F.,.F.,
(2,2),(0.,2.50640036399336),.UNSPECIFIED.);
#634=B_SPLINE_CURVE_WITH_KNOTS('',1,(#2247,#2248),.UNSPECIFIED.,.F.,.F.,
(2,2),(0.,9.),.UNSPECIFIED.);
#635=B_SPLINE_CURVE_WITH_KNOTS('',1,(#2249,#2250),.UNSPECIFIED.,.F.,.F.,
(2,2),(9.,20.5),.UNSPECIFIED.);
#636=B_SPLINE_CURVE_WITH_KNOTS('',1,(#2251,#2252),.UNSPECIFIED.,.F.,.F.,
(2,2),(28.3878495472945,29.5),.UNSPECIFIED.);
#637=B_SPLINE_CURVE_WITH_KNOTS('',1,(#2253,#2254),.UNSPECIFIED.,.F.,.F.,
(2,2),(29.5,41.),.UNSPECIFIED.);
#638=B_SPLINE_CURVE_WITH_KNOTS('',1,(#2255,#2256),.UNSPECIFIED.,.F.,.F.,
(2,2),(20.5,21.6121504527055),.UNSPECIFIED.);
#639=B_SPLINE_CURVE_WITH_KNOTS('',1,(#2257,#2258),.UNSPECIFIED.,.F.,.F.,
(2,2),(0.,17.8999999999999),.UNSPECIFIED.);
#640=B_SPLINE_CURVE_WITH_KNOTS('',1,(#2259,#2260),.UNSPECIFIED.,.F.,.F.,
(2,2),(0.,15.4000000000002),.UNSPECIFIED.);
#641=B_SPLINE_CURVE_WITH_KNOTS('',1,(#2261,#2262),.UNSPECIFIED.,.F.,.F.,
(2,2),(0.,17.9000000000001),.UNSPECIFIED.);
#642=B_SPLINE_CURVE_WITH_KNOTS('',1,(#2263,#2264),.UNSPECIFIED.,.F.,.F.,
(2,2),(0.,4.16157936171468),.UNSPECIFIED.);
#643=B_SPLINE_CURVE_WITH_KNOTS('',1,(#2265,#2266),.UNSPECIFIED.,.F.,.F.,
(2,2),(0.,4.16157936171462),.UNSPECIFIED.);
#644=B_SPLINE_CURVE_WITH_KNOTS('',3,(#2267,#2268,#2269,#2270,#2271,#2272,
#2273,#2274,#2275,#2276,#2277,#2278,#2279,#2280,#2281,#2282,#2283,#2284,
#2285,#2286,#2287,#2288,#2289,#2290,#2291),.UNSPECIFIED.,.F.,.F.,(4,3,2,
2,2,3,2,2,2,3,4),(6.12546351449669,6.50228722193596,7.06317404226401,7.62191563482718,
8.17824033392922,8.53794911740974,8.84118933241276,9.38279193044149,9.92350597429711,
10.4666948560713,11.01665861016),.UNSPECIFIED.);
#645=B_SPLINE_CURVE_WITH_KNOTS('',1,(#2292,#2293),.UNSPECIFIED.,.F.,.F.,
(2,2),(-16.4544918515315,0.),.UNSPECIFIED.);
#646=B_SPLINE_CURVE_WITH_KNOTS('',1,(#2294,#2295),.UNSPECIFIED.,.F.,.F.,
(2,2),(-16.1893173613502,0.),.UNSPECIFIED.);
#647=B_SPLINE_CURVE_WITH_KNOTS('',1,(#2296,#2297),.UNSPECIFIED.,.F.,.F.,
(2,2),(-16.1893173613502,0.),.UNSPECIFIED.);
#648=B_SPLINE_CURVE_WITH_KNOTS('',3,(#2298,#2299,#2300,#2301,#2302,#2303,
#2304,#2305,#2306,#2307,#2308,#2309,#2310,#2311,#2312,#2313,#2314,#2315,
#2316,#2317,#2318,#2319,#2320),.UNSPECIFIED.,.F.,.F.,(4,3,2,2,2,3,2,2,3,
4),(0.010201265162325,0.299496669498604,0.869883544828683,1.43835123704992,
2.00341401177793,2.39318561035964,2.67740358959251,3.21789697830143,4.27522643025825,
4.90956829404489),.UNSPECIFIED.);
#649=B_SPLINE_CURVE_WITH_KNOTS('',3,(#2321,#2322,#2323,#2324,#2325,#2326,
#2327,#2328,#2329,#2330,#2331,#2332,#2333,#2334,#2335,#2336,#2337,#2338,
#2339,#2340,#2341,#2342,#2343,#2344,#2345),.UNSPECIFIED.,.F.,.F.,(4,3,2,
2,2,3,2,2,2,3,4),(6.12550053245609,6.6754642865449,7.21865316831903,7.7593672121748,
8.30096981020338,8.60421002520646,8.96391880868692,9.52024350778891,10.078985100352,
10.6398719206802,11.0166956281082),.UNSPECIFIED.);
#650=B_SPLINE_CURVE_WITH_KNOTS('',3,(#2346,#2347,#2348,#2349,#2350,#2351,
#2352,#2353,#2354,#2355,#2356,#2357,#2358,#2359,#2360,#2361,#2362,#2363,
#2364,#2365,#2366,#2367,#2368,#2369,#2370),.UNSPECIFIED.,.F.,.F.,(4,3,2,
2,2,3,2,2,2,3,4),(0.010233821676504,0.474161688842438,1.02606793178897,
1.57564517768646,2.1242003355237,2.45448316201027,2.78476598849674,3.33332114633393,
3.88289839223154,4.43480463517807,4.89873250234375),.UNSPECIFIED.);
#651=B_SPLINE_CURVE_WITH_KNOTS('',1,(#2371,#2372),.UNSPECIFIED.,.F.,.F.,
(2,2),(0.,16.4544918515315),.UNSPECIFIED.);
#652=B_SPLINE_CURVE_WITH_KNOTS('',3,(#2373,#2374,#2375,#2376,#2377,#2378,
#2379,#2380,#2381,#2382,#2383,#2384,#2385,#2386,#2387,#2388,#2389,#2390,
#2391,#2392,#2393,#2394,#2395),.UNSPECIFIED.,.F.,.F.,(4,3,2,2,3,2,2,2,3,
4),(6.13151062405805,6.76585172416067,7.80844297702052,8.34117809619461,
8.64630321798831,9.03607481657127,9.60113759129862,10.1696052835176,10.7399921588493,
11.0292843094402),.UNSPECIFIED.);
#653=B_SPLINE_CURVE_WITH_KNOTS('',3,(#2396,#2397,#2398,#2399,#2400,#2401),
 .UNSPECIFIED.,.F.,.F.,(4,2,4),(2.25623268174831,2.55368435853533,2.90101066563361),
 .UNSPECIFIED.);
#654=B_SPLINE_CURVE_WITH_KNOTS('',3,(#2402,#2403,#2404,#2405,#2406,#2407),
 .UNSPECIFIED.,.F.,.F.,(4,2,4),(2.28049929270476,2.55402845124245,2.90101225689473),
 .UNSPECIFIED.);
#655=B_SPLINE_CURVE_WITH_KNOTS('',3,(#2408,#2409,#2410,#2411,#2412,#2413),
 .UNSPECIFIED.,.F.,.F.,(4,2,4),(2.30470746892613,2.55421261946438,2.90101280510422),
 .UNSPECIFIED.);
#656=B_SPLINE_CURVE_WITH_KNOTS('',3,(#2414,#2415,#2416,#2417,#2418,#2419),
 .UNSPECIFIED.,.F.,.F.,(4,2,4),(2.32870486176466,2.55422974886761,2.90101225689472),
 .UNSPECIFIED.);
#657=B_SPLINE_CURVE_WITH_KNOTS('',3,(#2420,#2421,#2422,#2423,#2424,#2425),
 .UNSPECIFIED.,.F.,.F.,(4,2,4),(2.3523853791443,2.55407850858406,2.90101066563361),
 .UNSPECIFIED.);
#658=B_SPLINE_CURVE_WITH_KNOTS('',3,(#2426,#2427,#2428,#2429,#2430,#2431,
#2432,#2433,#2434,#2435,#2436,#2437,#2438,#2439,#2440,#2441,#2442,#2443,
#2444,#2445,#2446,#2447),.UNSPECIFIED.,.F.,.F.,(4,3,2,2,2,3,2,2,2,4),(0.00983298569684773,
0.44715783614847,0.989994792039385,1.53057795460697,2.07009526796289,2.40638260909479,
2.73239108180796,3.2705494017322,3.80910391240724,4.3499776969027),
 .UNSPECIFIED.);
#659=B_SPLINE_CURVE_WITH_KNOTS('',3,(#2448,#2449,#2450,#2451,#2452,#2453,
#2454,#2455,#2456,#2457,#2458,#2459,#2460,#2461,#2462,#2463,#2464,#2465,
#2466,#2467,#2468,#2469),.UNSPECIFIED.,.F.,.F.,(4,3,2,2,2,3,2,2,2,4),(0.0102523050253351,
0.447321807497025,0.989681596029403,1.5297781153935,2.06891216769958,2.40370074827368,
2.73136927048198,3.26953922711614,3.80820030009625,4.34917038999103),
 .UNSPECIFIED.);
#660=B_SPLINE_CURVE_WITH_KNOTS('',3,(#2470,#2471,#2472,#2473,#2474,#2475,
#2476,#2477,#2478,#2479,#2480,#2481,#2482),.UNSPECIFIED.,.F.,.F.,(4,3,2,
2,2,4),(0.0102013146815048,0.466050299984505,1.00621623435383,1.54409310242758,
2.08135452959035,2.4114236774044),.UNSPECIFIED.);
#661=B_SPLINE_CURVE_WITH_KNOTS('',3,(#2483,#2484,#2485,#2486,#2487,#2488,
#2489,#2490,#2491,#2492,#2493,#2494,#2495,#2496,#2497,#2498,#2499,#2500,
#2501,#2502,#2503,#2504),.UNSPECIFIED.,.F.,.F.,(4,3,2,2,2,3,2,2,2,4),(0.0100807173072551,
0.44731068937786,0.989901077680098,1.53023295146501,2.06955081620736,2.40509153061786,
2.73193465689254,3.27009025671788,3.80868928037752,4.34960243197639),
 .UNSPECIFIED.);
#662=B_SPLINE_CURVE_WITH_KNOTS('',3,(#2505,#2506,#2507,#2508,#2509,#2510,
#2511,#2512,#2513,#2514,#2515,#2516,#2517,#2518,#2519,#2520,#2521,#2522,
#2523,#2524,#2525,#2526),.UNSPECIFIED.,.F.,.F.,(4,3,2,2,2,3,2,2,2,4),(0.00958558838218113,
0.447015899890479,0.990115406245796,1.53096580652184,2.0706982284057,2.40772700216851,
2.73289135835691,3.27106972619168,3.80959752226992,4.350449773633),
 .UNSPECIFIED.);
#663=B_SPLINE_CURVE_WITH_KNOTS('',3,(#2527,#2528,#2529,#2530,#2531,#2532,
#2533,#2534,#2535,#2536,#2537,#2538,#2539),.UNSPECIFIED.,.F.,.F.,(4,3,2,
2,2,4),(0.010187778054412,0.466128018119765,1.00688579891109,1.54537425922112,
2.08304805714621,2.41623454466783),.UNSPECIFIED.);
#664=B_SPLINE_CURVE_WITH_KNOTS('',3,(#2540,#2541,#2542,#2543,#2544,#2545,
#2546,#2547,#2548,#2549,#2550,#2551,#2552),.UNSPECIFIED.,.F.,.F.,(4,3,2,
2,2,4),(0.0101975618958971,0.466052857822727,1.0063398737699,1.5443428344164,
2.08168100002043,2.41254216690597),.UNSPECIFIED.);
#665=B_SPLINE_CURVE_WITH_KNOTS('',3,(#2553,#2554,#2555,#2556,#2557,#2558,
#2559,#2560,#2561,#2562,#2563,#2564,#2565),.UNSPECIFIED.,.F.,.F.,(4,3,2,
2,2,4),(0.0101940546996254,0.466066658391246,1.00649276826509,1.54463978413769,
2.08207234456718,2.41371689549414),.UNSPECIFIED.);
#666=B_SPLINE_CURVE_WITH_KNOTS('',3,(#2566,#2567,#2568,#2569,#2570,#2571,
#2572,#2573,#2574,#2575,#2576,#2577,#2578),.UNSPECIFIED.,.F.,.F.,(4,3,2,
2,2,4),(0.0101907933436641,0.466091709488349,1.0066747868949,1.54498368190847,
2.0825281629997,2.41494773265595),.UNSPECIFIED.);
#667=B_SPLINE_CURVE_WITH_KNOTS('',3,(#2579,#2580,#2581,#2582,#2583,#2584,
#2585,#2586,#2587,#2588,#2589,#2590,#2591,#2592,#2593,#2594,#2595,#2596,
#2597,#2598,#2599,#2600),.UNSPECIFIED.,.F.,.F.,(4,3,2,2,2,3,2,2,2,4),(0.00933852231525568,
0.446884879035747,0.99026279898457,1.5313962662137,2.07135934616983,2.40912458416934,
2.73343507019758,3.27165093048452,3.81016993817535,4.35101861835587),
 .UNSPECIFIED.);
#668=B_SPLINE_CURVE_WITH_KNOTS('',3,(#2601,#2602,#2603,#2604,#2605,#2606),
 .UNSPECIFIED.,.F.,.F.,(4,2,4),(2.90101066563361,3.24794282268317,3.44963459556154),
 .UNSPECIFIED.);
#669=B_SPLINE_CURVE_WITH_KNOTS('',3,(#2607,#2608,#2609,#2610,#2611,#2612),
 .UNSPECIFIED.,.F.,.F.,(4,2,4),(2.90101225689473,3.24779476492186,3.47331965202483),
 .UNSPECIFIED.);
#670=B_SPLINE_CURVE_WITH_KNOTS('',3,(#2613,#2614,#2615,#2616,#2617,#2618),
 .UNSPECIFIED.,.F.,.F.,(4,2,4),(2.90101280510422,3.24781299074406,3.4973181412823),
 .UNSPECIFIED.);
#671=B_SPLINE_CURVE_WITH_KNOTS('',3,(#2619,#2620,#2621,#2622,#2623,#2624),
 .UNSPECIFIED.,.F.,.F.,(4,2,4),(2.90101225689472,3.24799606254702,3.52152522108465),
 .UNSPECIFIED.);
#672=B_SPLINE_CURVE_WITH_KNOTS('',3,(#2625,#2626,#2627,#2628,#2629,#2630),
 .UNSPECIFIED.,.F.,.F.,(4,2,4),(2.90101066563361,3.24833697273189,3.54579525285084),
 .UNSPECIFIED.);
#673=B_SPLINE_CURVE_WITH_KNOTS('',3,(#2631,#2632,#2633,#2634,#2635,#2636,
#2637,#2638,#2639,#2640,#2641,#2642,#2643),.UNSPECIFIED.,.F.,.F.,(4,2,2,
2,3,4),(2.4114236774044,2.74461016492595,3.28228396285111,3.82077242316091,
4.36153020395246,4.81747044401363),.UNSPECIFIED.);
#674=B_SPLINE_CURVE_WITH_KNOTS('',3,(#2644,#2645,#2646,#2647,#2648,#2649,
#2650,#2651,#2652,#2653,#2654,#2655,#2656),.UNSPECIFIED.,.F.,.F.,(4,2,2,
2,3,4),(2.41623454466783,2.74630369248188,3.28356511964475,3.82144198771843,
4.36160792208771,4.81745690739071),.UNSPECIFIED.);
#675=B_SPLINE_CURVE_WITH_KNOTS('',3,(#2657,#2658,#2659,#2660,#2661,#2662,
#2663,#2664,#2665,#2666,#2667,#2668,#2669),.UNSPECIFIED.,.F.,.F.,(4,2,2,
2,3,4),(2.41254216690597,2.74496173656217,3.28250621765359,3.82081511266715,
4.36139819007356,4.81729910621825),.UNSPECIFIED.);
#676=B_SPLINE_CURVE_WITH_KNOTS('',3,(#2670,#2671,#2672,#2673,#2674,#2675,
#2676,#2677,#2678,#2679,#2680,#2681,#2682),.UNSPECIFIED.,.F.,.F.,(4,2,2,
2,3,4),(2.41371689549414,2.74536144642102,3.28279400685036,3.82094102272304,
4.36136713259705,4.81723973628866),.UNSPECIFIED.);
#677=B_SPLINE_CURVE_WITH_KNOTS('',3,(#2683,#2684,#2685,#2686,#2687,#2688,
#2689,#2690,#2691,#2692,#2693,#2694,#2695),.UNSPECIFIED.,.F.,.F.,(4,2,2,
2,3,4),(2.41494773265595,2.74580889954144,3.28314706514566,3.82115002579215,
4.36143704173919,4.81729233766603),.UNSPECIFIED.);
#678=B_SPLINE_CURVE_WITH_KNOTS('',1,(#2696,#2697),.UNSPECIFIED.,.F.,.F.,
(2,2),(0.,2.),.UNSPECIFIED.);
#679=B_SPLINE_CURVE_WITH_KNOTS('',1,(#2698,#2699),.UNSPECIFIED.,.F.,.F.,
(2,2),(0.,2.),.UNSPECIFIED.);
#680=B_SPLINE_CURVE_WITH_KNOTS('',1,(#2700,#2701),.UNSPECIFIED.,.F.,.F.,
(2,2),(0.,2.),.UNSPECIFIED.);
#681=B_SPLINE_CURVE_WITH_KNOTS('',1,(#2702,#2703),.UNSPECIFIED.,.F.,.F.,
(2,2),(0.,2.),.UNSPECIFIED.);
#682=B_SPLINE_CURVE_WITH_KNOTS('',1,(#2714,#2715),.UNSPECIFIED.,.F.,.F.,
(2,2),(3.6100650854872,6.76537766880942),.UNSPECIFIED.);
#683=B_SPLINE_CURVE_WITH_KNOTS('',1,(#2716,#2717),.UNSPECIFIED.,.F.,.F.,
(2,2),(8.12926617746702,10.139266177467),.UNSPECIFIED.);
#684=B_SPLINE_CURVE_WITH_KNOTS('',1,(#2718,#2719),.UNSPECIFIED.,.F.,.F.,
(2,2),(3.61006508548719,6.76537766880941),.UNSPECIFIED.);
#685=B_SPLINE_CURVE_WITH_KNOTS('',1,(#2720,#2721),.UNSPECIFIED.,.F.,.F.,
(2,2),(-5.62286581347384,-3.61286581347384),.UNSPECIFIED.);
#686=B_SPLINE_CURVE_WITH_KNOTS('',1,(#2722,#2723,#2724),.UNSPECIFIED.,.F.,
 .F.,(2,1,2),(0.,0.493599636006721,2.99999999999999),.UNSPECIFIED.);
#687=B_SPLINE_CURVE_WITH_KNOTS('',1,(#2725,#2726,#2727),.UNSPECIFIED.,.F.,
 .F.,(2,1,2),(5.62286581347384,8.1292661774672,8.62286581347392),
 .UNSPECIFIED.);
#688=VERTEX_POINT('',#1534);
#689=VERTEX_POINT('',#1535);
#690=VERTEX_POINT('',#1536);
#691=VERTEX_POINT('',#1537);
#692=VERTEX_POINT('',#1538);
#693=VERTEX_POINT('',#1539);
#694=VERTEX_POINT('',#1540);
#695=VERTEX_POINT('',#1541);
#696=VERTEX_POINT('',#1542);
#697=VERTEX_POINT('',#1543);
#698=VERTEX_POINT('',#1544);
#699=VERTEX_POINT('',#1545);
#700=VERTEX_POINT('',#1546);
#701=VERTEX_POINT('',#1547);
#702=VERTEX_POINT('',#1548);
#703=VERTEX_POINT('',#1549);
#704=VERTEX_POINT('',#1550);
#705=VERTEX_POINT('',#1551);
#706=VERTEX_POINT('',#1552);
#707=VERTEX_POINT('',#1553);
#708=VERTEX_POINT('',#1554);
#709=VERTEX_POINT('',#1555);
#710=VERTEX_POINT('',#1556);
#711=VERTEX_POINT('',#1557);
#712=VERTEX_POINT('',#1558);
#713=VERTEX_POINT('',#1559);
#714=VERTEX_POINT('',#1560);
#715=VERTEX_POINT('',#1561);
#716=VERTEX_POINT('',#1562);
#717=VERTEX_POINT('',#1563);
#718=VERTEX_POINT('',#1564);
#719=VERTEX_POINT('',#1565);
#720=VERTEX_POINT('',#1566);
#721=VERTEX_POINT('',#1567);
#722=VERTEX_POINT('',#1568);
#723=VERTEX_POINT('',#1569);
#724=VERTEX_POINT('',#1570);
#725=VERTEX_POINT('',#1571);
#726=VERTEX_POINT('',#1572);
#727=VERTEX_POINT('',#1573);
#728=VERTEX_POINT('',#1574);
#729=VERTEX_POINT('',#1575);
#730=VERTEX_POINT('',#1576);
#731=VERTEX_POINT('',#1577);
#732=VERTEX_POINT('',#1578);
#733=VERTEX_POINT('',#1579);
#734=VERTEX_POINT('',#1580);
#735=VERTEX_POINT('',#1581);
#736=VERTEX_POINT('',#1582);
#737=VERTEX_POINT('',#1583);
#738=VERTEX_POINT('',#1584);
#739=VERTEX_POINT('',#1585);
#740=VERTEX_POINT('',#1586);
#741=VERTEX_POINT('',#1587);
#742=VERTEX_POINT('',#1588);
#743=VERTEX_POINT('',#1589);
#744=VERTEX_POINT('',#1590);
#745=VERTEX_POINT('',#1591);
#746=VERTEX_POINT('',#1592);
#747=VERTEX_POINT('',#1593);
#748=VERTEX_POINT('',#1594);
#749=VERTEX_POINT('',#1595);
#750=VERTEX_POINT('',#1596);
#751=VERTEX_POINT('',#1597);
#752=VERTEX_POINT('',#1598);
#753=VERTEX_POINT('',#1599);
#754=VERTEX_POINT('',#1600);
#755=VERTEX_POINT('',#1601);
#756=VERTEX_POINT('',#1602);
#757=VERTEX_POINT('',#1603);
#758=VERTEX_POINT('',#1604);
#759=VERTEX_POINT('',#1605);
#760=VERTEX_POINT('',#1606);
#761=VERTEX_POINT('',#1607);
#762=VERTEX_POINT('',#1608);
#763=VERTEX_POINT('',#1609);
#764=VERTEX_POINT('',#1610);
#765=VERTEX_POINT('',#1611);
#766=VERTEX_POINT('',#1612);
#767=VERTEX_POINT('',#1613);
#768=VERTEX_POINT('',#1614);
#769=VERTEX_POINT('',#1615);
#770=VERTEX_POINT('',#1616);
#771=VERTEX_POINT('',#1617);
#772=VERTEX_POINT('',#1618);
#773=VERTEX_POINT('',#1619);
#774=VERTEX_POINT('',#1620);
#775=VERTEX_POINT('',#1621);
#776=VERTEX_POINT('',#1622);
#777=VERTEX_POINT('',#1623);
#778=CYLINDRICAL_SURFACE('',#911,3.5384206382854);
#779=(
BOUNDED_SURFACE()
B_SPLINE_SURFACE(2,3,((#943,#944,#945,#946),(#947,#948,#949,#950),(#951,
#952,#953,#954),(#955,#956,#957,#958),(#959,#960,#961,#962),(#963,#964,
#965,#966),(#967,#968,#969,#970),(#971,#972,#973,#974),(#975,#976,#977,
#978)),.UNSPECIFIED.,.T.,.F.,.F.)
B_SPLINE_SURFACE_WITH_KNOTS((3,2,2,2,3),(4,4),(0.,0.800000000000001,1.6,
2.4,3.2),(0.,14.0715208843963),.UNSPECIFIED.)
GEOMETRIC_REPRESENTATION_ITEM()
RATIONAL_B_SPLINE_SURFACE(((1.,1.,1.,1.),(0.707106781186548,0.707106781186548,
0.707106781186547,0.707106781186548),(1.,1.,1.,1.),(0.707106781186548,0.707106781186548,
0.707106781186547,0.707106781186548),(1.,1.,1.,1.),(0.707106781186548,0.707106781186548,
0.707106781186547,0.707106781186548),(1.,1.,1.,1.),(0.707106781186548,0.707106781186548,
0.707106781186547,0.707106781186548),(1.,1.,1.,1.)))
REPRESENTATION_ITEM('')
SURFACE()
);
#780=(
BOUNDED_SURFACE()
B_SPLINE_SURFACE(2,3,((#979,#980,#981,#982),(#983,#984,#985,#986),(#987,
#988,#989,#990),(#991,#992,#993,#994),(#995,#996,#997,#998),(#999,#1000,
#1001,#1002),(#1003,#1004,#1005,#1006),(#1007,#1008,#1009,#1010),(#1011,
#1012,#1013,#1014)),.UNSPECIFIED.,.T.,.F.,.F.)
B_SPLINE_SURFACE_WITH_KNOTS((3,2,2,2,3),(4,4),(0.,0.8,1.6,2.4,3.2),(0.,
14.0709985431028),.UNSPECIFIED.)
GEOMETRIC_REPRESENTATION_ITEM()
RATIONAL_B_SPLINE_SURFACE(((1.,1.,1.,1.),(0.707106781186548,0.707106781186547,
0.707106781186547,0.707106781186548),(1.,1.,1.,1.),(0.707106781186548,0.707106781186547,
0.707106781186547,0.707106781186548),(1.,1.,1.,1.),(0.707106781186548,0.707106781186547,
0.707106781186547,0.707106781186548),(1.,1.,1.,1.),(0.707106781186548,0.707106781186547,
0.707106781186547,0.707106781186548),(1.,1.,1.,1.)))
REPRESENTATION_ITEM('')
SURFACE()
);
#781=(
BOUNDED_SURFACE()
B_SPLINE_SURFACE(2,3,((#1015,#1016,#1017,#1018),(#1019,#1020,#1021,#1022),
(#1023,#1024,#1025,#1026),(#1027,#1028,#1029,#1030),(#1031,#1032,#1033,
#1034),(#1035,#1036,#1037,#1038),(#1039,#1040,#1041,#1042),(#1043,#1044,
#1045,#1046),(#1047,#1048,#1049,#1050)),.UNSPECIFIED.,.T.,.F.,.F.)
B_SPLINE_SURFACE_WITH_KNOTS((3,2,2,2,3),(4,4),(0.,0.8,1.6,2.4,3.2),(0.,
14.0708244250293),.UNSPECIFIED.)
GEOMETRIC_REPRESENTATION_ITEM()
RATIONAL_B_SPLINE_SURFACE(((1.,1.,1.,1.),(0.707106781186548,0.707106781186547,
0.707106781186547,0.707106781186548),(1.,1.,1.,1.),(0.707106781186548,0.707106781186547,
0.707106781186547,0.707106781186548),(1.,1.,1.,1.),(0.707106781186548,0.707106781186547,
0.707106781186547,0.707106781186548),(1.,1.,1.,1.),(0.707106781186548,0.707106781186547,
0.707106781186547,0.707106781186548),(1.,1.,1.,1.)))
REPRESENTATION_ITEM('')
SURFACE()
);
#782=(
BOUNDED_SURFACE()
B_SPLINE_SURFACE(2,3,((#1051,#1052,#1053,#1054),(#1055,#1056,#1057,#1058),
(#1059,#1060,#1061,#1062),(#1063,#1064,#1065,#1066),(#1067,#1068,#1069,
#1070),(#1071,#1072,#1073,#1074),(#1075,#1076,#1077,#1078),(#1079,#1080,
#1081,#1082),(#1083,#1084,#1085,#1086)),.UNSPECIFIED.,.T.,.F.,.F.)
B_SPLINE_SURFACE_WITH_KNOTS((3,2,2,2,3),(4,4),(0.,0.799999999999999,1.6,
2.4,3.2),(0.,14.0709985431028),.UNSPECIFIED.)
GEOMETRIC_REPRESENTATION_ITEM()
RATIONAL_B_SPLINE_SURFACE(((1.,1.,1.,1.),(0.707106781186548,0.707106781186547,
0.707106781186547,0.707106781186548),(1.,1.,1.,1.),(0.707106781186548,0.707106781186547,
0.707106781186547,0.707106781186548),(1.,1.,1.,1.),(0.707106781186548,0.707106781186547,
0.707106781186547,0.707106781186548),(1.,1.,1.,1.),(0.707106781186548,0.707106781186547,
0.707106781186547,0.707106781186548),(1.,1.,1.,1.)))
REPRESENTATION_ITEM('')
SURFACE()
);
#783=(
BOUNDED_SURFACE()
B_SPLINE_SURFACE(2,3,((#1087,#1088,#1089,#1090),(#1091,#1092,#1093,#1094),
(#1095,#1096,#1097,#1098),(#1099,#1100,#1101,#1102),(#1103,#1104,#1105,
#1106),(#1107,#1108,#1109,#1110),(#1111,#1112,#1113,#1114),(#1115,#1116,
#1117,#1118),(#1119,#1120,#1121,#1122)),.UNSPECIFIED.,.T.,.F.,.F.)
B_SPLINE_SURFACE_WITH_KNOTS((3,2,2,2,3),(4,4),(0.,0.8,1.6,2.4,3.2),(0.,
14.0715208843963),.UNSPECIFIED.)
GEOMETRIC_REPRESENTATION_ITEM()
RATIONAL_B_SPLINE_SURFACE(((1.,1.,1.,1.),(0.707106781186548,0.707106781186548,
0.707106781186547,0.707106781186548),(1.,1.,1.,1.),(0.707106781186548,0.707106781186548,
0.707106781186547,0.707106781186548),(1.,1.,1.,1.),(0.707106781186548,0.707106781186548,
0.707106781186547,0.707106781186548),(1.,1.,1.,1.),(0.707106781186548,0.707106781186548,
0.707106781186547,0.707106781186548),(1.,1.,1.,1.)))
REPRESENTATION_ITEM('')
SURFACE()
);
#784=(
BOUNDED_SURFACE()
B_SPLINE_SURFACE(2,3,((#1123,#1124,#1125,#1126),(#1127,#1128,#1129,#1130),
(#1131,#1132,#1133,#1134),(#1135,#1136,#1137,#1138),(#1139,#1140,#1141,
#1142),(#1143,#1144,#1145,#1146),(#1147,#1148,#1149,#1150),(#1151,#1152,
#1153,#1154),(#1155,#1156,#1157,#1158)),.UNSPECIFIED.,.T.,.F.,.F.)
B_SPLINE_SURFACE_WITH_KNOTS((3,2,2,2,3),(4,4),(0.,0.800000000000001,1.6,
2.4,3.20000000000001),(0.,14.0726347923905),.UNSPECIFIED.)
GEOMETRIC_REPRESENTATION_ITEM()
RATIONAL_B_SPLINE_SURFACE(((1.,1.,1.,1.),(0.707106781186548,0.707106781186548,
0.707106781186547,0.707106781186548),(1.,1.,1.,1.),(0.707106781186548,0.707106781186548,
0.707106781186547,0.707106781186548),(1.,1.,1.,1.),(0.707106781186548,0.707106781186548,
0.707106781186547,0.707106781186548),(1.,1.,1.,1.),(0.707106781186548,0.707106781186548,
0.707106781186547,0.707106781186548),(1.,1.,1.,1.)))
REPRESENTATION_ITEM('')
SURFACE()
);
#785=(
BOUNDED_SURFACE()
B_SPLINE_SURFACE(2,3,((#1159,#1160,#1161,#1162),(#1163,#1164,#1165,#1166),
(#1167,#1168,#1169,#1170),(#1171,#1172,#1173,#1174),(#1175,#1176,#1177,
#1178),(#1179,#1180,#1181,#1182),(#1183,#1184,#1185,#1186),(#1187,#1188,
#1189,#1190),(#1191,#1192,#1193,#1194)),.UNSPECIFIED.,.T.,.F.,.F.)
B_SPLINE_SURFACE_WITH_KNOTS((3,2,2,2,3),(4,4),(0.,0.8,1.6,2.4,3.2),(0.,
14.0740772344051),.UNSPECIFIED.)
GEOMETRIC_REPRESENTATION_ITEM()
RATIONAL_B_SPLINE_SURFACE(((1.,1.,1.,1.),(0.707106781186548,0.707106781186548,
0.707106781186547,0.707106781186548),(1.,1.,1.,1.),(0.707106781186548,0.707106781186548,
0.707106781186547,0.707106781186548),(1.,1.,1.,1.),(0.707106781186548,0.707106781186548,
0.707106781186547,0.707106781186548),(1.,1.,1.,1.),(0.707106781186548,0.707106781186548,
0.707106781186547,0.707106781186548),(1.,1.,1.,1.)))
REPRESENTATION_ITEM('')
SURFACE()
);
#786=(
BOUNDED_SURFACE()
B_SPLINE_SURFACE(2,3,((#1195,#1196,#1197,#1198),(#1199,#1200,#1201,#1202),
(#1203,#1204,#1205,#1206),(#1207,#1208,#1209,#1210),(#1211,#1212,#1213,
#1214),(#1215,#1216,#1217,#1218),(#1219,#1220,#1221,#1222),(#1223,#1224,
#1225,#1226),(#1227,#1228,#1229,#1230)),.UNSPECIFIED.,.T.,.F.,.F.)
B_SPLINE_SURFACE_WITH_KNOTS((3,2,2,2,3),(4,4),(0.,0.800000000000001,1.6,
2.4,3.2),(0.,14.0758676464366),.UNSPECIFIED.)
GEOMETRIC_REPRESENTATION_ITEM()
RATIONAL_B_SPLINE_SURFACE(((1.,1.,1.,1.),(0.707106781186548,0.707106781186548,
0.707106781186547,0.707106781186548),(1.,1.,1.,1.),(0.707106781186548,0.707106781186548,
0.707106781186547,0.707106781186548),(1.,1.,1.,1.),(0.707106781186548,0.707106781186548,
0.707106781186547,0.707106781186548),(1.,1.,1.,1.),(0.707106781186548,0.707106781186548,
0.707106781186547,0.707106781186548),(1.,1.,1.,1.)))
REPRESENTATION_ITEM('')
SURFACE()
);
#787=(
BOUNDED_SURFACE()
B_SPLINE_SURFACE(2,3,((#1231,#1232,#1233,#1234),(#1235,#1236,#1237,#1238),
(#1239,#1240,#1241,#1242),(#1243,#1244,#1245,#1246),(#1247,#1248,#1249,
#1250),(#1251,#1252,#1253,#1254),(#1255,#1256,#1257,#1258),(#1259,#1260,
#1261,#1262),(#1263,#1264,#1265,#1266)),.UNSPECIFIED.,.T.,.F.,.F.)
B_SPLINE_SURFACE_WITH_KNOTS((3,2,2,2,3),(4,4),(0.,0.800000000000001,1.6,
2.4,3.2),(0.,14.0780058957226),.UNSPECIFIED.)
GEOMETRIC_REPRESENTATION_ITEM()
RATIONAL_B_SPLINE_SURFACE(((1.,1.,1.,1.),(0.707106781186548,0.707106781186548,
0.707106781186547,0.707106781186548),(1.,1.,1.,1.),(0.707106781186548,0.707106781186548,
0.707106781186547,0.707106781186548),(1.,1.,1.,1.),(0.707106781186548,0.707106781186548,
0.707106781186547,0.707106781186548),(1.,1.,1.,1.),(0.707106781186548,0.707106781186548,
0.707106781186547,0.707106781186548),(1.,1.,1.,1.)))
REPRESENTATION_ITEM('')
SURFACE()
);
#788=(
BOUNDED_SURFACE()
B_SPLINE_SURFACE(2,3,((#1267,#1268,#1269,#1270),(#1271,#1272,#1273,#1274),
(#1275,#1276,#1277,#1278),(#1279,#1280,#1281,#1282),(#1283,#1284,#1285,
#1286),(#1287,#1288,#1289,#1290),(#1291,#1292,#1293,#1294),(#1295,#1296,
#1297,#1298),(#1299,#1300,#1301,#1302)),.UNSPECIFIED.,.T.,.F.,.F.)
B_SPLINE_SURFACE_WITH_KNOTS((3,2,2,2,3),(4,4),(0.,0.8,1.6,2.4,3.2),(0.,
14.0804918237965),.UNSPECIFIED.)
GEOMETRIC_REPRESENTATION_ITEM()
RATIONAL_B_SPLINE_SURFACE(((1.,1.,1.,1.),(0.707106781186548,0.707106781186548,
0.707106781186547,0.707106781186548),(1.,1.,1.,1.),(0.707106781186548,0.707106781186548,
0.707106781186547,0.707106781186548),(1.,1.,1.,1.),(0.707106781186548,0.707106781186548,
0.707106781186547,0.707106781186548),(1.,1.,1.,1.),(0.707106781186548,0.707106781186548,
0.707106781186547,0.707106781186548),(1.,1.,1.,1.)))
REPRESENTATION_ITEM('')
SURFACE()
);
#789=(
BOUNDED_SURFACE()
B_SPLINE_SURFACE(2,3,((#1303,#1304,#1305,#1306),(#1307,#1308,#1309,#1310),
(#1311,#1312,#1313,#1314),(#1315,#1316,#1317,#1318),(#1319,#1320,#1321,
#1322),(#1323,#1324,#1325,#1326),(#1327,#1328,#1329,#1330),(#1331,#1332,
#1333,#1334),(#1335,#1336,#1337,#1338)),.UNSPECIFIED.,.T.,.F.,.F.)
B_SPLINE_SURFACE_WITH_KNOTS((3,2,2,2,3),(4,4),(0.,0.8,1.6,2.4,3.2),(0.,
14.083325246546),.UNSPECIFIED.)
GEOMETRIC_REPRESENTATION_ITEM()
RATIONAL_B_SPLINE_SURFACE(((1.,1.,1.,1.),(0.707106781186548,0.707106781186548,
0.707106781186547,0.707106781186548),(1.,1.,1.,1.),(0.707106781186548,0.707106781186548,
0.707106781186547,0.707106781186548),(1.,1.,1.,1.),(0.707106781186548,0.707106781186548,
0.707106781186547,0.707106781186548),(1.,1.,1.,1.),(0.707106781186548,0.707106781186548,
0.707106781186547,0.707106781186548),(1.,1.,1.,1.)))
REPRESENTATION_ITEM('')
SURFACE()
);
#790=(
BOUNDED_SURFACE()
B_SPLINE_SURFACE(2,3,((#1339,#1340,#1341,#1342),(#1343,#1344,#1345,#1346),
(#1347,#1348,#1349,#1350),(#1351,#1352,#1353,#1354),(#1355,#1356,#1357,
#1358),(#1359,#1360,#1361,#1362),(#1363,#1364,#1365,#1366),(#1367,#1368,
#1369,#1370),(#1371,#1372,#1373,#1374)),.UNSPECIFIED.,.T.,.F.,.F.)
B_SPLINE_SURFACE_WITH_KNOTS((3,2,2,2,3),(4,4),(0.,0.8,1.6,2.4,3.2),(0.,
14.0395907766885),.UNSPECIFIED.)
GEOMETRIC_REPRESENTATION_ITEM()
RATIONAL_B_SPLINE_SURFACE(((1.,1.,1.,1.),(0.707106781186548,0.707106781186548,
0.707106781186547,0.707106781186548),(1.,1.,1.,1.),(0.707106781186548,0.707106781186548,
0.707106781186547,0.707106781186548),(1.,1.,1.,1.),(0.707106781186548,0.707106781186548,
0.707106781186547,0.707106781186548),(1.,1.,1.,1.),(0.707106781186548,0.707106781186548,
0.707106781186547,0.707106781186548),(1.,1.,1.,1.)))
REPRESENTATION_ITEM('')
SURFACE()
);
#791=(
BOUNDED_SURFACE()
B_SPLINE_SURFACE(2,3,((#1375,#1376,#1377,#1378),(#1379,#1380,#1381,#1382),
(#1383,#1384,#1385,#1386),(#1387,#1388,#1389,#1390),(#1391,#1392,#1393,
#1394),(#1395,#1396,#1397,#1398),(#1399,#1400,#1401,#1402),(#1403,#1404,
#1405,#1406),(#1407,#1408,#1409,#1410)),.UNSPECIFIED.,.T.,.F.,.F.)
B_SPLINE_SURFACE_WITH_KNOTS((3,2,2,2,3),(4,4),(0.,0.8,1.6,2.4,3.2),(0.,
14.0373614630153),.UNSPECIFIED.)
GEOMETRIC_REPRESENTATION_ITEM()
RATIONAL_B_SPLINE_SURFACE(((1.,1.,1.,1.),(0.707106781186548,0.707106781186548,
0.707106781186547,0.707106781186548),(1.,1.,1.,1.),(0.707106781186548,0.707106781186548,
0.707106781186547,0.707106781186548),(1.,1.,1.,1.),(0.707106781186548,0.707106781186548,
0.707106781186547,0.707106781186548),(1.,1.,1.,1.),(0.707106781186548,0.707106781186548,
0.707106781186547,0.707106781186548),(1.,1.,1.,1.)))
REPRESENTATION_ITEM('')
SURFACE()
);
#792=(
BOUNDED_SURFACE()
B_SPLINE_SURFACE(2,3,((#1411,#1412,#1413,#1414),(#1415,#1416,#1417,#1418),
(#1419,#1420,#1421,#1422),(#1423,#1424,#1425,#1426),(#1427,#1428,#1429,
#1430),(#1431,#1432,#1433,#1434),(#1435,#1436,#1437,#1438),(#1439,#1440,
#1441,#1442),(#1443,#1444,#1445,#1446)),.UNSPECIFIED.,.T.,.F.,.F.)
B_SPLINE_SURFACE_WITH_KNOTS((3,2,2,2,3),(4,4),(0.,0.800000000000001,1.6,
2.4,3.2),(0.,14.0356688476182),.UNSPECIFIED.)
GEOMETRIC_REPRESENTATION_ITEM()
RATIONAL_B_SPLINE_SURFACE(((1.,1.,1.,1.),(0.707106781186548,0.707106781186548,
0.707106781186547,0.707106781186548),(1.,1.,1.,1.),(0.707106781186548,0.707106781186548,
0.707106781186547,0.707106781186548),(1.,1.,1.,1.),(0.707106781186548,0.707106781186548,
0.707106781186547,0.707106781186548),(1.,1.,1.,1.),(0.707106781186548,0.707106781186548,
0.707106781186547,0.707106781186548),(1.,1.,1.,1.)))
REPRESENTATION_ITEM('')
SURFACE()
);
#793=(
BOUNDED_SURFACE()
B_SPLINE_SURFACE(2,3,((#1447,#1448,#1449,#1450),(#1451,#1452,#1453,#1454),
(#1455,#1456,#1457,#1458),(#1459,#1460,#1461,#1462),(#1463,#1464,#1465,
#1466),(#1467,#1468,#1469,#1470),(#1471,#1472,#1473,#1474),(#1475,#1476,
#1477,#1478),(#1479,#1480,#1481,#1482)),.UNSPECIFIED.,.T.,.F.,.F.)
B_SPLINE_SURFACE_WITH_KNOTS((3,2,2,2,3),(4,4),(0.,0.8,1.6,2.4,3.2),(0.,
14.0373614630153),.UNSPECIFIED.)
GEOMETRIC_REPRESENTATION_ITEM()
RATIONAL_B_SPLINE_SURFACE(((1.,1.,1.,1.),(0.707106781186548,0.707106781186548,
0.707106781186547,0.707106781186548),(1.,1.,1.,1.),(0.707106781186548,0.707106781186548,
0.707106781186547,0.707106781186548),(1.,1.,1.,1.),(0.707106781186548,0.707106781186548,
0.707106781186547,0.707106781186548),(1.,1.,1.,1.),(0.707106781186548,0.707106781186548,
0.707106781186547,0.707106781186548),(1.,1.,1.,1.)))
REPRESENTATION_ITEM('')
SURFACE()
);
#794=(
BOUNDED_SURFACE()
B_SPLINE_SURFACE(2,3,((#1483,#1484,#1485,#1486),(#1487,#1488,#1489,#1490),
(#1491,#1492,#1493,#1494),(#1495,#1496,#1497,#1498),(#1499,#1500,#1501,
#1502),(#1503,#1504,#1505,#1506),(#1507,#1508,#1509,#1510),(#1511,#1512,
#1513,#1514),(#1515,#1516,#1517,#1518)),.UNSPECIFIED.,.T.,.F.,.F.)
B_SPLINE_SURFACE_WITH_KNOTS((3,2,2,2,3),(4,4),(0.,0.8,1.6,2.4,3.2),(0.,
14.0395907766885),.UNSPECIFIED.)
GEOMETRIC_REPRESENTATION_ITEM()
RATIONAL_B_SPLINE_SURFACE(((1.,1.,1.,1.),(0.707106781186548,0.707106781186548,
0.707106781186547,0.707106781186548),(1.,1.,1.,1.),(0.707106781186548,0.707106781186548,
0.707106781186547,0.707106781186548),(1.,1.,1.,1.),(0.707106781186548,0.707106781186548,
0.707106781186547,0.707106781186548),(1.,1.,1.,1.),(0.707106781186548,0.707106781186548,
0.707106781186547,0.707106781186548),(1.,1.,1.,1.)))
REPRESENTATION_ITEM('')
SURFACE()
);
#795=PLANE('',#898);
#796=PLANE('',#899);
#797=PLANE('',#900);
#798=PLANE('',#901);
#799=PLANE('',#902);
#800=PLANE('',#903);
#801=PLANE('',#904);
#802=PLANE('',#905);
#803=PLANE('',#906);
#804=PLANE('',#907);
#805=PLANE('',#908);
#806=PLANE('',#909);
#807=PLANE('',#910);
#808=PLANE('',#912);
#809=PLANE('',#913);
#810=SHAPE_DEFINITION_REPRESENTATION(#811,#896);
#811=PRODUCT_DEFINITION_SHAPE($,$,#813);
#812=PRODUCT_DEFINITION_CONTEXT('3D Mechanical Parts',#885,'design');
#813=PRODUCT_DEFINITION('A','First version',#855,#812);
#814=DATE_TIME_ROLE('classification_date');
#815=DATE_TIME_ROLE('creation_date');
#816=APPLIED_DATE_AND_TIME_ASSIGNMENT(#840,#814,(#819));
#817=APPLIED_DATE_AND_TIME_ASSIGNMENT(#842,#815,(#813));
#818=SECURITY_CLASSIFICATION_LEVEL('unclassified');
#819=SECURITY_CLASSIFICATION('A','Security for version',#818);
#820=APPLIED_SECURITY_CLASSIFICATION_ASSIGNMENT(#819,(#855));
#821=APPROVAL_ROLE('Version approval');
#822=APPROVAL_ROLE('Version Security approval');
#823=APPROVAL_ROLE('Definition approval');
#824=APPROVAL_PERSON_ORGANIZATION(#873,#849,#821);
#825=APPROVAL_PERSON_ORGANIZATION(#874,#850,#822);
#826=APPROVAL_PERSON_ORGANIZATION(#877,#851,#823);
#827=COORDINATED_UNIVERSAL_TIME_OFFSET(5,0,.BEHIND.);
#828=LOCAL_TIME(0,0,0.,#827);
#829=LOCAL_TIME(0,0,0.,#827);
#830=LOCAL_TIME(0,0,0.,#827);
#831=LOCAL_TIME(0,0,0.,#827);
#832=LOCAL_TIME(0,0,0.,#827);
#833=CALENDAR_DATE(1999,1,1);
#834=CALENDAR_DATE(1999,1,1);
#835=CALENDAR_DATE(1999,1,1);
#836=CALENDAR_DATE(1999,1,1);
#837=CALENDAR_DATE(1999,1,1);
#838=DATE_AND_TIME(#833,#828);
#839=DATE_AND_TIME(#834,#829);
#840=DATE_AND_TIME(#835,#830);
#841=DATE_AND_TIME(#836,#831);
#842=DATE_AND_TIME(#837,#832);
#843=APPROVAL_DATE_TIME(#838,#849);
#844=APPROVAL_DATE_TIME(#839,#850);
#845=APPROVAL_DATE_TIME(#841,#851);
#846=APPROVAL_STATUS('not_yet_approved');
#847=APPROVAL_STATUS('not_yet_approved');
#848=APPROVAL_STATUS('approved');
#849=APPROVAL(#846,'Version approval');
#850=APPROVAL(#847,'Version Security approval');
#851=APPROVAL(#848,'Definition approval');
#852=APPLIED_APPROVAL_ASSIGNMENT(#849,(#855));
#853=APPLIED_APPROVAL_ASSIGNMENT(#850,(#819));
#854=APPLIED_APPROVAL_ASSIGNMENT(#851,(#813));
#855=PRODUCT_DEFINITION_FORMATION_WITH_SPECIFIED_SOURCE('A',
'First version',#887,.MADE.);
#856=PERSON_AND_ORGANIZATION_ROLE('design_owner');
#857=PERSON_AND_ORGANIZATION_ROLE('creator');
#858=PERSON_AND_ORGANIZATION_ROLE('design_supplier');
#859=PERSON_AND_ORGANIZATION_ROLE('classification_officer');
#860=PERSON_AND_ORGANIZATION_ROLE('creator');
#861=ORGANIZATION('STI','lab','lab');
#862=ORGANIZATION('STI','unknown','unknown');
#863=ORGANIZATION('STI','unknown','unknown');
#864=ORGANIZATION('STI','unknown','unknown');
#865=ORGANIZATION('STI','unknown','unknown');
#866=ORGANIZATION('STI','unknown','unknown');
#867=ORGANIZATION('STI','unknown','unknown');
#868=PERSON('1','Box','vc60',$,$,$);
#869=PERSON('2','last','first',$,$,$);
#870=PERSON('3','President','Mr.',$,$,$);
#871=PERSON_AND_ORGANIZATION(#868,#861);
#872=PERSON_AND_ORGANIZATION(#869,#862);
#873=PERSON_AND_ORGANIZATION(#870,#863);
#874=PERSON_AND_ORGANIZATION(#870,#864);
#875=PERSON_AND_ORGANIZATION(#870,#865);
#876=PERSON_AND_ORGANIZATION(#869,#866);
#877=PERSON_AND_ORGANIZATION(#870,#867);
#878=APPLIED_PERSON_AND_ORGANIZATION_ASSIGNMENT(#871,#856,(#887));
#879=APPLIED_PERSON_AND_ORGANIZATION_ASSIGNMENT(#872,#857,(#855));
#880=APPLIED_PERSON_AND_ORGANIZATION_ASSIGNMENT(#872,#858,(#855));
#881=APPLIED_PERSON_AND_ORGANIZATION_ASSIGNMENT(#875,#859,(#819));
#882=APPLIED_PERSON_AND_ORGANIZATION_ASSIGNMENT(#876,#860,(#813));
#883=PRODUCT_RELATED_PRODUCT_CATEGORY('detail','detail',(#887));
#884=APPLICATION_PROTOCOL_DEFINITION('International Standard',
'config_control_design',1994,#885);
#885=APPLICATION_CONTEXT(
'configuration controlled 3d designs of mechanical parts and assemblie
s');
#886=PRODUCT_CONTEXT('3D Mechanical Parts',#885,'mechanical');
#887=PRODUCT('Document','Document','',(#886));
#888=(
LENGTH_UNIT()
NAMED_UNIT(*)
SI_UNIT(.MILLI.,.METRE.)
);
#889=(
NAMED_UNIT(*)
PLANE_ANGLE_UNIT()
SI_UNIT($,.RADIAN.)
);
#890=DIMENSIONAL_EXPONENTS(0.,0.,0.,0.,0.,0.,0.);
#891=PLANE_ANGLE_MEASURE_WITH_UNIT(PLANE_ANGLE_MEASURE(0.01745329252),#889);
#892=(
CONVERSION_BASED_UNIT('DEGREES',#891)
NAMED_UNIT(#890)
PLANE_ANGLE_UNIT()
);
#893=(
NAMED_UNIT(*)
SI_UNIT($,.STERADIAN.)
SOLID_ANGLE_UNIT()
);
#894=UNCERTAINTY_MEASURE_WITH_UNIT(LENGTH_MEASURE(0.001),#888,
'DISTANCE_ACCURACY_VALUE',
'Maximum model space distance between geometric entities at asserted c
onnectivities');
#895=(
GEOMETRIC_REPRESENTATION_CONTEXT(3)
GLOBAL_UNCERTAINTY_ASSIGNED_CONTEXT((#894))
GLOBAL_UNIT_ASSIGNED_CONTEXT((#893,#892,#888))
REPRESENTATION_CONTEXT('ID1','3D')
);
#896=SHAPE_REPRESENTATION('Document',(#897,#916),#895);
#897=AXIS2_PLACEMENT_3D($,#941,#917,#918);
#898=AXIS2_PLACEMENT_3D('',#942,#919,$);
#899=AXIS2_PLACEMENT_3D('',#1519,#920,$);
#900=AXIS2_PLACEMENT_3D('',#1520,#921,$);
#901=AXIS2_PLACEMENT_3D('',#1521,#922,$);
#902=AXIS2_PLACEMENT_3D('',#1522,#923,$);
#903=AXIS2_PLACEMENT_3D('',#1523,#924,$);
#904=AXIS2_PLACEMENT_3D('',#1524,#925,$);
#905=AXIS2_PLACEMENT_3D('',#1525,#926,$);
#906=AXIS2_PLACEMENT_3D('',#1526,#927,$);
#907=AXIS2_PLACEMENT_3D('',#1527,#928,$);
#908=AXIS2_PLACEMENT_3D('',#1528,#929,$);
#909=AXIS2_PLACEMENT_3D('',#1529,#930,$);
#910=AXIS2_PLACEMENT_3D('',#1530,#931,$);
#911=AXIS2_PLACEMENT_3D('',#1531,#932,$);
#912=AXIS2_PLACEMENT_3D('',#1532,#933,$);
#913=AXIS2_PLACEMENT_3D('',#1533,#934,$);
#914=AXIS2_PLACEMENT_3D($,#2704,#935,#936);
#915=AXIS2_PLACEMENT_3D($,#2709,#937,#938);
#916=AXIS2_PLACEMENT_3D($,#2728,#939,#940);
#917=DIRECTION('',(0.,0.,1.));
#918=DIRECTION('',(1.,0.,0.));
#919=DIRECTION('',(0.,0.,1.));
#920=DIRECTION('',(0.,0.,-1.));
#921=DIRECTION('',(0.,0.,1.));
#922=DIRECTION('',(0.,0.,1.));
#923=DIRECTION('',(-0.983490057311966,6.68578933114448E-15,-0.180962170545412));
#924=DIRECTION('',(3.40029801142991E-15,-0.987688340595138,-0.156434465040231));
#925=DIRECTION('',(0.987688340595138,0.,-0.156434465040231));
#926=DIRECTION('',(1.17472298006457E-14,0.987688340595138,-0.156434465040231));
#927=DIRECTION('',(0.,-1.,0.));
#928=DIRECTION('',(1.,0.,0.));
#929=DIRECTION('',(0.,-1.,0.));
#930=DIRECTION('',(-1.,0.,0.));
#931=DIRECTION('',(0.,1.,0.));
#932=DIRECTION('',(-2.52023771269778E-31,5.02019692113545E-16,1.));
#933=DIRECTION('',(-1.,0.,0.));
#934=DIRECTION('',(1.,0.,0.));
#935=DIRECTION('',(-7.56071313809334E-31,1.00403938422709E-15,1.));
#936=DIRECTION('',(-1.,5.02019692113545E-16,-5.02019692113545E-16));
#937=DIRECTION('',(0.,-5.02019692113546E-16,-1.));
#938=DIRECTION('',(1.,-2.00807876845418E-15,0.));
#939=DIRECTION('',(0.,0.,1.));
#940=DIRECTION('',(1.,0.,0.));
#941=CARTESIAN_POINT('',(0.,0.,0.));
#942=CARTESIAN_POINT('',(-0.2,-0.2,13.99));
#943=CARTESIAN_POINT('',(8.82474832880118,6.7,14.0050103674007));
#944=CARTESIAN_POINT('',(9.29474832880118,6.74666666666666,9.33834370073403));
#945=CARTESIAN_POINT('',(9.76474832880117,6.79333333333333,4.67167703406735));
#946=CARTESIAN_POINT('',(10.2347483288012,6.84,0.00501036740069003));
#947=CARTESIAN_POINT('',(8.82470567842189,7.14974140271018,14.0055038652319));
#948=CARTESIAN_POINT('',(9.29470567842189,7.19640806937685,9.33883719856527));
#949=CARTESIAN_POINT('',(9.76470567842188,7.24307473604351,4.67217053189859));
#950=CARTESIAN_POINT('',(10.2347056784219,7.28974140271018,0.00550386523192789));
#951=CARTESIAN_POINT('',(8.375,7.14999750018748,14.0004999750019));
#952=CARTESIAN_POINT('',(8.845,7.19666416685415,9.33383330833521));
#953=CARTESIAN_POINT('',(9.31499999999999,7.24333083352081,4.66716664166854));
#954=CARTESIAN_POINT('',(9.785,7.28999750018748,0.000499975001874862));
#955=CARTESIAN_POINT('',(7.92499710057126,7.1498267086518,13.9954622607869));
#956=CARTESIAN_POINT('',(8.39499710057125,7.19649337531846,9.32879559412021));
#957=CARTESIAN_POINT('',(8.86499710057127,7.24316004198514,4.66212892745359));
#958=CARTESIAN_POINT('',(9.33499710057126,7.2898267086518,-0.00453773921309077));
#959=CARTESIAN_POINT('',(7.92525167119882,6.7,13.9949896325993));
#960=CARTESIAN_POINT('',(8.39525167119882,6.74666666666666,9.32832296593265));
#961=CARTESIAN_POINT('',(8.86525167119882,6.79333333333333,4.66165629926597));
#962=CARTESIAN_POINT('',(9.33525167119882,6.84,-0.00501036740069005));
#963=CARTESIAN_POINT('',(7.9250824094194,6.25025860019633,13.9944751715221));
#964=CARTESIAN_POINT('',(8.39508240941939,6.29692526686298,9.32780850485534));
#965=CARTESIAN_POINT('',(8.86508240941939,6.34359193352967,4.66114183818874));
#966=CARTESIAN_POINT('',(9.33508240941939,6.39025860019633,-0.00552482847794012));
#967=CARTESIAN_POINT('',(8.375,6.25000249981251,13.9995000249981));
#968=CARTESIAN_POINT('',(8.845,6.29666916647919,9.33283335833146));
#969=CARTESIAN_POINT('',(9.31499999999999,6.34333583314584,4.66616669166479));
#970=CARTESIAN_POINT('',(9.785,6.39000249981251,-0.000499975001874843));
#971=CARTESIAN_POINT('',(8.82479098727002,6.25017329425471,14.0045167759671));
#972=CARTESIAN_POINT('',(9.29479098727003,6.29683996092138,9.33785010930041));
#973=CARTESIAN_POINT('',(9.76479098727002,6.34350662758804,4.67118344263374));
#974=CARTESIAN_POINT('',(10.23479098727,6.39017329425471,0.00451677596707853));
#975=CARTESIAN_POINT('',(8.82474832880118,6.7,14.0050103674007));
#976=CARTESIAN_POINT('',(9.29474832880118,6.74666666666666,9.33834370073403));
#977=CARTESIAN_POINT('',(9.76474832880117,6.79333333333333,4.67167703406735));
#978=CARTESIAN_POINT('',(10.2347483288012,6.84,0.00501036740069004));
#979=CARTESIAN_POINT('',(8.82474832880118,5.5,14.0050103674007));
#980=CARTESIAN_POINT('',(9.29474832880118,5.52333333333333,9.33834370073402));
#981=CARTESIAN_POINT('',(9.76474832880117,5.54666666666666,4.67167703406736));
#982=CARTESIAN_POINT('',(10.2347483288012,5.57,0.00501036740069005));
#983=CARTESIAN_POINT('',(8.82472700141688,5.9497629659518,14.0052571290893));
#984=CARTESIAN_POINT('',(9.29472700141687,5.97309629928513,9.33859046242262));
#985=CARTESIAN_POINT('',(9.76472700141688,5.99642963261847,4.67192379575597));
#986=CARTESIAN_POINT('',(10.2347270014169,6.01976296595179,0.00525712908929496));
#987=CARTESIAN_POINT('',(8.375,5.94999937501172,14.0002499968751));
#988=CARTESIAN_POINT('',(8.845,5.97333270834505,9.33358333020839));
#989=CARTESIAN_POINT('',(9.315,5.99666604167838,4.66691666354173));
#990=CARTESIAN_POINT('',(9.785,6.01999937501171,0.000249996875058592));
#991=CARTESIAN_POINT('',(7.92501686240026,5.94980562112186,13.9952150121045));
#992=CARTESIAN_POINT('',(8.39501686240025,5.9731389544552,9.32854834543781));
#993=CARTESIAN_POINT('',(8.86501686240028,5.99647228778853,4.66188167877117));
#994=CARTESIAN_POINT('',(9.33501686240027,6.01980562112186,-0.00478498789550652));
#995=CARTESIAN_POINT('',(7.92525167119882,5.5,13.9949896325993));
#996=CARTESIAN_POINT('',(8.39525167119883,5.52333333333333,9.32832296593264));
#997=CARTESIAN_POINT('',(8.86525167119881,5.54666666666666,4.66165629926598));
#998=CARTESIAN_POINT('',(9.33525167119882,5.57,-0.00501036740069004));
#999=CARTESIAN_POINT('',(7.92505951919146,5.05023703566932,13.9947214653255));
#1000=CARTESIAN_POINT('',(8.39505951919145,5.07357036900265,9.32805479865881));
#1001=CARTESIAN_POINT('',(8.86505951919146,5.09690370233599,4.66138813199215));
#1002=CARTESIAN_POINT('',(9.33505951919146,5.12023703566932,-0.0052785346745136));
#1003=CARTESIAN_POINT('',(8.375,5.05000062498828,13.9997500031249));
#1004=CARTESIAN_POINT('',(8.845,5.07333395832161,9.33308333645827));
#1005=CARTESIAN_POINT('',(9.315,5.09666729165494,4.66641666979161));
#1006=CARTESIAN_POINT('',(9.785,5.12000062498828,-0.000249996875058587));
#1007=CARTESIAN_POINT('',(8.82476965820807,5.05019438049925,14.0047635823103));
#1008=CARTESIAN_POINT('',(9.29476965820808,5.07352771383259,9.33809691564362));
#1009=CARTESIAN_POINT('',(9.76476965820806,5.09686104716592,4.67143024897695));
#1010=CARTESIAN_POINT('',(10.2347696582081,5.12019438049925,0.00476358231028785));
#1011=CARTESIAN_POINT('',(8.82474832880118,5.5,14.0050103674007));
#1012=CARTESIAN_POINT('',(9.29474832880118,5.52333333333333,9.33834370073402));
#1013=CARTESIAN_POINT('',(9.76474832880117,5.54666666666666,4.67167703406736));
#1014=CARTESIAN_POINT('',(10.2347483288012,5.57,0.00501036740069005));
#1015=CARTESIAN_POINT('',(8.82474832880118,4.3,14.0050103674007));
#1016=CARTESIAN_POINT('',(9.29474832880118,4.3,9.33834370073402));
#1017=CARTESIAN_POINT('',(9.76474832880117,4.3,4.67167703406736));
#1018=CARTESIAN_POINT('',(10.2347483288012,4.3,0.00501036740069003));
#1019=CARTESIAN_POINT('',(8.82474832880118,4.7497843722114,14.0050103674007));
#1020=CARTESIAN_POINT('',(9.29474832880117,4.7497843722114,9.33834370073402));
#1021=CARTESIAN_POINT('',(9.76474832880117,4.74978437221141,4.67167703406736));
#1022=CARTESIAN_POINT('',(10.2347483288012,4.7497843722114,0.00501036740069004));
#1023=CARTESIAN_POINT('',(8.375,4.75,14.));
#1024=CARTESIAN_POINT('',(8.845,4.75,9.33333333333333));
#1025=CARTESIAN_POINT('',(9.315,4.75,4.66666666666667));
#1026=CARTESIAN_POINT('',(9.785,4.75,-1.74836247993586E-17));
#1027=CARTESIAN_POINT('',(7.92503766937728,4.7497843722114,13.9949680795587));
#1028=CARTESIAN_POINT('',(8.39503766937728,4.7497843722114,9.32830141289204));
#1029=CARTESIAN_POINT('',(8.86503766937728,4.7497843722114,4.66163474622537));
#1030=CARTESIAN_POINT('',(9.33503766937728,4.7497843722114,-0.00503192044128828));
#1031=CARTESIAN_POINT('',(7.92525167119882,4.3,13.9949896325993));
#1032=CARTESIAN_POINT('',(8.39525167119883,4.3,9.32832296593264));
#1033=CARTESIAN_POINT('',(8.86525167119881,4.3,4.66165629926598));
#1034=CARTESIAN_POINT('',(9.33525167119882,4.3,-0.00501036740069003));
#1035=CARTESIAN_POINT('',(7.92503766937728,3.85021562778859,13.9949680795587));
#1036=CARTESIAN_POINT('',(8.39503766937729,3.85021562778859,9.32830141289205));
#1037=CARTESIAN_POINT('',(8.86503766937727,3.8502156277886,4.66163474622537));
#1038=CARTESIAN_POINT('',(9.33503766937728,3.85021562778859,-0.00503192044128826));
#1039=CARTESIAN_POINT('',(8.375,3.85,14.));
#1040=CARTESIAN_POINT('',(8.845,3.85,9.33333333333333));
#1041=CARTESIAN_POINT('',(9.315,3.85,4.66666666666667));
#1042=CARTESIAN_POINT('',(9.785,3.85,1.11583951800897E-17));
#1043=CARTESIAN_POINT('',(8.82474832880118,3.85021562778859,14.0050103674007));
#1044=CARTESIAN_POINT('',(9.29474832880118,3.85021562778859,9.33834370073402));
#1045=CARTESIAN_POINT('',(9.76474832880118,3.85021562778859,4.67167703406736));
#1046=CARTESIAN_POINT('',(10.2347483288012,3.85021562778859,0.00501036740069002));
#1047=CARTESIAN_POINT('',(8.82474832880118,4.3,14.0050103674007));
#1048=CARTESIAN_POINT('',(9.29474832880118,4.3,9.33834370073402));
#1049=CARTESIAN_POINT('',(9.76474832880117,4.3,4.67167703406736));
#1050=CARTESIAN_POINT('',(10.2347483288012,4.3,0.00501036740069003));
#1051=CARTESIAN_POINT('',(8.82474832880118,3.1,14.0050103674007));
#1052=CARTESIAN_POINT('',(9.29474832880118,3.07666666666666,9.33834370073402));
#1053=CARTESIAN_POINT('',(9.76474832880117,3.05333333333333,4.67167703406736));
#1054=CARTESIAN_POINT('',(10.2347483288012,3.03,0.00501036740069005));
#1055=CARTESIAN_POINT('',(8.82476965820807,3.54980561950074,14.0047635823103));
#1056=CARTESIAN_POINT('',(9.29476965820807,3.52647228616741,9.33809691564362));
#1057=CARTESIAN_POINT('',(9.76476965820807,3.50313895283407,4.67143024897696));
#1058=CARTESIAN_POINT('',(10.2347696582081,3.47980561950074,0.00476358231028782));
#1059=CARTESIAN_POINT('',(8.375,3.54999937501172,13.9997500031249));
#1060=CARTESIAN_POINT('',(8.845,3.52666604167838,9.33308333645827));
#1061=CARTESIAN_POINT('',(9.315,3.50333270834505,4.66641666979161));
#1062=CARTESIAN_POINT('',(9.785,3.47999937501172,-0.000249996875058609));
#1063=CARTESIAN_POINT('',(7.92505951919146,3.54976296433067,13.9947214653255));
#1064=CARTESIAN_POINT('',(8.39505951919147,3.52642963099734,9.32805479865882));
#1065=CARTESIAN_POINT('',(8.86505951919146,3.50309629766401,4.66138813199215));
#1066=CARTESIAN_POINT('',(9.33505951919146,3.47976296433067,-0.00527853467451358));
#1067=CARTESIAN_POINT('',(7.92525167119882,3.1,13.9949896325993));
#1068=CARTESIAN_POINT('',(8.39525167119882,3.07666666666666,9.32832296593264));
#1069=CARTESIAN_POINT('',(8.86525167119882,3.05333333333333,4.66165629926598));
#1070=CARTESIAN_POINT('',(9.33525167119882,3.03,-0.00501036740069005));
#1071=CARTESIAN_POINT('',(7.92501686240027,2.65019437887813,13.9952150121045));
#1072=CARTESIAN_POINT('',(8.39501686240027,2.6268610455448,9.32854834543784));
#1073=CARTESIAN_POINT('',(8.86501686240026,2.60352771221147,4.66188167877116));
#1074=CARTESIAN_POINT('',(9.33501686240027,2.58019437887813,-0.00478498789550647));
#1075=CARTESIAN_POINT('',(8.375,2.65000062498828,14.0002499968751));
#1076=CARTESIAN_POINT('',(8.845,2.62666729165495,9.33358333020839));
#1077=CARTESIAN_POINT('',(9.315,2.60333395832161,4.66691666354173));
#1078=CARTESIAN_POINT('',(9.785,2.58000062498828,0.000249996875058605));
#1079=CARTESIAN_POINT('',(8.82472700141688,2.6502370340482,14.0052571290893));
#1080=CARTESIAN_POINT('',(9.29472700141688,2.62690370071486,9.33859046242262));
#1081=CARTESIAN_POINT('',(9.76472700141687,2.60357036738153,4.67192379575597));
#1082=CARTESIAN_POINT('',(10.2347270014169,2.5802370340482,0.00525712908929498));
#1083=CARTESIAN_POINT('',(8.82474832880118,3.1,14.0050103674007));
#1084=CARTESIAN_POINT('',(9.29474832880118,3.07666666666666,9.33834370073402));
#1085=CARTESIAN_POINT('',(9.76474832880117,3.05333333333333,4.67167703406736));
#1086=CARTESIAN_POINT('',(10.2347483288012,3.03,0.00501036740069005));
#1087=CARTESIAN_POINT('',(8.82474832880118,1.9,14.0050103674007));
#1088=CARTESIAN_POINT('',(9.29474832880118,1.85333333333333,9.33834370073403));
#1089=CARTESIAN_POINT('',(9.76474832880117,1.80666666666666,4.67167703406735));
#1090=CARTESIAN_POINT('',(10.2347483288012,1.76,0.00501036740069004));
#1091=CARTESIAN_POINT('',(8.82479098727002,2.34982670574528,14.0045167759671));
#1092=CARTESIAN_POINT('',(9.29479098727003,2.30316003907862,9.33785010930041));
#1093=CARTESIAN_POINT('',(9.76479098727001,2.25649337241195,4.67118344263374));
#1094=CARTESIAN_POINT('',(10.23479098727,2.20982670574528,0.00451677596707854));
#1095=CARTESIAN_POINT('',(8.375,2.34999750018748,13.9995000249981));
#1096=CARTESIAN_POINT('',(8.845,2.30333083352082,9.33283335833146));
#1097=CARTESIAN_POINT('',(9.31499999999999,2.25666416685415,4.66616669166479));
#1098=CARTESIAN_POINT('',(9.785,2.20999750018748,-0.000499975001874854));
#1099=CARTESIAN_POINT('',(7.92508240941939,2.34974139980367,13.9944751715221));
#1100=CARTESIAN_POINT('',(8.39508240941939,2.303074733137,9.32780850485539));
#1101=CARTESIAN_POINT('',(8.86508240941941,2.25640806647033,4.66114183818873));
#1102=CARTESIAN_POINT('',(9.33508240941939,2.20974139980366,-0.0055248284779401));
#1103=CARTESIAN_POINT('',(7.92525167119882,1.9,13.9949896325993));
#1104=CARTESIAN_POINT('',(8.39525167119882,1.85333333333333,9.32832296593264));
#1105=CARTESIAN_POINT('',(8.86525167119882,1.80666666666667,4.66165629926598));
#1106=CARTESIAN_POINT('',(9.33525167119882,1.76,-0.00501036740069003));
#1107=CARTESIAN_POINT('',(7.92499710057126,1.45017329134819,13.9954622607869));
#1108=CARTESIAN_POINT('',(8.39499710057127,1.40350662468153,9.32879559412024));
#1109=CARTESIAN_POINT('',(8.86499710057127,1.35683995801486,4.66212892745358));
#1110=CARTESIAN_POINT('',(9.33499710057126,1.31017329134819,-0.00453773921309075));
#1111=CARTESIAN_POINT('',(8.375,1.45000249981252,14.0004999750019));
#1112=CARTESIAN_POINT('',(8.845,1.40333583314585,9.33383330833521));
#1113=CARTESIAN_POINT('',(9.31499999999999,1.35666916647918,4.66716664166854));
#1114=CARTESIAN_POINT('',(9.785,1.31000249981251,0.00049997500187485));
#1115=CARTESIAN_POINT('',(8.82470567842189,1.45025859728981,14.0055038652319));
#1116=CARTESIAN_POINT('',(9.29470567842188,1.40359193062315,9.33883719856527));
#1117=CARTESIAN_POINT('',(9.76470567842189,1.35692526395648,4.67217053189859));
#1118=CARTESIAN_POINT('',(10.2347056784219,1.31025859728981,0.00550386523192789));
#1119=CARTESIAN_POINT('',(8.82474832880118,1.9,14.0050103674007));
#1120=CARTESIAN_POINT('',(9.29474832880118,1.85333333333333,9.33834370073403));
#1121=CARTESIAN_POINT('',(9.76474832880117,1.80666666666666,4.67167703406735));
#1122=CARTESIAN_POINT('',(10.2347483288012,1.76,0.00501036740069003));
#1123=CARTESIAN_POINT('',(7.94999170805805,0.625,13.9990894367461));
#1124=CARTESIAN_POINT('',(7.86499170805805,0.156666666666666,9.33242277007941));
#1125=CARTESIAN_POINT('',(7.77999170805804,-0.311666666666667,4.66575610341276));
#1126=CARTESIAN_POINT('',(7.69499170805804,-0.780000000000001,-0.000910563253914376));
#1127=CARTESIAN_POINT('',(7.94991431403318,1.07487819055225,13.9940783003892));
#1128=CARTESIAN_POINT('',(7.86491431403319,0.606544857218919,9.32741163372251));
#1129=CARTESIAN_POINT('',(7.77991431403318,0.138211523885587,4.66074496705583));
#1130=CARTESIAN_POINT('',(7.69491431403318,-0.330121809447748,-0.00592169961082763));
#1131=CARTESIAN_POINT('',(7.5,1.07475009720308,13.9950072223878));
#1132=CARTESIAN_POINT('',(7.415,0.606416763869741,9.32834055572116));
#1133=CARTESIAN_POINT('',(7.33,0.138083430536408,4.66167388905451));
#1134=CARTESIAN_POINT('',(7.245,-0.330249902796926,-0.00499277761216579));
#1135=CARTESIAN_POINT('',(7.05013775611325,1.07503308856071,13.9958870273402));
#1136=CARTESIAN_POINT('',(6.96513775611325,0.606699755227373,9.32922036067359));
#1137=CARTESIAN_POINT('',(6.88013775611325,0.13836642189404,4.66255369400689));
#1138=CARTESIAN_POINT('',(6.79513775611325,-0.329966911439294,-0.00411297265976228));
#1139=CARTESIAN_POINT('',(7.05000829194196,0.625,14.0009105632539));
#1140=CARTESIAN_POINT('',(6.96500829194196,0.156666666666666,9.33424389658724));
#1141=CARTESIAN_POINT('',(6.88000829194196,-0.311666666666667,4.66757722992058));
#1142=CARTESIAN_POINT('',(6.79500829194196,-0.780000000000001,0.000910563253914369));
#1143=CARTESIAN_POINT('',(7.05029257082492,0.175121726150961,14.0059110263712));
#1144=CARTESIAN_POINT('',(6.96529257082492,-0.293211607182372,9.3392443597046));
#1145=CARTESIAN_POINT('',(6.88029257082491,-0.761544940515706,4.67257769303791));
#1146=CARTESIAN_POINT('',(6.79529257082491,-1.22987827384904,0.00591102637125324));
#1147=CARTESIAN_POINT('',(7.5,0.175249902796925,14.0049927776122));
#1148=CARTESIAN_POINT('',(7.415,-0.293083430536409,9.33832611094549));
#1149=CARTESIAN_POINT('',(7.33,-0.761416763869743,4.67165944427883));
#1150=CARTESIAN_POINT('',(7.245,-1.22975009720308,0.00499277761216579));
#1151=CARTESIAN_POINT('',(7.95006912874486,0.174966828142508,14.0041022994202));
#1152=CARTESIAN_POINT('',(7.86506912874484,-0.293366505190827,9.3374356327535));
#1153=CARTESIAN_POINT('',(7.78006912874486,-0.76169983852416,4.67076896608687));
#1154=CARTESIAN_POINT('',(7.69506912874485,-1.23003317185749,0.00410229942018792));
#1155=CARTESIAN_POINT('',(7.94999170805804,0.625,13.9990894367461));
#1156=CARTESIAN_POINT('',(7.86499170805804,0.156666666666666,9.33242277007941));
#1157=CARTESIAN_POINT('',(7.77999170805805,-0.311666666666667,4.66575610341275));
#1158=CARTESIAN_POINT('',(7.69499170805804,-0.780000000000001,-0.000910563253914344));
#1159=CARTESIAN_POINT('',(6.74998653286634,0.625,13.9988395983442));
#1160=CARTESIAN_POINT('',(6.641653199533,0.156666666666666,9.33217293167751));
#1161=CARTESIAN_POINT('',(6.53331986619967,-0.311666666666667,4.66550626501084));
#1162=CARTESIAN_POINT('',(6.42498653286633,-0.780000000000001,-0.00116040165582564));
#1163=CARTESIAN_POINT('',(6.74988791319894,1.07485261423995,13.9938300119659));
#1164=CARTESIAN_POINT('',(6.6415545798656,0.606519280906613,9.32716334529923));
#1165=CARTESIAN_POINT('',(6.53322124653227,0.138185947573279,4.66049667863255));
#1166=CARTESIAN_POINT('',(6.42488791319894,-0.330147385760055,-0.0061699880341115));
#1167=CARTESIAN_POINT('',(6.3,1.07475009720308,13.9950072223878));
#1168=CARTESIAN_POINT('',(6.19166666666666,0.606416763869741,9.32834055572116));
#1169=CARTESIAN_POINT('',(6.08333333333333,0.138083430536408,4.6616738890545));
#1170=CARTESIAN_POINT('',(5.975,-0.330249902796926,-0.00499277761216579));
#1171=CARTESIAN_POINT('',(5.85011718245029,1.07505000281052,13.9961351186968));
#1172=CARTESIAN_POINT('',(5.74178384911695,0.606716669477183,9.32946845203011));
#1173=CARTESIAN_POINT('',(5.63345051578363,0.138383336143849,4.66280178536343));
#1174=CARTESIAN_POINT('',(5.52511718245029,-0.329949997189485,-0.0038648813032228));
#1175=CARTESIAN_POINT('',(5.85001346713367,0.625,14.0011604016558));
#1176=CARTESIAN_POINT('',(5.74168013380033,0.156666666666666,9.33449373498916));
#1177=CARTESIAN_POINT('',(5.633346800467,-0.311666666666667,4.66782706832249));
#1178=CARTESIAN_POINT('',(5.52501346713366,-0.780000000000001,0.00116040165582563));
#1179=CARTESIAN_POINT('',(5.85031446508114,0.175147279820334,14.0061564907644));
#1180=CARTESIAN_POINT('',(5.74198113174781,-0.293186053513,9.33948982409768));
#1181=CARTESIAN_POINT('',(5.63364779841447,-0.761519386846333,4.67282315743103));
#1182=CARTESIAN_POINT('',(5.52531446508114,-1.22985272017967,0.00615649076436151));
#1183=CARTESIAN_POINT('',(6.3,0.175249902796925,14.0049927776122));
#1184=CARTESIAN_POINT('',(6.19166666666666,-0.293083430536409,9.3383261109455));
#1185=CARTESIAN_POINT('',(6.08333333333333,-0.761416763869743,4.67165944427883));
#1186=CARTESIAN_POINT('',(5.975,-1.22975009720308,0.00499277761216579));
#1187=CARTESIAN_POINT('',(6.75008519582979,0.174949891249763,14.0038513840335));
#1188=CARTESIAN_POINT('',(6.64175186249645,-0.29338344208357,9.3371847173668));
#1189=CARTESIAN_POINT('',(6.53341852916313,-0.761716775416904,4.67051805070015));
#1190=CARTESIAN_POINT('',(6.42508519582979,-1.23005010875024,0.0038513840334728));
#1191=CARTESIAN_POINT('',(6.74998653286634,0.625,13.9988395983442));
#1192=CARTESIAN_POINT('',(6.641653199533,0.156666666666666,9.33217293167751));
#1193=CARTESIAN_POINT('',(6.53331986619967,-0.311666666666667,4.66550626501084));
#1194=CARTESIAN_POINT('',(6.42498653286633,-0.780000000000001,-0.00116040165582563));
#1195=CARTESIAN_POINT('',(5.54998011072584,0.625,13.9985898468759));
#1196=CARTESIAN_POINT('',(5.41831344405916,0.156666666666666,9.33192318020927));
#1197=CARTESIAN_POINT('',(5.2866467773925,-0.311666666666667,4.66525651354262));
#1198=CARTESIAN_POINT('',(5.15498011072584,-0.780000000000001,-0.00141015312405034));
#1199=CARTESIAN_POINT('',(5.54986027835793,1.07482600723699,13.993582126734));
#1200=CARTESIAN_POINT('',(5.41819361169126,0.606492673903655,9.32691546006735));
#1201=CARTESIAN_POINT('',(5.28652694502459,0.138159340570323,4.6602487934007));
#1202=CARTESIAN_POINT('',(5.15486027835793,-0.330173992763011,-0.00641787326597453));
#1203=CARTESIAN_POINT('',(5.1,1.07475009720308,13.9950072223878));
#1204=CARTESIAN_POINT('',(4.96833333333333,0.606416763869741,9.32834055572116));
#1205=CARTESIAN_POINT('',(4.83666666666667,0.138083430536408,4.6616738890545));
#1206=CARTESIAN_POINT('',(4.705,-0.330249902796926,-0.00499277761216579));
#1207=CARTESIAN_POINT('',(4.65009677979549,1.07506586432622,13.9963835166145));
#1208=CARTESIAN_POINT('',(4.5184301131288,0.606732530992889,9.32971684994779));
#1209=CARTESIAN_POINT('',(4.38676344646217,0.138399197659557,4.66305018328113));
#1210=CARTESIAN_POINT('',(4.25509677979548,-0.329934135673778,-0.00361648338554003));
#1211=CARTESIAN_POINT('',(4.65001988927417,0.625,14.0014101531241));
#1212=CARTESIAN_POINT('',(4.5183532226075,0.156666666666666,9.33474348645738));
#1213=CARTESIAN_POINT('',(4.38668655594083,-0.311666666666667,4.66807681979072));
#1214=CARTESIAN_POINT('',(4.25501988927416,-0.780000000000001,0.00141015312405034));
#1215=CARTESIAN_POINT('',(4.65033650846275,0.175173864341045,14.0064016285542));
#1216=CARTESIAN_POINT('',(4.51866984179608,-0.293159468992288,9.33973496188748));
#1217=CARTESIAN_POINT('',(4.38700317512943,-0.761492802325624,4.67306829522082));
#1218=CARTESIAN_POINT('',(4.25533650846275,-1.22982613565896,0.00640162855414608));
#1219=CARTESIAN_POINT('',(5.1,0.175249902796925,14.0049927776122));
#1220=CARTESIAN_POINT('',(4.96833333333333,-0.293083430536409,9.33832611094549));
#1221=CARTESIAN_POINT('',(4.83666666666667,-0.761416763869743,4.67165944427883));
#1222=CARTESIAN_POINT('',(4.705,-1.22975009720308,0.00499277761216579));
#1223=CARTESIAN_POINT('',(5.5501000070252,0.174934007251811,14.0036002386737));
#1224=CARTESIAN_POINT('',(5.41843334035852,-0.293399326081523,9.33693357200704));
#1225=CARTESIAN_POINT('',(5.28676667369187,-0.761732659414856,4.67026690534038));
#1226=CARTESIAN_POINT('',(5.1551000070252,-1.23006599274819,0.00360023867371159));
#1227=CARTESIAN_POINT('',(5.54998011072584,0.625,13.9985898468759));
#1228=CARTESIAN_POINT('',(5.41831344405916,0.156666666666666,9.33192318020927));
#1229=CARTESIAN_POINT('',(5.2866467773925,-0.311666666666667,4.66525651354262));
#1230=CARTESIAN_POINT('',(5.15498011072584,-0.780000000000001,-0.00141015312405034));
#1231=CARTESIAN_POINT('',(4.34997244307888,0.625,13.9983402009977));
#1232=CARTESIAN_POINT('',(4.19497244307888,0.156666666666667,9.33167353433106));
#1233=CARTESIAN_POINT('',(4.03997244307888,-0.311666666666667,4.66500686766441));
#1234=CARTESIAN_POINT('',(3.88497244307888,-0.78,-0.00165979900226287));
#1235=CARTESIAN_POINT('',(4.34983141329766,1.07479837250535,13.9933346629802));
#1236=CARTESIAN_POINT('',(4.19483141329766,0.606465039172016,9.32666799631349));
#1237=CARTESIAN_POINT('',(4.03983141329766,0.138131705838684,4.66000132964684));
#1238=CARTESIAN_POINT('',(3.88483141329766,-0.33020162749465,-0.00666533701983437));
#1239=CARTESIAN_POINT('',(3.9,1.07475009720308,13.9950072223878));
#1240=CARTESIAN_POINT('',(3.745,0.606416763869741,9.32834055572116));
#1241=CARTESIAN_POINT('',(3.59,0.138083430536409,4.6616738890545));
#1242=CARTESIAN_POINT('',(3.435,-0.330249902796925,-0.00499277761216579));
#1243=CARTESIAN_POINT('',(3.45007655093989,1.07508067133666,13.9966322186132));
#1244=CARTESIAN_POINT('',(3.29507655093988,0.606747338003331,9.32996555194656));
#1245=CARTESIAN_POINT('',(3.1400765509399,0.138414004669998,4.66329888527987));
#1246=CARTESIAN_POINT('',(2.98507655093989,-0.329919328663336,-0.00336778138679007));
#1247=CARTESIAN_POINT('',(3.45002755692112,0.625,14.0016597990023));
#1248=CARTESIAN_POINT('',(3.29502755692112,0.156666666666666,9.33499313233559));
#1249=CARTESIAN_POINT('',(3.14002755692112,-0.311666666666667,4.66832646566893));
#1250=CARTESIAN_POINT('',(2.98502755692112,-0.78,0.00165979900226286));
#1251=CARTESIAN_POINT('',(3.45035869906155,0.175201476785003,14.006646437861));
#1252=CARTESIAN_POINT('',(3.29535869906156,-0.29313185654833,9.3399797711943));
#1253=CARTESIAN_POINT('',(3.14035869906155,-0.761465189881663,4.67331310452762));
#1254=CARTESIAN_POINT('',(2.98535869906155,-1.229798523215,0.00664643786096052));
#1255=CARTESIAN_POINT('',(3.9,0.175249902796925,14.0049927776122));
#1256=CARTESIAN_POINT('',(3.745,-0.293083430536409,9.33832611094549));
#1257=CARTESIAN_POINT('',(3.59,-0.761416763869742,4.67165944427883));
#1258=CARTESIAN_POINT('',(3.435,-1.22975009720308,0.00499277761216579));
#1259=CARTESIAN_POINT('',(4.35011356141933,0.174919177953689,14.0033488822279));
#1260=CARTESIAN_POINT('',(4.19511356141933,-0.293414155379644,9.33668221556124));
#1261=CARTESIAN_POINT('',(4.04011356141933,-0.761747488712979,4.67001554889459));
#1262=CARTESIAN_POINT('',(3.88511356141933,-1.23008082204631,0.00334888222791622));
#1263=CARTESIAN_POINT('',(4.34997244307888,0.625,13.9983402009977));
#1264=CARTESIAN_POINT('',(4.19497244307888,0.156666666666666,9.33167353433106));
#1265=CARTESIAN_POINT('',(4.03997244307888,-0.311666666666667,4.66500686766441));
#1266=CARTESIAN_POINT('',(3.88497244307888,-0.78,-0.00165979900226287));
#1267=CARTESIAN_POINT('',(3.14996353164625,0.625,13.9980906793264));
#1268=CARTESIAN_POINT('',(2.97163019831291,0.156666666666667,9.3314240126597));
#1269=CARTESIAN_POINT('',(2.79329686497958,-0.311666666666667,4.66475734599305));
#1270=CARTESIAN_POINT('',(2.61496353164624,-0.78,-0.00190932067362435));
#1271=CARTESIAN_POINT('',(3.14980132207914,1.0747697131146,13.9930876388935));
#1272=CARTESIAN_POINT('',(2.97146798874581,0.606436379781265,9.32642097222686));
#1273=CARTESIAN_POINT('',(2.79313465541248,0.138103046447932,4.6597543055602));
#1274=CARTESIAN_POINT('',(2.61480132207915,-0.330230286885403,-0.00691236110647096));
#1275=CARTESIAN_POINT('',(2.7,1.07475009720308,13.9950072223878));
#1276=CARTESIAN_POINT('',(2.52166666666667,0.606416763869742,9.32834055572116));
#1277=CARTESIAN_POINT('',(2.34333333333333,0.138083430536409,4.66167388905451));
#1278=CARTESIAN_POINT('',(2.165,-0.330249902796925,-0.00499277761216579));
#1279=CARTESIAN_POINT('',(2.25005649875527,1.07509442218684,13.9968812221424));
#1280=CARTESIAN_POINT('',(2.07172316542193,0.606761088853503,9.33021455547572));
#1281=CARTESIAN_POINT('',(1.8933898320886,0.13842775552017,4.66354788880905));
#1282=CARTESIAN_POINT('',(1.71505649875527,-0.329905577813163,-0.00311877785761239));
#1283=CARTESIAN_POINT('',(2.25003646835376,0.625,14.0019093206736));
#1284=CARTESIAN_POINT('',(2.07170313502043,0.156666666666666,9.33524265400695));
#1285=CARTESIAN_POINT('',(1.89336980168709,-0.311666666666666,4.66857598734029));
#1286=CARTESIAN_POINT('',(1.71503646835376,-0.78,0.00190932067362434));
#1287=CARTESIAN_POINT('',(2.25038103505819,0.175230114116085,14.0068909168508));
#1288=CARTESIAN_POINT('',(2.07204770172485,-0.293103219217249,9.34022425018411));
#1289=CARTESIAN_POINT('',(1.89371436839152,-0.761436552550581,4.67355758351743));
#1290=CARTESIAN_POINT('',(1.71538103505819,-1.22976988588391,0.00689091685076924));
#1291=CARTESIAN_POINT('',(2.7,0.175249902796925,14.0049927776122));
#1292=CARTESIAN_POINT('',(2.52166666666667,-0.293083430536409,9.3383261109455));
#1293=CARTESIAN_POINT('',(2.34333333333333,-0.761416763869742,4.67165944427883));
#1294=CARTESIAN_POINT('',(2.165,-1.22975009720308,0.00499277761216579));
#1295=CARTESIAN_POINT('',(3.15012585838207,0.174905405043846,14.0030973336019));
#1296=CARTESIAN_POINT('',(2.97179252504874,-0.293427928289487,9.33643066693524));
#1297=CARTESIAN_POINT('',(2.7934591917154,-0.76176126162282,4.66976400026858));
#1298=CARTESIAN_POINT('',(2.61512585838207,-1.23009459495615,0.00309733360191066));
#1299=CARTESIAN_POINT('',(3.14996353164625,0.625,13.9980906793264));
#1300=CARTESIAN_POINT('',(2.97163019831291,0.156666666666667,9.3314240126597));
#1301=CARTESIAN_POINT('',(2.79329686497958,-0.311666666666667,4.66475734599304));
#1302=CARTESIAN_POINT('',(2.61496353164624,-0.78,-0.00190932067362435));
#1303=CARTESIAN_POINT('',(1.94995337842605,0.625,13.9978413004323));
#1304=CARTESIAN_POINT('',(1.74828671175939,0.156666666666667,9.33117463376563));
#1305=CARTESIAN_POINT('',(1.54662004509272,-0.311666666666666,4.66450796709897));
#1306=CARTESIAN_POINT('',(1.34495337842605,-0.779999999999999,-0.00215869956769727));
#1307=CARTESIAN_POINT('',(1.94977000903511,1.07474003224092,13.9928410725592));
#1308=CARTESIAN_POINT('',(1.74810334236845,0.606406698907589,9.32617440589258));
#1309=CARTESIAN_POINT('',(1.54643667570178,0.138073365574257,4.65950773922592));
#1310=CARTESIAN_POINT('',(1.34477000903511,-0.330259967759076,-0.00715892744075125));
#1311=CARTESIAN_POINT('',(1.5,1.07475009720308,13.9950072223878));
#1312=CARTESIAN_POINT('',(1.29833333333333,0.606416763869742,9.32834055572116));
#1313=CARTESIAN_POINT('',(1.09666666666667,0.138083430536409,4.6616738890545));
#1314=CARTESIAN_POINT('',(0.895,-0.330249902796924,-0.00499277761216579));
#1315=CARTESIAN_POINT('',(1.05003662619284,1.07510711533841,13.9971305245788));
#1316=CARTESIAN_POINT('',(0.848369959526176,0.606773782005078,9.3304638579121));
#1317=CARTESIAN_POINT('',(0.64670329285951,0.138440448671748,4.66379719124545));
#1318=CARTESIAN_POINT('',(0.445036626192843,-0.329892884661587,-0.00286947542122425));
#1319=CARTESIAN_POINT('',(1.05004662157395,0.625,14.0021586995677));
#1320=CARTESIAN_POINT('',(0.84837995490728,0.156666666666667,9.33549203290103));
#1321=CARTESIAN_POINT('',(0.646713288240615,-0.311666666666666,4.66882536623437));
#1322=CARTESIAN_POINT('',(0.445046621573947,-0.779999999999999,0.00215869956769728));
#1323=CARTESIAN_POINT('',(1.0504035147223,0.175259773191048,14.0071350637328));
#1324=CARTESIAN_POINT('',(0.848736848055636,-0.293073560142284,9.34046839706614));
#1325=CARTESIAN_POINT('',(0.647070181388969,-0.76140689347562,4.67380173039949));
#1326=CARTESIAN_POINT('',(0.445403514722303,-1.22974022680895,0.00713506373282745));
#1327=CARTESIAN_POINT('',(1.5,0.175249902796925,14.0049927776122));
#1328=CARTESIAN_POINT('',(1.29833333333333,-0.293083430536408,9.3383261109455));
#1329=CARTESIAN_POINT('',(1.09666666666667,-0.761416763869742,4.67165944427883));
#1330=CARTESIAN_POINT('',(0.895,-1.22975009720307,0.00499277761216578));
#1331=CARTESIAN_POINT('',(1.95013689756457,0.174892690093558,14.0028456117133));
#1332=CARTESIAN_POINT('',(1.7484702308979,-0.293440643239774,9.33617894504663));
#1333=CARTESIAN_POINT('',(1.54680356423124,-0.761773976573109,4.66951227837997));
#1334=CARTESIAN_POINT('',(1.34513689756457,-1.23010730990644,0.00284561171330046));
#1335=CARTESIAN_POINT('',(1.94995337842605,0.625,13.9978413004323));
#1336=CARTESIAN_POINT('',(1.74828671175939,0.156666666666667,9.33117463376563));
#1337=CARTESIAN_POINT('',(1.54662004509272,-0.311666666666666,4.66450796709897));
#1338=CARTESIAN_POINT('',(1.34495337842605,-0.779999999999999,-0.00215869956769727));
#1339=CARTESIAN_POINT('',(1.07487243194218,6.7,13.9964306117929));
#1340=CARTESIAN_POINT('',(0.740876682977365,6.7317453398398,9.32975215685929));
#1341=CARTESIAN_POINT('',(0.406798303430423,6.76348254155674,4.66307955758187));
#1342=CARTESIAN_POINT('',(0.0726385361851103,6.79523614638149,-0.00358709935055263));
#1343=CARTESIAN_POINT('',(1.07490288337622,7.14991002458095,13.9969273562216));
#1344=CARTESIAN_POINT('',(0.755822578778807,7.18099230854023,9.33013120053891));
#1345=CARTESIAN_POINT('',(0.436667576702504,7.2119843936748,4.66333951043639));
#1346=CARTESIAN_POINT('',(0.117414858853596,7.24291207433426,-0.0034458820919063));
#1347=CARTESIAN_POINT('',(0.625,7.14999757057171,14.0004928863219));
#1348=CARTESIAN_POINT('',(0.306592143696793,7.19600378876545,9.33371249556378));
#1349=CARTESIAN_POINT('',(-0.0118073560403111,7.24192636780945,4.66693070713356));
#1350=CARTESIAN_POINT('',(-0.330223348601821,7.28776651398179,0.000149237233542077));
#1351=CARTESIAN_POINT('',(0.175050952609221,7.14986127174177,14.0040593273186));
#1352=CARTESIAN_POINT('',(-0.142707489399123,7.21079600655986,9.33729641711698));
#1353=CARTESIAN_POINT('',(-0.460373932379721,7.27165725885295,4.67052623860194));
#1354=CARTESIAN_POINT('',(-0.77797382327622,7.33242120680051,0.00375030102464253));
#1355=CARTESIAN_POINT('',(0.17512656294155,6.7,14.003555316579));
#1356=CARTESIAN_POINT('',(-0.157543690963704,6.76158802705221,9.33690979694806));
#1357=CARTESIAN_POINT('',(-0.490131296722772,6.82318412512768,4.67025848925306));
#1358=CARTESIAN_POINT('',(-0.822637527226586,6.88476375272266,0.00360116904860587));
#1359=CARTESIAN_POINT('',(0.174990390788237,6.25007806618838,14.0030658089488));
#1360=CARTESIAN_POINT('',(-0.172598024849601,6.31234045157007,9.33653835547716));
#1361=CARTESIAN_POINT('',(-0.520109984669275,6.37469354266791,4.67000638025656));
#1362=CARTESIAN_POINT('',(-0.867522410650957,6.43711088958545,0.00346789974147955));
#1363=CARTESIAN_POINT('',(0.625,6.25000257120158,13.9994929363483));
#1364=CARTESIAN_POINT('',(0.27674119435921,6.29732955825767,9.33294942082102));
#1365=CARTESIAN_POINT('',(-0.0715259806809355,6.34474025133654,4.66640737583114));
#1366=CARTESIAN_POINT('',(-0.419776655409292,6.39223344590708,-0.0001350579490469));
#1367=CARTESIAN_POINT('',(1.07484198316666,6.2501292543162,13.9959339107319));
#1368=CARTESIAN_POINT('',(0.725932092010828,6.28253759214916,9.32937314627167));
#1369=CARTESIAN_POINT('',(0.376931637862215,6.3150198453969,4.66281962742225));
#1370=CARTESIAN_POINT('',(0.0278661226639579,6.34759930228053,-0.00372830428038236));
#1371=CARTESIAN_POINT('',(1.07487243194218,6.7,13.9964306117929));
#1372=CARTESIAN_POINT('',(0.740876682977365,6.7317453398398,9.32975215685929));
#1373=CARTESIAN_POINT('',(0.406798303430423,6.76348254155674,4.66307955758187));
#1374=CARTESIAN_POINT('',(0.0726385361851103,6.79523614638149,-0.00358709935055263));
#1375=CARTESIAN_POINT('',(1.07487280861628,5.5,13.9964358786884));
#1376=CARTESIAN_POINT('',(0.741372918095231,5.51584480799891,9.32976626008863));
#1377=CARTESIAN_POINT('',(0.407852356884308,5.53168859034896,4.66309811503872));
#1378=CARTESIAN_POINT('',(0.074311203435124,5.54753443982824,-0.00356855101670857));
#1379=CARTESIAN_POINT('',(1.07488800318431,5.94990087316577,13.9966842535051));
#1380=CARTESIAN_POINT('',(0.748873502531538,5.96557896797932,9.32995556980447));
#1381=CARTESIAN_POINT('',(0.422839331202379,5.98123550944531,4.66322818522369));
#1382=CARTESIAN_POINT('',(0.0967825098955748,5.99687366943265,-0.00349767599148025));
#1383=CARTESIAN_POINT('',(0.625,5.94999938389148,14.0002482145684));
#1384=CARTESIAN_POINT('',(0.299157298944753,5.97316666036815,9.33352328806279));
#1385=CARTESIAN_POINT('',(-0.0266843487804336,5.99631300672555,4.66679818391775));
#1386=CARTESIAN_POINT('',(-0.352528075045309,6.01943849909381,7.31217476151676E-5));
#1387=CARTESIAN_POINT('',(0.175034451847211,5.94987622459505,14.0038165695218));
#1388=CARTESIAN_POINT('',(-0.150647700952104,5.98053655572681,9.3370962291163));
#1389=CARTESIAN_POINT('',(-0.476307799650402,6.01117744215317,4.67037421877038));
#1390=CARTESIAN_POINT('',(-0.801948976799618,6.04179579967384,0.00365074238029897));
#1391=CARTESIAN_POINT('',(0.175126938695303,5.5,14.0035605836738));
#1392=CARTESIAN_POINT('',(-0.15803966938676,5.53082186288094,9.3368992259564));
#1393=CARTESIAN_POINT('',(-0.491185605673877,5.56164474298496,4.67023639895663));
#1394=CARTESIAN_POINT('',(-0.82431095050332,5.59246554752517,0.00357208853327058));
#1395=CARTESIAN_POINT('',(0.175004105909614,5.05009341686454,14.0033198215198));
#1396=CARTESIAN_POINT('',(-0.165648550024468,5.08108757365991,9.33671761702514));
#1397=CARTESIAN_POINT('',(-0.506281111211122,5.11210334490892,4.67011408711857));
#1398=CARTESIAN_POINT('',(-0.846890594679488,5.14313748057606,0.00350899803010524));
#1399=CARTESIAN_POINT('',(0.625,5.05000063393158,13.9997482208192));
#1400=CARTESIAN_POINT('',(0.284176034685582,5.07350000800188,9.33314218885297));
#1401=CARTESIAN_POINT('',(-0.056648984765276,5.09702032065843,4.66653633912556));
#1402=CARTESIAN_POINT('',(-0.397471925208681,5.12056149582641,-6.95570124393895E-5));
#1403=CARTESIAN_POINT('',(1.07485761470856,5.05011867777473,13.9961875146651));
#1404=CARTESIAN_POINT('',(0.733872659605124,5.0661301917143,9.32957695859946));
#1405=CARTESIAN_POINT('',(0.392866033841798,5.08216120681165,4.66296805050609));
#1406=CARTESIAN_POINT('',(0.051840873490172,5.0982147367575,-0.00363942296198422));
#1407=CARTESIAN_POINT('',(1.07487280861628,5.5,13.9964358786884));
#1408=CARTESIAN_POINT('',(0.741372918095232,5.51584480799892,9.32976626008864));
#1409=CARTESIAN_POINT('',(0.407852356884308,5.53168859034896,4.66309811503872));
#1410=CARTESIAN_POINT('',(0.074311203435124,5.54753443982824,-0.00356855101670857));
#1411=CARTESIAN_POINT('',(1.07487293499154,4.3,13.9964376475006));
#1412=CARTESIAN_POINT('',(0.741539601658203,4.3,9.32977098083393));
#1413=CARTESIAN_POINT('',(0.40820626832487,4.3,4.66310431416727));
#1414=CARTESIAN_POINT('',(0.0748729349915368,4.3,-0.00356235249939548));
#1415=CARTESIAN_POINT('',(1.07487293499154,4.74989133625249,13.9964376475006));
#1416=CARTESIAN_POINT('',(0.741539601658203,4.74989133625249,9.32977098083392));
#1417=CARTESIAN_POINT('',(0.40820626832487,4.7498913362525,4.66310431416727));
#1418=CARTESIAN_POINT('',(0.0748729349915369,4.74989133625249,-0.00356235249939548));
#1419=CARTESIAN_POINT('',(0.625,4.75,14.));
#1420=CARTESIAN_POINT('',(0.291666666666666,4.75,9.33333333333332));
#1421=CARTESIAN_POINT('',(-0.0416666666666666,4.75,4.66666666666667));
#1422=CARTESIAN_POINT('',(-0.375,4.75,4.48597845338222E-18));
#1423=CARTESIAN_POINT('',(0.17501881521837,4.74989133625249,14.0035700846273));
#1424=CARTESIAN_POINT('',(-0.158314518114963,4.74989133625249,9.3369034179606));
#1425=CARTESIAN_POINT('',(-0.491647851448298,4.7498913362525,4.67023675129392));
#1426=CARTESIAN_POINT('',(-0.82498118478163,4.74989133625249,0.0035700846272593));
#1427=CARTESIAN_POINT('',(0.175127065008463,4.3,14.0035623524994));
#1428=CARTESIAN_POINT('',(-0.15820626832487,4.3,9.33689568583272));
#1429=CARTESIAN_POINT('',(-0.491539601658203,4.3,4.67022901916607));
#1430=CARTESIAN_POINT('',(-0.824872934991537,4.3,0.00356235249939548));
#1431=CARTESIAN_POINT('',(0.17501881521837,3.8501086637475,14.0035700846273));
#1432=CARTESIAN_POINT('',(-0.158314518114963,3.8501086637475,9.33690341796061));
#1433=CARTESIAN_POINT('',(-0.491647851448298,3.85010866374751,4.67023675129391));
#1434=CARTESIAN_POINT('',(-0.82498118478163,3.8501086637475,0.0035700846272593));
#1435=CARTESIAN_POINT('',(0.625,3.85,14.));
#1436=CARTESIAN_POINT('',(0.291666666666666,3.85,9.33333333333332));
#1437=CARTESIAN_POINT('',(-0.0416666666666666,3.85,4.66666666666667));
#1438=CARTESIAN_POINT('',(-0.375,3.85,6.72896768007333E-18));
#1439=CARTESIAN_POINT('',(1.07487293499154,3.8501086637475,13.9964376475006));
#1440=CARTESIAN_POINT('',(0.741539601658203,3.8501086637475,9.32977098083393));
#1441=CARTESIAN_POINT('',(0.40820626832487,3.8501086637475,4.66310431416727));
#1442=CARTESIAN_POINT('',(0.0748729349915367,3.8501086637475,-0.00356235249939548));
#1443=CARTESIAN_POINT('',(1.07487293499154,4.3,13.9964376475006));
#1444=CARTESIAN_POINT('',(0.741539601658203,4.3,9.32977098083393));
#1445=CARTESIAN_POINT('',(0.40820626832487,4.3,4.66310431416727));
#1446=CARTESIAN_POINT('',(0.0748729349915368,4.3,-0.00356235249939548));
#1447=CARTESIAN_POINT('',(1.07487280861628,3.1,13.9964358786884));
#1448=CARTESIAN_POINT('',(0.741372918095232,3.08415519200108,9.32976626008864));
#1449=CARTESIAN_POINT('',(0.407852356884308,3.06831140965103,4.66309811503872));
#1450=CARTESIAN_POINT('',(0.074311203435124,3.05246556017176,-0.00356855101670857));
#1451=CARTESIAN_POINT('',(1.07485761470856,3.54988132222526,13.9961875146651));
#1452=CARTESIAN_POINT('',(0.733872659605126,3.53386980828569,9.32957695859947));
#1453=CARTESIAN_POINT('',(0.392866033841798,3.51783879318835,4.66296805050609));
#1454=CARTESIAN_POINT('',(0.0518408734901729,3.5017852632425,-0.00363942296198422));
#1455=CARTESIAN_POINT('',(0.625,3.54999936606842,13.9997482208192));
#1456=CARTESIAN_POINT('',(0.284176034685583,3.52649999199812,9.33314218885297));
#1457=CARTESIAN_POINT('',(-0.0566489847652758,3.50297967934157,4.66653633912556));
#1458=CARTESIAN_POINT('',(-0.39747192520868,3.47943850417359,-6.95570124394025E-5));
#1459=CARTESIAN_POINT('',(0.175004105909614,3.54990658313546,14.0033198215198));
#1460=CARTESIAN_POINT('',(-0.165648550024468,3.51891242634007,9.33671761702515));
#1461=CARTESIAN_POINT('',(-0.506281111211123,3.48789665509107,4.67011408711858));
#1462=CARTESIAN_POINT('',(-0.846890594679487,3.45686251942394,0.00350899803010524));
#1463=CARTESIAN_POINT('',(0.175126938695303,3.1,14.0035605836738));
#1464=CARTESIAN_POINT('',(-0.15803966938676,3.06917813711905,9.3368992259564));
#1465=CARTESIAN_POINT('',(-0.491185605673877,3.03835525701504,4.67023639895663));
#1466=CARTESIAN_POINT('',(-0.82431095050332,3.00753445247483,0.00357208853327058));
#1467=CARTESIAN_POINT('',(0.175034451847211,2.65012377540495,14.0038165695218));
#1468=CARTESIAN_POINT('',(-0.150647700952105,2.61946344427319,9.3370962291163));
#1469=CARTESIAN_POINT('',(-0.476307799650401,2.58882255784682,4.67037421877037));
#1470=CARTESIAN_POINT('',(-0.801948976799619,2.55820420032616,0.00365074238029895));
#1471=CARTESIAN_POINT('',(0.625,2.65000061610852,14.0002482145684));
#1472=CARTESIAN_POINT('',(0.299157298944753,2.62683333963185,9.3335232880628));
#1473=CARTESIAN_POINT('',(-0.0266843487804337,2.60368699327445,4.66679818391774));
#1474=CARTESIAN_POINT('',(-0.352528075045309,2.58056150090619,7.31217476151929E-5));
#1475=CARTESIAN_POINT('',(1.07488800318431,2.65009912683423,13.9966842535051));
#1476=CARTESIAN_POINT('',(0.748873502531538,2.63442103202069,9.32995556980446));
#1477=CARTESIAN_POINT('',(0.422839331202378,2.61876449055468,4.66322818522369));
#1478=CARTESIAN_POINT('',(0.0967825098955741,2.60312633056735,-0.00349767599148025));
#1479=CARTESIAN_POINT('',(1.07487280861628,3.1,13.9964358786884));
#1480=CARTESIAN_POINT('',(0.741372918095232,3.08415519200108,9.32976626008864));
#1481=CARTESIAN_POINT('',(0.407852356884308,3.06831140965103,4.66309811503872));
#1482=CARTESIAN_POINT('',(0.074311203435124,3.05246556017176,-0.00356855101670857));
#1483=CARTESIAN_POINT('',(1.07487243194218,1.9,13.9964306117929));
#1484=CARTESIAN_POINT('',(0.740876682977365,1.86825466016021,9.32975215685929));
#1485=CARTESIAN_POINT('',(0.406798303430423,1.83651745844325,4.66307955758187));
#1486=CARTESIAN_POINT('',(0.0726385361851103,1.80476385361851,-0.00358709935055263));
#1487=CARTESIAN_POINT('',(1.07484198316666,2.3498707456838,13.9959339107319));
#1488=CARTESIAN_POINT('',(0.725932092010828,2.31746240785085,9.32937314627166));
#1489=CARTESIAN_POINT('',(0.376931637862215,2.28498015460309,4.66281962742226));
#1490=CARTESIAN_POINT('',(0.0278661226639585,2.25240069771946,-0.00372830428038236));
#1491=CARTESIAN_POINT('',(0.625,2.34999742879842,13.9994929363483));
#1492=CARTESIAN_POINT('',(0.27674119435921,2.30267044174233,9.33294942082102));
#1493=CARTESIAN_POINT('',(-0.071525980680935,2.25525974866346,4.66640737583114));
#1494=CARTESIAN_POINT('',(-0.419776655409292,2.20776655409292,-0.000135057949046923));
#1495=CARTESIAN_POINT('',(0.174990390788237,2.34992193381162,14.0030658089488));
#1496=CARTESIAN_POINT('',(-0.172598024849601,2.28765954842992,9.33653835547714));
#1497=CARTESIAN_POINT('',(-0.520109984669275,2.2253064573321,4.67000638025656));
#1498=CARTESIAN_POINT('',(-0.867522410650957,2.16288911041455,0.00346789974147956));
#1499=CARTESIAN_POINT('',(0.17512656294155,1.9,14.003555316579));
#1500=CARTESIAN_POINT('',(-0.157543690963704,1.83841197294779,9.33690979694806));
#1501=CARTESIAN_POINT('',(-0.490131296722772,1.77681587487231,4.67025848925306));
#1502=CARTESIAN_POINT('',(-0.822637527226586,1.71523624727734,0.00360116904860587));
#1503=CARTESIAN_POINT('',(0.175050952609221,1.45013872825822,14.0040593273186));
#1504=CARTESIAN_POINT('',(-0.142707489399123,1.38920399344013,9.337296417117));
#1505=CARTESIAN_POINT('',(-0.460373932379721,1.32834274114705,4.67052623860193));
#1506=CARTESIAN_POINT('',(-0.777973823276221,1.26757879319948,0.00375030102464253));
#1507=CARTESIAN_POINT('',(0.625,1.45000242942829,14.0004928863219));
#1508=CARTESIAN_POINT('',(0.306592143696793,1.40399621123456,9.33371249556378));
#1509=CARTESIAN_POINT('',(-0.0118073560403115,1.35807363219055,4.66693070713356));
#1510=CARTESIAN_POINT('',(-0.330223348601821,1.31223348601821,0.000149237233542078));
#1511=CARTESIAN_POINT('',(1.07490288337622,1.45008997541904,13.9969273562216));
#1512=CARTESIAN_POINT('',(0.755822578778807,1.41900769145977,9.33013120053892));
#1513=CARTESIAN_POINT('',(0.436667576702504,1.38801560632519,4.66333951043638));
#1514=CARTESIAN_POINT('',(0.117414858853596,1.35708792566573,-0.0034458820919063));
#1515=CARTESIAN_POINT('',(1.07487243194218,1.9,13.9964306117929));
#1516=CARTESIAN_POINT('',(0.740876682977365,1.86825466016021,9.32975215685929));
#1517=CARTESIAN_POINT('',(0.406798303430423,1.83651745844325,4.66307955758187));
#1518=CARTESIAN_POINT('',(0.0726385361851103,1.80476385361851,-0.00358709935055263));
#1519=CARTESIAN_POINT('',(-3.20000000000005,-3.19999999999995,0.01));
#1520=CARTESIAN_POINT('',(0.890810948948888,8.10113115169181,12.8835345505195));
#1521=CARTESIAN_POINT('',(-3.35400000000011,14.8790000000001,16.));
#1522=CARTESIAN_POINT('',(-3.20000000000005,14.7000000000001,16.));
#1523=CARTESIAN_POINT('',(-3.20000000000011,-3.2,16.));
#1524=CARTESIAN_POINT('',(12.2000000000001,-3.19999999999995,16.));
#1525=CARTESIAN_POINT('',(12.2000000000001,14.6999999999999,16.));
#1526=CARTESIAN_POINT('',(9.2,11.7,13.99));
#1527=CARTESIAN_POINT('',(-0.2,11.7,13.99));
#1528=CARTESIAN_POINT('',(9.2,11.7,13.99));
#1529=CARTESIAN_POINT('',(9.2,-0.2,13.99));
#1530=CARTESIAN_POINT('',(-0.2,-0.2,13.99));
#1531=CARTESIAN_POINT('',(4.5,11.7,14.4417672752598));
#1532=CARTESIAN_POINT('',(8.0384206382854,11.67,12.8523698960247));
#1533=CARTESIAN_POINT('',(0.961579361714595,11.67,16.0311646544948));
#1534=CARTESIAN_POINT('',(-0.2,-0.2,13.99));
#1535=CARTESIAN_POINT('',(9.2,-0.2,13.99));
#1536=CARTESIAN_POINT('',(9.2,11.7,13.99));
#1537=CARTESIAN_POINT('',(-0.2,11.7,13.99));
#1538=CARTESIAN_POINT('',(0.961579361714595,11.7,13.99));
#1539=CARTESIAN_POINT('',(8.0384206382854,11.7,13.99));
#1540=CARTESIAN_POINT('',(8.82626008723225,6.70015010367401,13.99));
#1541=CARTESIAN_POINT('',(8.82626008723225,5.500075051837,13.99));
#1542=CARTESIAN_POINT('',(8.82626008723225,4.3,13.99));
#1543=CARTESIAN_POINT('',(8.82626008723225,3.099924948163,13.99));
#1544=CARTESIAN_POINT('',(8.82626008723225,1.89984989632599,13.99));
#1545=CARTESIAN_POINT('',(7.94982615046017,0.624087810097983,13.99));
#1546=CARTESIAN_POINT('',(6.74978132790477,0.624112883166173,13.99));
#1547=CARTESIAN_POINT('',(5.54973775433184,0.624137947509949,13.99));
#1548=CARTESIAN_POINT('',(4.34969542926003,0.624163001257014,13.99));
#1549=CARTESIAN_POINT('',(3.14965435211484,0.624188042539032,13.99));
#1550=CARTESIAN_POINT('',(1.9496145222288,0.624213069492329,13.99));
#1551=CARTESIAN_POINT('',(1.07441219083752,1.89995625541061,13.9900000000004));
#1552=CARTESIAN_POINT('',(1.07441287357163,3.09997814817259,13.9900000000001));
#1553=CARTESIAN_POINT('',(1.07441310302721,4.3,13.99));
#1554=CARTESIAN_POINT('',(1.07441287357163,5.50002185182741,13.9900000000001));
#1555=CARTESIAN_POINT('',(1.07441219083752,6.70004374458939,13.9900000000004));
#1556=CARTESIAN_POINT('',(9.66743794786029,7.27450353115005,0.01));
#1557=CARTESIAN_POINT('',(9.66743794860253,6.40526876010766,0.01));
#1558=CARTESIAN_POINT('',(10.0139198758228,6.81807377062625,2.19763330477478));
#1559=CARTESIAN_POINT('',(9.66743794827509,6.0045583885213,0.01));
#1560=CARTESIAN_POINT('',(9.66743794864085,5.1353277563297,0.01));
#1561=CARTESIAN_POINT('',(10.0139198758228,5.55903688531313,2.19763330477478));
#1562=CARTESIAN_POINT('',(9.66743794853182,4.73461462627264,0.01));
#1563=CARTESIAN_POINT('',(9.6674379485318,3.86538537372736,0.01));
#1564=CARTESIAN_POINT('',(10.0139198758228,4.3,2.19763330477478));
#1565=CARTESIAN_POINT('',(9.66743794864085,3.46467224367029,0.01));
#1566=CARTESIAN_POINT('',(9.66743794827511,2.59544161147869,0.01));
#1567=CARTESIAN_POINT('',(10.0139198758228,3.04096311468687,2.19763330477477));
#1568=CARTESIAN_POINT('',(9.66743794860254,2.19473123989234,0.01));
#1569=CARTESIAN_POINT('',(9.66743794784552,1.32549646884623,0.01));
#1570=CARTESIAN_POINT('',(10.0139198758228,1.78192622937374,2.19763330477477));
#1571=CARTESIAN_POINT('',(7.68121997028964,-0.667432799219261,0.01));
#1572=CARTESIAN_POINT('',(6.80922897933915,-0.667466031229214,0.01));
#1573=CARTESIAN_POINT('',(7.70303759914802,-0.735668717719903,0.440824633843152));
#1574=CARTESIAN_POINT('',(6.41128228511363,-0.667436387108314,0.01));
#1575=CARTESIAN_POINT('',(5.53928510435941,-0.667445612367111,0.01));
#1576=CARTESIAN_POINT('',(6.43524465020706,-0.735653369650128,0.440727729944342));
#1577=CARTESIAN_POINT('',(5.14134429297484,-0.667434278410639,0.01));
#1578=CARTESIAN_POINT('',(4.26933789971887,-0.667432799219253,0.01));
#1579=CARTESIAN_POINT('',(5.1674519821609,-0.73563802692086,0.44063085976419));
#1580=CARTESIAN_POINT('',(3.87140760808759,-0.667432799219287,0.01));
#1581=CARTESIAN_POINT('',(2.99938602847176,-0.667432799219263,0.01));
#1582=CARTESIAN_POINT('',(3.89965959527435,-0.735622690678197,0.440534030538836));
#1583=CARTESIAN_POINT('',(2.60147244593144,-0.667432799219298,0.01));
#1584=CARTESIAN_POINT('',(1.72943277272253,-0.667432799219273,0.01));
#1585=CARTESIAN_POINT('',(2.63186748986318,-0.735607362065809,0.44043724948913));
#1586=CARTESIAN_POINT('',(1.33153842754945,-0.667432799219308,0.01));
#1587=CARTESIAN_POINT('',(0.45947813236445,-0.667432799219285,0.01));
#1588=CARTESIAN_POINT('',(1.36407566629379,-0.735592042224518,0.440340523817886));
#1589=CARTESIAN_POINT('',(-0.257841215009617,6.40524448577977,0.01));
#1590=CARTESIAN_POINT('',(0.0736114492323604,6.79514369513127,0.0100000000000064));
#1591=CARTESIAN_POINT('',(-0.25784581709912,7.27454720998092,0.01));
#1592=CARTESIAN_POINT('',(-0.257843299934905,5.13529884119901,0.01));
#1593=CARTESIAN_POINT('',(0.0752809898390856,5.54748836728756,0.0100000000000029));
#1594=CARTESIAN_POINT('',(-0.257846078871716,6.00459601621448,0.01));
#1595=CARTESIAN_POINT('',(-0.257839999999958,3.86536332318772,0.01));
#1596=CARTESIAN_POINT('',(0.0758416744557794,4.3,0.010000000000001));
#1597=CARTESIAN_POINT('',(-0.257839999999947,4.73463667681227,0.01));
#1598=CARTESIAN_POINT('',(-0.257846078837262,2.59540398377695,0.01));
#1599=CARTESIAN_POINT('',(0.0752809898390856,3.05251163271244,0.0100000000000029));
#1600=CARTESIAN_POINT('',(-0.257843299934929,3.46470115880099,0.01));
#1601=CARTESIAN_POINT('',(-0.257840000000056,1.32546522211541,0.01));
#1602=CARTESIAN_POINT('',(0.0736114492323599,1.80485630486872,0.00999999999999928));
#1603=CARTESIAN_POINT('',(-0.257839999999958,2.19475290952409,0.01));
#1604=CARTESIAN_POINT('',(-0.257839999999986,-0.667432799210659,0.01));
#1605=CARTESIAN_POINT('',(-0.25783999999985,12.1674327992108,0.0100000000000001));
#1606=CARTESIAN_POINT('',(9.66743279921072,-0.667432799210626,0.01));
#1607=CARTESIAN_POINT('',(9.66743279921072,12.1674327992106,0.0100000000000006));
#1608=CARTESIAN_POINT('',(8.0384206382854,11.7,12.8835345505195));
#1609=CARTESIAN_POINT('',(8.03842063828543,14.2064003639933,12.8835345505195));
#1610=CARTESIAN_POINT('',(0.961579361714624,14.2064003639934,12.8835345505195));
#1611=CARTESIAN_POINT('',(0.961579361714596,11.7,12.8835345505195));
#1612=CARTESIAN_POINT('',(9.2,-0.2,16.));
#1613=CARTESIAN_POINT('',(-0.2,-0.2,16.));
#1614=CARTESIAN_POINT('',(9.2,11.7,16.));
#1615=CARTESIAN_POINT('',(-0.2,11.7,16.));
#1616=CARTESIAN_POINT('',(0.961579361714595,11.7,16.));
#1617=CARTESIAN_POINT('',(8.0384206382854,11.7,16.));
#1618=CARTESIAN_POINT('',(0.961579361714629,14.7000000000001,16.));
#1619=CARTESIAN_POINT('',(8.03842063828544,14.7,16.));
#1620=CARTESIAN_POINT('',(12.2000000000001,14.6999999999999,16.));
#1621=CARTESIAN_POINT('',(12.2000000000001,-3.19999999999995,16.));
#1622=CARTESIAN_POINT('',(-3.20000000000011,-3.2,16.));
#1623=CARTESIAN_POINT('',(-3.20000000000005,14.7000000000001,16.));
#1624=CARTESIAN_POINT('',(-0.2,-0.2,13.99));
#1625=CARTESIAN_POINT('',(9.2,-0.2,13.99));
#1626=CARTESIAN_POINT('',(9.2,-0.2,13.99));
#1627=CARTESIAN_POINT('',(9.2,11.7,13.99));
#1628=CARTESIAN_POINT('',(0.961579361714595,11.7,13.99));
#1629=CARTESIAN_POINT('',(-0.2,11.7,13.99));
#1630=CARTESIAN_POINT('',(-0.2,11.7,13.99));
#1631=CARTESIAN_POINT('',(-0.2,-0.2,13.99));
#1632=CARTESIAN_POINT('',(9.2,11.7,13.99));
#1633=CARTESIAN_POINT('',(8.0384206382854,11.7,13.99));
#1634=CARTESIAN_POINT('',(8.82626008723225,6.70015010367401,13.99));
#1635=CARTESIAN_POINT('',(8.82626195905692,6.81952871384139,13.99));
#1636=CARTESIAN_POINT('',(8.7787573601347,6.93397120718028,13.99));
#1637=CARTESIAN_POINT('',(8.60986969239129,7.10266332308399,13.99));
#1638=CARTESIAN_POINT('',(8.49539298808769,7.15004788071378,13.99));
#1639=CARTESIAN_POINT('',(8.37605749748233,7.1501024999375,13.99));
#1640=CARTESIAN_POINT('',(8.25669524794071,7.15004390151541,13.99));
#1641=CARTESIAN_POINT('',(8.14217318182673,7.10268575513247,13.99));
#1642=CARTESIAN_POINT('',(7.97320376783894,6.9339595104198,13.99));
#1643=CARTESIAN_POINT('',(7.92569925008766,6.81947536449119,13.99));
#1644=CARTESIAN_POINT('',(7.92575419848204,6.70004989632599,13.99));
#1645=CARTESIAN_POINT('',(7.92569550658409,6.58064953272929,13.99));
#1646=CARTESIAN_POINT('',(7.97318545990686,6.46618803714376,13.99));
#1647=CARTESIAN_POINT('',(8.14212015308091,6.29749596468454,13.99));
#1648=CARTESIAN_POINT('',(8.25661948852485,6.25015203939004,13.99));
#1649=CARTESIAN_POINT('',(8.37595678823196,6.25009750006249,13.99));
#1650=CARTESIAN_POINT('',(8.49531726864991,6.25015607067013,13.99));
#1651=CARTESIAN_POINT('',(8.6098167423658,6.29755482090874,13.99));
#1652=CARTESIAN_POINT('',(8.7787391335047,6.46628119854525,13.99));
#1653=CARTESIAN_POINT('',(8.8262582150139,6.58074638686647,13.99));
#1654=CARTESIAN_POINT('',(8.82626008723225,6.70015010367401,13.99));
#1655=CARTESIAN_POINT('',(8.82626008723225,5.500075051837,13.99));
#1656=CARTESIAN_POINT('',(8.82626102291417,5.61945976373593,13.99));
#1657=CARTESIAN_POINT('',(8.77875224603166,5.73390740933125,13.99));
#1658=CARTESIAN_POINT('',(8.60985569349266,5.90260683229727,13.99));
#1659=CARTESIAN_POINT('',(8.49537356223723,5.94999459698503,13.99));
#1660=CARTESIAN_POINT('',(8.37603232111385,5.95005062499609,13.99));
#1661=CARTESIAN_POINT('',(8.25667679234755,5.94999262071001,13.99));
#1662=CARTESIAN_POINT('',(8.14216050358861,5.90263867645012,13.99));
#1663=CARTESIAN_POINT('',(7.97319921035979,5.73392223476396,13.99));
#1664=CARTESIAN_POINT('',(7.92569788544018,5.61944412984357,13.99));
#1665=CARTESIAN_POINT('',(7.92575419848204,5.500024948163,13.99));
#1666=CARTESIAN_POINT('',(7.92569601425032,5.38061831929485,13.99));
#1667=CARTESIAN_POINT('',(7.97319005617114,5.2661515396089,13.99));
#1668=CARTESIAN_POINT('',(8.14213398763863,5.0974521833401,13.99));
#1669=CARTESIAN_POINT('',(8.25663891069745,5.05010534911736,13.99));
#1670=CARTESIAN_POINT('',(8.37598196460044,5.0500493750039,13.99));
#1671=CARTESIAN_POINT('',(8.49533570098336,5.05010737825654,13.99));
#1672=CARTESIAN_POINT('',(8.60982921768077,5.09750223845909,13.99));
#1673=CARTESIAN_POINT('',(8.77874313328341,5.26621879247553,13.99));
#1674=CARTESIAN_POINT('',(8.82625915145193,5.38067778606063,13.99));
#1675=CARTESIAN_POINT('',(8.82626008723225,5.500075051837,13.99));
#1676=CARTESIAN_POINT('',(8.82626008723225,4.3,13.99));
#1677=CARTESIAN_POINT('',(8.82626008723225,4.41939093061945,13.99));
#1678=CARTESIAN_POINT('',(8.77874750393123,4.53384407645906,13.99));
#1679=CARTESIAN_POINT('',(8.60984220165122,4.70255164551493,13.99));
#1680=CARTESIAN_POINT('',(8.49535446602131,4.74994284412864,13.99));
#1681=CARTESIAN_POINT('',(8.37600714285714,4.75,13.99));
#1682=CARTESIAN_POINT('',(8.25665801262175,4.74994287069178,13.99));
#1683=CARTESIAN_POINT('',(8.14214743833661,4.70259269698585,13.99));
#1684=CARTESIAN_POINT('',(7.97319463972904,4.53388521788915,13.99));
#1685=CARTESIAN_POINT('',(7.92569680700835,4.41941290174002,13.99));
#1686=CARTESIAN_POINT('',(7.92575419848204,4.3,13.99));
#1687=CARTESIAN_POINT('',(7.92569680700835,4.18058709825998,13.99));
#1688=CARTESIAN_POINT('',(7.97319463972904,4.06611478211085,13.99));
#1689=CARTESIAN_POINT('',(8.14214743833661,3.89740730301415,13.99));
#1690=CARTESIAN_POINT('',(8.25665801262175,3.85005712930822,13.99));
#1691=CARTESIAN_POINT('',(8.37600714285715,3.85,13.99));
#1692=CARTESIAN_POINT('',(8.49535446602131,3.85005715587136,13.99));
#1693=CARTESIAN_POINT('',(8.60984220165122,3.89744835448508,13.99));
#1694=CARTESIAN_POINT('',(8.77874750393123,4.06615592354094,13.99));
#1695=CARTESIAN_POINT('',(8.82626008723225,4.18060906938054,13.99));
#1696=CARTESIAN_POINT('',(8.82626008723225,4.3,13.99));
#1697=CARTESIAN_POINT('',(8.82626008723225,3.099924948163,13.99));
#1698=CARTESIAN_POINT('',(8.82625915145193,3.21932221393936,13.99));
#1699=CARTESIAN_POINT('',(8.77874313328341,3.33378120752446,13.99));
#1700=CARTESIAN_POINT('',(8.60982921768076,3.50249776154092,13.99));
#1701=CARTESIAN_POINT('',(8.49533570098338,3.54989262174345,13.99));
#1702=CARTESIAN_POINT('',(8.37598196460044,3.54995062499609,13.99));
#1703=CARTESIAN_POINT('',(8.25663891069745,3.54989465088264,13.99));
#1704=CARTESIAN_POINT('',(8.14213398763862,3.5025478166599,13.99));
#1705=CARTESIAN_POINT('',(7.97319005617114,3.33384846039109,13.99));
#1706=CARTESIAN_POINT('',(7.92569601425032,3.21938168070515,13.99));
#1707=CARTESIAN_POINT('',(7.92575419848204,3.099975051837,13.99));
#1708=CARTESIAN_POINT('',(7.92569788544019,2.98055587015642,13.99));
#1709=CARTESIAN_POINT('',(7.97319921035979,2.86607776523604,13.99));
#1710=CARTESIAN_POINT('',(8.14216050358861,2.69736132354988,13.99));
#1711=CARTESIAN_POINT('',(8.25667679234755,2.65000737928999,13.99));
#1712=CARTESIAN_POINT('',(8.37603232111384,2.64994937500391,13.99));
#1713=CARTESIAN_POINT('',(8.49537356223722,2.65000540301496,13.99));
#1714=CARTESIAN_POINT('',(8.60985569349266,2.69739316770273,13.99));
#1715=CARTESIAN_POINT('',(8.77875224603166,2.86609259066875,13.99));
#1716=CARTESIAN_POINT('',(8.82626102291417,2.98054023626406,13.99));
#1717=CARTESIAN_POINT('',(8.82626008723225,3.099924948163,13.99));
#1718=CARTESIAN_POINT('',(8.82626008723225,1.89984989632599,13.99));
#1719=CARTESIAN_POINT('',(8.8262582150139,2.01925361313352,13.99));
#1720=CARTESIAN_POINT('',(8.77873913350469,2.13371880145475,13.99));
#1721=CARTESIAN_POINT('',(8.6098167423658,2.30244517909126,13.99));
#1722=CARTESIAN_POINT('',(8.4953172686499,2.34984392932987,13.99));
#1723=CARTESIAN_POINT('',(8.37595678823195,2.3499024999375,13.99));
#1724=CARTESIAN_POINT('',(8.25661948852486,2.34984796060996,13.99));
#1725=CARTESIAN_POINT('',(8.1421201530809,2.30250403531545,13.99));
#1726=CARTESIAN_POINT('',(7.97318545990686,2.13381196285623,13.99));
#1727=CARTESIAN_POINT('',(7.92569550658409,2.01935046727071,13.99));
#1728=CARTESIAN_POINT('',(7.92575419848204,1.89995010367401,13.99));
#1729=CARTESIAN_POINT('',(7.92569925008767,1.78052463550881,13.99));
#1730=CARTESIAN_POINT('',(7.97320376783894,1.6660404895802,13.99));
#1731=CARTESIAN_POINT('',(8.14217318182673,1.49731424486752,13.99));
#1732=CARTESIAN_POINT('',(8.2566952479407,1.44995609848459,13.99));
#1733=CARTESIAN_POINT('',(8.37605749748233,1.4498975000625,13.99));
#1734=CARTESIAN_POINT('',(8.49539298808767,1.44995211928622,13.99));
#1735=CARTESIAN_POINT('',(8.60986969239129,1.49733667691601,13.99));
#1736=CARTESIAN_POINT('',(8.7787573601347,1.6660287928197,13.99));
#1737=CARTESIAN_POINT('',(8.82626195905692,1.78047128615862,13.99));
#1738=CARTESIAN_POINT('',(8.82626008723225,1.89984989632599,13.99));
#1739=CARTESIAN_POINT('',(7.94982615046017,0.624087810097982,13.99));
#1740=CARTESIAN_POINT('',(7.94982982868239,0.74343741876072,13.99));
#1741=CARTESIAN_POINT('',(7.90250374059122,0.857945931434042,13.99));
#1742=CARTESIAN_POINT('',(7.7337756762331,1.02686385655465,13.99));
#1743=CARTESIAN_POINT('',(7.61930033480645,1.0743063143419,13.99));
#1744=CARTESIAN_POINT('',(7.4999087970208,1.07424758667058,13.99));
#1745=CARTESIAN_POINT('',(7.38047353211419,1.07429927542094,13.99));
#1746=CARTESIAN_POINT('',(7.265979079104,1.02679082892549,13.99));
#1747=CARTESIAN_POINT('',(7.09723447957713,0.857810202725002,13.99));
#1748=CARTESIAN_POINT('',(7.04986811030416,0.743278945430713,13.99));
#1749=CARTESIAN_POINT('',(7.04980956382555,0.623905047044875,13.99));
#1750=CARTESIAN_POINT('',(7.04986075207882,0.504576434252931,13.99));
#1751=CARTESIAN_POINT('',(7.09720130216188,0.390086428552169,13.99));
#1752=CARTESIAN_POINT('',(7.26588386748439,0.221168801966193,13.99));
#1753=CARTESIAN_POINT('',(7.38033721026827,0.173686778905051,13.99));
#1754=CARTESIAN_POINT('',(7.49972691726492,0.173745270472274,13.99));
#1755=CARTESIAN_POINT('',(7.61916381583934,0.173693866934559,13.99));
#1756=CARTESIAN_POINT('',(7.73368008861127,0.221162882442984,13.99));
#1757=CARTESIAN_POINT('',(7.90247018370849,0.390143375999665,13.99));
#1758=CARTESIAN_POINT('',(7.94982247084273,0.50469292984405,13.99));
#1759=CARTESIAN_POINT('',(7.94982615046017,0.624087810097982,13.99));
#1760=CARTESIAN_POINT('',(6.74978132790477,0.624112883166174,13.99));
#1761=CARTESIAN_POINT('',(6.74978601159931,0.743457168222097,13.99));
#1762=CARTESIAN_POINT('',(6.70246143116767,0.857959920754639,13.99));
#1763=CARTESIAN_POINT('',(6.53373937116285,1.02686771796077,13.99));
#1764=CARTESIAN_POINT('',(6.4192690677488,1.07430613855251,13.99));
#1765=CARTESIAN_POINT('',(6.29988376090885,1.07424758667058,13.99));
#1766=CARTESIAN_POINT('',(6.18044221692821,1.07429715515586,13.99));
#1767=CARTESIAN_POINT('',(6.0659410766191,1.02678632356953,13.99));
#1768=CARTESIAN_POINT('',(5.89718447982067,0.857798602025343,13.99));
#1769=CARTESIAN_POINT('',(5.84981277784824,0.743261423045014,13.99));
#1770=CARTESIAN_POINT('',(5.84975438638094,0.623879973976684,13.99));
#1771=CARTESIAN_POINT('',(5.84980340770627,0.504556242531738,13.99));
#1772=CARTESIAN_POINT('',(5.89714219639015,0.390071634449195,13.99));
#1773=CARTESIAN_POINT('',(6.06581972092895,0.221164189233245,13.99));
#1774=CARTESIAN_POINT('',(6.18026846665477,0.173687024556439,13.99));
#1775=CARTESIAN_POINT('',(6.29965195337686,0.173745270472274,13.99));
#1776=CARTESIAN_POINT('',(6.41909506826233,0.17369605499138,13.99));
#1777=CARTESIAN_POINT('',(6.53361754021497,0.221168312265042,13.99));
#1778=CARTESIAN_POINT('',(6.70241866814904,0.390155840742428,13.99));
#1779=CARTESIAN_POINT('',(6.74977664194579,0.504710898227307,13.99));
#1780=CARTESIAN_POINT('',(6.74978132790477,0.624112883166174,13.99));
#1781=CARTESIAN_POINT('',(5.54973775433184,0.624137947509949,13.99));
#1782=CARTESIAN_POINT('',(5.54974344050508,0.743477123493669,13.99));
#1783=CARTESIAN_POINT('',(5.50241986449602,0.857974085836301,13.99));
#1784=CARTESIAN_POINT('',(5.33370320574439,1.02687138675216,13.99));
#1785=CARTESIAN_POINT('',(5.21923780069367,1.07430567838244,13.99));
#1786=CARTESIAN_POINT('',(5.09985872479692,1.07424758667058,13.99));
#1787=CARTESIAN_POINT('',(4.9804108970292,1.07429474707418,13.99));
#1788=CARTESIAN_POINT('',(4.86590281757116,1.02678183223064,13.99));
#1789=CARTESIAN_POINT('',(4.69713338118822,0.85778739387815,13.99));
#1790=CARTESIAN_POINT('',(4.64975591329157,0.743244231666782,13.99));
#1791=CARTESIAN_POINT('',(4.64969795995388,0.623854909632907,13.99));
#1792=CARTESIAN_POINT('',(4.6497445370152,0.504535737751762,13.99));
#1793=CARTESIAN_POINT('',(4.69708199283511,0.390056462368639,13.99));
#1794=CARTESIAN_POINT('',(4.86575531234964,0.221159564540067,13.99));
#1795=CARTESIAN_POINT('',(4.98019971344858,0.173687552835106,13.99));
#1796=CARTESIAN_POINT('',(5.0995769894888,0.173745270472275,13.99));
#1797=CARTESIAN_POINT('',(5.21902631726929,0.17369852867414,13.99));
#1798=CARTESIAN_POINT('',(5.33355512887489,0.22117392770322,13.99));
#1799=CARTESIAN_POINT('',(5.5023678993624,0.39016811345198,13.99));
#1800=CARTESIAN_POINT('',(5.54973206481716,0.504728642774883,13.99));
#1801=CARTESIAN_POINT('',(5.54973775433184,0.624137947509949,13.99));
#1802=CARTESIAN_POINT('',(4.34969542926003,0.624163001257014,13.99));
#1803=CARTESIAN_POINT('',(4.34970211429827,0.743497282553992,13.99));
#1804=CARTESIAN_POINT('',(4.30237903982341,0.857988424865978,13.99));
#1805=CARTESIAN_POINT('',(4.13366718024293,1.02687486229216,13.99));
#1806=CARTESIAN_POINT('',(4.01920653404619,1.07430493415157,13.99));
#1807=CARTESIAN_POINT('',(3.89983368868498,1.07424758667058,13.99));
#1808=CARTESIAN_POINT('',(3.780379572904,1.0742920508264,13.99));
#1809=CARTESIAN_POINT('',(3.66586430259324,1.02677735514834,13.99));
#1810=CARTESIAN_POINT('',(3.49708118395878,0.857776579753546,13.99));
#1811=CARTESIAN_POINT('',(3.4496975164986,0.74322737313961,13.99));
#1812=CARTESIAN_POINT('',(3.44964028502569,0.623829855885844,13.99));
#1813=CARTESIAN_POINT('',(3.44968414111277,0.504514921922,13.99));
#1814=CARTESIAN_POINT('',(3.49702069200996,0.390040913968853,13.99));
#1815=CARTESIAN_POINT('',(3.66569064120826,0.221154928088293,13.99));
#1816=CARTESIAN_POINT('',(3.78013095009007,0.173688362978729,13.99));
#1817=CARTESIAN_POINT('',(3.89950202560074,0.173745270472275,13.99));
#1818=CARTESIAN_POINT('',(4.01895756253192,0.173701287930181,13.99));
#1819=CARTESIAN_POINT('',(4.1334928542991,0.221179727893337,13.99));
#1820=CARTESIAN_POINT('',(4.30231787745807,0.39018019244907,13.99));
#1821=CARTESIAN_POINT('',(4.34968873959692,0.504746161639324,13.99));
#1822=CARTESIAN_POINT('',(4.34969542926003,0.624163001257014,13.99));
#1823=CARTESIAN_POINT('',(3.14965435211485,0.624188042539032,13.99));
#1824=CARTESIAN_POINT('',(3.14966203178531,0.743517643368689,13.99));
#1825=CARTESIAN_POINT('',(3.10233895633581,0.858002936021312,13.99));
#1826=CARTESIAN_POINT('',(2.93363129492059,1.02687814396808,13.99));
#1827=CARTESIAN_POINT('',(2.81917526821814,1.07430390621553,13.99));
#1828=CARTESIAN_POINT('',(2.69980865257304,1.07424758667058,13.99));
#1829=CARTESIAN_POINT('',(2.58034824503114,1.07428906610471,13.99));
#1830=CARTESIAN_POINT('',(2.46582553232615,1.02677289256525,13.99));
#1831=CARTESIAN_POINT('',(2.29702788848847,0.85776616110031,13.99));
#1832=CARTESIAN_POINT('',(2.24963758742867,0.743210849287147,13.99));
#1833=CARTESIAN_POINT('',(2.24958136217087,0.623804814603826,13.99));
#1834=CARTESIAN_POINT('',(2.24962222119953,0.504493797063545,13.99));
#1835=CARTESIAN_POINT('',(2.2969582945043,0.390024990923369,13.99));
#1836=CARTESIAN_POINT('',(2.46562570697734,0.221150280075355,13.99));
#1837=CARTESIAN_POINT('',(2.58006217601383,0.173689454186724,13.99));
#1838=CARTESIAN_POINT('',(2.69942706171268,0.173745270472274,13.99));
#1839=CARTESIAN_POINT('',(2.81888880373015,0.173704332670477,13.99));
#1840=CARTESIAN_POINT('',(2.93343071619362,0.221185711951048,13.99));
#1841=CARTESIAN_POINT('',(3.10226860248223,0.390192076071011,13.99));
#1842=CARTESIAN_POINT('',(3.14964666633121,0.50476345299393,13.99));
#1843=CARTESIAN_POINT('',(3.14965435211485,0.624188042539032,13.99));
#1844=CARTESIAN_POINT('',(1.9496145222288,0.62421306949233,13.99));
#1845=CARTESIAN_POINT('',(1.94962319168091,0.743538203891199,13.99));
#1846=CARTESIAN_POINT('',(1.90229961315834,0.858017617471311,13.99));
#1847=CARTESIAN_POINT('',(1.7335955500363,1.02688123119148,13.99));
#1848=CARTESIAN_POINT('',(1.61914400362773,1.07430259496563,13.99));
#1849=CARTESIAN_POINT('',(1.4997836164611,1.07424758667058,13.99));
#1850=CARTESIAN_POINT('',(1.38031691388053,1.0742857926432,13.99));
#1851=CARTESIAN_POINT('',(1.26578650741823,1.02676844472702,13.99));
#1852=CARTESIAN_POINT('',(1.09697349521042,0.857756139345327,13.99));
#1853=CARTESIAN_POINT('',(1.04957612613595,0.743194661912468,13.99));
#1854=CARTESIAN_POINT('',(1.04952119205692,0.623779787650528,13.99));
#1855=CARTESIAN_POINT('',(1.04955877856901,0.504472365208972,13.99));
#1856=CARTESIAN_POINT('',(1.09689480098396,0.390008694920273,13.99));
#1857=CARTESIAN_POINT('',(1.26556050914022,0.221145620694409,13.99));
#1858=CARTESIAN_POINT('',(1.37999339064895,0.173690825620629,13.99));
#1859=CARTESIAN_POINT('',(1.49935209782462,0.173745270472274,13.99));
#1860=CARTESIAN_POINT('',(1.61882004055234,0.173707662769656,13.99));
#1861=CARTESIAN_POINT('',(1.73336871426258,0.221191878972212,13.99));
#1862=CARTESIAN_POINT('',(1.90222007441768,0.39020376267226,13.99));
#1863=CARTESIAN_POINT('',(1.9496058449722,0.50478051503346,13.99));
#1864=CARTESIAN_POINT('',(1.9496145222288,0.62421306949233,13.99));
#1865=CARTESIAN_POINT('',(1.07441219083755,1.89995625541062,13.9900000000005));
#1866=CARTESIAN_POINT('',(1.07440808819439,2.01931832838071,13.9900000000001));
#1867=CARTESIAN_POINT('',(1.02694757151412,2.13376721908955,13.99));
#1868=CARTESIAN_POINT('',(0.858104240853171,2.30249620356884,13.99));
#1869=CARTESIAN_POINT('',(0.743633097118024,2.34988518159607,13.99));
#1870=CARTESIAN_POINT('',(0.624291553005299,2.34990115355464,13.99));
#1871=CARTESIAN_POINT('',(0.504931881097548,2.34986348197408,13.99));
#1872=CARTESIAN_POINT('',(0.39044019051321,2.30246805083292,13.99));
#1873=CARTESIAN_POINT('',(0.221571468437658,2.13369281547353,13.99));
#1874=CARTESIAN_POINT('',(0.174121868209999,2.01921225343002,13.9899999999999));
#1875=CARTESIAN_POINT('',(0.174160247951682,1.89982110376597,13.9899999999999));
#1876=CARTESIAN_POINT('',(0.174142151305495,1.78045168261943,13.9899999999999));
#1877=CARTESIAN_POINT('',(0.221600399304585,1.66599980913805,13.99));
#1878=CARTESIAN_POINT('',(0.390467247385412,1.49728277602232,13.99));
#1879=CARTESIAN_POINT('',(0.504946097123418,1.44991690098361,13.99));
#1880=CARTESIAN_POINT('',(0.624284085152064,1.44989898822914,13.99));
#1881=CARTESIAN_POINT('',(0.743637242120318,1.44994041734531,13.99));
#1882=CARTESIAN_POINT('',(0.858112424325659,1.49735413957261,13.99));
#1883=CARTESIAN_POINT('',(1.02695502847561,1.66611690642057,13.99));
#1884=CARTESIAN_POINT('',(1.07441629395036,1.78058051500024,13.9900000000001));
#1885=CARTESIAN_POINT('',(1.07441219083755,1.89995625541062,13.9900000000005));
#1886=CARTESIAN_POINT('',(1.07441287357164,3.09997814817259,13.9900000000001));
#1887=CARTESIAN_POINT('',(1.07441081108945,3.21934396286458,13.99));
#1888=CARTESIAN_POINT('',(1.02694931263216,3.33379647947732,13.99));
#1889=CARTESIAN_POINT('',(0.858104993770488,3.50253314302858,13.99));
#1890=CARTESIAN_POINT('',(0.743632500564741,3.54992788056369,13.99));
#1891=CARTESIAN_POINT('',(0.624288042046222,3.54995027745282,13.99));
#1892=CARTESIAN_POINT('',(0.504934209968415,3.54991676490959,13.99));
#1893=CARTESIAN_POINT('',(0.390445861902717,3.50252909667127,13.99));
#1894=CARTESIAN_POINT('',(0.221577171706641,3.33376934536087,13.99));
#1895=CARTESIAN_POINT('',(0.174125000074131,3.2192962332836,13.99));
#1896=CARTESIAN_POINT('',(0.174158809009644,3.09991043651301,13.99));
#1897=CARTESIAN_POINT('',(0.174135192463596,2.98053551320926,13.99));
#1898=CARTESIAN_POINT('',(0.221591727274748,2.86607676979042,13.99));
#1899=CARTESIAN_POINT('',(0.390459522865778,2.69734618502509,13.99));
#1900=CARTESIAN_POINT('',(0.504941458380524,2.64997332982234,13.99));
#1901=CARTESIAN_POINT('',(0.62428444338148,2.64994974037296,13.99));
#1902=CARTESIAN_POINT('',(0.743634696594386,2.64998491148042,13.99));
#1903=CARTESIAN_POINT('',(0.858109183125109,2.69739205881211,13.99));
#1904=CARTESIAN_POINT('',(1.02695308063617,2.86614563568486,13.99));
#1905=CARTESIAN_POINT('',(1.07441493617171,2.98060550905209,13.99));
#1906=CARTESIAN_POINT('',(1.07441287357164,3.09997814817259,13.9900000000001));
#1907=CARTESIAN_POINT('',(1.07441310302721,4.3,13.99));
#1908=CARTESIAN_POINT('',(1.07441310302721,4.41936933476123,13.99));
#1909=CARTESIAN_POINT('',(1.02695116359271,4.5338255125924,13.99));
#1910=CARTESIAN_POINT('',(0.858106673162412,4.7025703822472,13.99));
#1911=CARTESIAN_POINT('',(0.743633073057474,4.74997118875326,13.99));
#1912=CARTESIAN_POINT('',(0.624285714285715,4.75,13.99));
#1913=CARTESIAN_POINT('',(0.504937445840784,4.74997119549611,13.99));
#1914=CARTESIAN_POINT('',(0.39045234661508,4.70259106368905,13.99));
#1915=CARTESIAN_POINT('',(0.221583950865147,4.53384621685524,13.99));
#1916=CARTESIAN_POINT('',(0.174129454495189,4.41938038535431,13.99));
#1917=CARTESIAN_POINT('',(0.17415832554422,4.3,13.99));
#1918=CARTESIAN_POINT('',(0.174129454495189,4.18061961464569,13.99));
#1919=CARTESIAN_POINT('',(0.221583950865149,4.06615378314476,13.99));
#1920=CARTESIAN_POINT('',(0.390452346615085,3.89740893631095,13.99));
#1921=CARTESIAN_POINT('',(0.504937445840777,3.85002880450388,13.99));
#1922=CARTESIAN_POINT('',(0.624285714285713,3.85,13.99));
#1923=CARTESIAN_POINT('',(0.743633073057471,3.85002881124673,13.99));
#1924=CARTESIAN_POINT('',(0.858106673162408,3.89742961775279,13.99));
#1925=CARTESIAN_POINT('',(1.02695116359271,4.06617448740759,13.99));
#1926=CARTESIAN_POINT('',(1.07441310302721,4.18063066523876,13.99));
#1927=CARTESIAN_POINT('',(1.07441310302721,4.3,13.99));
#1928=CARTESIAN_POINT('',(1.07441287357164,5.50002185182741,13.9900000000001));
#1929=CARTESIAN_POINT('',(1.07441493617171,5.61939449094791,13.99));
#1930=CARTESIAN_POINT('',(1.02695308063617,5.73385436431514,13.99));
#1931=CARTESIAN_POINT('',(0.858109183125114,5.90260794118789,13.99));
#1932=CARTESIAN_POINT('',(0.743634696594381,5.95001508851958,13.99));
#1933=CARTESIAN_POINT('',(0.62428444338148,5.95005025962704,13.99));
#1934=CARTESIAN_POINT('',(0.504941458380531,5.95002667017766,13.99));
#1935=CARTESIAN_POINT('',(0.390459522865774,5.90265381497491,13.99));
#1936=CARTESIAN_POINT('',(0.22159172727475,5.73392323020959,13.99));
#1937=CARTESIAN_POINT('',(0.174135192463596,5.61946448679073,13.99));
#1938=CARTESIAN_POINT('',(0.174158809009644,5.50008956348699,13.99));
#1939=CARTESIAN_POINT('',(0.174125000074131,5.3807037667164,13.99));
#1940=CARTESIAN_POINT('',(0.221577171706641,5.26623065463913,13.99));
#1941=CARTESIAN_POINT('',(0.390445861902714,5.09747090332873,13.99));
#1942=CARTESIAN_POINT('',(0.504934209968418,5.05008323509041,13.99));
#1943=CARTESIAN_POINT('',(0.624288042046221,5.05004972254718,13.99));
#1944=CARTESIAN_POINT('',(0.743632500564736,5.05007211943631,13.99));
#1945=CARTESIAN_POINT('',(0.858104993770492,5.09746685697142,13.99));
#1946=CARTESIAN_POINT('',(1.02694931263216,5.26620352052267,13.99));
#1947=CARTESIAN_POINT('',(1.07441081108945,5.38065603713541,13.99));
#1948=CARTESIAN_POINT('',(1.07441287357164,5.50002185182741,13.9900000000001));
#1949=CARTESIAN_POINT('',(1.07441219083755,6.70004374458938,13.9900000000005));
#1950=CARTESIAN_POINT('',(1.07441629395036,6.81941948499976,13.9900000000001));
#1951=CARTESIAN_POINT('',(1.02695502847561,6.93388309357942,13.99));
#1952=CARTESIAN_POINT('',(0.858112424325661,7.10264586042739,13.99));
#1953=CARTESIAN_POINT('',(0.743637242120316,7.15005958265469,13.99));
#1954=CARTESIAN_POINT('',(0.624284085152065,7.15010101177086,13.99));
#1955=CARTESIAN_POINT('',(0.504946097123423,7.15008309901639,13.99));
#1956=CARTESIAN_POINT('',(0.390467247385411,7.10271722397767,13.99));
#1957=CARTESIAN_POINT('',(0.221600399304586,6.93400019086195,13.99));
#1958=CARTESIAN_POINT('',(0.174142151305494,6.81954831738057,13.9899999999999));
#1959=CARTESIAN_POINT('',(0.174160247951682,6.70017889623403,13.9899999999999));
#1960=CARTESIAN_POINT('',(0.174121868209998,6.58078774656998,13.9899999999999));
#1961=CARTESIAN_POINT('',(0.221571468437658,6.46630718452647,13.99));
#1962=CARTESIAN_POINT('',(0.390440190513209,6.29753194916707,13.99));
#1963=CARTESIAN_POINT('',(0.504931881097547,6.25013651802592,13.99));
#1964=CARTESIAN_POINT('',(0.624291553005299,6.25009884644536,13.99));
#1965=CARTESIAN_POINT('',(0.743633097118019,6.25011481840393,13.99));
#1966=CARTESIAN_POINT('',(0.858104240853176,6.29750379643116,13.99));
#1967=CARTESIAN_POINT('',(1.02694757151412,6.46623278091045,13.99));
#1968=CARTESIAN_POINT('',(1.07440808819439,6.58068167161929,13.9900000000001));
#1969=CARTESIAN_POINT('',(1.07441219083755,6.70004374458938,13.9900000000005));
#1970=CARTESIAN_POINT('',(8.82626008723225,6.70015010367401,13.99));
#1971=CARTESIAN_POINT('',(9.22214668342909,6.73945799265809,10.0592111015916));
#1972=CARTESIAN_POINT('',(9.61803327962594,6.77876588164217,6.12842220318319));
#1973=CARTESIAN_POINT('',(10.0139198758228,6.81807377062625,2.19763330477478));
#1974=CARTESIAN_POINT('',(8.82626008723225,5.500075051837,13.99));
#1975=CARTESIAN_POINT('',(9.22214668342909,5.51972899632904,10.0592111015916));
#1976=CARTESIAN_POINT('',(9.61803327962594,5.53938294082109,6.12842220318319));
#1977=CARTESIAN_POINT('',(10.0139198758228,5.55903688531313,2.19763330477478));
#1978=CARTESIAN_POINT('',(8.82626008723225,4.3,13.99));
#1979=CARTESIAN_POINT('',(9.2221466834291,4.3,10.0592111015916));
#1980=CARTESIAN_POINT('',(9.61803327962594,4.3,6.12842220318319));
#1981=CARTESIAN_POINT('',(10.0139198758228,4.3,2.19763330477478));
#1982=CARTESIAN_POINT('',(8.82626008723225,3.099924948163,13.99));
#1983=CARTESIAN_POINT('',(9.22214668342909,3.08027100367095,10.0592111015916));
#1984=CARTESIAN_POINT('',(9.61803327962594,3.06061705917891,6.12842220318318));
#1985=CARTESIAN_POINT('',(10.0139198758228,3.04096311468687,2.19763330477477));
#1986=CARTESIAN_POINT('',(8.82626008723225,1.89984989632599,13.99));
#1987=CARTESIAN_POINT('',(9.2221466834291,1.86054200734191,10.0592111015916));
#1988=CARTESIAN_POINT('',(9.61803327962594,1.82123411835782,6.12842220318318));
#1989=CARTESIAN_POINT('',(10.0139198758228,1.78192622937374,2.19763330477477));
#1990=CARTESIAN_POINT('',(7.94982615046017,0.624087810097983,13.99));
#1991=CARTESIAN_POINT('',(7.86756330002279,0.170835634158687,9.47360821128105));
#1992=CARTESIAN_POINT('',(7.78530044958541,-0.282416541780607,4.95721642256211));
#1993=CARTESIAN_POINT('',(7.70303759914802,-0.735668717719903,0.440824633843152));
#1994=CARTESIAN_POINT('',(6.80922897933915,-0.667466031229214,0.01));
#1995=CARTESIAN_POINT('',(6.80236213154247,-0.690137156032656,0.153152219575009));
#1996=CARTESIAN_POINT('',(6.80042106188311,-0.713102688092788,0.29816436061741));
#1997=CARTESIAN_POINT('',(6.80301278605764,-0.73578227014882,0.441371767554807));
#1998=CARTESIAN_POINT('',(6.80580243017451,-0.759877103786185,0.593515611837001));
#1999=CARTESIAN_POINT('',(6.81378227512615,-0.784275847330752,0.747579430598124));
#2000=CARTESIAN_POINT('',(6.84063941151849,-0.832190633929753,1.05013544129027));
#2001=CARTESIAN_POINT('',(6.86000781183011,-0.856645807731063,1.20455773023923));
#2002=CARTESIAN_POINT('',(6.91294018133108,-0.903893116638986,1.50290397187471));
#2003=CARTESIAN_POINT('',(6.94970254789786,-0.929510943789102,1.66467094911366));
#2004=CARTESIAN_POINT('',(7.03012628471448,-0.966300146236572,1.89698618956038));
#2005=CARTESIAN_POINT('',(7.13430213386152,-1.01138306318209,2.18167536540697));
#2006=CARTESIAN_POINT('',(7.28465084538604,-1.01133769351459,2.1814172630473));
#2007=CARTESIAN_POINT('',(7.43662411666003,-1.01137744543582,2.18169695519223));
#2008=CARTESIAN_POINT('',(7.53095722229988,-0.96538726131571,1.89131644078668));
#2009=CARTESIAN_POINT('',(7.60214304663937,-0.928656591608856,1.6593994125846));
#2010=CARTESIAN_POINT('',(7.63276588990607,-0.903004698744978,1.49743005108175));
#2011=CARTESIAN_POINT('',(7.67438028937308,-0.855841617223353,1.19963349638468));
#2012=CARTESIAN_POINT('',(7.68793083459938,-0.831479269318352,1.04580355637529));
#2013=CARTESIAN_POINT('',(7.70349935047907,-0.78381573747548,0.744842064941845));
#2014=CARTESIAN_POINT('',(7.70578775973735,-0.759577639452777,0.591794557028931));
#2015=CARTESIAN_POINT('',(7.70303759914802,-0.735668717719903,0.440824633843152));
#2016=CARTESIAN_POINT('',(7.70303759914802,-0.735668717719903,0.440824633843152));
#2017=CARTESIAN_POINT('',(7.70043937724963,-0.712988417788704,0.29762685578118));
#2018=CARTESIAN_POINT('',(7.69324266569555,-0.690051512492861,0.152808935209282));
#2019=CARTESIAN_POINT('',(7.68121997028964,-0.667432799219261,0.01));
#2020=CARTESIAN_POINT('',(6.74978132790477,0.624112883166173,13.99));
#2021=CARTESIAN_POINT('',(6.6449357686722,0.17085746556074,9.47357590998145));
#2022=CARTESIAN_POINT('',(6.54009020943963,-0.282397952044694,4.9571518199629));
#2023=CARTESIAN_POINT('',(6.43524465020706,-0.735653369650128,0.440727729944342));
#2024=CARTESIAN_POINT('',(6.43524465020706,-0.735653369650128,0.440727729944342));
#2025=CARTESIAN_POINT('',(6.43193111854222,-0.71297555311275,0.297545627088754));
#2026=CARTESIAN_POINT('',(6.42401225795435,-0.690045191554463,0.152769017668988));
#2027=CARTESIAN_POINT('',(6.41128228511363,-0.667436387108314,0.01));
#2028=CARTESIAN_POINT('',(5.54973775433184,0.624137947509949,13.99));
#2029=CARTESIAN_POINT('',(5.42230916360819,0.170879289366346,9.47354361992139));
#2030=CARTESIAN_POINT('',(5.29488057288454,-0.282379368777256,4.95708723984279));
#2031=CARTESIAN_POINT('',(5.1674519821609,-0.73563802692086,0.44063085976419));
#2032=CARTESIAN_POINT('',(5.1674519821609,-0.73563802692086,0.44063085976419));
#2033=CARTESIAN_POINT('',(5.16341416059613,-0.712961086349963,0.297451192613089));
#2034=CARTESIAN_POINT('',(5.1547633730417,-0.690035608700092,0.152702284296035));
#2035=CARTESIAN_POINT('',(5.14134429297484,-0.667434278410639,0.01));
#2036=CARTESIAN_POINT('',(4.34969542926003,0.624163001257014,13.99));
#2037=CARTESIAN_POINT('',(4.19968348459814,0.170901103945277,9.47351134351294));
#2038=CARTESIAN_POINT('',(4.04967153993625,-0.28236079336646,4.9570226870259));
#2039=CARTESIAN_POINT('',(3.89965959527435,-0.735622690678197,0.440534030538836));
#2040=CARTESIAN_POINT('',(3.89965959527435,-0.735622690678197,0.440534030538836));
#2041=CARTESIAN_POINT('',(3.89490635107619,-0.712946646769541,0.297363123945595));
#2042=CARTESIAN_POINT('',(3.88553328883135,-0.690026073335601,0.152648318691476));
#2043=CARTESIAN_POINT('',(3.87140760808759,-0.667432799219287,0.01));
#2044=CARTESIAN_POINT('',(3.14965435211484,0.624188042539032,13.99));
#2045=CARTESIAN_POINT('',(2.97705873136429,0.170922907670751,9.47347908316304));
#2046=CARTESIAN_POINT('',(2.80446311061373,-0.282342227197529,4.95695816632609));
#2047=CARTESIAN_POINT('',(2.63186748986318,-0.735607362065809,0.44043724948913));
#2048=CARTESIAN_POINT('',(2.63186748986318,-0.735607362065809,0.44043724948913));
#2049=CARTESIAN_POINT('',(2.62639903640774,-0.712932713121707,0.29727515035544));
#2050=CARTESIAN_POINT('',(2.61630413398656,-0.690017536949119,0.152594422068349));
#2051=CARTESIAN_POINT('',(2.60147244593144,-0.667432799219298,0.01));
#2052=CARTESIAN_POINT('',(1.9496145222288,0.624213069492329,13.99));
#2053=CARTESIAN_POINT('',(1.7544349035838,0.170944698920047,9.47344684127263));
#2054=CARTESIAN_POINT('',(1.55925528493879,-0.282323671652235,4.95689368254526));
#2055=CARTESIAN_POINT('',(1.36407566629379,-0.735592042224518,0.440340523817886));
#2056=CARTESIAN_POINT('',(1.36407566629379,-0.735592042224518,0.440340523817886));
#2057=CARTESIAN_POINT('',(1.35789209217398,-0.712918795734502,0.297187279430818));
#2058=CARTESIAN_POINT('',(1.34707565658985,-0.690009012279634,0.152540599423399));
#2059=CARTESIAN_POINT('',(1.33153842754945,-0.667432799219308,0.01));
#2060=CARTESIAN_POINT('',(1.07441219083752,6.70004374458939,13.9900000000004));
#2061=CARTESIAN_POINT('',(0.740893925001339,6.73174368635977,9.32999413226513));
#2062=CARTESIAN_POINT('',(0.407293265279613,6.76343552450329,4.66999410349252));
#2063=CARTESIAN_POINT('',(0.0736114492323604,6.79514369513127,0.0100000000000064));
#2064=CARTESIAN_POINT('',(1.07441287357163,5.50002185182741,13.9900000000001));
#2065=CARTESIAN_POINT('',(0.74138949791278,5.51584401843653,9.32999852884865));
#2066=CARTESIAN_POINT('',(0.408345510630001,5.53166516374347,4.66999852704152));
#2067=CARTESIAN_POINT('',(0.0752809898390856,5.54748836728756,0.0100000000000029));
#2068=CARTESIAN_POINT('',(1.07441310302721,4.3,13.99));
#2069=CARTESIAN_POINT('',(0.741555960170065,4.3,9.32999999999999));
#2070=CARTESIAN_POINT('',(0.408698817312923,4.3,4.67));
#2071=CARTESIAN_POINT('',(0.0758416744557794,4.3,0.010000000000001));
#2072=CARTESIAN_POINT('',(1.07441287357163,3.09997814817259,13.9900000000001));
#2073=CARTESIAN_POINT('',(0.741389497912781,3.08415598156347,9.32999852884866));
#2074=CARTESIAN_POINT('',(0.408345510630001,3.06833483625653,4.66999852704152));
#2075=CARTESIAN_POINT('',(0.0752809898390856,3.05251163271244,0.0100000000000029));
#2076=CARTESIAN_POINT('',(1.07441219083752,1.89995625541061,13.9900000000004));
#2077=CARTESIAN_POINT('',(0.740893925001339,1.86825631364023,9.32999413226513));
#2078=CARTESIAN_POINT('',(0.407293265279613,1.8365644754967,4.66999410349251));
#2079=CARTESIAN_POINT('',(0.0736114492323599,1.80485630486872,0.00999999999999928));
#2080=CARTESIAN_POINT('',(9.66743794786029,7.27450353115005,0.01));
#2081=CARTESIAN_POINT('',(9.59356472483035,7.25470912701364,0.01));
#2082=CARTESIAN_POINT('',(9.52349682997161,7.21587039006255,0.01));
#2083=CARTESIAN_POINT('',(9.38527004307269,7.07783946816911,0.01));
#2084=CARTESIAN_POINT('',(9.33368237648413,6.96490266263447,0.01));
#2085=CARTESIAN_POINT('',(9.33373991276268,6.83984988689558,0.01));
#2086=CARTESIAN_POINT('',(9.33367845660618,6.71482325422396,0.01));
#2087=CARTESIAN_POINT('',(9.38525075766921,6.60190902564405,0.01));
#2088=CARTESIAN_POINT('',(9.52346920354996,6.46388602500705,0.01));
#2089=CARTESIAN_POINT('',(9.59355158732545,6.42505031426699,0.01));
#2090=CARTESIAN_POINT('',(9.66743794860253,6.40526876010766,0.01));
#2091=CARTESIAN_POINT('',(9.66743794827509,6.0045583885213,0.01));
#2092=CARTESIAN_POINT('',(9.59356169532586,5.9847672742766,0.01));
#2093=CARTESIAN_POINT('',(9.52349031292615,5.94592973570682,0.01));
#2094=CARTESIAN_POINT('',(9.3852653425617,5.8079020134607,0.01));
#2095=CARTESIAN_POINT('',(9.33368094752823,5.69497123141508,0.01));
#2096=CARTESIAN_POINT('',(9.33373991276775,5.56992494344719,0.01));
#2097=CARTESIAN_POINT('',(9.33367898817503,5.44489172763022,0.01));
#2098=CARTESIAN_POINT('',(9.38525569949309,5.33197223412639,0.01));
#2099=CARTESIAN_POINT('',(9.52347649886782,5.19394847140817,0.01));
#2100=CARTESIAN_POINT('',(9.59355512610724,5.15511244552731,0.01));
#2101=CARTESIAN_POINT('',(9.66743794864085,5.1353277563297,0.01));
#2102=CARTESIAN_POINT('',(9.66743794853182,4.73461462627264,0.01));
#2103=CARTESIAN_POINT('',(9.59355849559564,4.71482675036174,0.01));
#2104=CARTESIAN_POINT('',(9.52348353560933,4.67599011534575,0.01));
#2105=CARTESIAN_POINT('',(9.38526056124534,4.5379647791347,0.01));
#2106=CARTESIAN_POINT('',(9.33367981827831,4.42503976779003,0.01));
#2107=CARTESIAN_POINT('',(9.33373991276775,4.3,0.01));
#2108=CARTESIAN_POINT('',(9.33367981827832,4.17496023220996,0.01));
#2109=CARTESIAN_POINT('',(9.38526056124533,4.0620352208653,0.01));
#2110=CARTESIAN_POINT('',(9.52348353560934,3.92400988465424,0.01));
#2111=CARTESIAN_POINT('',(9.59355849559563,3.88517324963826,0.01));
#2112=CARTESIAN_POINT('',(9.6674379485318,3.86538537372736,0.01));
#2113=CARTESIAN_POINT('',(9.66743794864085,3.46467224367029,0.01));
#2114=CARTESIAN_POINT('',(9.59355512610724,3.44488755447269,0.01));
#2115=CARTESIAN_POINT('',(9.52347649886783,3.40605152859183,0.01));
#2116=CARTESIAN_POINT('',(9.3852556994931,3.26802776587361,0.01));
#2117=CARTESIAN_POINT('',(9.33367898817502,3.15510827236976,0.01));
#2118=CARTESIAN_POINT('',(9.33373991276775,3.03007505655281,0.01));
#2119=CARTESIAN_POINT('',(9.33368094752822,2.90502876858494,0.01));
#2120=CARTESIAN_POINT('',(9.38526534256171,2.79209798653928,0.01));
#2121=CARTESIAN_POINT('',(9.52349031292615,2.65407026429317,0.01));
#2122=CARTESIAN_POINT('',(9.59356169532587,2.61523272572338,0.01));
#2123=CARTESIAN_POINT('',(9.66743794827511,2.59544161147869,0.01));
#2124=CARTESIAN_POINT('',(9.66743794860254,2.19473123989234,0.01));
#2125=CARTESIAN_POINT('',(9.59355158732513,2.17494968573292,0.01));
#2126=CARTESIAN_POINT('',(9.52346920354898,2.13611397499269,0.01));
#2127=CARTESIAN_POINT('',(9.38525075766588,1.99809097435511,0.01));
#2128=CARTESIAN_POINT('',(9.33367845660092,1.8851767457747,0.01));
#2129=CARTESIAN_POINT('',(9.33373991275531,1.76015011310255,0.01));
#2130=CARTESIAN_POINT('',(9.33368237647464,1.63509733736311,0.01));
#2131=CARTESIAN_POINT('',(9.38527004306127,1.52216053182802,0.01));
#2132=CARTESIAN_POINT('',(9.52349682995785,1.38412960993398,0.01));
#2133=CARTESIAN_POINT('',(9.59356472481593,1.34529087298272,0.01));
#2134=CARTESIAN_POINT('',(9.66743794784552,1.32549646884623,0.01));
#2135=CARTESIAN_POINT('',(9.66743279921072,12.1674327992106,0.0100000000000006));
#2136=CARTESIAN_POINT('',(-0.25783999999985,12.1674327992108,0.0100000000000001));
#2137=CARTESIAN_POINT('',(7.68121997028964,-0.667432799219261,0.01));
#2138=CARTESIAN_POINT('',(7.66138953405396,-0.58983762160179,0.0100000000000002));
#2139=CARTESIAN_POINT('',(7.62107084876526,-0.518219594722672,0.0100000000000003));
#2140=CARTESIAN_POINT('',(7.47913996194738,-0.376129000588207,0.0100000000000003));
#2141=CARTESIAN_POINT('',(7.36466462052074,-0.328686542800955,0.01));
#2142=CARTESIAN_POINT('',(7.24527308273508,-0.328745270472277,0.01));
#2143=CARTESIAN_POINT('',(7.12583781782848,-0.328693581721922,0.01));
#2144=CARTESIAN_POINT('',(7.01134336481829,-0.376202028217371,0.0100000000000002));
#2145=CARTESIAN_POINT('',(6.86942876619099,-0.518315125823275,0.0100000000000002));
#2146=CARTESIAN_POINT('',(6.8291028678851,-0.589903214067729,0.0100000000000001));
#2147=CARTESIAN_POINT('',(6.80922897933915,-0.667466031229214,0.01));
#2148=CARTESIAN_POINT('',(6.41128228511363,-0.667436387108314,0.01));
#2149=CARTESIAN_POINT('',(6.39085659854772,-0.58743575404763,0.01));
#2150=CARTESIAN_POINT('',(6.34913886302094,-0.516214392600767,0.01));
#2151=CARTESIAN_POINT('',(6.20592962517761,-0.372847503274052,0.01));
#2152=CARTESIAN_POINT('',(6.09001096148728,-0.328689034662107,0.01));
#2153=CARTESIAN_POINT('',(5.97534804662314,-0.328745270472277,0.01));
#2154=CARTESIAN_POINT('',(5.86063158244751,-0.328697662904789,0.01));
#2155=CARTESIAN_POINT('',(5.7446834792953,-0.372923926985751,0.01));
#2156=CARTESIAN_POINT('',(5.60148327670572,-0.516320252933121,0.01));
#2157=CARTESIAN_POINT('',(5.55976387885888,-0.58749759209667,0.01));
#2158=CARTESIAN_POINT('',(5.53928510435941,-0.667445612367111,0.01));
#2159=CARTESIAN_POINT('',(5.14134429297484,-0.667434278410639,0.01));
#2160=CARTESIAN_POINT('',(5.12092104733328,-0.587430052733923,0.01));
#2161=CARTESIAN_POINT('',(5.07920218432842,-0.516205989045032,0.01));
#2162=CARTESIAN_POINT('',(4.93599376169819,-0.372844235501365,0.01));
#2163=CARTESIAN_POINT('',(4.82008009046888,-0.328689476556956,0.01));
#2164=CARTESIAN_POINT('',(4.7054230105112,-0.328745270472277,0.01));
#2165=CARTESIAN_POINT('',(4.59070029681767,-0.328699975638698,0.01));
#2166=CARTESIAN_POINT('',(4.47474525216516,-0.372928505632448,0.01));
#2167=CARTESIAN_POINT('',(4.33154181836044,-0.516322857030677,0.01));
#2168=CARTESIAN_POINT('',(4.28982164196936,-0.58749256640096,0.01));
#2169=CARTESIAN_POINT('',(4.26933789971887,-0.667432799219253,0.01));
#2170=CARTESIAN_POINT('',(3.87140760808759,-0.667432799219287,0.01));
#2171=CARTESIAN_POINT('',(3.8509866897614,-0.587424603270017,0.01));
#2172=CARTESIAN_POINT('',(3.80926627987601,-0.516197609013015,0.01));
#2173=CARTESIAN_POINT('',(3.66605805830543,-0.372841199977306,0.01));
#2174=CARTESIAN_POINT('',(3.55014925340431,-0.328690191262068,0.01));
#2175=CARTESIAN_POINT('',(3.43549797439926,-0.328745270472275,0.01));
#2176=CARTESIAN_POINT('',(3.32076896944337,-0.328702565134579,0.01));
#2177=CARTESIAN_POINT('',(3.20480673639846,-0.372933126519357,0.01));
#2178=CARTESIAN_POINT('',(3.06159643466634,-0.516328107208558,0.01));
#2179=CARTESIAN_POINT('',(3.0198736213877,-0.587494906936731,0.01));
#2180=CARTESIAN_POINT('',(2.99938602847176,-0.667432799219263,0.01));
#2181=CARTESIAN_POINT('',(2.60147244593144,-0.667432799219298,0.01));
#2182=CARTESIAN_POINT('',(2.58105381975437,-0.58741991065475,0.01));
#2183=CARTESIAN_POINT('',(2.53933134543053,-0.516189450627835,0.01));
#2184=CARTESIAN_POINT('',(2.39612251518442,-0.372838397185729,0.01));
#2185=CARTESIAN_POINT('',(2.28021845062102,-0.328691178437833,0.01));
#2186=CARTESIAN_POINT('',(2.16557293828732,-0.328745270472276,0.01));
#2187=CARTESIAN_POINT('',(2.05083760074267,-0.328705431692432,0.01));
#2188=CARTESIAN_POINT('',(1.93486793258174,-0.372937789474934,0.01));
#2189=CARTESIAN_POINT('',(1.79165009248934,-0.516333031796928,0.01));
#2190=CARTESIAN_POINT('',(1.74992427441161,-0.587497008192346,0.01));
#2191=CARTESIAN_POINT('',(1.72943277272253,-0.667432799219273,0.01));
#2192=CARTESIAN_POINT('',(1.33153842754945,-0.667432799219308,0.01));
#2193=CARTESIAN_POINT('',(1.31112192157895,-0.587415097715101,0.01));
#2194=CARTESIAN_POINT('',(1.26939703751668,-0.516181172272956,0.01));
#2195=CARTESIAN_POINT('',(1.12618713251498,-0.372835827581314,0.01));
#2196=CARTESIAN_POINT('',(1.01028768244915,-0.328692437710856,0.01));
#2197=CARTESIAN_POINT('',(0.895647902175384,-0.328745270472274,0.01));
#2198=CARTESIAN_POINT('',(0.780906191128759,-0.328708575572563,0.01));
#2199=CARTESIAN_POINT('',(0.664928841312616,-0.372942494317073,0.01));
#2200=CARTESIAN_POINT('',(0.52170279201823,-0.516337629948898,0.01));
#2201=CARTESIAN_POINT('',(0.479973600820134,-0.587498869657066,0.01));
#2202=CARTESIAN_POINT('',(0.45947813236445,-0.667432799219285,0.01));
#2203=CARTESIAN_POINT('',(-0.257839999999986,-0.667432799210659,0.01));
#2204=CARTESIAN_POINT('',(-0.257840000000056,1.32546522211541,0.01));
#2205=CARTESIAN_POINT('',(-0.257839999999958,2.19475290952409,0.01));
#2206=CARTESIAN_POINT('',(-0.257846078837262,2.59540398377695,0.01));
#2207=CARTESIAN_POINT('',(-0.257843299934929,3.46470115880099,0.01));
#2208=CARTESIAN_POINT('',(-0.257839999999958,3.86536332318772,0.01));
#2209=CARTESIAN_POINT('',(-0.257839999999947,4.73463667681227,0.01));
#2210=CARTESIAN_POINT('',(-0.257843299934905,5.13529884119901,0.01));
#2211=CARTESIAN_POINT('',(-0.257846078871716,6.00459601621448,0.01));
#2212=CARTESIAN_POINT('',(-0.257841215009617,6.40524448577977,0.01));
#2213=CARTESIAN_POINT('',(-0.25784581709912,7.27454720998092,0.01));
#2214=CARTESIAN_POINT('',(-0.25783999999985,12.1674327992108,0.0100000000000001));
#2215=CARTESIAN_POINT('',(-0.257839999999986,-0.667432799210659,0.01));
#2216=CARTESIAN_POINT('',(0.45947813236445,-0.667432799219285,0.01));
#2217=CARTESIAN_POINT('',(1.33153842754945,-0.667432799219308,0.01));
#2218=CARTESIAN_POINT('',(1.72943277272253,-0.667432799219273,0.01));
#2219=CARTESIAN_POINT('',(2.60147244593144,-0.667432799219298,0.01));
#2220=CARTESIAN_POINT('',(2.99938602847176,-0.667432799219263,0.01));
#2221=CARTESIAN_POINT('',(3.87140760808759,-0.667432799219287,0.01));
#2222=CARTESIAN_POINT('',(4.26933789971887,-0.667432799219253,0.01));
#2223=CARTESIAN_POINT('',(5.14134429297484,-0.667434278410639,0.01));
#2224=CARTESIAN_POINT('',(5.53928510435941,-0.667445612367111,0.01));
#2225=CARTESIAN_POINT('',(6.41128228511363,-0.667436387108314,0.01));
#2226=CARTESIAN_POINT('',(6.80922897933915,-0.667466031229214,0.01));
#2227=CARTESIAN_POINT('',(7.68121997028964,-0.667432799219261,0.01));
#2228=CARTESIAN_POINT('',(9.66743279921072,-0.667432799210626,0.01));
#2229=CARTESIAN_POINT('',(9.66743279921072,-0.667432799210626,0.01));
#2230=CARTESIAN_POINT('',(9.66743794784552,1.32549646884623,0.01));
#2231=CARTESIAN_POINT('',(9.66743794860254,2.19473123989234,0.01));
#2232=CARTESIAN_POINT('',(9.66743794827511,2.59544161147869,0.01));
#2233=CARTESIAN_POINT('',(9.66743794864085,3.46467224367029,0.01));
#2234=CARTESIAN_POINT('',(9.6674379485318,3.86538537372736,0.01));
#2235=CARTESIAN_POINT('',(9.66743794853182,4.73461462627264,0.01));
#2236=CARTESIAN_POINT('',(9.66743794864085,5.1353277563297,0.01));
#2237=CARTESIAN_POINT('',(9.66743794827509,6.0045583885213,0.01));
#2238=CARTESIAN_POINT('',(9.66743794860253,6.40526876010766,0.01));
#2239=CARTESIAN_POINT('',(9.66743794786029,7.27450353115005,0.01));
#2240=CARTESIAN_POINT('',(9.66743279921072,12.1674327992106,0.0100000000000006));
#2241=CARTESIAN_POINT('',(8.0384206382854,11.7,12.8835345505195));
#2242=CARTESIAN_POINT('',(8.03842063828543,14.2064003639933,12.8835345505195));
#2243=CARTESIAN_POINT('',(8.03842063828543,14.2064003639933,12.8835345505195));
#2244=CARTESIAN_POINT('',(0.961579361714624,14.2064003639934,12.8835345505195));
#2245=CARTESIAN_POINT('',(0.961579361714624,14.2064003639934,12.8835345505195));
#2246=CARTESIAN_POINT('',(0.961579361714596,11.7,12.8835345505195));
#2247=CARTESIAN_POINT('',(-0.2,-0.2,16.));
#2248=CARTESIAN_POINT('',(9.2,-0.2,16.));
#2249=CARTESIAN_POINT('',(9.2,-0.2,16.));
#2250=CARTESIAN_POINT('',(9.2,11.7,16.));
#2251=CARTESIAN_POINT('',(0.961579361714595,11.7,16.));
#2252=CARTESIAN_POINT('',(-0.2,11.7,16.));
#2253=CARTESIAN_POINT('',(-0.2,11.7,16.));
#2254=CARTESIAN_POINT('',(-0.2,-0.2,16.));
#2255=CARTESIAN_POINT('',(9.2,11.7,16.));
#2256=CARTESIAN_POINT('',(8.0384206382854,11.7,16.));
#2257=CARTESIAN_POINT('',(12.2000000000001,14.6999999999999,16.));
#2258=CARTESIAN_POINT('',(12.2000000000001,-3.19999999999995,16.));
#2259=CARTESIAN_POINT('',(12.2000000000001,-3.19999999999995,16.));
#2260=CARTESIAN_POINT('',(-3.20000000000011,-3.2,16.));
#2261=CARTESIAN_POINT('',(-3.20000000000011,-3.2,16.));
#2262=CARTESIAN_POINT('',(-3.20000000000005,14.7000000000001,16.));
#2263=CARTESIAN_POINT('',(-3.20000000000005,14.7000000000001,16.));
#2264=CARTESIAN_POINT('',(0.961579361714629,14.7000000000001,16.));
#2265=CARTESIAN_POINT('',(8.03842063828544,14.7,16.));
#2266=CARTESIAN_POINT('',(12.2000000000001,14.6999999999999,16.));
#2267=CARTESIAN_POINT('',(-0.257846078837262,2.59540398377695,0.01));
#2268=CARTESIAN_POINT('',(-0.280470523840986,2.58760822018396,0.132958804796706));
#2269=CARTESIAN_POINT('',(-0.303327853071972,2.58337550749683,0.257183346644213));
#2270=CARTESIAN_POINT('',(-0.32598429579777,2.58245823828527,0.380316171607852));
#2271=CARTESIAN_POINT('',(-0.355350471611454,2.58128853482761,0.539914932880484));
#2272=CARTESIAN_POINT('',(-0.385122162954256,2.58565609078937,0.701717679099845));
#2273=CARTESIAN_POINT('',(-0.443630242665026,2.6059403858581,1.01969672558595));
#2274=CARTESIAN_POINT('',(-0.473502619593343,2.62221757747066,1.1820468829864));
#2275=CARTESIAN_POINT('',(-0.531266520226021,2.66954016686363,1.49598194771085));
#2276=CARTESIAN_POINT('',(-0.56246256227281,2.7032829417674,1.66552624071506));
#2277=CARTESIAN_POINT('',(-0.608416223102374,2.78072831974514,1.91527574289179));
#2278=CARTESIAN_POINT('',(-0.661257433080509,2.87635890608648,2.20245789333795));
#2279=CARTESIAN_POINT('',(-0.665645842402932,3.02221774224478,2.2263104780808));
#2280=CARTESIAN_POINT('',(-0.670460913581316,3.18041887404042,2.25248209168701));
#2281=CARTESIAN_POINT('',(-0.614935337905373,3.28424905573317,1.95071446256182));
#2282=CARTESIAN_POINT('',(-0.574954435136733,3.35672776946274,1.73342820672566));
#2283=CARTESIAN_POINT('',(-0.545929569700444,3.39011156092049,1.57568495282754));
#2284=CARTESIAN_POINT('',(-0.492795296830144,3.43695825452598,1.2869125446001));
#2285=CARTESIAN_POINT('',(-0.465338097233404,3.45345454393669,1.13768892034799));
#2286=CARTESIAN_POINT('',(-0.411610515578691,3.47533976820768,0.845691574189512));
#2287=CARTESIAN_POINT('',(-0.384269383243144,3.48112817282126,0.697098564236584));
#2288=CARTESIAN_POINT('',(-0.357273216321412,3.48220865301064,0.550380284522129));
#2289=CARTESIAN_POINT('',(-0.324309684376613,3.48350508436051,0.371230676912741));
#2290=CARTESIAN_POINT('',(-0.290745210888985,3.47782299902481,0.188814961416348));
#2291=CARTESIAN_POINT('',(-0.257843299934929,3.46470115880099,0.01));
#2292=CARTESIAN_POINT('',(-0.25783999999985,12.1674327992108,0.0100000000000001));
#2293=CARTESIAN_POINT('',(-3.20000000000005,14.7000000000001,16.));
#2294=CARTESIAN_POINT('',(9.66743279921072,-0.667432799210626,0.01));
#2295=CARTESIAN_POINT('',(12.2000000000001,-3.19999999999995,16.));
#2296=CARTESIAN_POINT('',(9.66743279921072,12.1674327992106,0.0100000000000006));
#2297=CARTESIAN_POINT('',(12.2000000000001,14.6999999999999,16.));
#2298=CARTESIAN_POINT('',(-0.257840000000056,1.32546522211541,0.01));
#2299=CARTESIAN_POINT('',(-0.275233682033013,1.31995310698421,0.10453088061389));
#2300=CARTESIAN_POINT('',(-0.292739639075058,1.31655885575554,0.199671951494566));
#2301=CARTESIAN_POINT('',(-0.310153182654307,1.3151464679249,0.294310775294828));
#2302=CARTESIAN_POINT('',(-0.340650595157412,1.31269258380883,0.460057582376909));
#2303=CARTESIAN_POINT('',(-0.37159566667982,1.31625498918361,0.628237318911733));
#2304=CARTESIAN_POINT('',(-0.432394748643127,1.33557880259945,0.958667112190576));
#2305=CARTESIAN_POINT('',(-0.463424682075997,1.35168336010476,1.12730805498703));
#2306=CARTESIAN_POINT('',(-0.523439394235717,1.3991165119881,1.45347496889856));
#2307=CARTESIAN_POINT('',(-0.555687776374967,1.43298636384847,1.62873791508108));
#2308=CARTESIAN_POINT('',(-0.604742001332653,1.51280219529146,1.8953369637642));
#2309=CARTESIAN_POINT('',(-0.65623246816095,1.60470005282427,2.17517645739625));
#2310=CARTESIAN_POINT('',(-0.664645814522942,1.74450576304883,2.22090116588542));
#2311=CARTESIAN_POINT('',(-0.674578351116619,1.90859213241124,2.27488234302507));
#2312=CARTESIAN_POINT('',(-0.618035858044613,2.01668542391212,1.96758618505615));
#2313=CARTESIAN_POINT('',(-0.580649297740682,2.08707138052918,1.76439835731745));
#2314=CARTESIAN_POINT('',(-0.552710627323877,2.1202403052165,1.6125577571951));
#2315=CARTESIAN_POINT('',(-0.477368574996773,2.18917416012015,1.20309008150438));
#2316=CARTESIAN_POINT('',(-0.422990127238348,2.21020768413446,0.907555039339049));
#2317=CARTESIAN_POINT('',(-0.372511577945546,2.21420643857134,0.633215097530355));
#2318=CARTESIAN_POINT('',(-0.334564743518822,2.21718488173827,0.426982301732955));
#2319=CARTESIAN_POINT('',(-0.295708903952495,2.21085937719676,0.215809260611618));
#2320=CARTESIAN_POINT('',(-0.257839999999958,2.19475290952409,0.01));
#2321=CARTESIAN_POINT('',(-0.257843299934905,5.13529884119901,0.01));
#2322=CARTESIAN_POINT('',(-0.290745210888476,5.12217700097533,0.188814961416538));
#2323=CARTESIAN_POINT('',(-0.3243096843759,5.11649491563969,0.371230676913045));
#2324=CARTESIAN_POINT('',(-0.35727321632075,5.11779134698954,0.550380284522436));
#2325=CARTESIAN_POINT('',(-0.384269383242517,5.11887182717891,0.69709856423684));
#2326=CARTESIAN_POINT('',(-0.411610515578293,5.12466023179243,0.845691574189772));
#2327=CARTESIAN_POINT('',(-0.46533809723382,5.14654545606319,1.13768892034795));
#2328=CARTESIAN_POINT('',(-0.492795296831168,5.16304174547372,1.28691254459982));
#2329=CARTESIAN_POINT('',(-0.545929569703207,5.2098884390787,1.57568495282661));
#2330=CARTESIAN_POINT('',(-0.574954435140766,5.24327223053613,1.73342820672443));
#2331=CARTESIAN_POINT('',(-0.614935337912098,5.31575094426491,1.9507144625596));
#2332=CARTESIAN_POINT('',(-0.670460913591912,5.41958112595656,2.25248209168345));
#2333=CARTESIAN_POINT('',(-0.66564584241943,5.57778225775051,2.22631047807522));
#2334=CARTESIAN_POINT('',(-0.661257433102449,5.72364109390726,2.2024578933305));
#2335=CARTESIAN_POINT('',(-0.60841622312788,5.81927168024758,1.91527574288311));
#2336=CARTESIAN_POINT('',(-0.562462562301206,5.89671705822449,1.66552624070539));
#2337=CARTESIAN_POINT('',(-0.531266520255676,5.9304598331279,1.49598194770075));
#2338=CARTESIAN_POINT('',(-0.473502619624764,5.97778242252038,1.1820468829757));
#2339=CARTESIAN_POINT('',(-0.443630242697056,5.99405961413276,1.01969672557504));
#2340=CARTESIAN_POINT('',(-0.385122162987034,6.01434390920127,0.701717679088639));
#2341=CARTESIAN_POINT('',(-0.355350471644414,6.01871146516299,0.539914932869318));
#2342=CARTESIAN_POINT('',(-0.325984295830678,6.01754176170533,0.380316171596659));
#2343=CARTESIAN_POINT('',(-0.303327853105529,6.01662449249382,0.257183346636745));
#2344=CARTESIAN_POINT('',(-0.280470523875066,6.01239177980696,0.132958804792991));
#2345=CARTESIAN_POINT('',(-0.257846078871716,6.00459601621448,0.01));
#2346=CARTESIAN_POINT('',(-0.257839999999958,3.86536332318772,0.01));
#2347=CARTESIAN_POINT('',(-0.285647766614864,3.85502151128308,0.161129166385352));
#2348=CARTESIAN_POINT('',(-0.313869080580525,3.85003040162688,0.314505872720458));
#2349=CARTESIAN_POINT('',(-0.34172296596297,3.85002106765814,0.46588568458157));
#2350=CARTESIAN_POINT('',(-0.369918205251177,3.85003051373294,0.619120680713117));
#2351=CARTESIAN_POINT('',(-0.398485381231526,3.85514203482251,0.774377071910658));
#2352=CARTESIAN_POINT('',(-0.454628833897439,3.87628300655835,1.07950453205148));
#2353=CARTESIAN_POINT('',(-0.483306843636838,3.89269194421782,1.23536328063516));
#2354=CARTESIAN_POINT('',(-0.538768890441012,3.93981791163541,1.53678744804914));
#2355=CARTESIAN_POINT('',(-0.568885443391383,3.97339587578989,1.70046436625899));
#2356=CARTESIAN_POINT('',(-0.611774888781419,4.04832866998874,1.93355917816135));
#2357=CARTESIAN_POINT('',(-0.666002293950866,4.14795858728537,2.22827333668963));
#2358=CARTESIAN_POINT('',(-0.665975805280084,4.29999999999999,2.22812937652235));
#2359=CARTESIAN_POINT('',(-0.666002293950847,4.45204141271461,2.22827333668954));
#2360=CARTESIAN_POINT('',(-0.611774888781384,4.55167133001125,1.93355917816119));
#2361=CARTESIAN_POINT('',(-0.568885443391335,4.6266041242101,1.70046436625876));
#2362=CARTESIAN_POINT('',(-0.538768890440968,4.66018208836456,1.53678744804894));
#2363=CARTESIAN_POINT('',(-0.48330684363677,4.70730805578217,1.23536328063484));
#2364=CARTESIAN_POINT('',(-0.454628833897397,4.72371699344162,1.0795045320513));
#2365=CARTESIAN_POINT('',(-0.39848538123146,4.74485796517747,0.774377071910356));
#2366=CARTESIAN_POINT('',(-0.369918205251125,4.74996948626703,0.619120680712894));
#2367=CARTESIAN_POINT('',(-0.341722965962912,4.74997893234184,0.46588568458131));
#2368=CARTESIAN_POINT('',(-0.313869080580476,4.74996959837309,0.314505872720251));
#2369=CARTESIAN_POINT('',(-0.285647766614842,4.7449784887169,0.161129166385292));
#2370=CARTESIAN_POINT('',(-0.257839999999947,4.73463667681227,0.01));
#2371=CARTESIAN_POINT('',(-3.20000000000011,-3.2,16.));
#2372=CARTESIAN_POINT('',(-0.257839999999986,-0.667432799210659,0.01));
#2373=CARTESIAN_POINT('',(-0.257841215009617,6.40524448577977,0.01));
#2374=CARTESIAN_POINT('',(-0.295709998820307,6.38913778695008,0.215809071078838));
#2375=CARTESIAN_POINT('',(-0.334565760302569,6.38281219356808,0.426981869822687));
#2376=CARTESIAN_POINT('',(-0.372512563272174,6.38579068381738,0.633214408955344));
#2377=CARTESIAN_POINT('',(-0.422991131665751,6.38978950627977,0.907554339511811));
#2378=CARTESIAN_POINT('',(-0.477369679888093,6.41082338819791,1.20308932248693));
#2379=CARTESIAN_POINT('',(-0.552701336014748,6.47974860278965,1.61249851397815));
#2380=CARTESIAN_POINT('',(-0.58064479929038,6.51291643785964,1.76436420791453));
#2381=CARTESIAN_POINT('',(-0.619190506925487,6.58548525014605,1.97384966147246));
#2382=CARTESIAN_POINT('',(-0.674488366444763,6.69293728382816,2.27437841509501));
#2383=CARTESIAN_POINT('',(-0.664649043286142,6.85549935209374,2.22089915551838));
#2384=CARTESIAN_POINT('',(-0.656236364676791,6.99530744138954,2.17517405359837));
#2385=CARTESIAN_POINT('',(-0.604746336777921,7.08720686276573,1.89533430135352));
#2386=CARTESIAN_POINT('',(-0.555692493042574,7.16702405245158,1.62873502805867));
#2387=CARTESIAN_POINT('',(-0.523444272714685,7.20089448068762,1.45347198655288));
#2388=CARTESIAN_POINT('',(-0.463429787108051,7.24832843976367,1.12730493915953));
#2389=CARTESIAN_POINT('',(-0.432399930553554,7.26443327133267,0.958663951047463));
#2390=CARTESIAN_POINT('',(-0.371600940884783,7.28375741360636,0.628234103389355));
#2391=CARTESIAN_POINT('',(-0.34065588637649,7.28731987961538,0.460054356828906));
#2392=CARTESIAN_POINT('',(-0.310158462151994,7.28486595375442,0.294307556651982));
#2393=CARTESIAN_POINT('',(-0.292745107678825,7.28345355778211,0.199669801241904));
#2394=CARTESIAN_POINT('',(-0.275239332355917,7.28005930926762,0.104529815626356));
#2395=CARTESIAN_POINT('',(-0.25784581709912,7.27454720998092,0.01));
#2396=CARTESIAN_POINT('',(-0.257840000000056,1.32546522211541,0.01));
#2397=CARTESIAN_POINT('',(-0.170494829144767,1.34890004416303,0.00999999999999992));
#2398=CARTESIAN_POINT('',(-0.0882660575868999,1.39905869638881,0.00999999999999981));
#2399=CARTESIAN_POINT('',(0.0467291485604252,1.56392627752506,0.00999999999999954));
#2400=CARTESIAN_POINT('',(0.0859237224532505,1.68160928524345,0.0099999999999994));
#2401=CARTESIAN_POINT('',(0.0736114492323599,1.80485630486872,0.00999999999999928));
#2402=CARTESIAN_POINT('',(-0.257846078837262,2.59540398377695,0.01));
#2403=CARTESIAN_POINT('',(-0.177173114815023,2.61702608608825,0.0100000000000003));
#2404=CARTESIAN_POINT('',(-0.100967944392077,2.66140135829301,0.0100000000000008));
#2405=CARTESIAN_POINT('',(0.0360546494702341,2.81274962067524,0.0100000000000018));
#2406=CARTESIAN_POINT('',(0.0814897962745645,2.92820887369615,0.0100000000000024));
#2407=CARTESIAN_POINT('',(0.0752809898390856,3.05251163271244,0.0100000000000029));
#2408=CARTESIAN_POINT('',(-0.257839999999958,3.86536332318772,0.01));
#2409=CARTESIAN_POINT('',(-0.183942197546505,3.8851503306357,0.0100000000000001));
#2410=CARTESIAN_POINT('',(-0.113858280994175,3.92402039394966,0.0100000000000003));
#2411=CARTESIAN_POINT('',(0.0243091469583682,4.06210630105254,0.0100000000000006));
#2412=CARTESIAN_POINT('',(0.0758416744557811,4.17501394971827,0.0100000000000008));
#2413=CARTESIAN_POINT('',(0.0758416744557794,4.3,0.010000000000001));
#2414=CARTESIAN_POINT('',(-0.257843299934905,5.13529884119901,0.01));
#2415=CARTESIAN_POINT('',(-0.190776585722529,5.15324418904552,0.0100000000000003));
#2416=CARTESIAN_POINT('',(-0.126885846371716,5.18691619143612,0.0100000000000007));
#2417=CARTESIAN_POINT('',(0.0115861747225797,5.3121376932271,0.0100000000000017));
#2418=CARTESIAN_POINT('',(0.0690229040953264,5.42219979476575,0.0100000000000024));
#2419=CARTESIAN_POINT('',(0.0752809898390856,5.54748836728756,0.0100000000000029));
#2420=CARTESIAN_POINT('',(-0.257841215009617,6.40524448577977,0.01));
#2421=CARTESIAN_POINT('',(-0.197626814854096,6.42135010074116,0.0100000000000006));
#2422=CARTESIAN_POINT('',(-0.139986702284769,6.45014647634502,0.0100000000000014));
#2423=CARTESIAN_POINT('',(-0.00199985571205343,6.5629943154518,0.0100000000000036));
#2424=CARTESIAN_POINT('',(0.0611040408926726,6.66994289352859,0.0100000000000051));
#2425=CARTESIAN_POINT('',(0.0736114492323604,6.79514369513127,0.0100000000000064));
#2426=CARTESIAN_POINT('',(2.99938602847176,-0.667432799219263,0.01));
#2427=CARTESIAN_POINT('',(2.99467346705239,-0.690139947900977,0.153367294386332));
#2428=CARTESIAN_POINT('',(2.99490586180305,-0.713132426761943,0.29853609262439));
#2429=CARTESIAN_POINT('',(2.99964721643143,-0.735826620190862,0.441821590764225));
#2430=CARTESIAN_POINT('',(3.00473035025064,-0.759996660487497,0.59442521930078));
#2431=CARTESIAN_POINT('',(3.0150637386106,-0.784460063052164,0.748881064301765));
#2432=CARTESIAN_POINT('',(3.04658182917344,-0.832475239375931,1.05203695655217));
#2433=CARTESIAN_POINT('',(3.06834840774204,-0.856967025437444,1.20667200789992));
#2434=CARTESIAN_POINT('',(3.12593515901291,-0.904246252523856,1.50518129953941));
#2435=CARTESIAN_POINT('',(3.16521228708494,-0.929848683320509,1.66682868576788));
#2436=CARTESIAN_POINT('',(3.24942245005515,-0.966653894016275,1.89920764055591));
#2437=CARTESIAN_POINT('',(3.35754325048688,-1.01138225937262,2.18161142508466));
#2438=CARTESIAN_POINT('',(3.5072856693246,-1.01133855870538,2.18133550993796));
#2439=CARTESIAN_POINT('',(3.65994626194644,-1.01137296411464,2.18155273715032));
#2440=CARTESIAN_POINT('',(3.75011745528198,-0.964978123363473,1.88862724108375));
#2441=CARTESIAN_POINT('',(3.81746941311236,-0.92828902890009,1.65698141534124));
#2442=CARTESIAN_POINT('',(3.84556006952921,-0.902625857712084,1.49495052937724));
#2443=CARTESIAN_POINT('',(3.88253307410811,-0.855501865396632,1.19742135151269));
#2444=CARTESIAN_POINT('',(3.89370745625948,-0.831179925406431,1.04385866605658));
#2445=CARTESIAN_POINT('',(3.90467826576343,-0.783623746862944,0.743600771738807));
#2446=CARTESIAN_POINT('',(3.90465491275001,-0.759453580420794,0.590996346751067));
#2447=CARTESIAN_POINT('',(3.89965959527435,-0.735622690678197,0.440534030538836));
#2448=CARTESIAN_POINT('',(5.53928510435941,-0.667445612367111,0.01));
#2449=CARTESIAN_POINT('',(5.53312513909623,-0.690131629856967,0.153238681054578));
#2450=CARTESIAN_POINT('',(5.53190785665669,-0.71310917660387,0.29831843207052));
#2451=CARTESIAN_POINT('',(5.5352167933418,-0.735796515024505,0.441566141573167));
#2452=CARTESIAN_POINT('',(5.53877015391758,-0.759916578812931,0.593860072450186));
#2453=CARTESIAN_POINT('',(5.54753399615433,-0.784337052098802,0.748051162436635));
#2454=CARTESIAN_POINT('',(5.57594445493582,-0.832285666972925,1.05079996610388));
#2455=CARTESIAN_POINT('',(5.59611245071328,-0.856753238221337,1.20528926057508));
#2456=CARTESIAN_POINT('',(5.65059771023235,-0.904011552643751,1.50368141380643));
#2457=CARTESIAN_POINT('',(5.68819993359279,-0.929624445968957,1.66540351935877));
#2458=CARTESIAN_POINT('',(5.76988910928963,-0.966419842944547,1.89773496666291));
#2459=CARTESIAN_POINT('',(5.87538823852656,-1.01138319444617,2.18164047025586));
#2460=CARTESIAN_POINT('',(6.02553310661401,-1.01133825660832,2.1813676446739));
#2461=CARTESIAN_POINT('',(6.17773414114635,-1.011376545891,2.18162046313932));
#2462=CARTESIAN_POINT('',(6.27068717831922,-0.965253135285472,1.89040478778604));
#2463=CARTESIAN_POINT('',(6.34059581391163,-0.928535333199093,1.65857429004189));
#2464=CARTESIAN_POINT('',(6.37037457962353,-0.902879489479214,1.4965858930641));
#2465=CARTESIAN_POINT('',(6.41044023269757,-0.855729116451244,1.19888215106152));
#2466=CARTESIAN_POINT('',(6.42319732785452,-0.83138007118034,1.04514362029291));
#2467=CARTESIAN_POINT('',(6.43722981752334,-0.783752015380344,0.744421905536399));
#2468=CARTESIAN_POINT('',(6.43874553256359,-0.75953641328734,0.59152511580297));
#2469=CARTESIAN_POINT('',(6.43524465020706,-0.735653369650128,0.440727729944342));
#2470=CARTESIAN_POINT('',(9.66743794860253,6.40526876010766,0.01));
#2471=CARTESIAN_POINT('',(9.69103918496739,6.39343488394092,0.159014450822178));
#2472=CARTESIAN_POINT('',(9.71499989401866,6.38692057820245,0.310298569526373));
#2473=CARTESIAN_POINT('',(9.738658040379,6.38540851745457,0.459672368370709));
#2474=CARTESIAN_POINT('',(9.76257874417018,6.38391676218284,0.610703913455349));
#2475=CARTESIAN_POINT('',(9.78682258016141,6.38750281538243,0.763775677686332));
#2476=CARTESIAN_POINT('',(9.83448230736916,6.40565255318793,1.06469172251646));
#2477=CARTESIAN_POINT('',(9.8588342772213,6.42053721595348,1.21844625675545));
#2478=CARTESIAN_POINT('',(9.9059550253604,6.46475470310502,1.51595934172133));
#2479=CARTESIAN_POINT('',(9.9315640667429,6.49679393651688,1.67765087259447));
#2480=CARTESIAN_POINT('',(9.96829841408519,6.57019003817765,1.90958593906174));
#2481=CARTESIAN_POINT('',(10.0139184868738,6.66670985365806,2.19762413495971));
#2482=CARTESIAN_POINT('',(10.0139198758228,6.81807377062625,2.19763330477478));
#2483=CARTESIAN_POINT('',(4.26933789971887,-0.667432799219253,0.01));
#2484=CARTESIAN_POINT('',(4.26391258176219,-0.690131472411669,0.153313782252918));
#2485=CARTESIAN_POINT('',(4.26341860913575,-0.713118553514296,0.298448500386062));
#2486=CARTESIAN_POINT('',(4.26744305143837,-0.735811283948203,0.441724761538903));
#2487=CARTESIAN_POINT('',(4.27175961464576,-0.759956419437913,0.594171147312978));
#2488=CARTESIAN_POINT('',(4.28130657707353,-0.784398448460973,0.748492045083237));
#2489=CARTESIAN_POINT('',(4.31126776634518,-0.832380531684089,1.05143899571922));
#2490=CARTESIAN_POINT('',(4.33223357150958,-0.856860309427762,1.20599822953199));
#2491=CARTESIAN_POINT('',(4.38826697762571,-0.904129267383851,1.5044426844343));
#2492=CARTESIAN_POINT('',(4.42670552540796,-0.9297370301472,1.66612373537559));
#2493=CARTESIAN_POINT('',(4.50965362459363,-0.966537761546578,1.89847440899923));
#2494=CARTESIAN_POINT('',(4.6164636512349,-1.01138293739345,2.18161570593937));
#2495=CARTESIAN_POINT('',(4.76640395566295,-1.01133855870542,2.18133550993797));
#2496=CARTESIAN_POINT('',(4.91883159860501,-1.01137506881845,2.18156602572689));
#2497=CARTESIAN_POINT('',(5.01039822941777,-0.965116773060225,1.8895026408163));
#2498=CARTESIAN_POINT('',(5.07902962233625,-0.92841282154467,1.65776301133819));
#2499=CARTESIAN_POINT('',(5.10796514848621,-0.902753216038457,1.49575463820313));
#2500=CARTESIAN_POINT('',(5.14648542295301,-0.855615869903125,1.19814114763813));
#2501=CARTESIAN_POINT('',(5.15845149947094,-0.831280292786965,1.04449236075737));
#2502=CARTESIAN_POINT('',(5.17095362681777,-0.783688019587388,0.74400657375009));
#2503=CARTESIAN_POINT('',(5.17169996918096,-0.759495060559163,0.591258242037517));
#2504=CARTESIAN_POINT('',(5.1674519821609,-0.73563802692086,0.44063085976419));
#2505=CARTESIAN_POINT('',(1.72943277272253,-0.667432799219273,0.01));
#2506=CARTESIAN_POINT('',(1.72543350503859,-0.690148423622205,0.153420807984039));
#2507=CARTESIAN_POINT('',(1.72639265376962,-0.713146298543434,0.298623675605775));
#2508=CARTESIAN_POINT('',(1.73185109994912,-0.735841948803246,0.441918371813899));
#2509=CARTESIAN_POINT('',(1.73770225484634,-0.760036775873899,0.594678497882478));
#2510=CARTESIAN_POINT('',(1.74882330633886,-0.784521423166236,0.749268476815));
#2511=CARTESIAN_POINT('',(1.78190013399137,-0.832569430595717,1.05263165650889));
#2512=CARTESIAN_POINT('',(1.8044680997817,-0.857073089064045,1.20734166728318));
#2513=CARTESIAN_POINT('',(1.86360848161332,-0.904362343271092,1.50591426767082));
#2514=CARTESIAN_POINT('',(1.90372359043119,-0.929959319967493,1.66752721806554));
#2515=CARTESIAN_POINT('',(1.98919416015662,-0.96676829948732,1.89992996827224));
#2516=CARTESIAN_POINT('',(2.098619801091,-1.01138136819295,2.18160579839794));
#2517=CARTESIAN_POINT('',(2.24816738298623,-1.01133855870533,2.18133550993795));
#2518=CARTESIAN_POINT('',(2.40106355450802,-1.01137063000601,2.18153800016871));
#2519=CARTESIAN_POINT('',(2.48983134263897,-0.964837542356348,1.8877396475374));
#2520=CARTESIAN_POINT('',(2.55590282497141,-0.928164299616409,1.65619390563775));
#2521=CARTESIAN_POINT('',(2.58314821310958,-0.902497728078848,1.49414155071146));
#2522=CARTESIAN_POINT('',(2.61857467297108,-0.855387345584776,1.19669830187721));
#2523=CARTESIAN_POINT('',(2.62895822747912,-0.831079168707032,1.0432225132932));
#2524=CARTESIAN_POINT('',(2.63840004094715,-0.783559304135693,0.743193896372037));
#2525=CARTESIAN_POINT('',(2.63760847003645,-0.759412028426596,0.590733997784759));
#2526=CARTESIAN_POINT('',(2.63186748986318,-0.735607362065809,0.44043724948913));
#2527=CARTESIAN_POINT('',(9.66743794784552,1.32549646884623,0.01));
#2528=CARTESIAN_POINT('',(9.69107494103128,1.31662087666551,0.159240203078078));
#2529=CARTESIAN_POINT('',(9.71505751971488,1.31313150646635,0.31066239384613));
#2530=CARTESIAN_POINT('',(9.7387196056484,1.31460585699628,0.460061058585341));
#2531=CARTESIAN_POINT('',(9.76274254511184,1.31613997203079,0.611738095495521));
#2532=CARTESIAN_POINT('',(9.78707479239451,1.32283641179798,0.765368067932716));
#2533=CARTESIAN_POINT('',(9.8348729211816,1.34715874632905,1.06715794830065));
#2534=CARTESIAN_POINT('',(9.8592761103816,1.3652262514985,1.22123586975177));
#2535=CARTESIAN_POINT('',(9.90644377307679,1.41564013157689,1.51904516283611));
#2536=CARTESIAN_POINT('',(9.93203458898338,1.4510428594521,1.68062162138624));
#2537=CARTESIAN_POINT('',(9.96880463987895,1.52952115951523,1.91278212287374));
#2538=CARTESIAN_POINT('',(10.013921385837,1.63142174166115,2.19764240210137));
#2539=CARTESIAN_POINT('',(10.0139198758228,1.78192622937374,2.19763330477477));
#2540=CARTESIAN_POINT('',(9.66743794864085,5.1353277563297,0.01));
#2541=CARTESIAN_POINT('',(9.69104811411574,5.1242326164739,0.159070825221438));
#2542=CARTESIAN_POINT('',(9.71501428798747,5.11847395795098,0.310389445681125));
#2543=CARTESIAN_POINT('',(9.73867343130554,5.11770827006414,0.459769537250393));
#2544=CARTESIAN_POINT('',(9.76261984000488,5.11697069642906,0.610963377135958));
#2545=CARTESIAN_POINT('',(9.78688594737302,5.12133239276723,0.764175757729723));
#2546=CARTESIAN_POINT('',(9.83458063141059,5.14102236172687,1.06531251209311));
#2547=CARTESIAN_POINT('',(9.85894559832286,5.1567017470261,1.21914910689228));
#2548=CARTESIAN_POINT('',(9.90607843589583,5.20246783768655,1.5167385220698));
#2549=CARTESIAN_POINT('',(9.93168311469993,5.23534884138921,1.67840250852631));
#2550=CARTESIAN_POINT('',(9.96842776588726,5.31001802082033,1.91040263411187));
#2551=CARTESIAN_POINT('',(10.0139192149642,5.40789310126255,2.19762872276669));
#2552=CARTESIAN_POINT('',(10.0139198758228,5.55903688531313,2.19763330477478));
#2553=CARTESIAN_POINT('',(9.6674379485318,3.86538537372736,0.01));
#2554=CARTESIAN_POINT('',(9.69105705039743,3.85502952590365,0.159127245541611));
#2555=CARTESIAN_POINT('',(9.71502869109596,3.85002690553083,0.310480380374405));
#2556=CARTESIAN_POINT('',(9.73868882326558,3.85000774418342,0.459866713436861));
#2557=CARTESIAN_POINT('',(9.76266084151325,3.85002588259341,0.611222245980713));
#2558=CARTESIAN_POINT('',(9.78694910946621,3.85516453263971,0.764574543356934));
#2559=CARTESIAN_POINT('',(9.83467851489663,3.87639669621031,1.06593052062897));
#2560=CARTESIAN_POINT('',(9.85905635123301,3.89287147281242,1.21984837005617));
#2561=CARTESIAN_POINT('',(9.90620103716358,3.9401865154075,1.51751259321142));
#2562=CARTESIAN_POINT('',(9.93180122217771,3.97390870021321,1.67914820673682));
#2563=CARTESIAN_POINT('',(9.96855524580009,4.04984931313481,1.91120751056053));
#2564=CARTESIAN_POINT('',(10.0139199405004,4.14907282551973,2.19763329453084));
#2565=CARTESIAN_POINT('',(10.0139198758228,4.3,2.19763330477478));
#2566=CARTESIAN_POINT('',(9.66743794827511,2.59544161147869,0.01));
#2567=CARTESIAN_POINT('',(9.69106599298647,2.5858256125369,0.159183706569577));
#2568=CARTESIAN_POINT('',(9.71504310209594,2.58157942152946,0.310571365727796));
#2569=CARTESIAN_POINT('',(9.73870421510447,2.58230693983807,0.4599638896425));
#2570=CARTESIAN_POINT('',(9.76270174458037,2.58308231112034,0.611480494011412));
#2571=CARTESIAN_POINT('',(9.78701205994844,2.58899921316415,0.764971993577731));
#2572=CARTESIAN_POINT('',(9.83477594803011,2.61177550772938,1.0665456862687));
#2573=CARTESIAN_POINT('',(9.85916652537224,2.62904632932641,1.22054397945228));
#2574=CARTESIAN_POINT('',(9.90632281938235,2.67791064429456,1.51828149339069));
#2575=CARTESIAN_POINT('',(9.93191838241693,2.71247340799597,1.67988792455088));
#2576=CARTESIAN_POINT('',(9.96868086624858,2.78968374771034,1.91200064685764));
#2577=CARTESIAN_POINT('',(10.0139206639649,2.89024903568493,2.19763785329899));
#2578=CARTESIAN_POINT('',(10.0139198758228,3.04096311468687,2.19763330477477));
#2579=CARTESIAN_POINT('',(0.45947813236445,-0.667432799219285,0.01));
#2580=CARTESIAN_POINT('',(0.456192695891888,-0.69015689877477,0.153474317991331));
#2581=CARTESIAN_POINT('',(0.457878985046851,-0.713160167643569,0.298711241657728));
#2582=CARTESIAN_POINT('',(0.46405470162502,-0.73585726864454,0.44201509748506));
#2583=CARTESIAN_POINT('',(0.470675316101513,-0.760076761799602,0.594930959081466));
#2584=CARTESIAN_POINT('',(0.482585254020205,-0.784582522936352,0.749654245581154));
#2585=CARTESIAN_POINT('',(0.517222625590161,-0.832663096712204,1.05322304109382));
#2586=CARTESIAN_POINT('',(0.540592577151632,-0.857178491122166,1.2080071496874));
#2587=CARTESIAN_POINT('',(0.601286848560977,-0.904477531569053,1.5066415379617));
#2588=CARTESIAN_POINT('',(0.642239327718624,-0.930068934981277,1.66821930002498));
#2589=CARTESIAN_POINT('',(0.728968608885244,-0.966880990090117,1.9006414687365));
#2590=CARTESIAN_POINT('',(0.839693296007618,-1.01138026524794,2.18159883467742));
#2591=CARTESIAN_POINT('',(0.989049096647874,-1.01133855870529,2.18133550993788));
#2592=CARTESIAN_POINT('',(1.14218345658155,-1.0113680654636,2.18152180828536));
#2593=CARTESIAN_POINT('',(1.22953970824838,-0.964695022327336,1.88683981148859));
#2594=CARTESIAN_POINT('',(1.29432975447216,-0.928038644568665,1.65540055088993));
#2595=CARTESIAN_POINT('',(1.3207294943245,-0.902368840633507,1.49332778740828));
#2596=CARTESIAN_POINT('',(1.35461016545,-0.855272323743842,1.19597208255481));
#2597=CARTESIAN_POINT('',(1.36420377367041,-0.830978034553368,1.04258397737731));
#2598=CARTESIAN_POINT('',(1.37211893669514,-0.783494698829928,0.742785994524857));
#2599=CARTESIAN_POINT('',(1.3705606350065,-0.759370409112064,0.590471223774523));
#2600=CARTESIAN_POINT('',(1.36407566629379,-0.735592042224518,0.440340523817886));
#2601=CARTESIAN_POINT('',(0.0736114492323599,1.80485630486872,0.00999999999999928));
#2602=CARTESIAN_POINT('',(0.0611040408983203,1.93005664543582,0.00999999999999943));
#2603=CARTESIAN_POINT('',(-0.001999855699804,2.03700467843841,0.0099999999999996));
#2604=CARTESIAN_POINT('',(-0.139986361069112,2.14985145735216,0.00999999999999985));
#2605=CARTESIAN_POINT('',(-0.197626039469916,2.17864746057882,0.00999999999999993));
#2606=CARTESIAN_POINT('',(-0.257839999999958,2.19475290952409,0.01));
#2607=CARTESIAN_POINT('',(0.0752809898390856,3.05251163271244,0.0100000000000029));
#2608=CARTESIAN_POINT('',(0.0690229040953274,3.17780020523424,0.0100000000000024));
#2609=CARTESIAN_POINT('',(0.0115861747225799,3.2878623067729,0.0100000000000017));
#2610=CARTESIAN_POINT('',(-0.126885846371717,3.41308380856388,0.0100000000000007));
#2611=CARTESIAN_POINT('',(-0.190776585722541,3.44675581095449,0.0100000000000003));
#2612=CARTESIAN_POINT('',(-0.257843299934929,3.46470115880099,0.01));
#2613=CARTESIAN_POINT('',(0.0758416744557794,4.3,0.010000000000001));
#2614=CARTESIAN_POINT('',(0.0758416744557811,4.42498605028173,0.0100000000000008));
#2615=CARTESIAN_POINT('',(0.0243091469583682,4.53789369894746,0.0100000000000006));
#2616=CARTESIAN_POINT('',(-0.113858280994174,4.67597960605033,0.0100000000000003));
#2617=CARTESIAN_POINT('',(-0.183942197546499,4.71484966936429,0.0100000000000001));
#2618=CARTESIAN_POINT('',(-0.257839999999947,4.73463667681227,0.01));
#2619=CARTESIAN_POINT('',(0.0752809898390856,5.54748836728756,0.0100000000000029));
#2620=CARTESIAN_POINT('',(0.0814897962686622,5.67179112630238,0.0100000000000024));
#2621=CARTESIAN_POINT('',(0.0360546494570081,5.78725037932148,0.0100000000000018));
#2622=CARTESIAN_POINT('',(-0.100967944417669,5.93859864170062,0.0100000000000008));
#2623=CARTESIAN_POINT('',(-0.177173114845529,5.98297391390416,0.0100000000000003));
#2624=CARTESIAN_POINT('',(-0.257846078871716,6.00459601621448,0.01));
#2625=CARTESIAN_POINT('',(0.0736114492323604,6.79514369513127,0.0100000000000064));
#2626=CARTESIAN_POINT('',(0.0859237224552895,6.91839247510274,0.0100000000000053));
#2627=CARTESIAN_POINT('',(0.0467291485651176,7.03607770419428,0.010000000000004));
#2628=CARTESIAN_POINT('',(-0.0882674400970058,7.20095093541042,0.0100000000000017));
#2629=CARTESIAN_POINT('',(-0.170498480047977,7.25111176809187,0.0100000000000008));
#2630=CARTESIAN_POINT('',(-0.25784581709912,7.27454720998092,0.01));
#2631=CARTESIAN_POINT('',(10.0139198758228,6.81807377062625,2.19763330477478));
#2632=CARTESIAN_POINT('',(10.0139213858372,6.96857825833878,2.19764240210132));
#2633=CARTESIAN_POINT('',(9.96880463988103,7.07047884048418,1.91278212287313));
#2634=CARTESIAN_POINT('',(9.932034588987,7.14895714054688,1.68062162138516));
#2635=CARTESIAN_POINT('',(9.90644377308145,7.18435986842178,1.51904516283479));
#2636=CARTESIAN_POINT('',(9.85927611038817,7.23477374849964,1.22123586974991));
#2637=CARTESIAN_POINT('',(9.83487292118914,7.25284125366882,1.06715794829841));
#2638=CARTESIAN_POINT('',(9.78707479240394,7.27716358819937,0.76536806792989));
#2639=CARTESIAN_POINT('',(9.76274254512226,7.28386002796629,0.611738095492572));
#2640=CARTESIAN_POINT('',(9.73871960565974,7.28539414300053,0.460061058582039));
#2641=CARTESIAN_POINT('',(9.71505751972737,7.28686849353019,0.310662393843936));
#2642=CARTESIAN_POINT('',(9.69107494104492,7.28337912333084,0.159240203077007));
#2643=CARTESIAN_POINT('',(9.66743794786029,7.27450353115005,0.01));
#2644=CARTESIAN_POINT('',(10.0139198758228,1.78192622937374,2.19763330477477));
#2645=CARTESIAN_POINT('',(10.0139184868738,1.93329014634192,2.1976241349597));
#2646=CARTESIAN_POINT('',(9.96829841408519,2.02980996182235,1.90958593906173));
#2647=CARTESIAN_POINT('',(9.9315640667429,2.10320606348311,1.67765087259445));
#2648=CARTESIAN_POINT('',(9.90595502536041,2.13524529689497,1.51595934172134));
#2649=CARTESIAN_POINT('',(9.85883427722131,2.17946278404651,1.21844625675547));
#2650=CARTESIAN_POINT('',(9.83448230736916,2.19434744681207,1.06469172251643));
#2651=CARTESIAN_POINT('',(9.78682258016142,2.21249718461756,0.763775677686344));
#2652=CARTESIAN_POINT('',(9.76257874417019,2.21608323781716,0.610703913455332));
#2653=CARTESIAN_POINT('',(9.738658040379,2.21459148254543,0.459672368370707));
#2654=CARTESIAN_POINT('',(9.71499989401867,2.21307942179754,0.310298569526369));
#2655=CARTESIAN_POINT('',(9.6910391849674,2.20656511605907,0.159014450822179));
#2656=CARTESIAN_POINT('',(9.66743794860254,2.19473123989234,0.01));
#2657=CARTESIAN_POINT('',(10.0139198758228,5.55903688531313,2.19763330477478));
#2658=CARTESIAN_POINT('',(10.0139206639649,5.70975096431507,2.197637853299));
#2659=CARTESIAN_POINT('',(9.96868086624858,5.81031625228965,1.91200064685765));
#2660=CARTESIAN_POINT('',(9.93191838241692,5.88752659200405,1.6798879245508));
#2661=CARTESIAN_POINT('',(9.90632281938236,5.92208935570542,1.51828149339078));
#2662=CARTESIAN_POINT('',(9.85916652537223,5.97095367067359,1.22054397945225));
#2663=CARTESIAN_POINT('',(9.83477594803011,5.98822449227061,1.06654568626874));
#2664=CARTESIAN_POINT('',(9.78701205994843,6.01100078683584,0.764971993577744));
#2665=CARTESIAN_POINT('',(9.76270174458036,6.01691768887965,0.611480494011412));
#2666=CARTESIAN_POINT('',(9.73870421510446,6.01769306016193,0.459963889642508));
#2667=CARTESIAN_POINT('',(9.71504310209592,6.01842057847053,0.310571365727779));
#2668=CARTESIAN_POINT('',(9.69106599298646,6.01417438746309,0.1591837065696));
#2669=CARTESIAN_POINT('',(9.66743794827509,6.0045583885213,0.01));
#2670=CARTESIAN_POINT('',(10.0139198758228,4.3,2.19763330477478));
#2671=CARTESIAN_POINT('',(10.0139199405004,4.45092717448028,2.19763329453084));
#2672=CARTESIAN_POINT('',(9.96855524580009,4.55015068686517,1.91120751056055));
#2673=CARTESIAN_POINT('',(9.93180122217771,4.62609129978678,1.67914820673681));
#2674=CARTESIAN_POINT('',(9.90620103716359,4.65981348459249,1.51751259321142));
#2675=CARTESIAN_POINT('',(9.85905635123301,4.70712852718759,1.21984837005609));
#2676=CARTESIAN_POINT('',(9.83467851489665,4.72360330378967,1.06593052062904));
#2677=CARTESIAN_POINT('',(9.7869491094662,4.74483546736029,0.764574543356828));
#2678=CARTESIAN_POINT('',(9.76266084151328,4.74997411740658,0.611222245980802));
#2679=CARTESIAN_POINT('',(9.73868882326559,4.74999225581657,0.45986671343685));
#2680=CARTESIAN_POINT('',(9.71502869109598,4.74997309446916,0.310480380374409));
#2681=CARTESIAN_POINT('',(9.69105705039745,4.74497047409635,0.159127245541598));
#2682=CARTESIAN_POINT('',(9.66743794853182,4.73461462627264,0.01));
#2683=CARTESIAN_POINT('',(10.0139198758228,3.04096311468687,2.19763330477477));
#2684=CARTESIAN_POINT('',(10.0139192149642,3.19210689873745,2.19762872276669));
#2685=CARTESIAN_POINT('',(9.96842776588726,3.28998197917966,1.91040263411186));
#2686=CARTESIAN_POINT('',(9.93168311469992,3.3646511586108,1.67840250852625));
#2687=CARTESIAN_POINT('',(9.90607843589583,3.39753216231344,1.51673852206986));
#2688=CARTESIAN_POINT('',(9.85894559832285,3.4432982529739,1.21914910689226));
#2689=CARTESIAN_POINT('',(9.83458063141059,3.45897763827312,1.06531251209311));
#2690=CARTESIAN_POINT('',(9.78688594737302,3.47866760723276,0.764175757729745));
#2691=CARTESIAN_POINT('',(9.76261984000488,3.48302930357094,0.610963377135928));
#2692=CARTESIAN_POINT('',(9.73867343130554,3.48229172993586,0.459769537250389));
#2693=CARTESIAN_POINT('',(9.71501428798746,3.48152604204902,0.310389445681014));
#2694=CARTESIAN_POINT('',(9.69104811411575,3.4757673835261,0.15907082522153));
#2695=CARTESIAN_POINT('',(9.66743794864085,3.46467224367029,0.01));
#2696=CARTESIAN_POINT('',(-0.2,11.7,13.99));
#2697=CARTESIAN_POINT('',(-0.2,11.7,16.));
#2698=CARTESIAN_POINT('',(-0.2,-0.2,13.99));
#2699=CARTESIAN_POINT('',(-0.2,-0.2,16.));
#2700=CARTESIAN_POINT('',(9.2,11.7,13.99));
#2701=CARTESIAN_POINT('',(9.2,11.7,16.));
#2702=CARTESIAN_POINT('',(9.2,-0.2,13.99));
#2703=CARTESIAN_POINT('',(9.2,-0.2,16.));
#2704=CARTESIAN_POINT('',(4.5,11.7,12.8835345505195));
#2705=CARTESIAN_POINT('',(0.961579361714596,11.7,12.8835345505195));
#2706=CARTESIAN_POINT('',(8.0384206382854,11.7,12.8835345505195));
#2707=CARTESIAN_POINT('',(8.0384206382854,11.7,12.8835345505195));
#2708=CARTESIAN_POINT('',(8.0384206382854,11.7,13.99));
#2709=CARTESIAN_POINT('',(4.5,11.7,13.99));
#2710=CARTESIAN_POINT('',(8.0384206382854,11.7,13.99));
#2711=CARTESIAN_POINT('',(0.961579361714593,11.7,13.99));
#2712=CARTESIAN_POINT('',(0.961579361714596,11.7,12.8835345505195));
#2713=CARTESIAN_POINT('',(0.961579361714595,11.7,13.99));
#2714=CARTESIAN_POINT('',(8.03842063828543,14.2064003639933,12.8835345505195));
#2715=CARTESIAN_POINT('',(8.03842063828544,14.7,16.));
#2716=CARTESIAN_POINT('',(8.0384206382854,11.7,16.));
#2717=CARTESIAN_POINT('',(8.0384206382854,11.7,13.99));
#2718=CARTESIAN_POINT('',(0.961579361714629,14.7000000000001,16.));
#2719=CARTESIAN_POINT('',(0.961579361714624,14.2064003639934,12.8835345505195));
#2720=CARTESIAN_POINT('',(0.961579361714595,11.7,16.));
#2721=CARTESIAN_POINT('',(0.961579361714595,11.7,13.99));
#2722=CARTESIAN_POINT('',(8.03842063828544,14.7,16.));
#2723=CARTESIAN_POINT('',(8.03842063828543,14.2064003639933,16.));
#2724=CARTESIAN_POINT('',(8.0384206382854,11.7,16.));
#2725=CARTESIAN_POINT('',(0.961579361714595,11.7,16.));
#2726=CARTESIAN_POINT('',(0.961579361714623,14.2064003639934,16.));
#2727=CARTESIAN_POINT('',(0.961579361714629,14.7000000000001,16.));
#2728=CARTESIAN_POINT('',(0.,0.,0.));
ENDSEC;
END-ISO-10303-21;
